batch_id,batch_index,run_id,image_label,sample_id,truth_rank,truth_class_id,truth_class_name,truth_cx,truth_cy,truth_w,truth_h,truth_x1,truth_y1,truth_x2,truth_y2,matched,detection_rank,detection_class_id,detection_class_name,confidence,detection_x1,detection_y1,detection_x2,detection_y2,detection_width,detection_height,detection_area,iou
"7d024180-d4e7-4f51-a0d6-574b58a4c8c5",1,"f061a440-933d-4d85-a5c3-b571374ec48d","benchmark/valid/IMG_2568_1_JPG.rf.47ad92518038de0f8f5900370538a104.jpg","valid/IMG_2568_1_JPG.rf.47ad92518038de0f8f5900370538a104",0,3,"miner",0.410937,0.500000,0.444531,0.644531,120.749985,113.750000,405.250000,526.250000,1,0,3,"miner",0.962105,112.693359,110.345154,401.582397,533.882751,288.889038,423.537598,122355.367188,0.935214
"7d024180-d4e7-4f51-a0d6-574b58a4c8c5",2,"4fbb06f6-d970-41e4-afc9-2e67802a0717","benchmark/train/IMG_2596_2_JPG.rf.89d2fae4979d4b021215cffa7669e30f.jpg","train/IMG_2596_2_JPG.rf.89d2fae4979d4b021215cffa7669e30f",0,1,"brown_eye_spot",0.496875,0.389062,0.474219,0.617969,166.250000,51.250000,469.750000,446.750000,1,0,1,"brown_eye_spot",0.976078,163.817230,59.546677,463.340027,442.730560,299.522797,383.183899,114772.312500,0.941088
"7d024180-d4e7-4f51-a0d6-574b58a4c8c5",3,"c41a523a-6dfe-46ed-8240-f8978e1763fe","benchmark/test/IMG_3511_JPG.rf.cf0a8fe82d784424f51dd045436f2234.jpg","test/IMG_3511_JPG.rf.cf0a8fe82d784424f51dd045436f2234",0,0,"algal_spot",0.595312,0.484375,0.581250,0.675000,194.999985,94.000000,567.000000,526.000000,1,0,0,"algal_spot",0.971541,196.984238,101.469543,567.751953,530.641418,370.767700,429.171875,159123.062500,0.965214
"7d024180-d4e7-4f51-a0d6-574b58a4c8c5",4,"03ad0aa6-cf97-43d1-acfe-ce9961d4c919","benchmark/train/999_jpg.rf.a58ef896fea62aadc101c6146a5239a5.jpg","train/999_jpg.rf.a58ef896fea62aadc101c6146a5239a5",0,2,"healthy",0.504687,0.475000,0.843750,0.676562,52.999992,87.500000,593.000000,520.500000,1,0,2,"healthy",0.973181,60.872803,91.358780,592.359680,515.351868,531.486877,423.993103,225346.765625,0.963762
"7d024180-d4e7-4f51-a0d6-574b58a4c8c5",5,"23c227dc-3593-435d-9a36-86cf22400b44","benchmark/test/724_jpg.rf.0122a7a4cc50926b3b0054ae0ab0a78b.jpg","test/724_jpg.rf.0122a7a4cc50926b3b0054ae0ab0a78b",0,2,"healthy",0.496875,0.530469,0.829687,0.693750,52.500000,117.500000,583.500000,561.500000,1,0,2,"healthy",0.966060,53.038269,113.600189,581.818909,553.616089,528.780640,440.015900,232671.890625,0.969657
"7d024180-d4e7-4f51-a0d6-574b58a4c8c5",6,"f44968fb-f751-4172-afdc-cbb723574443","benchmark/valid/IMG_3480_2_JPG.rf.f01378f79b0abf7779905f5dff19ff00.jpg","valid/IMG_3480_2_JPG.rf.f01378f79b0abf7779905f5dff19ff00",0,3,"miner",0.539844,0.390625,0.860937,0.371875,70.000000,131.000000,621.000000,369.000000,1,0,3,"miner",0.953585,71.012329,125.223251,634.534790,382.818237,563.522461,257.594971,145160.546875,0.900246
"7d024180-d4e7-4f51-a0d6-574b58a4c8c5",6,"f44968fb-f751-4172-afdc-cbb723574443","benchmark/valid/IMG_3480_2_JPG.rf.f01378f79b0abf7779905f5dff19ff00.jpg","valid/IMG_3480_2_JPG.rf.f01378f79b0abf7779905f5dff19ff00",1,1,"brown_eye_spot",0.182031,0.263281,0.364062,0.526563,0.000000,0.000000,233.000000,337.000000,0,,,,,,,,,,,,0.000000
"7d024180-d4e7-4f51-a0d6-574b58a4c8c5",7,"ec477720-f8f5-4f0e-89e8-a307f31cc78c","benchmark/train/IMG_3634_1_JPG.rf.a14df164ebed20313810382f34725c70.jpg","train/IMG_3634_1_JPG.rf.a14df164ebed20313810382f34725c70",0,0,"algal_spot",0.422656,0.751562,0.614062,0.302344,74.000000,384.250000,466.999969,577.750000,1,0,0,"algal_spot",0.948775,70.059509,384.264343,473.342621,581.321655,403.283112,197.057312,79469.882813,0.956771
"7d024180-d4e7-4f51-a0d6-574b58a4c8c5",7,"ec477720-f8f5-4f0e-89e8-a307f31cc78c","benchmark/train/IMG_3634_1_JPG.rf.a14df164ebed20313810382f34725c70.jpg","train/IMG_3634_1_JPG.rf.a14df164ebed20313810382f34725c70",1,0,"algal_spot",0.485938,0.349219,0.421094,0.467187,176.250000,74.000008,445.750000,373.000000,1,1,0,"algal_spot",0.941085,174.339432,64.595642,440.716797,372.500427,266.377380,307.904785,82018.867188,0.943668
"7d024180-d4e7-4f51-a0d6-574b58a4c8c5",8,"aa0b36e5-23a6-45d3-9b1f-648ab10910e8","benchmark/train/IMG_2369_1_JPG.rf.8590161d1d76d3433261006099aeea4f.jpg","train/IMG_2369_1_JPG.rf.8590161d1d76d3433261006099aeea4f",0,3,"miner",0.537500,0.575000,0.909375,0.438281,53.000011,227.750000,635.000000,508.249969,1,0,3,"miner",0.979027,52.662476,225.395752,639.000000,508.345520,586.337524,282.949768,165904.062500,0.984008
"7d024180-d4e7-4f51-a0d6-574b58a4c8c5",9,"63044dc6-1ef9-49eb-ad55-90fff9772ecd","benchmark/valid/IMG_3199_1_JPG.rf.bd5c0d144686752da749f957932d0e49.jpg","valid/IMG_3199_1_JPG.rf.bd5c0d144686752da749f957932d0e49",0,1,"brown_eye_spot",0.540625,0.460938,0.633594,0.774219,143.249985,47.250004,548.750000,542.750000,1,0,1,"brown_eye_spot",0.979881,147.405441,58.083801,547.992554,546.677673,400.587097,488.593872,195724.406250,0.958777
"7d024180-d4e7-4f51-a0d6-574b58a4c8c5",10,"fa1c4ee0-d170-4344-b578-60501b50f13e","benchmark/valid/1397_jpg.rf.c5cec1f58f26a585fd44211e46c41e25.jpg","valid/1397_jpg.rf.c5cec1f58f26a585fd44211e46c41e25",0,2,"healthy",0.482812,0.527344,0.893750,0.628125,22.999992,136.500000,595.000000,538.500000,1,0,2,"healthy",0.963071,23.008606,135.116562,600.062134,533.530640,577.053528,398.414063,229906.234375,0.975708
"7d024180-d4e7-4f51-a0d6-574b58a4c8c5",11,"8a8a7f98-73c2-49e6-8d72-c9a077bb3601","benchmark/train/IMG_3564_1_JPG.rf.8b8053725e7354df1ca77332aa657a66.jpg","train/IMG_3564_1_JPG.rf.8b8053725e7354df1ca77332aa657a66",0,0,"algal_spot",0.460938,0.481250,0.503125,0.555469,134.000000,130.250000,456.000000,485.749969,1,0,0,"algal_spot",0.967236,137.527313,130.195053,452.567749,486.304016,315.040436,356.108948,112188.718750,0.976749
"7d024180-d4e7-4f51-a0d6-574b58a4c8c5",12,"ad965fff-bf27-4c49-862c-f51749fcf8e2","benchmark/train/482_jpg.rf.b36272efddae90b0d0e37b199e528f25.jpg","train/482_jpg.rf.b36272efddae90b0d0e37b199e528f25",0,4,"phoma",0.485938,0.496094,0.702344,0.626562,86.250000,117.000008,535.750000,518.000000,1,0,4,"phoma",0.953243,86.346619,117.248108,536.531372,521.136169,450.184753,403.888062,181824.250000,0.989695
"7d024180-d4e7-4f51-a0d6-574b58a4c8c5",13,"97d3d1ec-e2be-4707-9e31-639bed0467e5","benchmark/train/306_jpg.rf.3e5662f35411b0ef45750afd37cb9a90.jpg","train/306_jpg.rf.3e5662f35411b0ef45750afd37cb9a90",0,4,"phoma",0.532031,0.479688,0.707812,0.647656,114.000000,99.750000,567.000000,514.250000,1,0,4,"phoma",0.979657,109.930954,101.105331,573.764099,516.619507,463.833130,415.514160,192729.234375,0.967991
"7d024180-d4e7-4f51-a0d6-574b58a4c8c5",14,"2e09549d-7fc5-4010-b975-284d00faab99","benchmark/train/IMG_3042_JPG.rf.ee72dd9dc6fe8d54d5e8063c40c5e7b8.jpg","train/IMG_3042_JPG.rf.ee72dd9dc6fe8d54d5e8063c40c5e7b8",0,1,"brown_eye_spot",0.506250,0.465625,0.510156,0.618750,160.750000,100.000000,487.250031,496.000000,1,0,1,"brown_eye_spot",0.871016,167.036346,100.819489,487.183014,494.484375,320.146667,393.664886,126030.500000,0.974759
"7d024180-d4e7-4f51-a0d6-574b58a4c8c5",15,"d41a7dba-d7f2-480f-99bd-270f5b16f099","benchmark/train/IMG_3240_1_JPG.rf.8fda625fcbb1c15c082cfd0e836ef473.jpg","train/IMG_3240_1_JPG.rf.8fda625fcbb1c15c082cfd0e836ef473",0,3,"miner",0.512500,0.650000,0.521875,0.483594,160.999985,261.249969,495.000000,570.750000,1,0,3,"miner",0.961113,157.977631,264.237976,496.394257,574.258179,338.416626,310.020203,104915.992188,0.966586
"7d024180-d4e7-4f51-a0d6-574b58a4c8c5",16,"2e9baece-bfe0-4dab-857f-8c6279eabc9c","benchmark/train/513_jpg.rf.8b36c5472981337a4abe1b09bf7da740.jpg","train/513_jpg.rf.8b36c5472981337a4abe1b09bf7da740",0,4,"phoma",0.485938,0.506250,0.707031,0.711719,84.750000,96.250015,537.250000,551.750000,1,0,4,"phoma",0.954449,79.508575,97.018677,541.337769,555.778381,461.829193,458.759705,211868.625000,0.969604
"7d024180-d4e7-4f51-a0d6-574b58a4c8c5",17,"20610051-ad43-449a-b1be-675e00ad328b","benchmark/train/IMG_3663_JPG.rf.ada17c5cf963891333845a202723d36c.jpg","train/IMG_3663_JPG.rf.ada17c5cf963891333845a202723d36c",0,0,"algal_spot",0.302344,0.425781,0.399219,0.371875,65.750008,153.500000,321.250000,391.500000,1,0,0,"algal_spot",0.651447,62.985123,149.592468,334.418823,410.132507,271.433716,260.540039,70719.351563,0.859864
"7d024180-d4e7-4f51-a0d6-574b58a4c8c5",18,"9207934c-5a71-4e3b-ae5d-fe9570a25f83","benchmark/valid/IMG_2382_2_JPG.rf.20dab35fc7e2f386e411f0d1b49b9adc.jpg","valid/IMG_2382_2_JPG.rf.20dab35fc7e2f386e411f0d1b49b9adc",0,0,"algal_spot",0.506250,0.445313,0.468750,0.696875,174.000015,62.000008,474.000000,508.000000,1,0,0,"algal_spot",0.967776,175.619965,63.795288,475.698425,501.325775,300.078461,437.530487,131293.468750,0.970324
"7d024180-d4e7-4f51-a0d6-574b58a4c8c5",19,"91d2b979-692e-4b7b-936e-9aa3f15c6ef5","benchmark/train/298_jpg.rf.f4c02af82d35d6249d5726429f27e1c2.jpg","train/298_jpg.rf.f4c02af82d35d6249d5726429f27e1c2",0,4,"phoma",0.500781,0.505469,0.821094,0.584375,57.749996,136.499969,583.250000,510.500000,1,0,4,"phoma",0.968619,58.137909,134.265320,584.466187,512.892822,526.328247,378.627502,199282.343750,0.984779
"7d024180-d4e7-4f51-a0d6-574b58a4c8c5",20,"c7b5cc25-b63e-4898-83cf-4acf37b57fc8","benchmark/valid/IMG_3332_JPG.rf.863f1daa0174c65f127b83ff0a09c7f1.jpg","valid/IMG_3332_JPG.rf.863f1daa0174c65f127b83ff0a09c7f1",0,1,"brown_eye_spot",0.727344,0.525781,0.423438,0.373437,330.000000,217.000000,601.000000,456.000031,1,1,1,"brown_eye_spot",0.968168,342.302246,221.459167,603.503845,457.919891,261.201599,236.460724,61763.917969,0.921307
"7d024180-d4e7-4f51-a0d6-574b58a4c8c5",20,"c7b5cc25-b63e-4898-83cf-4acf37b57fc8","benchmark/valid/IMG_3332_JPG.rf.863f1daa0174c65f127b83ff0a09c7f1.jpg","valid/IMG_3332_JPG.rf.863f1daa0174c65f127b83ff0a09c7f1",1,1,"brown_eye_spot",0.348437,0.621875,0.362500,0.519531,106.999985,231.750000,339.000000,564.250000,1,0,1,"brown_eye_spot",0.981135,105.983719,236.719482,340.552765,574.771606,234.569046,338.052124,79296.562500,0.944532
"7d024180-d4e7-4f51-a0d6-574b58a4c8c5",21,"7cedf514-6a84-4d7e-9019-25120cbe4c25","benchmark/train/342_jpg.rf.d3e6f80fe1ee0e137001b3ea9245142c.jpg","train/342_jpg.rf.d3e6f80fe1ee0e137001b3ea9245142c",0,4,"phoma",0.510156,0.575781,0.799219,0.482812,70.750008,213.999969,582.250000,523.000000,1,0,4,"phoma",0.954941,71.154541,211.316284,582.369263,519.758972,511.214722,308.442688,157680.437500,0.979996
"7d024180-d4e7-4f51-a0d6-574b58a4c8c5",22,"90854c05-36cf-4b3d-b78c-888d9cffc3f1","benchmark/valid/IMG_2913_JPG.rf.5b94e199c1495fe4a4a9ec9f12a6a263.jpg","valid/IMG_2913_JPG.rf.5b94e199c1495fe4a4a9ec9f12a6a263",0,1,"brown_eye_spot",0.539063,0.535156,0.528906,0.648438,175.750000,135.000000,514.250000,550.000000,1,0,1,"brown_eye_spot",0.369526,173.823288,133.710297,519.272217,552.887817,345.448914,419.177521,144804.421875,0.970119
"7d024180-d4e7-4f51-a0d6-574b58a4c8c5",23,"3eb4ddba-3ab3-4b85-87c7-0a8f383d33b6","benchmark/train/416_jpg.rf.87527d4230acbea4b34dc378c57a8dce.jpg","train/416_jpg.rf.87527d4230acbea4b34dc378c57a8dce",0,4,"phoma",0.514844,0.514063,0.790625,0.710938,76.500015,101.500015,582.500000,556.500000,1,0,4,"phoma",0.971733,76.558533,99.553650,588.065857,558.933899,511.507324,459.380249,234976.359375,0.979576
"7d024180-d4e7-4f51-a0d6-574b58a4c8c5",24,"87298c29-e72c-47ef-bf30-4bb79747b257","benchmark/test/IMG_2629_2_JPG.rf.90fa247aee97024a7bf57b79a4b84708.jpg","test/IMG_2629_2_JPG.rf.90fa247aee97024a7bf57b79a4b84708",0,0,"algal_spot",0.493750,0.523438,0.553125,0.787500,139.000000,82.999992,493.000031,587.000000,1,0,0,"algal_spot",0.965673,132.308029,88.955170,489.008850,588.285095,356.700806,499.329926,178111.390625,0.956713
"7d024180-d4e7-4f51-a0d6-574b58a4c8c5",25,"46732b79-3b63-4747-b5cd-dfa6fb86014b","benchmark/valid/IMG_3546_2_JPG.rf.eaf14eb7ddeef27f6282d1d35b74c54e.jpg","valid/IMG_3546_2_JPG.rf.eaf14eb7ddeef27f6282d1d35b74c54e",0,0,"algal_spot",0.498437,0.568750,0.671094,0.850781,104.249992,91.750015,533.750000,636.250000,1,0,0,"algal_spot",0.965704,103.385056,78.274780,531.094238,635.104919,427.709167,556.830139,238161.359375,0.965979
"7d024180-d4e7-4f51-a0d6-574b58a4c8c5",26,"6969a004-9940-4462-9acb-65f8ff87fcc8","benchmark/train/281_jpg.rf.2a20e6f03d0c34d239e63f76d6fadc2f.jpg","train/281_jpg.rf.2a20e6f03d0c34d239e63f76d6fadc2f",0,4,"phoma",0.538281,0.503125,0.641406,0.631250,139.250015,120.000000,549.750000,524.000000,1,0,4,"phoma",0.966791,138.755783,118.900360,551.572327,526.212158,412.816528,407.311798,168145.046875,0.986303
"7d024180-d4e7-4f51-a0d6-574b58a4c8c5",27,"60a5edcd-731a-49ea-88fd-083993e1cb6e","benchmark/train/IMG_3470_1_JPG.rf.d4d87c0bace82e907081273cc688efd1.jpg","train/IMG_3470_1_JPG.rf.d4d87c0bace82e907081273cc688efd1",0,3,"miner",0.500781,0.435156,0.745313,0.529688,81.999985,109.000000,559.000000,448.000031,1,0,3,"miner",0.946790,77.152466,107.760925,573.625610,455.396637,496.473145,347.635712,172591.796875,0.936910
"7d024180-d4e7-4f51-a0d6-574b58a4c8c5",28,"b085c7cb-eabc-4cf3-a411-405499016afc","benchmark/valid/IMG_2903_2_JPG.rf.e9adbe2bd89ff5727e7e47eb004b692c.jpg","valid/IMG_2903_2_JPG.rf.e9adbe2bd89ff5727e7e47eb004b692c",0,3,"miner",0.623438,0.501562,0.622656,0.715625,199.750031,91.999985,598.250000,550.000000,1,0,3,"miner",0.977306,210.807190,91.907288,594.766357,554.610840,383.959167,462.703552,177659.265625,0.954071
"7d024180-d4e7-4f51-a0d6-574b58a4c8c5",29,"a5779ad6-1a68-48f2-ba73-a87d2f8753f8","benchmark/train/IMG_2841_2_JPG.rf.830c974d61f61a2208ed5769bf7e852e.jpg","train/IMG_2841_2_JPG.rf.830c974d61f61a2208ed5769bf7e852e",0,5,"powdery_mildew",0.396875,0.497656,0.458594,0.695313,107.249992,96.000000,400.750000,541.000000,1,0,5,"powdery_mildew",0.946559,108.469147,97.177444,404.270844,546.763794,295.801697,449.586365,132988.406250,0.968969
"7d024180-d4e7-4f51-a0d6-574b58a4c8c5",30,"d8e39dfd-302a-4627-98d5-608cada5af8f","benchmark/train/612_jpg.rf.718d5ae4deae7556c0af0f3b335952fb.jpg","train/612_jpg.rf.718d5ae4deae7556c0af0f3b335952fb",0,4,"phoma",0.500781,0.514844,0.775000,0.814062,72.500000,69.000015,568.500000,590.000000,1,0,4,"phoma",0.926353,74.945496,65.037704,576.918457,604.230042,501.972961,539.192322,270659.968750,0.945604
"7d024180-d4e7-4f51-a0d6-574b58a4c8c5",31,"e5f27cce-e17c-4d28-a38c-30eb731c87e7","benchmark/train/IMG_3582_1_JPG.rf.a8ee7c55e9b258262e1bce47e4bee21d.jpg","train/IMG_3582_1_JPG.rf.a8ee7c55e9b258262e1bce47e4bee21d",0,0,"algal_spot",0.540625,0.502344,0.428125,0.517187,208.999969,156.000031,483.000000,487.000000,1,0,0,"algal_spot",0.969227,209.796906,155.829376,485.930725,485.742371,276.133820,329.912994,91100.132813,0.982326
"7d024180-d4e7-4f51-a0d6-574b58a4c8c5",32,"37af95dc-8416-4cd2-a9ef-6ecc59d6c7ea","benchmark/test/397_jpg.rf.37eab2be52218dc5c4f32ea5cbbda0b1.jpg","test/397_jpg.rf.37eab2be52218dc5c4f32ea5cbbda0b1",0,4,"phoma",0.534375,0.481250,0.807813,0.746875,83.500000,69.000000,600.500000,547.000000,1,0,4,"phoma",0.972125,80.630798,72.918762,601.585815,546.404663,520.955017,473.485901,246664.859375,0.983106
"7d024180-d4e7-4f51-a0d6-574b58a4c8c5",33,"b30ac30b-9b98-4ffa-92a3-9f63ff3c5c2f","benchmark/train/IMG_3222_1_JPG.rf.9c6f292747e236f8cae1d0781ded6c0a.jpg","train/IMG_3222_1_JPG.rf.9c6f292747e236f8cae1d0781ded6c0a",0,3,"miner",0.387500,0.587500,0.435156,0.758594,108.749992,133.249985,387.250000,618.750000,1,0,3,"miner",0.964233,110.292099,135.370453,386.027954,621.797241,275.735840,486.426788,134125.296875,0.979663
"7d024180-d4e7-4f51-a0d6-574b58a4c8c5",34,"25c2b068-7e95-4d0b-a463-e5f6fc5397fb","benchmark/train/676_jpg.rf.29870ade49626154aacc985bb7e499a9.jpg","train/676_jpg.rf.29870ade49626154aacc985bb7e499a9",0,4,"phoma",0.503125,0.531250,0.833594,0.600781,55.250015,147.750000,588.750000,532.250000,1,0,4,"phoma",0.966203,53.928772,147.915161,586.231567,535.002563,532.302795,387.087402,206047.703125,0.985374
"7d024180-d4e7-4f51-a0d6-574b58a4c8c5",35,"6f15d8ba-f1ab-412f-b539-1a1b7e2ddd0c","benchmark/valid/IMG_3131_2_JPG.rf.4c20ac101675390b048e6320740a7fbf.jpg","valid/IMG_3131_2_JPG.rf.4c20ac101675390b048e6320740a7fbf",0,4,"phoma",0.440625,0.541406,0.881250,0.604688,0.000000,153.000015,564.000000,540.000000,1,0,4,"phoma",0.943417,2.974487,158.345886,562.972778,542.375793,559.998291,384.029907,215056.093750,0.973257
"7d024180-d4e7-4f51-a0d6-574b58a4c8c5",36,"afb7a208-c3c7-4131-9e30-c711bc5b92be","benchmark/train/IMG_3411_JPG.rf.96e877f0bfbf7f8b59d332d99483f75a.jpg","train/IMG_3411_JPG.rf.96e877f0bfbf7f8b59d332d99483f75a",0,3,"miner",0.508594,0.502344,0.800000,0.447656,69.499985,178.250000,581.500000,464.750031,1,0,3,"miner",0.952420,70.484924,176.772308,595.041870,468.603912,524.556946,291.831604,153082.296875,0.954627
"7d024180-d4e7-4f51-a0d6-574b58a4c8c5",37,"71c0b3b0-c0f6-46e3-9fdb-5e500ce23919","benchmark/train/IMG_2400_1_JPG.rf.e527170e1b5a6aa2221412209d2a1e75.jpg","train/IMG_2400_1_JPG.rf.e527170e1b5a6aa2221412209d2a1e75",0,3,"miner",0.448438,0.573438,0.878906,0.686719,5.750008,147.250000,568.250000,586.750000,1,0,3,"miner",0.899587,10.323425,142.951843,567.895264,581.964966,557.571838,439.013123,244781.359375,0.971034
"7d024180-d4e7-4f51-a0d6-574b58a4c8c5",38,"5202db9f-0542-499f-b842-8ea0ac26c298","benchmark/train/405_jpg.rf.adb36e0ba14c95d679767c4ebc005eeb.jpg","train/405_jpg.rf.adb36e0ba14c95d679767c4ebc005eeb",0,4,"phoma",0.526563,0.496094,0.660937,0.597656,125.500015,126.250000,548.500000,508.750000,1,0,4,"phoma",0.972039,122.857620,129.147598,553.800903,508.697510,430.943298,379.549927,163564.500000,0.974136
"7d024180-d4e7-4f51-a0d6-574b58a4c8c5",39,"48ef7f6d-5e31-48b9-bf74-fedad74e6356","benchmark/valid/IMG_3613_JPG.rf.18644f48e1d61f8fe630a1c437c94ae4.jpg","valid/IMG_3613_JPG.rf.18644f48e1d61f8fe630a1c437c94ae4",0,0,"algal_spot",0.529688,0.584375,0.552344,0.575000,162.250031,190.000015,515.750000,558.000000,1,0,0,"algal_spot",0.964339,165.390594,189.774445,500.139221,554.811768,334.748627,365.037323,122195.742188,0.938206
"7d024180-d4e7-4f51-a0d6-574b58a4c8c5",40,"e1e563c4-19e3-4dcc-a5cf-cdeb3522d3e6","benchmark/train/IMG_2735_2_JPG.rf.7d62e7a09fa6e7fb6b473408bbd23a48.jpg","train/IMG_2735_2_JPG.rf.7d62e7a09fa6e7fb6b473408bbd23a48",0,0,"algal_spot",0.421875,0.496875,0.563281,0.717969,89.750000,88.249985,450.250000,547.750000,1,0,0,"algal_spot",0.975435,83.280807,90.368652,448.256134,549.259949,364.975342,458.891296,167484.000000,0.969344
"7d024180-d4e7-4f51-a0d6-574b58a4c8c5",41,"a555a0e4-72bd-4fa6-9f63-179a78e7a47c","benchmark/valid/IMG_2339_2_JPG.rf.995b1247a2d2d5a57c0127fca589fc7e.jpg","valid/IMG_2339_2_JPG.rf.995b1247a2d2d5a57c0127fca589fc7e",0,3,"miner",0.456250,0.510938,0.877344,0.388281,11.250000,202.750015,572.750000,451.250000,1,0,3,"miner",0.893618,24.624329,202.612900,571.336548,460.924225,546.712219,258.311340,141221.968750,0.937620
"7d024180-d4e7-4f51-a0d6-574b58a4c8c5",42,"a3ff8e09-819d-45f5-a4ae-b0f3e06a4365","benchmark/valid/IMG_2844_1_JPG.rf.63b938fcb8482f51f7d01a5ebc2e3e32.jpg","valid/IMG_2844_1_JPG.rf.63b938fcb8482f51f7d01a5ebc2e3e32",0,5,"powdery_mildew",0.550000,0.475000,0.877344,0.332031,71.250000,197.750000,632.750000,410.250000,1,0,5,"powdery_mildew",0.853949,73.819397,191.622391,639.000000,408.622253,565.180603,216.999863,122644.109375,0.949742
"7d024180-d4e7-4f51-a0d6-574b58a4c8c5",43,"9df5fe39-1ed0-4f8f-a123-d194c5718ad3","benchmark/train/IMG_2274_JPG.rf.36619ada1e4fdb3169f4808a211ee8a0.jpg","train/IMG_2274_JPG.rf.36619ada1e4fdb3169f4808a211ee8a0",0,0,"algal_spot",0.465625,0.503125,0.894531,0.618750,11.749992,124.000015,584.250000,520.000000,1,0,0,"algal_spot",0.965446,11.430389,124.245880,574.305908,514.706299,562.875488,390.460419,219780.593750,0.968352
"7d024180-d4e7-4f51-a0d6-574b58a4c8c5",44,"f11b808b-76b4-4bc0-93a9-0634320f3d94","benchmark/train/652_jpg.rf.15e3cbba407cdf777f0d6f23c483edae.jpg","train/652_jpg.rf.15e3cbba407cdf777f0d6f23c483edae",0,4,"phoma",0.493750,0.475781,0.787500,0.597656,63.999996,113.250008,568.000000,495.750000,1,0,4,"phoma",0.957520,57.329529,113.115646,573.143433,498.447205,515.813904,385.331543,198759.375000,0.969917
"7d024180-d4e7-4f51-a0d6-574b58a4c8c5",45,"6bf1f8df-b4ba-410a-bff5-59a4e8fe1377","benchmark/train/PXL_20240125_083949268_jpg.rf.a2c6cc4e68b7c1a6e03b8c73a09e41e6.jpg","train/PXL_20240125_083949268_jpg.rf.a2c6cc4e68b7c1a6e03b8c73a09e41e6",0,2,"healthy",0.300000,0.167969,0.595312,0.335938,1.500015,0.000000,382.500000,215.000000,1,1,2,"healthy",0.913768,0.000000,0.000000,381.181030,230.113586,381.181030,230.113586,87714.937500,0.927645
"7d024180-d4e7-4f51-a0d6-574b58a4c8c5",45,"6bf1f8df-b4ba-410a-bff5-59a4e8fe1377","benchmark/train/PXL_20240125_083949268_jpg.rf.a2c6cc4e68b7c1a6e03b8c73a09e41e6.jpg","train/PXL_20240125_083949268_jpg.rf.a2c6cc4e68b7c1a6e03b8c73a09e41e6",1,2,"healthy",0.653125,0.441406,0.556250,0.816406,240.000000,21.250000,596.000000,543.750000,1,0,2,"healthy",0.927253,235.636383,20.146011,599.132080,547.019592,363.495697,526.873596,191516.281250,0.971249
"7d024180-d4e7-4f51-a0d6-574b58a4c8c5",46,"639406d0-1287-439c-a401-589c1ac52278","benchmark/valid/IMG_3407_1_JPG.rf.87368a1c829fcf7e9f6a943966971aed.jpg","valid/IMG_3407_1_JPG.rf.87368a1c829fcf7e9f6a943966971aed",0,3,"miner",0.454688,0.521875,0.496875,0.659375,132.000000,123.000015,450.000000,545.000000,1,0,3,"miner",0.962528,133.174438,103.370682,457.607788,539.350708,324.433350,435.980042,141446.468750,0.917754
"7d024180-d4e7-4f51-a0d6-574b58a4c8c5",47,"fb85c2dc-789d-4a9c-81bf-27a41b45d174","benchmark/valid/IMG_3296_JPG.rf.7465512368f7410d8e54db168c73f39f.jpg","valid/IMG_3296_JPG.rf.7465512368f7410d8e54db168c73f39f",0,1,"brown_eye_spot",0.507813,0.493750,0.586719,0.553906,137.250000,138.750000,512.750000,493.250000,1,0,1,"brown_eye_spot",0.982423,135.099106,138.297607,527.649292,489.257233,392.550171,350.959625,137769.265625,0.945048
"7d024180-d4e7-4f51-a0d6-574b58a4c8c5",48,"023d12fe-451e-4871-901e-ea347f542b44","benchmark/train/IMG_3513_2_JPG.rf.5fe7ea6458e2ba1bee4984e1a1e5c5c5.jpg","train/IMG_3513_2_JPG.rf.5fe7ea6458e2ba1bee4984e1a1e5c5c5",0,0,"algal_spot",0.501562,0.476563,0.671094,0.696875,106.249985,82.000008,535.750000,528.000000,1,0,0,"algal_spot",0.976538,107.593903,81.778259,533.818420,537.099854,426.224518,455.321594,194069.234375,0.972209
"7d024180-d4e7-4f51-a0d6-574b58a4c8c5",49,"25f389f5-e341-48a4-9102-1795a7991518","benchmark/train/IMG_3247_2_JPG.rf.ba3b24d53b80bf4e91b4ecd64f6cdceb.jpg","train/IMG_3247_2_JPG.rf.ba3b24d53b80bf4e91b4ecd64f6cdceb",0,3,"miner",0.517187,0.567187,0.605469,0.549219,137.249985,187.249985,524.750000,538.750000,1,0,3,"miner",0.967698,140.322052,188.298523,526.615234,550.057068,386.293182,361.758545,139744.859375,0.953944
"7d024180-d4e7-4f51-a0d6-574b58a4c8c5",50,"e70a2981-0c96-406a-aefc-a3e1520b2e76","benchmark/train/740_jpg.rf.fc2bdfa01d59f7ddd7cd9973da64b5f1.jpg","train/740_jpg.rf.fc2bdfa01d59f7ddd7cd9973da64b5f1",0,2,"healthy",0.492188,0.498437,0.849219,0.710156,43.250008,91.749992,586.750000,546.250000,1,0,2,"healthy",0.973810,43.390533,89.650391,593.013550,546.814697,549.623047,457.164307,251268.046875,0.982593
"7d024180-d4e7-4f51-a0d6-574b58a4c8c5",51,"f8a1ec78-0fd4-4127-aeb9-9d5115b24b0c","benchmark/test/531_jpg.rf.e1be1acf818ea82f9956b97f1eaed26d.jpg","test/531_jpg.rf.e1be1acf818ea82f9956b97f1eaed26d",0,4,"phoma",0.504687,0.525781,0.863281,0.586719,46.749992,148.750015,599.250000,524.250000,1,0,4,"phoma",0.967975,48.872040,141.822922,599.971069,517.145630,551.098999,375.322693,206839.953125,0.958449
"7d024180-d4e7-4f51-a0d6-574b58a4c8c5",52,"0a9e150a-f154-4742-8c33-89fd9a72f6a8","benchmark/train/IMG_3313_1_JPG.rf.af062f076c027e280992e825b82b5e0d.jpg","train/IMG_3313_1_JPG.rf.af062f076c027e280992e825b82b5e0d",0,3,"miner",0.510156,0.437500,0.760938,0.425000,83.000015,144.000000,570.000000,416.000000,1,0,3,"miner",0.967300,80.889908,141.033813,571.226440,413.970459,490.336548,272.936646,133830.812500,0.975199
"7d024180-d4e7-4f51-a0d6-574b58a4c8c5",53,"e24c69f5-da61-479a-b935-2bbabe7714fc","benchmark/train/610_jpg.rf.c2a7e6866df6913e81213f429557c563.jpg","train/610_jpg.rf.c2a7e6866df6913e81213f429557c563",0,4,"phoma",0.510938,0.529688,0.844531,0.696875,56.750011,116.000023,597.250000,562.000000,1,0,4,"phoma",0.972653,52.860413,117.146942,595.277344,562.759399,542.416931,445.612457,241707.734375,0.985035
"7d024180-d4e7-4f51-a0d6-574b58a4c8c5",54,"b74f7097-e902-4bb3-9a85-59e6853db9d6","benchmark/train/IMG_2635_JPG.rf.26f0a03ca571f3aa6047eed35b872449.jpg","train/IMG_2635_JPG.rf.26f0a03ca571f3aa6047eed35b872449",0,1,"brown_eye_spot",0.510156,0.543750,0.667188,0.594531,113.000015,157.750000,540.000000,538.250000,1,0,1,"brown_eye_spot",0.957917,110.330307,154.507034,536.183777,540.897095,425.853455,386.390076,164545.546875,0.970022
"7d024180-d4e7-4f51-a0d6-574b58a4c8c5",55,"853d1bd6-a2f6-42a5-91b6-c9e83e9e2b3a","benchmark/train/IMG_2315_JPG.rf.fb115a934b740005e64810f5b08c8544.jpg","train/IMG_2315_JPG.rf.fb115a934b740005e64810f5b08c8544",0,1,"brown_eye_spot",0.555469,0.526563,0.770312,0.586719,109.000000,149.250015,602.000000,524.750000,1,0,1,"brown_eye_spot",0.965738,107.168152,150.332855,608.125305,525.007813,500.957153,374.674957,187696.093750,0.980650
"7d024180-d4e7-4f51-a0d6-574b58a4c8c5",56,"8859c6b7-b6e7-4baa-937e-53f38c64af9a","benchmark/train/PXL_20240125_124946063_jpg.rf.4cac3d339724f58eba7367f9bc7959c4.jpg","train/PXL_20240125_124946063_jpg.rf.4cac3d339724f58eba7367f9bc7959c4",0,2,"healthy",0.485938,0.562500,0.472656,0.835938,159.750000,92.500000,462.250000,627.500000,1,0,2,"healthy",0.963792,161.683762,94.654724,463.927795,630.696960,302.244019,536.042236,162015.562500,0.978360
"7d024180-d4e7-4f51-a0d6-574b58a4c8c5",57,"98519bd5-fd7e-41a1-8e1a-69f4b3d52804","benchmark/train/IMG_3138_JPG.rf.edf6ab171f78f403e24bbca08f8df4bf.jpg","train/IMG_3138_JPG.rf.edf6ab171f78f403e24bbca08f8df4bf",0,5,"powdery_mildew",0.472656,0.466406,0.489844,0.689844,145.750000,77.750000,459.250000,519.250000,1,0,5,"powdery_mildew",0.933934,145.975662,75.992371,463.353577,520.963989,317.377930,444.971619,141224.171875,0.978679
"7d024180-d4e7-4f51-a0d6-574b58a4c8c5",57,"98519bd5-fd7e-41a1-8e1a-69f4b3d52804","benchmark/train/IMG_3138_JPG.rf.edf6ab171f78f403e24bbca08f8df4bf.jpg","train/IMG_3138_JPG.rf.edf6ab171f78f403e24bbca08f8df4bf",1,5,"powdery_mildew",0.811719,0.193750,0.373437,0.387500,400.000000,0.000000,639.000000,248.000000,0,,,,,,,,,,,,0.000000
"7d024180-d4e7-4f51-a0d6-574b58a4c8c5",57,"98519bd5-fd7e-41a1-8e1a-69f4b3d52804","benchmark/train/IMG_3138_JPG.rf.edf6ab171f78f403e24bbca08f8df4bf.jpg","train/IMG_3138_JPG.rf.edf6ab171f78f403e24bbca08f8df4bf",2,5,"powdery_mildew",0.787500,0.759375,0.421094,0.325000,369.250031,381.999969,638.750000,590.000000,0,,,,,,,,,,,,0.000000
"7d024180-d4e7-4f51-a0d6-574b58a4c8c5",58,"b947eb5e-78e4-4aeb-b692-664dcfd66b41","benchmark/valid/IMG_3233_JPG.rf.2b48c437966e29f4a7fcb4b299c44719.jpg","valid/IMG_3233_JPG.rf.2b48c437966e29f4a7fcb4b299c44719",0,3,"miner",0.510938,0.458594,0.817969,0.339063,65.250015,185.000000,588.750000,402.000000,1,0,3,"miner",0.961506,65.160950,183.150574,588.558105,403.971802,523.397156,220.821228,115577.203125,0.982174
"7d024180-d4e7-4f51-a0d6-574b58a4c8c5",59,"48755b8f-9547-4eea-85be-28c85879a60f","benchmark/train/IMG_3647_JPG.rf.4e8f8d1824b36cf7e35dbb5009d5feae.jpg","train/IMG_3647_JPG.rf.4e8f8d1824b36cf7e35dbb5009d5feae",0,0,"algal_spot",0.478125,0.529688,0.402344,0.511719,177.250000,175.250015,434.750000,502.750000,1,0,0,"algal_spot",0.953900,179.791229,176.166946,436.243378,496.717163,256.452148,320.550232,82205.796875,0.963650
"7d024180-d4e7-4f51-a0d6-574b58a4c8c5",60,"2f446234-688c-46cb-b72d-225bb7bd35bd","benchmark/train/IMG_2745_1_JPG.rf.9616df33638f8206d1e9142dade7caf2.jpg","train/IMG_2745_1_JPG.rf.9616df33638f8206d1e9142dade7caf2",0,0,"algal_spot",0.468750,0.497656,0.566406,0.670313,118.750000,104.000000,481.250000,533.000000,1,0,0,"algal_spot",0.975287,121.739166,102.593994,476.134155,534.774658,354.394989,432.180664,153162.656250,0.970606
"7d024180-d4e7-4f51-a0d6-574b58a4c8c5",61,"5766fc7d-bb4a-4242-a9d1-d91093df488e","benchmark/train/556_jpg.rf.f1a0b961cac75baaca99be3507a1a63f.jpg","train/556_jpg.rf.f1a0b961cac75baaca99be3507a1a63f",0,4,"phoma",0.499219,0.529688,0.829687,0.606250,54.000015,145.000015,585.000000,533.000000,1,0,4,"phoma",0.966226,53.928894,147.914047,586.224121,535.007446,532.295227,387.093384,206047.953125,0.984996
"7d024180-d4e7-4f51-a0d6-574b58a4c8c5",62,"39166002-2d37-49aa-aa02-97b4bc9fc1f0","benchmark/test/692_jpg.rf.e26ad28e5a9aa62d240020f7b2a55e45.jpg","test/692_jpg.rf.e26ad28e5a9aa62d240020f7b2a55e45",0,2,"healthy",0.478125,0.509375,0.787500,0.718750,53.999996,95.999985,558.000000,556.000000,1,0,2,"healthy",0.976826,52.370392,93.665039,562.069397,553.447266,509.699005,459.782227,234350.546875,0.978426
"7d024180-d4e7-4f51-a0d6-574b58a4c8c5",63,"cbc04711-9f34-482e-a24e-ebc7cc778f1f","benchmark/train/IMG_2627_JPG.rf.891cf3803e365cfd2a9f24512972f4f5.jpg","train/IMG_2627_JPG.rf.891cf3803e365cfd2a9f24512972f4f5",0,1,"brown_eye_spot",0.514063,0.551562,0.710156,0.799219,101.750015,97.249985,556.250000,608.750000,1,0,1,"brown_eye_spot",0.957655,103.103256,98.608429,559.261963,607.937317,456.158691,509.328888,232334.796875,0.986282
"7d024180-d4e7-4f51-a0d6-574b58a4c8c5",64,"7a3b3461-06ce-40f8-9210-85c6eda62985","benchmark/train/IMG_2564_JPG.rf.3b9259927ec42fa298036e1e72807777.jpg","train/IMG_2564_JPG.rf.3b9259927ec42fa298036e1e72807777",0,3,"miner",0.480469,0.575000,0.898438,0.322656,20.000000,264.750000,595.000000,471.250000,1,0,3,"miner",0.972268,11.644867,267.176270,604.848999,458.305450,593.204102,191.129181,113378.617188,0.899216
"7d024180-d4e7-4f51-a0d6-574b58a4c8c5",65,"971e0a37-12b4-497b-a8e2-eef8c86295f0","benchmark/train/IMG_3060_JPG.rf.a0a72ae1bd9a38492e92ef2880af0812.jpg","train/IMG_3060_JPG.rf.a0a72ae1bd9a38492e92ef2880af0812",0,0,"algal_spot",0.401563,0.493750,0.484375,0.702344,102.000008,91.250000,412.000000,540.750000,1,0,0,"algal_spot",0.973705,100.496262,92.210663,414.690063,540.351379,314.193787,448.140717,140803.031250,0.983708
"7d024180-d4e7-4f51-a0d6-574b58a4c8c5",66,"7575d15b-48b5-4196-a9ca-0cb2db5ab7a3","benchmark/train/403_jpg.rf.70251c363c6fd7d2e2f4a4d16486e267.jpg","train/403_jpg.rf.70251c363c6fd7d2e2f4a4d16486e267",0,4,"phoma",0.506250,0.512500,0.779688,0.575781,74.500008,143.750000,573.500000,512.250000,1,0,4,"phoma",0.971998,73.114044,144.086609,578.676392,512.254333,505.562347,368.167725,186131.734375,0.986118
"7d024180-d4e7-4f51-a0d6-574b58a4c8c5",67,"575cd31a-b63f-4180-a7d9-2d7238a600e4","benchmark/train/IMG_2585_JPG.rf.f69156a1030d8ab56b82ce9c49fae119.jpg","train/IMG_2585_JPG.rf.f69156a1030d8ab56b82ce9c49fae119",0,1,"brown_eye_spot",0.495313,0.536719,0.628125,0.879687,116.000000,61.999989,518.000000,625.000000,1,0,1,"brown_eye_spot",0.975418,110.961975,58.845245,519.039063,638.617676,408.077087,579.772461,236591.859375,0.956609
"7d024180-d4e7-4f51-a0d6-574b58a4c8c5",68,"79dc37bf-a4f6-4138-99d9-4415ad65a5dd","benchmark/valid/IMG_3604_1_JPG.rf.6627f0edd4919077f1a407ef05d02862.jpg","valid/IMG_3604_1_JPG.rf.6627f0edd4919077f1a407ef05d02862",0,0,"algal_spot",0.477344,0.591406,0.729688,0.357812,71.999985,263.999969,539.000000,493.000000,1,0,0,"algal_spot",0.952867,72.228683,266.168976,548.959351,496.659790,476.730652,230.490814,109882.039063,0.954315
"7d024180-d4e7-4f51-a0d6-574b58a4c8c5",69,"2410e594-09cb-4eaf-8c52-603f9e942282","benchmark/valid/454_jpg.rf.0542091902e7474d0bd8ee7bf12a86f5.jpg","valid/454_jpg.rf.0542091902e7474d0bd8ee7bf12a86f5",0,4,"phoma",0.532812,0.463281,0.797656,0.792969,85.749985,42.749996,596.250000,550.250000,1,0,4,"phoma",0.684108,76.082275,59.696045,599.073547,548.922668,522.991272,489.226624,255861.250000,0.941779
"7d024180-d4e7-4f51-a0d6-574b58a4c8c5",70,"0d48450b-f115-4f68-9628-e8471e8bdd40","benchmark/train/IMG_2314_JPG.rf.a31db8315590c64eec4001764bf8fa8e.jpg","train/IMG_2314_JPG.rf.a31db8315590c64eec4001764bf8fa8e",0,1,"brown_eye_spot",0.609375,0.542188,0.646875,0.812500,183.000000,87.000008,597.000000,607.000000,1,0,1,"brown_eye_spot",0.960775,184.819702,88.000137,598.235168,617.784546,413.415466,529.784424,219021.078125,0.970696
"7d024180-d4e7-4f51-a0d6-574b58a4c8c5",71,"857e29bb-023e-4240-aff8-e8d0413ed8fc","benchmark/test/377_jpg.rf.09bf17ede89e3d6f1aa9ae3b0ad4e1bf.jpg","test/377_jpg.rf.09bf17ede89e3d6f1aa9ae3b0ad4e1bf",0,4,"phoma",0.525000,0.471875,0.817187,0.750000,74.499985,62.000008,597.500000,542.000000,1,0,4,"phoma",0.963838,74.057983,61.598480,602.289124,549.708130,528.231140,488.109650,257834.718750,0.973647
"7d024180-d4e7-4f51-a0d6-574b58a4c8c5",72,"029a7452-44c5-4fb8-978b-f05ca6b7f13d","benchmark/train/IMG_3210_JPG.rf.7342a019800635c63ea57de88224111e.jpg","train/IMG_3210_JPG.rf.7342a019800635c63ea57de88224111e",0,1,"brown_eye_spot",0.468750,0.536719,0.319531,0.614062,197.750000,146.999985,402.250000,540.000000,0,,,,,,,,,,,,0.000000
"7d024180-d4e7-4f51-a0d6-574b58a4c8c5",73,"45f56341-4cd8-4f29-8317-af76cbe1769e","benchmark/train/IMG_2351_JPG.rf.c61d0e4c5b94738c65c9a1dfb11edad9.jpg","train/IMG_2351_JPG.rf.c61d0e4c5b94738c65c9a1dfb11edad9",0,0,"algal_spot",0.417188,0.521875,0.472656,0.781250,115.750008,84.000015,418.250000,584.000000,1,0,0,"algal_spot",0.973717,117.806198,85.733154,417.816162,584.075378,300.009949,498.342224,149507.625000,0.988183
"7d024180-d4e7-4f51-a0d6-574b58a4c8c5",74,"a7ec2f8c-d197-4731-9535-72a8d4ee9406","benchmark/train/IMG_20240125_120637_576_jpg.rf.95e349a3e7d7b43a60317ac2673c184d.jpg","train/IMG_20240125_120637_576_jpg.rf.95e349a3e7d7b43a60317ac2673c184d",0,2,"healthy",0.467187,0.473437,0.668750,0.946875,85.000000,0.000000,513.000000,606.000000,1,0,2,"healthy",0.940571,80.996429,7.763184,512.378540,612.621765,431.382111,604.858582,260925.171875,0.966193
"7d024180-d4e7-4f51-a0d6-574b58a4c8c5",74,"a7ec2f8c-d197-4731-9535-72a8d4ee9406","benchmark/train/IMG_20240125_120637_576_jpg.rf.95e349a3e7d7b43a60317ac2673c184d.jpg","train/IMG_20240125_120637_576_jpg.rf.95e349a3e7d7b43a60317ac2673c184d",1,2,"healthy",0.653906,0.225000,0.463281,0.449219,270.249969,0.249996,566.750000,287.750000,1,1,2,"healthy",0.812339,261.208618,0.000000,558.688721,291.263489,297.480103,291.263489,86645.093750,0.932145
"7d024180-d4e7-4f51-a0d6-574b58a4c8c5",75,"7c6fe64b-3ca6-4b8e-8cae-c78b7290a0f4","benchmark/train/PXL_20240125_083655558_jpg.rf.547605b22878bda0075381a3264cb0d4.jpg","train/PXL_20240125_083655558_jpg.rf.547605b22878bda0075381a3264cb0d4",0,2,"healthy",0.392969,0.496875,0.602344,0.975000,58.750000,5.999985,444.250000,630.000000,1,0,2,"healthy",0.957456,54.661011,4.605652,456.164185,633.497070,401.503174,628.891418,252501.906250,0.952674
"7d024180-d4e7-4f51-a0d6-574b58a4c8c5",76,"a51e3baf-dd9c-495d-9d43-82393212d111","benchmark/train/PXL_20240125_090651503_jpg.rf.0797a95e93f1dbd215ccbc2855371b7f.jpg","train/PXL_20240125_090651503_jpg.rf.0797a95e93f1dbd215ccbc2855371b7f",0,2,"healthy",0.438281,0.537500,0.392188,0.695313,154.999985,121.500015,406.000000,566.500000,1,0,2,"healthy",0.960459,145.823593,113.052490,404.768585,574.193176,258.945007,461.140686,119410.078125,0.926549
"7d024180-d4e7-4f51-a0d6-574b58a4c8c5",77,"ae00dcaa-8c86-4a7c-b6e5-718e7c8df7fe","benchmark/test/1395_jpg.rf.47d7f51a872ce57b1e449c1cac5c88f6.jpg","test/1395_jpg.rf.47d7f51a872ce57b1e449c1cac5c88f6",0,2,"healthy",0.516406,0.500781,0.912500,0.595312,38.499985,130.000000,622.500000,511.000000,1,0,2,"healthy",0.936146,43.556824,132.725143,621.597717,496.555176,578.040894,363.830017,210308.625000,0.945190
"7d024180-d4e7-4f51-a0d6-574b58a4c8c5",78,"576df9eb-c9fd-494a-8266-bb29c9f23772","benchmark/train/411_jpg.rf.ba2bb7500f579170edeb0ec18c8c9378.jpg","train/411_jpg.rf.ba2bb7500f579170edeb0ec18c8c9378",0,4,"phoma",0.504687,0.522656,0.738281,0.655469,86.749992,124.750000,559.250000,544.250000,1,0,4,"phoma",0.970949,84.316666,123.589691,566.348694,542.833679,482.032043,419.243988,202089.031250,0.974286
"7d024180-d4e7-4f51-a0d6-574b58a4c8c5",79,"e8b556f2-6e85-4a28-988c-0c42c5b673dd","benchmark/train/PXL_20240125_064311604_jpg.rf.84b69aa25380188b9db512a1557bcd0d.jpg","train/PXL_20240125_064311604_jpg.rf.84b69aa25380188b9db512a1557bcd0d",0,2,"healthy",0.473437,0.475781,0.610937,0.951563,107.500000,0.000000,498.500000,609.000000,1,0,2,"healthy",0.925777,108.431442,4.502472,494.588074,615.197815,386.156616,610.695313,235824.031250,0.970556
"7d024180-d4e7-4f51-a0d6-574b58a4c8c5",80,"8f8903a0-2b9a-4777-8a6a-e95878305795","benchmark/train/IMG_2316_JPG.rf.b67130187302fdea96b606a66bb26326.jpg","train/IMG_2316_JPG.rf.b67130187302fdea96b606a66bb26326",0,1,"brown_eye_spot",0.513281,0.416406,0.973437,0.423438,16.999989,131.000000,639.000000,402.000000,1,0,1,"brown_eye_spot",0.711047,22.115417,131.798355,639.000000,399.591461,616.884583,267.793091,165197.421875,0.980039
"7d024180-d4e7-4f51-a0d6-574b58a4c8c5",81,"0cb28edc-82ac-4a01-8072-85a6119a173a","benchmark/train/888_jpg.rf.0dd27be3a84076135a06f12de14b3d84.jpg","train/888_jpg.rf.0dd27be3a84076135a06f12de14b3d84",0,4,"phoma",0.493750,0.512500,0.870313,0.692969,37.500000,106.250000,594.500000,549.750000,1,0,4,"phoma",0.970724,31.433960,104.512177,601.529968,549.393005,570.096008,444.880829,253624.781250,0.972449
"7d024180-d4e7-4f51-a0d6-574b58a4c8c5",82,"8b340e28-31c8-4560-80af-d5d4159b5977","benchmark/train/PXL_20240125_115342754_jpg.rf.ae9127fa4175bb83fdba651b27e397f5.jpg","train/PXL_20240125_115342754_jpg.rf.ae9127fa4175bb83fdba651b27e397f5",0,2,"healthy",0.443750,0.508594,0.476563,0.821875,131.500000,62.500000,436.500000,588.500000,1,0,2,"healthy",0.941720,136.490005,51.683655,436.822510,591.818298,300.332520,540.134644,162220.000000,0.957296
"7d024180-d4e7-4f51-a0d6-574b58a4c8c5",83,"89c84aa5-f597-42e9-a387-f8c688ffa304","benchmark/valid/IMG_2754_JPG.rf.e202d72a4d81327d6ec72c2b4ca7cc5f.jpg","valid/IMG_2754_JPG.rf.e202d72a4d81327d6ec72c2b4ca7cc5f",0,0,"algal_spot",0.451562,0.504687,0.637500,0.585156,85.000000,135.749985,493.000000,510.250000,1,0,0,"algal_spot",0.965148,79.736435,137.320450,489.427673,504.728210,409.691223,367.407776,150523.734375,0.960318
"7d024180-d4e7-4f51-a0d6-574b58a4c8c5",84,"1d48fc1d-30cf-4305-8bf1-ad3ebcb536eb","benchmark/train/470_jpg.rf.998a71ebdeffd211441471a4ccfee1ef.jpg","train/470_jpg.rf.998a71ebdeffd211441471a4ccfee1ef",0,4,"phoma",0.478125,0.542188,0.821875,0.688281,43.000011,126.750015,569.000000,567.250000,1,0,4,"phoma",0.957284,36.716370,126.545715,573.480103,569.656250,536.763733,443.110535,237845.671875,0.974174
"7d024180-d4e7-4f51-a0d6-574b58a4c8c5",85,"26c041eb-bbec-4eba-8eef-398768ff9376","benchmark/train/IMG_3628_2_JPG.rf.09dfacffc8a09d970a6076d745d3e3af.jpg","train/IMG_3628_2_JPG.rf.09dfacffc8a09d970a6076d745d3e3af",0,0,"algal_spot",0.528125,0.477344,0.603125,0.754687,145.000000,63.999996,531.000000,547.000000,1,0,0,"algal_spot",0.956059,146.019470,68.129913,531.854553,551.813354,385.835083,483.683441,186622.046875,0.976955
"7d024180-d4e7-4f51-a0d6-574b58a4c8c5",86,"595b2a2d-21b6-40d1-b9a5-cbf0b125c14e","benchmark/train/IMG_3201_JPG.rf.e8e72c1f3352b572fc42283227c99cc3.jpg","train/IMG_3201_JPG.rf.e8e72c1f3352b572fc42283227c99cc3",0,1,"brown_eye_spot",0.557813,0.539063,0.514844,0.686719,192.250000,125.250000,521.750000,564.750000,1,0,1,"brown_eye_spot",0.977934,192.487198,124.632889,522.924683,563.697510,330.437500,439.064636,145083.421875,0.991962
"7d024180-d4e7-4f51-a0d6-574b58a4c8c5",87,"8a8a7e0e-e44f-4cff-9a46-cb05a1ae615d","benchmark/train/IMG_2877_1_JPG.rf.be20566b0ea6bd24871c54d78c02ffa3.jpg","train/IMG_2877_1_JPG.rf.be20566b0ea6bd24871c54d78c02ffa3",0,5,"powdery_mildew",0.616406,0.570313,0.539063,0.774219,222.000000,117.250000,567.000000,612.750000,1,0,5,"powdery_mildew",0.935343,219.548706,114.284058,572.944092,614.240234,353.395386,499.956177,176682.203125,0.967542
"7d024180-d4e7-4f51-a0d6-574b58a4c8c5",88,"532ef765-a73c-4fe0-9f58-d3ee7b464fb6","benchmark/train/240_jpg.rf.492dd6b5bfba66437cdec1c73979ec35.jpg","train/240_jpg.rf.492dd6b5bfba66437cdec1c73979ec35",0,4,"phoma",0.553906,0.533594,0.731250,0.650000,120.500015,133.500031,588.500000,549.500000,1,0,4,"phoma",0.974076,120.874008,133.781555,588.853577,552.444275,467.979553,418.662720,195925.593750,0.990765
"7d024180-d4e7-4f51-a0d6-574b58a4c8c5",89,"8062fc38-afda-4a2d-9041-8fbf828c016f","benchmark/valid/IMG_2422_2_JPG.rf.f8c30ce08ffd5825c701872677486196.jpg","valid/IMG_2422_2_JPG.rf.f8c30ce08ffd5825c701872677486196",0,1,"brown_eye_spot",0.548437,0.487500,0.650781,0.972656,142.749969,0.750008,559.250000,623.250000,1,0,1,"brown_eye_spot",0.960241,142.515244,4.263672,548.999023,629.638794,406.483765,625.375122,254204.828125,0.959732
"7d024180-d4e7-4f51-a0d6-574b58a4c8c5",90,"4ddfddff-5603-424a-ad84-ceb9cc339337","benchmark/test/IMG_3233_1_JPG.rf.fa9b0309a26d414492086a71ce6c19d7.jpg","test/IMG_3233_1_JPG.rf.fa9b0309a26d414492086a71ce6c19d7",0,3,"miner",0.509375,0.541406,0.817969,0.339063,64.249992,238.000015,587.750000,455.000000,1,0,3,"miner",0.957024,63.334625,238.687820,589.539673,463.530853,526.205078,224.843033,118313.546875,0.954209
"7d024180-d4e7-4f51-a0d6-574b58a4c8c5",91,"4d95e047-5c5b-45a6-8224-7dd3f2f77d6c","benchmark/train/520_jpg.rf.77e19a6219d8b685203cc5c9d938999d.jpg","train/520_jpg.rf.77e19a6219d8b685203cc5c9d938999d",0,4,"phoma",0.534375,0.466406,0.750000,0.631250,102.000008,96.500000,582.000000,500.500031,1,0,4,"phoma",0.968922,99.000565,99.152634,581.093811,504.766663,482.093262,405.614014,195543.781250,0.975161
"7d024180-d4e7-4f51-a0d6-574b58a4c8c5",92,"73ba31b5-9bc0-4b15-a6e9-4ec0b4056243","benchmark/train/IMG_2541_2_JPG.rf.568505da1c780d8fd25bfdc0f748a7be.jpg","train/IMG_2541_2_JPG.rf.568505da1c780d8fd25bfdc0f748a7be",0,3,"miner",0.612500,0.543750,0.660156,0.515625,180.750000,183.000000,603.250000,513.000000,1,0,3,"miner",0.957134,180.955093,181.198914,604.265747,515.165955,423.310669,333.967041,141371.812500,0.985279
"7d024180-d4e7-4f51-a0d6-574b58a4c8c5",93,"346d3758-c8e1-4ca8-9a4c-7187e801864b","benchmark/train/IMG_2884_JPG.rf.1a631f1468afd89bd439962fd89e8e05.jpg","train/IMG_2884_JPG.rf.1a631f1468afd89bd439962fd89e8e05",0,1,"brown_eye_spot",0.503125,0.497656,0.621094,0.660937,123.250008,107.000008,520.750000,530.000000,1,0,1,"brown_eye_spot",0.973966,124.263168,105.486282,524.667725,529.244385,400.404541,423.758118,169674.671875,0.982462
"7d024180-d4e7-4f51-a0d6-574b58a4c8c5",94,"f1d5ec2a-a304-467c-8363-06da15c47087","benchmark/train/IMG_2878_2_JPG.rf.0928e0f62539fee0c8bf0593e20e3aad.jpg","train/IMG_2878_2_JPG.rf.0928e0f62539fee0c8bf0593e20e3aad",0,5,"powdery_mildew",0.482812,0.405469,0.696875,0.576563,86.000000,75.000000,532.000000,444.000000,1,0,5,"powdery_mildew",0.955626,86.301575,73.218964,535.339966,444.623657,449.038391,371.404694,166774.968750,0.985478
"7d024180-d4e7-4f51-a0d6-574b58a4c8c5",95,"e05b3eb7-93ad-4ff8-a6ef-44e8ca10d23e","benchmark/train/IMG_3335_1_JPG.rf.5f925cc9818f147f0251fbd743d59555.jpg","train/IMG_3335_1_JPG.rf.5f925cc9818f147f0251fbd743d59555",0,3,"miner",0.468750,0.453125,0.511719,0.497656,136.250000,130.750000,463.750000,449.250000,1,0,3,"miner",0.969690,136.708786,126.775482,464.149597,455.431732,327.440796,328.656250,107615.460938,0.966603
"7d024180-d4e7-4f51-a0d6-574b58a4c8c5",96,"309e446f-e212-4587-94a1-0c997882df1e","benchmark/train/535_jpg.rf.ec6562ae14a0071f40546519c4b1fb17.jpg","train/535_jpg.rf.ec6562ae14a0071f40546519c4b1fb17",0,4,"phoma",0.478125,0.490625,0.741406,0.693750,68.750000,91.999985,543.250000,536.000000,1,0,4,"phoma",0.894344,68.212280,90.009781,545.436829,539.698608,477.224548,449.688843,214602.562500,0.981712
"7d024180-d4e7-4f51-a0d6-574b58a4c8c5",97,"e7fd6e9e-535b-4c25-a5f1-60cc31537c4c","benchmark/valid/IMG_3201_2_JPG.rf.c08d91b6d473e1739b9ad3bc8077d39d.jpg","valid/IMG_3201_2_JPG.rf.c08d91b6d473e1739b9ad3bc8077d39d",0,1,"brown_eye_spot",0.442187,0.537500,0.514844,0.686719,118.249985,124.250015,447.750000,563.750000,1,0,1,"brown_eye_spot",0.983037,117.067291,122.212936,448.508850,561.626160,331.441559,439.413208,145639.796875,0.984801
"7d024180-d4e7-4f51-a0d6-574b58a4c8c5",98,"74b9a2af-c39f-41fb-991d-cdbefdb576c7","benchmark/train/247_jpg.rf.d18eee361c8d946f87700a595ae4d53a.jpg","train/247_jpg.rf.d18eee361c8d946f87700a595ae4d53a",0,4,"phoma",0.503125,0.505469,0.720312,0.584375,91.500015,136.499969,552.500000,510.500000,1,0,4,"phoma",0.972264,91.354095,137.860809,556.619263,508.583557,465.265167,370.722748,172484.375000,0.982229
"7d024180-d4e7-4f51-a0d6-574b58a4c8c5",99,"cfdb795c-b994-4bdf-84cc-30b8b256bdda","benchmark/train/IMG_2508_2_JPG.rf.10ddaaf57f53fefba449dbeabcda2c20.jpg","train/IMG_2508_2_JPG.rf.10ddaaf57f53fefba449dbeabcda2c20",0,3,"miner",0.446875,0.434375,0.482031,0.785156,131.750000,26.749992,440.250000,529.250000,1,0,3,"miner",0.966960,126.933594,30.671539,441.376099,534.720215,314.442505,504.048676,158494.328125,0.963103
"7d024180-d4e7-4f51-a0d6-574b58a4c8c5",100,"cd4e10f0-69a4-42d2-a128-2f698f2cb951","benchmark/train/IMG_2498_JPG.rf.090550633277e88ee9613bd4b2db10c2.jpg","train/IMG_2498_JPG.rf.090550633277e88ee9613bd4b2db10c2",0,1,"brown_eye_spot",0.484375,0.495313,0.522656,0.844531,142.750000,46.750011,477.250000,587.250000,1,0,1,"brown_eye_spot",0.979300,148.238770,48.979309,477.244415,587.888184,329.005646,538.908875,177304.062500,0.978381
"c0abc341-0938-40dc-9c44-f9e1c431d778",1,"b8246647-70d0-4595-8d41-575202cb0adc","benchmark/train/IMG_2679_2_JPG.rf.f983f1882fdfbf3898ac98db16d8ff77.jpg","train/IMG_2679_2_JPG.rf.f983f1882fdfbf3898ac98db16d8ff77",0,0,"algal_spot",0.523438,0.517187,0.566406,0.617969,153.750000,133.249985,516.250000,528.750000,1,0,0,"algal_spot",0.952159,151.339264,138.698486,517.907349,530.966003,366.568085,392.267517,143792.750000,0.969992
"c0abc341-0938-40dc-9c44-f9e1c431d778",2,"91be3221-abcd-4735-8440-6903b4d3b559","benchmark/train/IMG_2956_1_JPG.rf.1f6324a52e9913fdbf67c0c7a3ca6852.jpg","train/IMG_2956_1_JPG.rf.1f6324a52e9913fdbf67c0c7a3ca6852",0,3,"miner",0.503125,0.540625,0.638281,0.860156,117.750015,70.749985,526.250000,621.250000,1,0,3,"miner",0.976304,117.029724,70.125061,523.590210,620.658813,406.560486,550.533752,223825.265625,0.989561
"c0abc341-0938-40dc-9c44-f9e1c431d778",3,"3e9ca1e3-ff7e-4f52-9bba-5bc5c5e25d16","benchmark/valid/563_jpg.rf.a63b3c481ba47f49e0671f656db2ca37.jpg","valid/563_jpg.rf.a63b3c481ba47f49e0671f656db2ca37",0,4,"phoma",0.504687,0.529688,0.827344,0.686719,58.249989,119.250015,587.750000,558.750000,1,0,4,"phoma",0.965333,58.144531,120.512375,589.658386,557.795532,531.513855,437.283142,232422.046875,0.991205
"c0abc341-0938-40dc-9c44-f9e1c431d778",4,"b2b70bd4-f154-4a30-b383-d763d2572271","benchmark/test/700_jpg.rf.0fb12b644df9af7148b8968da698454c.jpg","test/700_jpg.rf.0fb12b644df9af7148b8968da698454c",0,2,"healthy",0.504687,0.495313,0.812500,0.573438,62.999992,133.500000,583.000000,500.500031,1,1,2,"healthy",0.292550,57.328613,136.381714,584.540710,492.562531,527.212097,356.180817,187782.828125,0.957630
"c0abc341-0938-40dc-9c44-f9e1c431d778",5,"db2d5ec4-e836-4ef6-a6c9-b9e88dc9ffdb","benchmark/valid/783_jpg.rf.30c912f349381e8922723289146935b4.jpg","valid/783_jpg.rf.30c912f349381e8922723289146935b4",0,4,"phoma",0.514063,0.531250,0.859375,0.664063,54.000015,127.500000,604.000000,552.500000,1,0,4,"phoma",0.791953,51.030884,123.561951,603.560181,558.255737,552.529297,434.693787,240181.046875,0.971690
"c0abc341-0938-40dc-9c44-f9e1c431d778",6,"3eee09a7-54ce-4773-a372-8b90c012581d","benchmark/valid/IMG_2473_JPG.rf.9826c3fbac76d568952c41c1b38f8deb.jpg","valid/IMG_2473_JPG.rf.9826c3fbac76d568952c41c1b38f8deb",0,1,"brown_eye_spot",0.523438,0.505469,0.474219,0.645312,183.250000,116.999985,486.750000,530.000000,1,0,1,"brown_eye_spot",0.979921,181.626984,117.765503,485.591217,541.252808,303.964233,423.487305,128724.992188,0.962919
"c0abc341-0938-40dc-9c44-f9e1c431d778",7,"44714538-78dc-435c-a776-4336ee23f467","benchmark/train/IMG_3573_1_JPG.rf.881f5a2ceb24d91cf6abc12c6b931f09.jpg","train/IMG_3573_1_JPG.rf.881f5a2ceb24d91cf6abc12c6b931f09",0,0,"algal_spot",0.490625,0.414063,0.300781,0.671094,217.750000,50.249996,410.250000,479.750000,1,1,0,"algal_spot",0.874920,216.883881,51.336502,414.805847,475.688538,197.921967,424.352051,83988.593750,0.961264
"c0abc341-0938-40dc-9c44-f9e1c431d778",7,"44714538-78dc-435c-a776-4336ee23f467","benchmark/train/IMG_3573_1_JPG.rf.881f5a2ceb24d91cf6abc12c6b931f09.jpg","train/IMG_3573_1_JPG.rf.881f5a2ceb24d91cf6abc12c6b931f09",1,4,"phoma",0.821094,0.446094,0.357031,0.431250,411.250000,147.499985,639.000000,423.500000,1,0,4,"phoma",0.893066,420.717255,152.585022,639.000000,452.713257,218.282745,300.128235,65512.816406,0.854126
"c0abc341-0938-40dc-9c44-f9e1c431d778",8,"873bd352-581f-468f-99b3-f1b29c5a2dbb","benchmark/valid/IMG_2487_1_JPG.rf.e615f6b4a3071c15da3a27231d72c9e2.jpg","valid/IMG_2487_1_JPG.rf.e615f6b4a3071c15da3a27231d72c9e2",0,3,"miner",0.541406,0.503125,0.667188,0.518750,133.000015,156.000000,560.000000,488.000031,1,0,3,"miner",0.968269,126.665283,160.549377,548.485840,467.837494,421.820557,307.288116,129620.445313,0.888409
"c0abc341-0938-40dc-9c44-f9e1c431d778",9,"d3185f7c-1b57-4bdc-ac1e-671bba4fb8cb","benchmark/train/440_jpg.rf.78f89faa0ed116405b157cc478f3003c.jpg","train/440_jpg.rf.78f89faa0ed116405b157cc478f3003c",0,4,"phoma",0.547656,0.518750,0.669531,0.551562,136.250000,155.500015,564.750000,508.500000,1,0,4,"phoma",0.966465,137.193802,154.533325,560.153992,511.452148,422.960205,356.918823,150962.453125,0.976373
"c0abc341-0938-40dc-9c44-f9e1c431d778",10,"cd285cbd-5479-4071-8cce-c9d64bfe8e8d","benchmark/train/IMG_2291_2_JPG.rf.294339d52c70cd12c6cd3705593e9729.jpg","train/IMG_2291_2_JPG.rf.294339d52c70cd12c6cd3705593e9729",0,3,"miner",0.470313,0.493750,0.564844,0.714844,120.250000,87.250000,481.750031,544.750000,1,0,3,"miner",0.970406,120.603897,94.537796,483.982941,546.737427,363.379028,452.199646,164319.875000,0.972944
"c0abc341-0938-40dc-9c44-f9e1c431d778",11,"0729ae1e-89e9-4381-aae1-1b1588a17dda","benchmark/train/835_jpg.rf.a140bf03c25615f968e527e2c9f671d6.jpg","train/835_jpg.rf.a140bf03c25615f968e527e2c9f671d6",0,2,"healthy",0.527344,0.501562,0.826563,0.669531,72.999992,106.749992,602.000000,535.250000,1,0,2,"healthy",0.983314,70.879669,103.157059,604.492004,533.348877,533.612305,430.191833,229555.656250,0.978789
"c0abc341-0938-40dc-9c44-f9e1c431d778",12,"00e3dcbe-3e5a-45e6-b37d-1f72a1c5b530","benchmark/valid/IMG_3013_1_JPG.rf.a6fe89e8b31a233af226ba34afe2f47d.jpg","valid/IMG_3013_1_JPG.rf.a6fe89e8b31a233af226ba34afe2f47d",0,3,"miner",0.487500,0.608594,0.664844,0.457812,99.250015,243.000015,524.750000,536.000000,1,0,3,"miner",0.947097,101.270920,235.396027,518.604248,535.144165,417.333313,299.748138,125094.882813,0.953667
"c0abc341-0938-40dc-9c44-f9e1c431d778",13,"679f9053-ee31-4b15-bab4-773c67598ec5","benchmark/valid/IMG_3319_2_JPG.rf.b5f769df21ea7a011b585a9d923a3fe9.jpg","valid/IMG_3319_2_JPG.rf.b5f769df21ea7a011b585a9d923a3fe9",0,3,"miner",0.520312,0.544531,0.678906,0.545313,115.749985,173.999969,550.250000,523.000000,1,0,3,"miner",0.922008,119.935364,174.185181,552.295654,527.353699,432.360291,353.168518,152696.046875,0.973182
"c0abc341-0938-40dc-9c44-f9e1c431d778",14,"53d198b1-7986-4a2f-981c-6c9a7aef1c93","benchmark/train/IMG_20240124_171702_203_jpg.rf.befdcb1675f04bf8174ff6ee4908450e.jpg","train/IMG_20240124_171702_203_jpg.rf.befdcb1675f04bf8174ff6ee4908450e",0,2,"healthy",0.493750,0.528906,0.600000,0.923437,124.000000,42.999992,508.000031,634.000000,1,0,2,"healthy",0.880228,122.511993,46.943848,507.269531,632.185181,384.757538,585.241333,225176.015625,0.984594
"c0abc341-0938-40dc-9c44-f9e1c431d778",15,"40b84b3d-05b3-470c-b15e-31f4e5078170","benchmark/train/285_jpg.rf.3595b9dc78226fac14ec921e924fc8ed.jpg","train/285_jpg.rf.3595b9dc78226fac14ec921e924fc8ed",0,4,"phoma",0.550000,0.524219,0.764844,0.616406,107.250000,138.249985,596.750000,532.750000,1,0,4,"phoma",0.972232,102.087891,138.857834,599.574890,532.661194,497.487000,393.803345,195912.046875,0.982235
"c0abc341-0938-40dc-9c44-f9e1c431d778",16,"97868a42-4c45-4d2a-afca-86b1da15b63c","benchmark/valid/IMG_2986_JPG.rf.b1732a51429aebe1acb1a3fd12e951f7.jpg","valid/IMG_2986_JPG.rf.b1732a51429aebe1acb1a3fd12e951f7",0,1,"brown_eye_spot",0.454688,0.506250,0.609375,0.667969,96.000000,110.250015,486.000000,537.750000,1,0,1,"brown_eye_spot",0.970547,95.040390,112.568207,488.106201,543.956787,393.065796,431.388580,169564.093750,0.972738
"c0abc341-0938-40dc-9c44-f9e1c431d778",17,"cea523eb-6c34-4901-9494-7dee0929b67b","benchmark/train/IMG_2721_JPG.rf.292421e7ee30f9a810134b13ed4f97e2.jpg","train/IMG_2721_JPG.rf.292421e7ee30f9a810134b13ed4f97e2",0,0,"algal_spot",0.471875,0.449219,0.566406,0.707812,120.750008,61.000004,483.250000,514.000000,1,0,0,"algal_spot",0.963224,126.505188,61.343048,478.866364,511.456360,352.361176,450.113312,158602.453125,0.965837
"c0abc341-0938-40dc-9c44-f9e1c431d778",18,"d2aab2ac-e17d-4467-886d-3a74742ae5a2","benchmark/valid/IMG_3593_JPG.rf.bb6ef3055e81eeb1829310eeb3b80d18.jpg","valid/IMG_3593_JPG.rf.bb6ef3055e81eeb1829310eeb3b80d18",0,0,"algal_spot",0.367969,0.398438,0.401563,0.478125,106.999985,102.000000,364.000000,408.000000,1,0,0,"algal_spot",0.966171,107.452484,105.566635,365.439087,406.287262,257.986603,300.720642,77581.898438,0.975648
"c0abc341-0938-40dc-9c44-f9e1c431d778",19,"ed0e9f8d-0cd6-4c9e-9764-25f0b27e6d84","benchmark/train/IMG_3259_1_JPG.rf.4a5145ea768664e7e46a33655d52934b.jpg","train/IMG_3259_1_JPG.rf.4a5145ea768664e7e46a33655d52934b",0,3,"miner",0.514063,0.532812,0.508594,0.794531,166.250015,86.749992,491.750031,595.250000,1,0,3,"miner",0.969120,169.181732,85.750656,491.063812,597.855713,321.882080,512.105042,164837.437500,0.982000
"c0abc341-0938-40dc-9c44-f9e1c431d778",20,"73a84da1-6add-449b-b00d-a1a1a710acae","benchmark/train/IMG_2956_2_JPG.rf.61032b9a95be23174d4e1eb820e1b678.jpg","train/IMG_2956_2_JPG.rf.61032b9a95be23174d4e1eb820e1b678",0,3,"miner",0.495313,0.457812,0.638281,0.860156,112.750015,17.749996,521.250000,568.250000,1,0,3,"miner",0.956124,117.255981,21.540741,521.538391,573.919739,404.282410,552.379028,223317.125000,0.971575
"c0abc341-0938-40dc-9c44-f9e1c431d778",21,"c49a8d1b-b5aa-4745-9e7c-9624cc566d67","benchmark/train/429_jpg.rf.3ae1c70213906b1a09de7e5730bf5113.jpg","train/429_jpg.rf.3ae1c70213906b1a09de7e5730bf5113",0,4,"phoma",0.538281,0.467969,0.743750,0.768750,106.500015,53.500004,582.500000,545.500000,1,0,4,"phoma",0.935598,104.756882,55.903854,588.071838,545.804199,483.314941,489.900330,236776.156250,0.979520
"c0abc341-0938-40dc-9c44-f9e1c431d778",22,"beb6397a-cc0c-4358-82c2-6d8f70d013d1","benchmark/valid/IMG_3458_2_JPG.rf.6c1045ba0f7d8015d899683c2cfed995.jpg","valid/IMG_3458_2_JPG.rf.6c1045ba0f7d8015d899683c2cfed995",0,3,"miner",0.602344,0.518750,0.621875,0.642187,186.500000,126.500015,584.500000,537.500000,1,0,3,"miner",0.961589,184.105179,125.710693,581.033142,531.640991,396.927979,405.930298,161125.093750,0.969550
"c0abc341-0938-40dc-9c44-f9e1c431d778",23,"ab8f1042-c2b5-4fa0-9fb3-58df49719f63","benchmark/train/IMG_3477_2_JPG.rf.e2a2f1ecb3ffa0a9f2b715d3f7a48b03.jpg","train/IMG_3477_2_JPG.rf.e2a2f1ecb3ffa0a9f2b715d3f7a48b03",0,3,"miner",0.514844,0.592188,0.800000,0.588281,73.500000,190.750000,585.500000,567.250000,1,0,3,"miner",0.969434,83.159363,194.754745,586.275879,564.862549,503.116516,370.107788,186207.343750,0.963042
"c0abc341-0938-40dc-9c44-f9e1c431d778",23,"ab8f1042-c2b5-4fa0-9fb3-58df49719f63","benchmark/train/IMG_3477_2_JPG.rf.e2a2f1ecb3ffa0a9f2b715d3f7a48b03.jpg","train/IMG_3477_2_JPG.rf.e2a2f1ecb3ffa0a9f2b715d3f7a48b03",1,1,"brown_eye_spot",0.573438,0.237500,0.842188,0.285156,97.500000,60.750000,636.500000,243.250000,1,1,1,"brown_eye_spot",0.957637,82.608978,63.004364,639.000000,236.806915,556.390991,173.802551,96702.171875,0.923952
"c0abc341-0938-40dc-9c44-f9e1c431d778",24,"29189940-6006-4ab2-bf8f-48392b90315a","benchmark/train/IMG_3344_1_JPG.rf.cbbb3bfe23e1a51679d683bd51b1c9c4.jpg","train/IMG_3344_1_JPG.rf.cbbb3bfe23e1a51679d683bd51b1c9c4",0,3,"miner",0.381250,0.453125,0.310156,0.718750,144.750000,60.000000,343.250000,520.000000,1,0,3,"miner",0.981898,144.670685,51.290268,340.343933,522.971069,195.673248,471.680786,92295.312500,0.960923
"c0abc341-0938-40dc-9c44-f9e1c431d778",24,"29189940-6006-4ab2-bf8f-48392b90315a","benchmark/train/IMG_3344_1_JPG.rf.cbbb3bfe23e1a51679d683bd51b1c9c4.jpg","train/IMG_3344_1_JPG.rf.cbbb3bfe23e1a51679d683bd51b1c9c4",1,1,"brown_eye_spot",0.625000,0.751562,0.460156,0.413281,252.750000,348.750000,547.250000,613.250000,1,1,1,"brown_eye_spot",0.965101,253.286819,354.677490,548.570251,609.151855,295.283447,254.474365,75142.070313,0.956218
"c0abc341-0938-40dc-9c44-f9e1c431d778",25,"fdbbd640-2a78-4c39-be87-4d243862c711","benchmark/valid/328_jpg.rf.7f7f46ab00762497b9135fa541912dc7.jpg","valid/328_jpg.rf.7f7f46ab00762497b9135fa541912dc7",0,4,"phoma",0.516406,0.468750,0.732813,0.644531,95.999985,93.750000,565.000000,506.250000,1,0,4,"phoma",0.968179,94.060852,96.232452,568.766724,507.710510,474.705872,411.478058,195331.046875,0.978640
"c0abc341-0938-40dc-9c44-f9e1c431d778",26,"20b72981-3680-443a-be0b-23770e0a02b6","benchmark/train/IMG_3474_1_JPG.rf.40aa28e2027fb25619f37e57da224069.jpg","train/IMG_3474_1_JPG.rf.40aa28e2027fb25619f37e57da224069",0,3,"miner",0.382031,0.556250,0.727344,0.538281,11.750011,183.749985,477.250000,528.250000,1,0,3,"miner",0.974731,10.253815,183.938156,479.755066,525.690552,469.501251,341.752380,160453.171875,0.983637
"c0abc341-0938-40dc-9c44-f9e1c431d778",27,"6abb20bd-960d-47b6-a352-5704c8e8a77c","benchmark/test/193_jpg.rf.35dd911971c776010298c662f5e9273c.jpg","test/193_jpg.rf.35dd911971c776010298c662f5e9273c",0,2,"healthy",0.497656,0.547656,0.763281,0.633594,74.250015,147.750000,562.750000,553.250000,1,0,2,"healthy",0.956890,77.047241,149.313843,570.820923,556.139343,493.773682,406.825500,200879.718750,0.967547
"c0abc341-0938-40dc-9c44-f9e1c431d778",28,"31025306-c6cc-41dc-9468-aaae2af2418b","benchmark/train/IMG_2891_1_JPG.rf.380b95f13e5d0d13d8e029c65225353f.jpg","train/IMG_2891_1_JPG.rf.380b95f13e5d0d13d8e029c65225353f",0,1,"brown_eye_spot",0.470313,0.570313,0.877344,0.814844,20.249996,104.249992,581.750000,625.750000,1,0,1,"brown_eye_spot",0.973992,12.275024,102.493134,587.843140,633.715515,575.568115,531.222412,305754.687500,0.957703
"c0abc341-0938-40dc-9c44-f9e1c431d778",29,"70970d84-55f7-4c70-8da4-8ff40f64b1dd","benchmark/train/IMG_3256_JPG.rf.7e3de325bf21e1c49bdf5a280b536242.jpg","train/IMG_3256_JPG.rf.7e3de325bf21e1c49bdf5a280b536242",0,3,"miner",0.531250,0.518750,0.875781,0.499219,59.750004,172.250000,620.250000,491.750031,1,0,3,"miner",0.917473,59.595581,169.128998,618.305786,490.286926,558.710205,321.157928,179434.218750,0.982135
"c0abc341-0938-40dc-9c44-f9e1c431d778",30,"c6383ce5-464b-4189-83bf-ff5b4dd26967","benchmark/train/862_jpg.rf.06301c5e7e103ba01a0f3b86dbeecfaa.jpg","train/862_jpg.rf.06301c5e7e103ba01a0f3b86dbeecfaa",0,2,"healthy",0.535937,0.497656,0.785937,0.603906,91.500000,125.250000,594.500000,511.750031,1,0,2,"healthy",0.976352,96.246887,128.305115,595.023865,507.449829,498.776978,379.144714,189108.656250,0.970720
"c0abc341-0938-40dc-9c44-f9e1c431d778",31,"d77a4d3b-1518-4201-9167-e652faf4cd8b","benchmark/train/557_jpg.rf.087f3b6137a2ba3deabd10a9420252e4.jpg","train/557_jpg.rf.087f3b6137a2ba3deabd10a9420252e4",0,4,"phoma",0.492969,0.548437,0.742969,0.636719,77.750000,147.249985,553.250000,554.750000,1,0,4,"phoma",0.966785,82.219727,148.074066,556.824829,552.040649,474.605103,403.966583,191724.609375,0.974746
"c0abc341-0938-40dc-9c44-f9e1c431d778",32,"b7e058c5-c14d-4cc5-bdc1-6e996590d0c2","benchmark/test/IMG_3555_2_JPG.rf.7e9633f1acd7430b461ad9cc8f314d5a.jpg","test/IMG_3555_2_JPG.rf.7e9633f1acd7430b461ad9cc8f314d5a",0,0,"algal_spot",0.500000,0.470313,0.693750,0.581250,97.999992,115.000000,542.000000,487.000000,1,0,0,"algal_spot",0.979845,93.915390,114.182892,544.965637,483.245789,451.050232,369.062897,166465.906250,0.972452
"c0abc341-0938-40dc-9c44-f9e1c431d778",33,"403b0ece-6b92-40ee-bb1b-da39d0274d7f","benchmark/train/IMG_3088_1_JPG.rf.986f6da029edef4ab877f67de991bee8.jpg","train/IMG_3088_1_JPG.rf.986f6da029edef4ab877f67de991bee8",0,3,"miner",0.506250,0.495313,0.603906,0.787500,130.750000,65.000000,517.250000,569.000000,1,0,3,"miner",0.964823,131.768890,61.710388,520.898987,576.454956,389.130096,514.744568,200302.609375,0.967465
"c0abc341-0938-40dc-9c44-f9e1c431d778",34,"60abdde6-2ba7-4b39-8dbd-dbd3506bd320","benchmark/test/1014_jpg.rf.070bc5e87ddf8d1d8f23e2957fee8954.jpg","test/1014_jpg.rf.070bc5e87ddf8d1d8f23e2957fee8954",0,2,"healthy",0.540625,0.505469,0.763281,0.662500,101.749992,111.499977,590.250000,535.500000,1,0,2,"healthy",0.974096,99.099670,113.075150,591.841064,537.453064,492.741394,424.377930,209108.578125,0.983212
"c0abc341-0938-40dc-9c44-f9e1c431d778",35,"cb8cf032-9e42-46a8-a0fd-617fbc287df3","benchmark/train/IMG_2796_JPG.rf.6bf4320fe74a12aeeff936f8b9f9f97c.jpg","train/IMG_2796_JPG.rf.6bf4320fe74a12aeeff936f8b9f9f97c",0,1,"brown_eye_spot",0.494531,0.554688,0.973437,0.405469,5.000000,225.250000,628.000000,484.750000,1,0,1,"brown_eye_spot",0.960040,1.214355,226.592178,627.445923,486.279663,626.231567,259.687500,162624.515625,0.982186
"c0abc341-0938-40dc-9c44-f9e1c431d778",36,"87e30bb8-601e-4e47-9ed6-81905a1d7d82","benchmark/train/IMG_2751_2_JPG.rf.d41a3c7b52fc95a55a6ed3b2ff0511ec.jpg","train/IMG_2751_2_JPG.rf.d41a3c7b52fc95a55a6ed3b2ff0511ec",0,0,"algal_spot",0.512500,0.448438,0.712500,0.506250,100.000000,125.000000,556.000000,449.000000,1,0,0,"algal_spot",0.934778,104.427078,125.375496,553.770630,444.591187,449.343567,319.215698,143437.515625,0.970852
"c0abc341-0938-40dc-9c44-f9e1c431d778",37,"3e022cbb-9007-4163-96ed-9479ead47d39","benchmark/train/IMG_3496_JPG.rf.66a31d680a623ec55cf4b4848fb7f018.jpg","train/IMG_3496_JPG.rf.66a31d680a623ec55cf4b4848fb7f018",0,0,"algal_spot",0.460938,0.585938,0.753125,0.655469,53.999996,165.250000,536.000000,584.750000,1,0,0,"algal_spot",0.965462,51.665405,161.628433,533.042053,589.074951,481.376648,427.446533,205762.781250,0.970795
"c0abc341-0938-40dc-9c44-f9e1c431d778",38,"bdeadeea-1524-462f-b4cc-afdd6ada407e","benchmark/valid/434_jpg.rf.8d636dbc938567a6e223d6480e1d93cb.jpg","valid/434_jpg.rf.8d636dbc938567a6e223d6480e1d93cb",0,4,"phoma",0.498437,0.544531,0.867969,0.754687,41.250000,106.999985,596.750000,590.000000,1,0,4,"phoma",0.971307,34.492432,106.858047,597.251770,596.440063,562.759338,489.582031,275516.875000,0.973830
"c0abc341-0938-40dc-9c44-f9e1c431d778",39,"ee1f36f3-3ac2-4e3a-a3d4-dda5ad600ce5","benchmark/test/IMG_2894_1_JPG.rf.378df9c1f1dd92346f29a74206891af4.jpg","test/IMG_2894_1_JPG.rf.378df9c1f1dd92346f29a74206891af4",0,1,"brown_eye_spot",0.525781,0.497656,0.726563,0.732813,104.000015,84.000000,569.000000,553.000000,1,0,1,"brown_eye_spot",0.864516,96.495361,85.339493,571.261108,549.445923,474.765747,464.106445,220341.843750,0.969419
"c0abc341-0938-40dc-9c44-f9e1c431d778",40,"6e590de4-e9a9-41bb-8813-aa7d216342f9","benchmark/train/IMG_2813_1_JPG.rf.94b732fe921c0725cf99d2e15d6f5353.jpg","train/IMG_2813_1_JPG.rf.94b732fe921c0725cf99d2e15d6f5353",0,5,"powdery_mildew",0.471875,0.514844,0.662500,0.535937,90.000000,158.000015,514.000000,501.000000,1,0,5,"powdery_mildew",0.963067,88.196472,158.268600,513.745667,499.484070,425.549194,341.215454,145203.968750,0.990011
"c0abc341-0938-40dc-9c44-f9e1c431d778",41,"bec9ecec-bfb1-4665-81ae-41377ae208ef","benchmark/valid/IMG_2465_2_JPG.rf.56ad801a27a894fab397cbf000418bdc.jpg","valid/IMG_2465_2_JPG.rf.56ad801a27a894fab397cbf000418bdc",0,1,"brown_eye_spot",0.521875,0.471875,0.433594,0.682031,195.250015,83.750000,472.750000,520.250000,1,0,1,"brown_eye_spot",0.971445,195.758087,93.115768,476.819794,519.307007,281.061707,426.191223,119786.031250,0.960837
"c0abc341-0938-40dc-9c44-f9e1c431d778",42,"a3a6930f-657a-4e7a-971e-aa8d8f97e9b6","benchmark/train/IMG_2817_JPG.rf.181039fc4672ff0ce7a7cd5d3f64df73.jpg","train/IMG_2817_JPG.rf.181039fc4672ff0ce7a7cd5d3f64df73",0,5,"powdery_mildew",0.467969,0.454688,0.873438,0.452344,20.000000,146.250000,579.000000,435.750000,1,0,5,"powdery_mildew",0.910339,16.939087,144.636490,576.857422,439.376129,559.918335,294.739624,165030.125000,0.973195
"c0abc341-0938-40dc-9c44-f9e1c431d778",43,"194b91bd-4afe-4cf0-b42e-08245f88bb17","benchmark/train/1501_jpg.rf.5ec23c86b3f159a39cdd4adf97803c24.jpg","train/1501_jpg.rf.5ec23c86b3f159a39cdd4adf97803c24",0,4,"phoma",0.506250,0.493750,0.836719,0.757031,56.250019,73.750000,591.750000,558.250000,1,0,4,"phoma",0.969252,58.442078,75.559509,603.556396,560.956299,545.114319,485.396790,264596.750000,0.965490
"c0abc341-0938-40dc-9c44-f9e1c431d778",44,"c03dabc6-b7b9-4d38-9b40-694af60e4326","benchmark/train/666_jpg.rf.cdafd26cd1a6bbdb3a468d08ec4449b4.jpg","train/666_jpg.rf.cdafd26cd1a6bbdb3a468d08ec4449b4",0,4,"phoma",0.482031,0.479688,0.866406,0.618750,31.250000,109.000015,585.750000,505.000000,1,0,4,"phoma",0.959494,26.067444,108.103546,590.153320,507.351807,564.085876,399.248260,225210.312500,0.975009
"c0abc341-0938-40dc-9c44-f9e1c431d778",45,"eb87f03f-7ce4-4b8e-af35-b598be401bf3","benchmark/train/IMG_3351_JPG.rf.ae83ecf2c2db80743db5bb8e86e047f6.jpg","train/IMG_3351_JPG.rf.ae83ecf2c2db80743db5bb8e86e047f6",0,1,"brown_eye_spot",0.554688,0.466406,0.592969,0.607813,165.250000,104.000000,544.750000,493.000031,1,0,1,"brown_eye_spot",0.960671,168.667435,108.257416,550.659119,497.214203,381.991699,388.956787,148578.265625,0.955027
"c0abc341-0938-40dc-9c44-f9e1c431d778",46,"52249689-09cd-4ce2-9f93-b563cee6f9e5","benchmark/train/342_jpg.rf.d3e6f80fe1ee0e137001b3ea9245142c.jpg","train/342_jpg.rf.d3e6f80fe1ee0e137001b3ea9245142c",0,4,"phoma",0.510156,0.575781,0.799219,0.482812,70.750008,213.999969,582.250000,523.000000,1,0,4,"phoma",0.954941,71.154541,211.316284,582.369263,519.758972,511.214722,308.442688,157680.437500,0.979996
"c0abc341-0938-40dc-9c44-f9e1c431d778",47,"ddcced32-8c47-44dc-aa73-fb63c4af55ea","benchmark/train/IMG_2384_JPG.rf.d0e614df7ab53e75d3f2e98c2f99170a.jpg","train/IMG_2384_JPG.rf.d0e614df7ab53e75d3f2e98c2f99170a",0,0,"algal_spot",0.387500,0.542969,0.502344,0.457812,87.249985,201.000000,408.750000,494.000000,1,0,0,"algal_spot",0.966405,92.363815,206.706863,400.939819,493.090363,308.575989,286.383484,88371.070313,0.938127
"c0abc341-0938-40dc-9c44-f9e1c431d778",48,"585f244e-9897-4c50-bb56-602105094f77","benchmark/train/IMG_2708_JPG.rf.5ec39c37b6bdf648372c4abe2f4bcde0.jpg","train/IMG_2708_JPG.rf.5ec39c37b6bdf648372c4abe2f4bcde0",0,0,"algal_spot",0.542188,0.547656,0.517969,0.429688,181.250000,213.000000,512.750000,488.000000,1,0,0,"algal_spot",0.961603,178.578705,211.889832,515.510498,488.956543,336.931793,277.066711,93352.585938,0.976540
"c0abc341-0938-40dc-9c44-f9e1c431d778",49,"5a1826d3-722e-488e-a29e-3869fd175101","benchmark/train/IMG_2485_JPG.rf.63093c8aed80b32d178b5e76dbecd362.jpg","train/IMG_2485_JPG.rf.63093c8aed80b32d178b5e76dbecd362",0,1,"brown_eye_spot",0.423438,0.390625,0.693750,0.377344,48.999996,129.250000,493.000031,370.750000,1,1,1,"brown_eye_spot",0.961308,49.749649,132.463791,492.980469,370.036377,443.230835,237.572586,105299.492188,0.982033
"c0abc341-0938-40dc-9c44-f9e1c431d778",49,"5a1826d3-722e-488e-a29e-3869fd175101","benchmark/train/IMG_2485_JPG.rf.63093c8aed80b32d178b5e76dbecd362.jpg","train/IMG_2485_JPG.rf.63093c8aed80b32d178b5e76dbecd362",1,1,"brown_eye_spot",0.561719,0.690625,0.495313,0.478125,201.000000,289.000000,518.000000,595.000000,1,0,1,"brown_eye_spot",0.965042,200.812256,292.384827,519.865417,594.543823,319.053162,302.158997,96404.781250,0.981173
"c0abc341-0938-40dc-9c44-f9e1c431d778",50,"1556434b-51b0-43cc-90cc-d74f353796d0","benchmark/train/IMG_3214_1_JPG.rf.b941994975766a297a0a331e150f87be.jpg","train/IMG_3214_1_JPG.rf.b941994975766a297a0a331e150f87be",0,3,"miner",0.452344,0.495313,0.573438,0.581250,106.000000,131.000000,473.000031,503.000031,1,0,3,"miner",0.961617,108.409775,133.969971,471.782654,505.531403,363.372864,371.561432,135015.343750,0.975638
"c0abc341-0938-40dc-9c44-f9e1c431d778",51,"c799d281-60fb-4e50-9e71-2c6124cd9228","benchmark/valid/IMG_2241_2_JPG.rf.1c53be20b2f77559a6f12379a76c1c2b.jpg","valid/IMG_2241_2_JPG.rf.1c53be20b2f77559a6f12379a76c1c2b",0,3,"miner",0.557813,0.454688,0.584375,0.505469,170.000000,129.250015,544.000000,452.750000,1,0,3,"miner",0.974332,166.976151,130.369324,544.678528,451.809204,377.702393,321.439880,121408.609375,0.983953
"c0abc341-0938-40dc-9c44-f9e1c431d778",52,"0a66bfac-5d28-4203-8365-7034bab3cd84","benchmark/train/IMG_2613_2_JPG.rf.74fab2b6daf061274d70a8376bfd27f2.jpg","train/IMG_2613_2_JPG.rf.74fab2b6daf061274d70a8376bfd27f2",0,3,"miner",0.411719,0.421094,0.817187,0.389062,2.000008,145.000015,525.000000,394.000000,1,0,3,"miner",0.963764,0.000000,143.754059,530.130920,395.442749,530.130920,251.688690,133427.953125,0.976010
"c0abc341-0938-40dc-9c44-f9e1c431d778",53,"bf4fd4c9-2f12-489d-a34f-8f061d69dd1c","benchmark/train/IMG_2649_JPG.rf.78422e54a4912a65037c8519d4ca84c7.jpg","train/IMG_2649_JPG.rf.78422e54a4912a65037c8519d4ca84c7",0,1,"brown_eye_spot",0.459375,0.484375,0.534375,0.583594,122.999992,123.250008,465.000000,496.750000,1,0,1,"brown_eye_spot",0.970103,123.885162,124.790512,465.146759,495.973480,341.261597,371.182983,126670.500000,0.990802
"c0abc341-0938-40dc-9c44-f9e1c431d778",54,"ed524cab-7c01-47cc-a176-2e9d14278820","benchmark/train/IMG_2936_JPG.rf.07b58e22b09e6d57a97b3e71608935c7.jpg","train/IMG_2936_JPG.rf.07b58e22b09e6d57a97b3e71608935c7",0,3,"miner",0.556250,0.481250,0.643750,0.496094,149.999985,149.250000,562.000000,466.750000,1,0,3,"miner",0.968055,150.138397,147.496353,557.739380,472.325500,407.600983,324.829163,132400.687500,0.967234
"c0abc341-0938-40dc-9c44-f9e1c431d778",55,"bed6d280-a88b-4ec6-bb30-80899921ea35","benchmark/valid/998_jpg.rf.7a60de0fe17e23fd07852420c127efcc.jpg","valid/998_jpg.rf.7a60de0fe17e23fd07852420c127efcc",0,2,"healthy",0.504687,0.531250,0.803125,0.634375,65.999985,137.000000,580.000000,543.000000,1,0,2,"healthy",0.988049,58.705688,127.516174,593.498352,547.098633,534.792664,419.582458,224389.625000,0.930007
"c0abc341-0938-40dc-9c44-f9e1c431d778",56,"e50e41c8-17eb-40c5-bf5b-12f971a2e3b7","benchmark/train/IMG_3524_1_JPG.rf.61a3c108dea80f5a0fa8c00e23396f8c.jpg","train/IMG_3524_1_JPG.rf.61a3c108dea80f5a0fa8c00e23396f8c",0,0,"algal_spot",0.364062,0.546875,0.563281,0.630469,52.749996,148.250000,413.249969,551.750000,1,0,0,"algal_spot",0.972177,53.651611,144.133347,420.941772,552.101440,367.290161,407.968079,149842.656250,0.965990
"c0abc341-0938-40dc-9c44-f9e1c431d778",57,"6d3fbaee-9c4a-4698-9e20-53d89becb05f","benchmark/train/492_jpg.rf.1b5bab7239232806e245722fc2f78b1d.jpg","train/492_jpg.rf.1b5bab7239232806e245722fc2f78b1d",0,4,"phoma",0.514844,0.480469,0.728906,0.614062,96.250000,111.000000,562.750000,504.000000,1,0,4,"phoma",0.939822,91.943008,109.282394,568.937622,502.217529,476.994629,392.935120,187427.937500,0.969423
"c0abc341-0938-40dc-9c44-f9e1c431d778",58,"f4d7ef23-4b41-4a27-b0a6-e29899afd8cd","benchmark/train/541_jpg.rf.a329f56f3da018af01c9bc6f55a3673b.jpg","train/541_jpg.rf.a329f56f3da018af01c9bc6f55a3673b",0,4,"phoma",0.540625,0.516406,0.723437,0.684375,114.499985,111.500000,577.500000,549.500000,1,0,4,"phoma",0.970946,111.873016,116.385132,578.412109,548.526855,466.539093,432.141724,201611.000000,0.979240
"c0abc341-0938-40dc-9c44-f9e1c431d778",59,"3c46c2e1-365e-4176-9cf8-497d9f36f26c","benchmark/test/522_jpg.rf.3ca54d4dec9fb701a4c8563772855cf6.jpg","test/522_jpg.rf.3ca54d4dec9fb701a4c8563772855cf6",0,4,"phoma",0.501562,0.521875,0.817969,0.626562,59.249992,133.500031,582.750000,534.500000,1,0,4,"phoma",0.978508,58.478638,131.713409,584.429199,538.211792,525.950562,406.498383,213798.046875,0.981877
"c0abc341-0938-40dc-9c44-f9e1c431d778",60,"ae2d5af2-b1a9-429c-ad39-27dee8c1c7fa","benchmark/valid/IMG_3245_1_JPG.rf.adfb9c55f4b70d15687c4381f51e9b0f.jpg","valid/IMG_3245_1_JPG.rf.adfb9c55f4b70d15687c4381f51e9b0f",0,3,"miner",0.514844,0.440625,0.382813,0.728906,207.000000,48.750000,452.000000,515.250000,1,0,3,"miner",0.963887,207.306335,48.151443,451.541870,524.543823,244.235535,476.392395,116351.953125,0.976242
"c0abc341-0938-40dc-9c44-f9e1c431d778",61,"b439e3c5-8a03-4ec3-aa5f-f4f15053a549","benchmark/valid/IMG_2711_2_JPG.rf.306d36d8093043f9157e16a68f7ed2b7.jpg","valid/IMG_2711_2_JPG.rf.306d36d8093043f9157e16a68f7ed2b7",0,0,"algal_spot",0.435937,0.517187,0.667969,0.703906,65.250000,105.749985,492.750000,556.250000,1,0,0,"algal_spot",0.969765,66.665924,106.722656,490.283478,562.051880,423.617554,455.329224,192885.453125,0.976319
"c0abc341-0938-40dc-9c44-f9e1c431d778",62,"00ce07b3-baf4-4956-8e63-2b2a3314d1d7","benchmark/train/IMG_2376_JPG.rf.471117cfbf0de5cac724dcc490a625e0.jpg","train/IMG_2376_JPG.rf.471117cfbf0de5cac724dcc490a625e0",0,1,"brown_eye_spot",0.503125,0.607813,0.932031,0.328125,23.750000,284.000000,620.250000,494.000000,1,0,1,"brown_eye_spot",0.938621,26.501526,280.359344,620.300354,494.790375,593.798828,214.431030,127328.890625,0.974829
"c0abc341-0938-40dc-9c44-f9e1c431d778",63,"a65cc467-a6b0-45ac-bf00-e4b59f9196be","benchmark/valid/246_jpg.rf.ff90b08f55bcd4d634903725e7400164.jpg","valid/246_jpg.rf.ff90b08f55bcd4d634903725e7400164",0,4,"phoma",0.491406,0.567187,0.821094,0.725781,51.750011,130.749985,577.250000,595.250000,1,0,4,"phoma",0.969400,50.501434,129.591034,578.204834,598.543030,527.703369,468.951996,247467.546875,0.986371
"c0abc341-0938-40dc-9c44-f9e1c431d778",64,"d0228331-108d-47b9-bc66-4eb6aacb6bf6","benchmark/train/IMG_2563_1_JPG.rf.ce345b8c18c10769ff0b883a40e67806.jpg","train/IMG_2563_1_JPG.rf.ce345b8c18c10769ff0b883a40e67806",0,4,"phoma",0.645312,0.487500,0.332031,0.406250,306.750000,182.000000,519.250000,442.000000,1,0,4,"phoma",0.907515,306.493530,185.126068,518.323181,440.393585,211.829651,255.267517,54073.230469,0.976359
"c0abc341-0938-40dc-9c44-f9e1c431d778",64,"d0228331-108d-47b9-bc66-4eb6aacb6bf6","benchmark/train/IMG_2563_1_JPG.rf.ce345b8c18c10769ff0b883a40e67806.jpg","train/IMG_2563_1_JPG.rf.ce345b8c18c10769ff0b883a40e67806",1,4,"phoma",0.318750,0.332812,0.366406,0.471094,86.749992,62.249992,321.250000,363.750000,1,1,4,"phoma",0.885328,87.571030,61.096619,322.999756,369.670959,235.428726,308.574341,72647.265625,0.966519
"c0abc341-0938-40dc-9c44-f9e1c431d778",65,"1cb0bc1f-64e6-4155-9a89-9dd679c310d7","benchmark/train/IMG_2906_1_JPG.rf.94d42ae1b5827e8962d3f84788bea16a.jpg","train/IMG_2906_1_JPG.rf.94d42ae1b5827e8962d3f84788bea16a",0,3,"miner",0.539063,0.496094,0.503125,0.870313,184.000000,38.999996,506.000000,596.000000,1,0,3,"miner",0.968968,180.816513,35.680466,502.907104,594.971252,322.090576,559.290771,180142.281250,0.973161
"c0abc341-0938-40dc-9c44-f9e1c431d778",66,"126d56fb-c4e8-45ef-976f-cc527ba2c590","benchmark/valid/IMG_3139_1_JPG.rf.45bd5dfd2c7490d68f8e75aa25f7c687.jpg","valid/IMG_3139_1_JPG.rf.45bd5dfd2c7490d68f8e75aa25f7c687",0,5,"powdery_mildew",0.557031,0.523438,0.692187,0.587500,135.000015,147.000000,578.000000,523.000000,1,0,5,"powdery_mildew",0.958721,128.937134,143.319366,586.929321,531.496399,457.992188,388.177032,177782.046875,0.936922
"c0abc341-0938-40dc-9c44-f9e1c431d778",67,"7a3356ea-6098-42d0-ae12-abc12454e165","benchmark/train/321_jpg.rf.a2afb9d33bc683f6624184b8485d7186.jpg","train/321_jpg.rf.a2afb9d33bc683f6624184b8485d7186",0,4,"phoma",0.546094,0.472656,0.771094,0.617969,102.750015,104.750000,596.250000,500.250000,1,0,4,"phoma",0.966934,107.255524,104.869583,599.889893,496.383270,492.634369,391.513672,192873.093750,0.973773
"c0abc341-0938-40dc-9c44-f9e1c431d778",68,"8d0a706c-2066-47e9-9d53-c5a4ba96bc6e","benchmark/train/IMG_2503_JPG.rf.fff936232d7cb914b873ba28ea1e0baf.jpg","train/IMG_2503_JPG.rf.fff936232d7cb914b873ba28ea1e0baf",0,3,"miner",0.401563,0.532812,0.671094,0.685156,42.250004,121.749992,471.750031,560.250000,1,0,3,"miner",0.960254,45.550812,120.130356,472.504944,564.278992,426.954132,444.148621,189631.093750,0.978071
"c0abc341-0938-40dc-9c44-f9e1c431d778",69,"29ba4f3d-c059-4093-92d2-111caf349f66","benchmark/train/IMG_3252_JPG.rf.0f802754c1c0c69d66ad70f984917d2a.jpg","train/IMG_3252_JPG.rf.0f802754c1c0c69d66ad70f984917d2a",0,3,"miner",0.490625,0.493750,0.852344,0.303125,41.250000,219.000015,586.750000,413.000000,1,0,3,"miner",0.956810,36.243286,218.321381,594.303833,413.673706,558.060547,195.352325,109018.421875,0.970726
"c0abc341-0938-40dc-9c44-f9e1c431d778",70,"62d80d5c-3b9e-4a37-b06e-8f5c949492f1","benchmark/valid/IMG_3023_1_JPG.rf.47677a46330665ce68b821689a009a32.jpg","valid/IMG_3023_1_JPG.rf.47677a46330665ce68b821689a009a32",0,1,"brown_eye_spot",0.459375,0.484375,0.547656,0.871094,118.750000,31.250000,469.250000,588.750000,1,0,1,"brown_eye_spot",0.965981,123.837280,36.079163,473.706787,582.481079,349.869507,546.401917,191169.375000,0.953979
"c0abc341-0938-40dc-9c44-f9e1c431d778",71,"08dc391a-c32c-48a6-9fdb-2bad1d0497e5","benchmark/valid/IMG_3238_2_JPG.rf.e8fa5856fd98cffe3ab5428252f34fb8.jpg","valid/IMG_3238_2_JPG.rf.e8fa5856fd98cffe3ab5428252f34fb8",0,3,"miner",0.467969,0.390625,0.879687,0.261719,18.000011,166.250000,581.000000,333.750000,1,0,3,"miner",0.961503,9.320435,165.150803,587.525146,335.659302,578.204712,170.508499,98588.820313,0.956523
"c0abc341-0938-40dc-9c44-f9e1c431d778",72,"7b199757-56cf-43fa-976c-920c3e4a44ee","benchmark/valid/IMG_3321_1_JPG.rf.ec4469a6e06178a4a7143dd2fbbe4389.jpg","valid/IMG_3321_1_JPG.rf.ec4469a6e06178a4a7143dd2fbbe4389",0,1,"brown_eye_spot",0.396875,0.390625,0.507031,0.453125,91.749992,105.000000,416.250000,395.000000,1,0,1,"brown_eye_spot",0.957224,90.580200,106.499741,419.011902,389.952026,328.431702,283.452271,93094.710938,0.965982
"c0abc341-0938-40dc-9c44-f9e1c431d778",72,"7b199757-56cf-43fa-976c-920c3e4a44ee","benchmark/valid/IMG_3321_1_JPG.rf.ec4469a6e06178a4a7143dd2fbbe4389.jpg","valid/IMG_3321_1_JPG.rf.ec4469a6e06178a4a7143dd2fbbe4389",1,1,"brown_eye_spot",0.503125,0.706250,0.581250,0.200781,136.000000,387.750000,508.000031,516.250000,1,1,1,"brown_eye_spot",0.939430,133.433350,386.598938,513.582642,517.818054,380.149292,131.219116,49882.855469,0.958285
"c0abc341-0938-40dc-9c44-f9e1c431d778",73,"935890fe-77a9-4a61-93c8-2122b4d7eaef","benchmark/train/996_jpg.rf.c206eedd7f163d0f81b9b83119df995d.jpg","train/996_jpg.rf.c206eedd7f163d0f81b9b83119df995d",0,4,"phoma",0.512500,0.490625,0.936719,0.651563,28.249989,105.499992,627.750000,522.500000,1,0,4,"phoma",0.951263,33.789154,106.170471,633.828613,518.792725,600.039429,412.622253,247589.625000,0.970621
"c0abc341-0938-40dc-9c44-f9e1c431d778",74,"1a4e3076-fa3d-4ce3-80dc-57be7047ac1a","benchmark/train/IMG_3114_2_JPG.rf.97cbfb54b30774863c6a6bfee0ff2f32.jpg","train/IMG_3114_2_JPG.rf.97cbfb54b30774863c6a6bfee0ff2f32",0,1,"brown_eye_spot",0.534375,0.515625,0.766406,0.567969,96.750015,148.250000,587.250000,511.750000,1,0,1,"brown_eye_spot",0.969171,91.537994,147.213364,592.059326,515.132385,500.521332,367.919006,184151.312500,0.968208
"c0abc341-0938-40dc-9c44-f9e1c431d778",75,"62057873-a47a-421d-807c-3817b60737be","benchmark/train/IMG_2644_JPG.rf.62322de683fda52f9acc66c550178d5f.jpg","train/IMG_2644_JPG.rf.62322de683fda52f9acc66c550178d5f",0,1,"brown_eye_spot",0.460156,0.500000,0.360938,0.942969,179.000015,18.250008,410.000000,621.750000,1,0,1,"brown_eye_spot",0.974371,177.233643,15.252563,411.192261,636.158630,233.958618,620.906067,145266.328125,0.959675
"c0abc341-0938-40dc-9c44-f9e1c431d778",76,"ab3b9608-0156-4a85-9e77-cba8516a823e","benchmark/valid/487_jpg.rf.23b0d4834c5fb4fb2f21acd271cb6b03.jpg","valid/487_jpg.rf.23b0d4834c5fb4fb2f21acd271cb6b03",0,4,"phoma",0.530469,0.529688,0.715625,0.620313,110.500015,140.500015,568.500000,537.500000,1,0,4,"phoma",0.973146,106.699829,140.654327,575.177124,540.429077,468.477295,399.774750,187285.390625,0.970106
"c0abc341-0938-40dc-9c44-f9e1c431d778",77,"2940d4e3-519c-468c-9b3a-2b4bcee66b05","benchmark/train/668_jpg.rf.44718bfee13e365d3afb90ba864356be.jpg","train/668_jpg.rf.44718bfee13e365d3afb90ba864356be",0,4,"phoma",0.523438,0.468750,0.815625,0.779688,74.000000,50.499992,596.000000,549.500000,1,0,4,"phoma",0.834911,68.555420,53.835648,595.285706,553.024231,526.730286,499.188599,262937.750000,0.974908
"c0abc341-0938-40dc-9c44-f9e1c431d778",78,"199a2eb2-ddf1-41cd-a8c4-6a56127a798f","benchmark/train/IMG_3256_2_JPG.rf.6cfca153f318805e4f7ff328f7c06d47.jpg","train/IMG_3256_2_JPG.rf.6cfca153f318805e4f7ff328f7c06d47",0,3,"miner",0.467969,0.518750,0.876562,0.499219,19.000015,172.250000,580.000000,491.750031,1,0,3,"miner",0.913768,29.657654,169.757172,583.673767,498.455261,554.016113,328.698090,182104.031250,0.947847
"c0abc341-0938-40dc-9c44-f9e1c431d778",79,"3c1ed217-adeb-4a08-94a0-a3d6e7c11285","benchmark/valid/IMG_3546_1_JPG.rf.0787ac656a5bf40eada920a3fe7279c1.jpg","valid/IMG_3546_1_JPG.rf.0787ac656a5bf40eada920a3fe7279c1",0,0,"algal_spot",0.501562,0.429688,0.671094,0.850781,106.249985,2.749996,535.750000,547.250000,1,0,0,"algal_spot",0.967040,108.096848,10.340302,533.502686,552.452454,425.405823,542.112183,230617.671875,0.967504
"c0abc341-0938-40dc-9c44-f9e1c431d778",80,"6858a358-12ab-4b9c-a832-af7dda92f320","benchmark/valid/IMG_3069_1_JPG.rf.3de38710edd07bd0cfa2771afa257bef.jpg","valid/IMG_3069_1_JPG.rf.3de38710edd07bd0cfa2771afa257bef",0,3,"miner",0.514063,0.477344,0.819531,0.351563,66.750015,193.000000,591.250000,418.000000,1,0,3,"miner",0.916731,55.643188,196.696671,610.150574,420.288300,554.507385,223.591629,123983.210938,0.921789
"c0abc341-0938-40dc-9c44-f9e1c431d778",81,"f1980aa7-f8b1-4100-bc68-aedf1a82cdea","benchmark/train/234_jpg.rf.92e033657a0d678c0c7b7374e50e7c02.jpg","train/234_jpg.rf.92e033657a0d678c0c7b7374e50e7c02",0,4,"phoma",0.501562,0.496094,0.752344,0.748438,80.249977,77.999992,561.750000,557.000000,1,0,4,"phoma",0.965658,76.959473,79.958878,566.939392,562.902222,489.979919,482.943359,236632.546875,0.966830
"c0abc341-0938-40dc-9c44-f9e1c431d778",82,"8cba095d-9481-4a80-bc7a-2a478b2494d3","benchmark/train/IMG_3580_1_JPG.rf.fc962ea599474f3db3c5dd27c2a96b48.jpg","train/IMG_3580_1_JPG.rf.fc962ea599474f3db3c5dd27c2a96b48",0,0,"algal_spot",0.445313,0.535937,0.652344,0.288281,76.250000,250.749985,493.750000,435.250000,1,0,0,"algal_spot",0.939616,76.741699,253.630890,491.035706,435.675842,414.294006,182.044952,75420.132813,0.974594
"c0abc341-0938-40dc-9c44-f9e1c431d778",83,"f6d8eeae-5155-4320-8823-32dd0ebb2871","benchmark/train/550_jpg.rf.96d50eafd389f8bc71077d2b87588aa2.jpg","train/550_jpg.rf.96d50eafd389f8bc71077d2b87588aa2",0,4,"phoma",0.496094,0.485156,0.723437,0.581250,86.000000,124.499985,549.000000,496.500000,1,0,4,"phoma",0.972089,87.458923,122.807404,554.503784,497.758453,467.044861,374.951050,175118.953125,0.977409
"c0abc341-0938-40dc-9c44-f9e1c431d778",84,"e0d2f1db-a468-4427-baf4-0914725559d2","benchmark/train/933_jpg.rf.b1c68bb1eabb9916e5d69c4865c5f4aa.jpg","train/933_jpg.rf.b1c68bb1eabb9916e5d69c4865c5f4aa",0,2,"healthy",0.465625,0.483594,0.763281,0.671875,53.750000,94.500008,542.250000,524.500000,1,0,2,"healthy",0.969624,54.750061,103.852203,550.541382,532.224731,495.791321,428.372528,212383.375000,0.943384
"c0abc341-0938-40dc-9c44-f9e1c431d778",85,"e4ebe9f6-d983-4bea-a48b-098a38307f1b","benchmark/train/IMG_2973_1_JPG.rf.7258d5cbc205df3c9129519fb7346885.jpg","train/IMG_2973_1_JPG.rf.7258d5cbc205df3c9129519fb7346885",0,1,"brown_eye_spot",0.487500,0.444531,0.905469,0.442187,22.250004,143.000015,601.750000,426.000000,1,0,1,"brown_eye_spot",0.977451,16.567566,142.545227,606.183838,421.656372,589.616272,279.111145,164568.468750,0.966459
"c0abc341-0938-40dc-9c44-f9e1c431d778",86,"a0ff02aa-cc97-41d1-8919-d55e38a9a33a","benchmark/train/IMG_3316_JPG.rf.c2c38a20bd60a487fdcbb591edd19def.jpg","train/IMG_3316_JPG.rf.c2c38a20bd60a487fdcbb591edd19def",0,3,"miner",0.393750,0.516406,0.530469,0.679688,82.250000,112.999992,421.750031,548.000000,1,0,3,"miner",0.976095,81.478531,110.965149,419.934509,554.664795,338.455994,443.699646,150172.796875,0.973041
"c0abc341-0938-40dc-9c44-f9e1c431d778",87,"145e0431-1495-46af-9fc4-ab50cf493300","benchmark/train/IMG_3335_JPG.rf.81a378a5b0b70a7c0e29d98233de8ada.jpg","train/IMG_3335_JPG.rf.81a378a5b0b70a7c0e29d98233de8ada",0,3,"miner",0.468750,0.546875,0.511719,0.496875,136.250000,191.000000,463.750000,509.000000,1,0,3,"miner",0.962961,139.524078,189.183044,465.530975,514.063232,326.006897,324.880188,105913.179688,0.963999
"c0abc341-0938-40dc-9c44-f9e1c431d778",88,"126c4863-89bf-4f11-81c1-0f64f508e2ec","benchmark/train/IMG_2381_2_JPG.rf.0c880fbb24514ea59ae6d470a95d3e89.jpg","train/IMG_2381_2_JPG.rf.0c880fbb24514ea59ae6d470a95d3e89",0,0,"algal_spot",0.462500,0.567187,0.434375,0.581250,157.000000,176.999985,435.000000,549.000000,1,0,0,"algal_spot",0.976978,157.825500,182.429825,434.302307,546.890747,276.476807,364.460938,100765.000000,0.974366
"c0abc341-0938-40dc-9c44-f9e1c431d778",89,"3fc812df-bda7-4044-aabf-ebe59dccb462","benchmark/train/IMG_2891_2_JPG.rf.196f0eb43ecb7604b82c0a23fe1da008.jpg","train/IMG_2891_2_JPG.rf.196f0eb43ecb7604b82c0a23fe1da008",0,1,"brown_eye_spot",0.529688,0.429688,0.877344,0.814844,58.250008,14.249992,619.750000,535.750000,1,0,1,"brown_eye_spot",0.978292,56.594238,7.823441,622.668701,537.049927,566.074463,529.226501,299581.593750,0.977437
"c0abc341-0938-40dc-9c44-f9e1c431d778",90,"1c1d7154-575b-41a9-9440-275ff89dec42","benchmark/train/IMG_3159_1_JPG.rf.15d905de7aec1b8dbaca440dd67c3509.jpg","train/IMG_3159_1_JPG.rf.15d905de7aec1b8dbaca440dd67c3509",0,3,"miner",0.468750,0.562500,0.302344,0.753125,203.250000,119.000000,396.750000,601.000000,1,0,3,"miner",0.922278,204.931015,118.239578,397.350586,604.783691,192.419571,486.544128,93620.609375,0.979095
"c0abc341-0938-40dc-9c44-f9e1c431d778",91,"3ee508ba-ff8f-478f-a9c7-44577c0624a9","benchmark/train/IMG_3126_JPG.rf.29d2747c12b0f30fa67e90dbdb3bf452.jpg","train/IMG_3126_JPG.rf.29d2747c12b0f30fa67e90dbdb3bf452",0,1,"brown_eye_spot",0.460938,0.562500,0.619531,0.775000,96.749992,112.000008,493.250000,608.000000,1,0,1,"brown_eye_spot",0.959955,94.621735,113.197098,490.063263,612.409912,395.441528,499.212830,197409.484375,0.975692
"c0abc341-0938-40dc-9c44-f9e1c431d778",92,"e34f7202-f2e3-4c9a-8c82-3b6fc0c97cb1","benchmark/valid/IMG_2403_2_JPG.rf.7a7dda3ecce9710eb4b3cdd975c242d7.jpg","valid/IMG_2403_2_JPG.rf.7a7dda3ecce9710eb4b3cdd975c242d7",0,1,"brown_eye_spot",0.461719,0.331250,0.704687,0.308594,70.000000,113.250008,521.000000,310.750000,1,1,1,"brown_eye_spot",0.914177,76.266403,112.556717,519.481506,311.294739,443.215088,198.738022,88083.687500,0.976722
"c0abc341-0938-40dc-9c44-f9e1c431d778",92,"e34f7202-f2e3-4c9a-8c82-3b6fc0c97cb1","benchmark/valid/IMG_2403_2_JPG.rf.7a7dda3ecce9710eb4b3cdd975c242d7.jpg","valid/IMG_2403_2_JPG.rf.7a7dda3ecce9710eb4b3cdd975c242d7",1,3,"miner",0.420312,0.655469,0.514844,0.357812,104.249992,305.000000,433.750000,534.000000,1,0,3,"miner",0.964178,103.568710,309.080139,434.299988,542.602051,330.731262,233.521912,77233.000000,0.943160
"c0abc341-0938-40dc-9c44-f9e1c431d778",93,"c8cca149-3fb8-4263-bd85-dbcc1b15b58c","benchmark/train/IMG_3422_2_JPG.rf.9daeb9b9526ed143eec4d9190c44e135.jpg","train/IMG_3422_2_JPG.rf.9daeb9b9526ed143eec4d9190c44e135",0,3,"miner",0.494531,0.424219,0.720312,0.273438,86.000000,184.000000,547.000000,359.000000,1,0,3,"miner",0.955022,76.767639,184.024277,547.947815,362.298218,471.180176,178.273941,83999.148438,0.960165
"c0abc341-0938-40dc-9c44-f9e1c431d778",94,"a5c032e6-73bf-4b07-a82a-a551920f4825","benchmark/train/IMG_2484_2_JPG.rf.d350746467cb54db1edf23c0a4b50b64.jpg","train/IMG_2484_2_JPG.rf.d350746467cb54db1edf23c0a4b50b64",0,1,"brown_eye_spot",0.553125,0.412500,0.764844,0.333594,109.250015,157.250000,598.750000,370.750000,1,1,1,"brown_eye_spot",0.967344,109.227264,157.471451,601.279175,368.694000,492.051910,211.222549,103932.460938,0.984256
"c0abc341-0938-40dc-9c44-f9e1c431d778",94,"a5c032e6-73bf-4b07-a82a-a551920f4825","benchmark/train/IMG_2484_2_JPG.rf.d350746467cb54db1edf23c0a4b50b64.jpg","train/IMG_2484_2_JPG.rf.d350746467cb54db1edf23c0a4b50b64",1,1,"brown_eye_spot",0.510938,0.725781,0.594531,0.407813,136.750015,334.000000,517.250000,595.000000,1,0,1,"brown_eye_spot",0.976575,133.884903,333.575928,520.159851,593.837952,386.274963,260.262024,100532.703125,0.979138
"c0abc341-0938-40dc-9c44-f9e1c431d778",95,"6795c9ad-6188-4221-b8ed-5b73a2fdc72a","benchmark/train/IMG_3539_1_JPG.rf.71e14eb12359115f66fcd0675fa56725.jpg","train/IMG_3539_1_JPG.rf.71e14eb12359115f66fcd0675fa56725",0,0,"algal_spot",0.515625,0.506250,0.821094,0.375000,67.250000,204.000015,592.750000,444.000000,1,0,0,"algal_spot",0.792216,63.650925,204.239502,597.787476,446.275787,534.136536,242.036285,129280.421875,0.973632
"c0abc341-0938-40dc-9c44-f9e1c431d778",96,"9d29d621-c25e-47d8-9eb3-d381a4c198d2","benchmark/test/1067_jpg.rf.8010e1d5963020c4a33c045798c0bfac.jpg","test/1067_jpg.rf.8010e1d5963020c4a33c045798c0bfac",0,2,"healthy",0.517187,0.532812,0.871875,0.651563,51.999989,132.499985,610.000000,549.500000,1,0,2,"healthy",0.981883,52.024017,123.794495,605.671570,554.025208,553.647583,430.230713,238196.187500,0.961918
"c0abc341-0938-40dc-9c44-f9e1c431d778",97,"7c736f50-e60c-420a-92b3-57a97110dbf6","benchmark/train/IMG_2267_1_JPG.rf.f319c01e7a90371f8b71ba3fb87a73e8.jpg","train/IMG_2267_1_JPG.rf.f319c01e7a90371f8b71ba3fb87a73e8",0,0,"algal_spot",0.468750,0.406250,0.584375,0.772656,112.999992,12.749996,487.000000,507.250000,1,0,0,"algal_spot",0.844884,113.331711,9.754181,487.347809,500.774719,374.016113,491.020538,183649.593750,0.979199
"c0abc341-0938-40dc-9c44-f9e1c431d778",98,"e7319438-cd13-41b1-b849-5a8d73c4045c","benchmark/train/IMG_2961_1_JPG.rf.9bb9b4135483da3e381444f00db404a5.jpg","train/IMG_2961_1_JPG.rf.9bb9b4135483da3e381444f00db404a5",0,3,"miner",0.515625,0.366406,0.616406,0.514063,132.750000,70.000000,527.250000,399.000000,1,0,3,"miner",0.965686,132.791763,64.113678,524.082214,402.088684,391.290466,337.975006,132246.390625,0.965734
"c0abc341-0938-40dc-9c44-f9e1c431d778",99,"596c5aa2-6079-4b0e-9e93-4956bd95399e","benchmark/valid/1410_jpg.rf.ed27d594e4ba1e223bd7e8bc968a394b.jpg","valid/1410_jpg.rf.ed27d594e4ba1e223bd7e8bc968a394b",0,2,"healthy",0.489062,0.453906,0.900781,0.712500,24.749985,62.500000,601.250000,518.500000,1,0,2,"healthy",0.873434,28.827667,65.814545,601.199646,507.911072,572.371948,442.096527,253043.656250,0.962568
"c0abc341-0938-40dc-9c44-f9e1c431d778",100,"6e2efa43-e8b9-4cd7-a8ea-af16d987c9e4","benchmark/train/350_jpg.rf.29612c99bf461f492ec2472e84cf791f.jpg","train/350_jpg.rf.29612c99bf461f492ec2472e84cf791f",0,4,"phoma",0.525000,0.506250,0.750000,0.740625,95.999985,87.000008,576.000000,561.000000,1,0,4,"phoma",0.934691,91.228653,89.244812,575.666931,561.189148,484.438293,471.944336,228627.906250,0.984438
"50678049-36af-45a4-a471-a6ad8a995af9",1,"1d56249a-5089-4dee-9fc8-76c900f90f5e","benchmark/valid/235_jpg.rf.8d38bad40e317fb3b177eb8991070243.jpg","valid/235_jpg.rf.8d38bad40e317fb3b177eb8991070243",0,4,"phoma",0.504687,0.443750,0.785937,0.568750,71.500000,101.999985,574.500000,466.000000,1,0,4,"phoma",0.964181,71.965759,100.235291,570.531128,457.957794,498.565369,357.722504,178348.046875,0.964649
"50678049-36af-45a4-a471-a6ad8a995af9",2,"840deee7-039e-4066-b67f-526d0f1963fe","benchmark/train/558_jpg.rf.562779a2f3b499c9729f3f4d719c5569.jpg","train/558_jpg.rf.562779a2f3b499c9729f3f4d719c5569",0,4,"phoma",0.481250,0.497656,0.642187,0.612500,102.500000,122.500000,513.500000,514.500000,1,0,4,"phoma",0.958823,104.719177,123.572327,512.684692,510.698792,407.965515,387.126465,157934.250000,0.980276
"50678049-36af-45a4-a471-a6ad8a995af9",3,"0792cea0-40ce-42a6-a9d3-6523b19a1a81","benchmark/train/IMG_2305_JPG.rf.cdb2d6fca6da1ca30fd0e243f0ee2063.jpg","train/IMG_2305_JPG.rf.cdb2d6fca6da1ca30fd0e243f0ee2063",0,3,"miner",0.421875,0.464063,0.825000,0.765625,6.000004,52.000008,534.000000,542.000000,1,0,3,"miner",0.925243,1.050110,63.326263,546.160767,539.882568,545.110657,476.556305,259775.921875,0.942848
"50678049-36af-45a4-a471-a6ad8a995af9",4,"5ede0599-dffc-4c4b-8e63-5f8aba8e5704","benchmark/test/745_jpg.rf.a17b622a38d32eae0201c0c7a1ee8105.jpg","test/745_jpg.rf.a17b622a38d32eae0201c0c7a1ee8105",0,2,"healthy",0.493750,0.503125,0.855469,0.725781,42.250004,89.750000,589.750000,554.250000,1,0,2,"healthy",0.932138,50.619415,104.055344,576.376953,536.823669,525.757568,432.768311,227531.218750,0.894687
"50678049-36af-45a4-a471-a6ad8a995af9",5,"882718fa-abfc-4fb2-8680-0cbeec959d74","benchmark/test/IMG_2210_JPG.rf.565cde82f22328be8424b40dc40749cd.jpg","test/IMG_2210_JPG.rf.565cde82f22328be8424b40dc40749cd",0,1,"brown_eye_spot",0.453125,0.503906,0.507031,0.848437,127.750000,51.000004,452.250000,594.000000,0,,,,,,,,,,,,0.000000
"50678049-36af-45a4-a471-a6ad8a995af9",6,"ec4e87db-4342-4940-ba2c-2f13cb423703","benchmark/train/IMG_2316_JPG.rf.b67130187302fdea96b606a66bb26326.jpg","train/IMG_2316_JPG.rf.b67130187302fdea96b606a66bb26326",0,1,"brown_eye_spot",0.513281,0.416406,0.973437,0.423438,16.999989,131.000000,639.000000,402.000000,1,0,1,"brown_eye_spot",0.922179,18.882751,132.654022,638.966919,396.608948,620.084167,263.954926,163674.265625,0.971003
"50678049-36af-45a4-a471-a6ad8a995af9",7,"00b1dce5-a132-485c-a2a9-99f89567cebc","benchmark/train/IMG_2897_2_JPG.rf.e6b5ffd31910ad8abdcac8bb03b7596d.jpg","train/IMG_2897_2_JPG.rf.e6b5ffd31910ad8abdcac8bb03b7596d",0,1,"brown_eye_spot",0.492188,0.512500,0.603125,0.846875,122.000008,56.999989,508.000000,599.000000,1,0,1,"brown_eye_spot",0.744448,129.560562,48.598785,512.256653,606.058289,382.696106,557.459473,213337.562500,0.943334
"50678049-36af-45a4-a471-a6ad8a995af9",8,"a0c3e895-01ec-497f-bd5b-ab281b8e95a9","benchmark/train/IMG_3133_2_JPG.rf.452be46366c8a1fcbe70d5d841111080.jpg","train/IMG_3133_2_JPG.rf.452be46366c8a1fcbe70d5d841111080",0,3,"miner",0.442187,0.528125,0.477344,0.677344,130.250000,121.250000,435.749969,554.750000,1,0,3,"miner",0.939357,126.484482,119.691162,434.828125,558.915344,308.343628,439.224182,135431.984375,0.972046
"50678049-36af-45a4-a471-a6ad8a995af9",9,"b74632c7-6d6e-4b38-98bf-06d87c3d567d","benchmark/train/IMG_2384_JPG.rf.d0e614df7ab53e75d3f2e98c2f99170a.jpg","train/IMG_2384_JPG.rf.d0e614df7ab53e75d3f2e98c2f99170a",0,0,"algal_spot",0.387500,0.542969,0.502344,0.457812,87.249985,201.000000,408.750000,494.000000,1,0,0,"algal_spot",0.935558,84.818512,205.102417,409.196014,490.095612,324.377502,284.993195,92445.382813,0.964278
"50678049-36af-45a4-a471-a6ad8a995af9",10,"9cf14f73-f620-4dc4-b47e-8eb3d6fa73ac","benchmark/train/445_jpg.rf.84465db04879e444af290627167b8148.jpg","train/445_jpg.rf.84465db04879e444af290627167b8148",0,4,"phoma",0.490625,0.431250,0.818750,0.618750,51.999989,78.000015,576.000000,474.000000,1,0,4,"phoma",0.971914,53.621948,72.106110,571.134949,480.021729,517.513000,407.915619,211101.640625,0.959118
"50678049-36af-45a4-a471-a6ad8a995af9",11,"d4a8cc29-2c5a-4576-b666-b1bd2f69ca30","benchmark/valid/IMG_2639_1_JPG.rf.703f1ce6ea6fe89566a5ced926e8ed66.jpg","valid/IMG_2639_1_JPG.rf.703f1ce6ea6fe89566a5ced926e8ed66",0,1,"brown_eye_spot",0.482812,0.505469,0.689844,0.667188,88.249985,109.999985,529.750000,537.000000,1,0,1,"brown_eye_spot",0.855605,88.823334,11.794128,516.714111,527.613403,427.890778,515.819275,220714.312500,0.775100
"50678049-36af-45a4-a471-a6ad8a995af9",12,"f98f6981-2eb8-4ff1-98db-17511c748d30","benchmark/train/IMG_3062_2_JPG.rf.acd6207fe316d3c4c88b1c100717e843.jpg","train/IMG_3062_2_JPG.rf.acd6207fe316d3c4c88b1c100717e843",0,0,"algal_spot",0.485156,0.480469,0.785937,0.373437,58.999996,188.000000,562.000000,427.000000,1,0,0,"algal_spot",0.938082,62.401733,189.543411,556.571289,419.415863,494.169556,229.872452,113595.968750,0.944924
"50678049-36af-45a4-a471-a6ad8a995af9",13,"fcbabf62-e900-4272-81d0-88bc0d95d065","benchmark/train/IMG_3351_1_JPG.rf.92d871143391366b4c8d2445cfcf19bf.jpg","train/IMG_3351_1_JPG.rf.92d871143391366b4c8d2445cfcf19bf",0,1,"brown_eye_spot",0.553125,0.534375,0.594531,0.606250,163.750015,148.000015,544.250000,536.000000,1,0,1,"brown_eye_spot",0.953407,164.342453,140.547821,546.908325,533.634399,382.565857,393.086578,150381.500000,0.966968
"50678049-36af-45a4-a471-a6ad8a995af9",14,"b44ae3d6-ac71-43ca-a927-10e91f0458eb","benchmark/valid/IMG_3008_1_JPG.rf.7e587df3e09091fcadfbcacd5dc88cb6.jpg","valid/IMG_3008_1_JPG.rf.7e587df3e09091fcadfbcacd5dc88cb6",0,3,"miner",0.520312,0.517969,0.416406,0.657812,199.749985,121.000023,466.250000,542.000000,1,0,3,"miner",0.937071,197.456848,117.256531,463.150391,550.158386,265.693542,432.901855,115019.226563,0.953298
"50678049-36af-45a4-a471-a6ad8a995af9",15,"183be8dd-9775-4571-9bda-958e3319e603","benchmark/train/IMG_3536_1_JPG.rf.a0455a6c2e126cdebaaa0a038d1f0a45.jpg","train/IMG_3536_1_JPG.rf.a0455a6c2e126cdebaaa0a038d1f0a45",0,0,"algal_spot",0.428125,0.587500,0.596094,0.584375,83.249985,188.999969,464.750000,563.000000,1,0,0,"algal_spot",0.956952,89.616119,183.551285,458.155151,560.477417,368.539032,376.926147,138912.000000,0.946194
"50678049-36af-45a4-a471-a6ad8a995af9",16,"6a64d665-8a05-484c-8683-d763d593ca49","benchmark/valid/924_jpg.rf.a5e8b72e3fdb8bbfbbb6b6298f5aac99.jpg","valid/924_jpg.rf.a5e8b72e3fdb8bbfbbb6b6298f5aac99",0,2,"healthy",0.485156,0.535156,0.742969,0.644531,72.750000,136.250000,548.250000,548.750000,1,0,2,"healthy",0.947246,72.724213,135.997269,541.758423,542.514282,469.034210,406.517029,190670.390625,0.970799
"50678049-36af-45a4-a471-a6ad8a995af9",17,"f596d447-ebb3-40d3-9bde-6d2ee016fdd6","benchmark/train/IMG_2783_2_JPG.rf.db7a6b0892882229810c4e42664210fb.jpg","train/IMG_2783_2_JPG.rf.db7a6b0892882229810c4e42664210fb",0,3,"miner",0.446875,0.446875,0.893750,0.378125,0.000000,165.000000,572.000000,407.000000,1,0,3,"miner",0.901827,0.000000,167.595505,575.900513,405.567749,575.900513,237.972244,137048.343750,0.976806
"50678049-36af-45a4-a471-a6ad8a995af9",18,"3e1da224-7dc6-4786-a1be-7e0425a8c020","benchmark/train/IMG_3424_2_JPG.rf.bd3918342d1ef4f78ed42b61c085c1ed.jpg","train/IMG_3424_2_JPG.rf.bd3918342d1ef4f78ed42b61c085c1ed",0,3,"miner",0.491406,0.487500,0.376563,0.940625,194.000015,11.000004,435.000000,613.000000,1,0,3,"miner",0.909632,190.044128,11.678558,439.350220,617.692871,249.306091,606.014282,151083.046875,0.958160
"50678049-36af-45a4-a471-a6ad8a995af9",19,"804a1023-b1db-49e4-af19-bacaaccd684e","benchmark/train/380_jpg.rf.2a853f820613be7c8e47843d88a9321c.jpg","train/380_jpg.rf.2a853f820613be7c8e47843d88a9321c",0,4,"phoma",0.514063,0.534375,0.657031,0.623438,118.750015,142.500000,539.250000,541.500000,1,0,4,"phoma",0.968423,123.710754,138.723404,533.615540,540.453247,409.904785,401.729858,164670.984375,0.963357
"50678049-36af-45a4-a471-a6ad8a995af9",20,"ee1d7cc8-8e5f-493d-b0bf-9332ebc14126","benchmark/train/IMG_2816_2_JPG.rf.c65b4ac3bc854d4e96da2d88f9e9876a.jpg","train/IMG_2816_2_JPG.rf.c65b4ac3bc854d4e96da2d88f9e9876a",0,5,"powdery_mildew",0.521875,0.509375,0.717969,0.806250,104.250015,67.999992,563.750000,584.000000,1,0,5,"powdery_mildew",0.948562,103.474930,77.240540,563.217102,572.770630,459.742188,495.530090,227816.093750,0.957665
"50678049-36af-45a4-a471-a6ad8a995af9",21,"ef5f6d08-ea3a-418d-a87e-d829cb784a68","benchmark/valid/1714_jpg.rf.50ea84b1cd2a757d13a71adab1aeed85.jpg","valid/1714_jpg.rf.50ea84b1cd2a757d13a71adab1aeed85",0,4,"phoma",0.529688,0.437500,0.924219,0.540625,43.250008,107.000008,634.750000,453.000000,1,0,4,"phoma",0.951629,38.385101,108.963959,635.794067,447.540466,597.408936,338.576508,202268.625000,0.969072
"50678049-36af-45a4-a471-a6ad8a995af9",22,"e973f014-c89a-43dd-94fc-b9cf7a7ccba6","benchmark/train/IMG_3492_JPG.rf.09dfa7b983b750c2cb477a7fcb35c4f3.jpg","train/IMG_3492_JPG.rf.09dfa7b983b750c2cb477a7fcb35c4f3",0,0,"algal_spot",0.531250,0.434375,0.815625,0.624219,79.000000,78.249985,601.000000,477.750000,1,0,0,"algal_spot",0.957032,80.653320,79.216400,596.765015,469.963989,516.111694,390.747589,201669.406250,0.967058
"50678049-36af-45a4-a471-a6ad8a995af9",23,"b853f8d0-6865-4f1f-9d39-839043cbb9ab","benchmark/test/690_jpg.rf.0f06220db3d5ca5630e771fdcb6ac08f.jpg","test/690_jpg.rf.0f06220db3d5ca5630e771fdcb6ac08f",0,2,"healthy",0.512500,0.502344,0.850000,0.653125,55.999985,112.500015,600.000000,530.500000,1,0,2,"healthy",0.952112,63.379974,112.063187,591.867432,524.193726,528.487427,412.130554,217805.812500,0.955857
"50678049-36af-45a4-a471-a6ad8a995af9",24,"5a75fb97-638b-4660-b49b-2aeab9e4bf18","benchmark/train/IMG_2270_2_JPG.rf.3253f5f44ea8e97b04c6ff62321fc46d.jpg","train/IMG_2270_2_JPG.rf.3253f5f44ea8e97b04c6ff62321fc46d",0,3,"miner",0.649219,0.596875,0.557813,0.746875,236.999985,143.000015,594.000000,621.000000,1,0,3,"miner",0.946488,237.385727,146.505554,591.741638,614.672485,354.355896,468.166931,165897.718750,0.972175
"50678049-36af-45a4-a471-a6ad8a995af9",25,"5dbc3369-9bfc-41b8-8819-e91857f11895","benchmark/train/IMG_2208_1_JPG.rf.77dce388a23b5ede8a729b4734e46bf1.jpg","train/IMG_2208_1_JPG.rf.77dce388a23b5ede8a729b4734e46bf1",0,3,"miner",0.480469,0.539063,0.551562,0.675000,131.000000,129.000000,484.000000,561.000000,1,0,3,"miner",0.934529,130.802185,131.605789,480.090393,560.068970,349.288208,428.463196,149657.140625,0.980284
"50678049-36af-45a4-a471-a6ad8a995af9",26,"7761b30b-5f57-4914-af74-356e65409593","benchmark/train/747_jpg.rf.a0b9277cd4c021758b4a1d04cf12031b.jpg","train/747_jpg.rf.a0b9277cd4c021758b4a1d04cf12031b",0,2,"healthy",0.510156,0.505469,0.831250,0.691406,60.500011,102.249985,592.500000,544.750000,1,0,2,"healthy",0.951550,59.462097,102.959457,587.397827,537.048340,527.935730,434.088867,229171.015625,0.969728
"50678049-36af-45a4-a471-a6ad8a995af9",27,"c4c15f22-c80c-46e2-816d-2dff650dfcd8","benchmark/train/IMG_3029_2_JPG.rf.2840cd755c9d43f97121b6304ea31d66.jpg","train/IMG_3029_2_JPG.rf.2840cd755c9d43f97121b6304ea31d66",0,1,"brown_eye_spot",0.483594,0.541406,0.523438,0.798437,142.000000,91.000023,477.000000,602.000000,1,0,1,"brown_eye_spot",0.557456,144.495148,85.158768,475.180145,606.382690,330.684998,521.223938,172360.937500,0.968001
"50678049-36af-45a4-a471-a6ad8a995af9",28,"a1a25a3f-b3e3-4fce-afab-b583ebab3265","benchmark/train/PXL_20240125_125002207_jpg.rf.e71816443632c954b8fc0dc1a248a983.jpg","train/PXL_20240125_125002207_jpg.rf.e71816443632c954b8fc0dc1a248a983",0,2,"healthy",0.475000,0.509375,0.398438,0.796875,176.500000,70.999985,431.500000,581.000000,1,0,2,"healthy",0.951037,173.199554,71.950745,432.143677,581.623962,258.944122,509.673218,131976.890625,0.981759
"50678049-36af-45a4-a471-a6ad8a995af9",29,"f2cfbe92-d0bc-4c41-9717-89c4d4a14096","benchmark/test/IMG_3094_2_JPG.rf.f3024c074511abfbc43fd419ed29db58.jpg","test/IMG_3094_2_JPG.rf.f3024c074511abfbc43fd419ed29db58",0,3,"miner",0.595312,0.543750,0.671094,0.319531,166.249985,245.749985,595.750000,450.250000,1,0,3,"miner",0.903194,168.327957,241.628296,602.082275,441.647736,433.754333,200.019440,86759.296875,0.921528
"50678049-36af-45a4-a471-a6ad8a995af9",30,"c144d580-3474-46e4-abb8-895295c3f971","benchmark/valid/IMG_3664_2_JPG.rf.cc985451ab5999657e5f7eceeea3698f.jpg","valid/IMG_3664_2_JPG.rf.cc985451ab5999657e5f7eceeea3698f",0,0,"algal_spot",0.587500,0.335938,0.273438,0.379687,288.500000,93.500000,463.500000,336.500000,1,0,0,"algal_spot",0.685204,276.791504,94.475540,477.009430,366.683838,200.217926,272.208313,54500.984375,0.774702
"50678049-36af-45a4-a471-a6ad8a995af9",31,"f00d9622-da23-4b13-962e-663735f912fd","benchmark/train/IMG_2289_2_JPG.rf.65215a499f168a9773b3f061f8855e0e.jpg","train/IMG_2289_2_JPG.rf.65215a499f168a9773b3f061f8855e0e",0,3,"miner",0.509375,0.554688,0.850781,0.446094,53.749981,212.250000,598.250000,497.750000,1,0,3,"miner",0.917011,66.289703,210.998886,600.270508,478.466125,533.980835,267.467224,142822.375000,0.903969
"50678049-36af-45a4-a471-a6ad8a995af9",32,"b3212b61-3036-4c61-b1ce-0f6afcf7339c","benchmark/train/IMG_3273_2_JPG.rf.95d815d5e87553713ec4cbe152915c50.jpg","train/IMG_3273_2_JPG.rf.95d815d5e87553713ec4cbe152915c50",0,1,"brown_eye_spot",0.437500,0.528125,0.428125,0.941406,143.000000,36.749992,417.000000,639.000000,1,0,1,"brown_eye_spot",0.934944,141.123779,41.964172,417.175598,634.054199,276.051819,592.090027,163447.531250,0.975945
"50678049-36af-45a4-a471-a6ad8a995af9",33,"b73fbaf7-15e7-42ee-9dd0-209b2bd23dc7","benchmark/valid/IMG_2604_1_JPG.rf.4f865d4a8a247ae3e11534f2a6d97614.jpg","valid/IMG_2604_1_JPG.rf.4f865d4a8a247ae3e11534f2a6d97614",0,3,"miner",0.448438,0.460938,0.684375,0.853125,68.000015,22.000008,506.000000,568.000000,1,0,3,"miner",0.919064,75.619629,13.479889,500.598419,562.380005,424.978790,548.900146,233270.921875,0.945962
"50678049-36af-45a4-a471-a6ad8a995af9",34,"8c65b77b-001a-4fbb-a8b1-d1775880ced0","benchmark/train/IMG_2484_1_JPG.rf.8c2430adf6d749cf6c7fa141ab1cd6c3.jpg","train/IMG_2484_1_JPG.rf.8c2430adf6d749cf6c7fa141ab1cd6c3",0,1,"brown_eye_spot",0.446875,0.587500,0.764844,0.333594,41.250000,269.250000,530.750000,482.749969,1,1,1,"brown_eye_spot",0.903096,36.665649,271.732147,526.624512,482.035706,489.958862,210.303558,103040.093750,0.967799
"50678049-36af-45a4-a471-a6ad8a995af9",34,"8c65b77b-001a-4fbb-a8b1-d1775880ced0","benchmark/train/IMG_2484_1_JPG.rf.8c2430adf6d749cf6c7fa141ab1cd6c3.jpg","train/IMG_2484_1_JPG.rf.8c2430adf6d749cf6c7fa141ab1cd6c3",1,1,"brown_eye_spot",0.487500,0.274219,0.594531,0.407813,121.750015,44.999992,502.250000,306.000000,1,0,1,"brown_eye_spot",0.924454,128.300186,53.818497,495.159668,300.738525,366.859497,246.920029,90584.960938,0.912139
"50678049-36af-45a4-a471-a6ad8a995af9",35,"023cd810-023e-4660-9a86-d40a3bdd1e4f","benchmark/train/IMG_3596_JPG.rf.76098ba51d51aefec74defaf078d0bf1.jpg","train/IMG_3596_JPG.rf.76098ba51d51aefec74defaf078d0bf1",0,0,"algal_spot",0.537500,0.509375,0.724219,0.414844,112.250023,193.249985,575.750000,458.750000,1,0,0,"algal_spot",0.928338,109.683350,195.055756,574.559692,467.239899,464.876343,272.184143,126531.968750,0.954775
"50678049-36af-45a4-a471-a6ad8a995af9",36,"1ea5f088-6f58-4f9f-89db-d10a87f7c9e2","benchmark/train/IMG_3232_JPG.rf.52c2d463a4a381881f993ded534e115f.jpg","train/IMG_3232_JPG.rf.52c2d463a4a381881f993ded534e115f",0,3,"miner",0.513281,0.540625,0.804688,0.369531,70.999985,227.749969,586.000000,464.250000,1,0,3,"miner",0.911711,61.101990,233.865906,598.570679,461.784515,537.468689,227.918610,122499.117188,0.924830
"50678049-36af-45a4-a471-a6ad8a995af9",37,"bdd14d77-f3a9-4070-8f88-dda21e483234","benchmark/valid/IMG_3279_1_JPG.rf.a3e995f2f312b5e88de55f2e106e3fb0.jpg","valid/IMG_3279_1_JPG.rf.a3e995f2f312b5e88de55f2e106e3fb0",0,1,"brown_eye_spot",0.570313,0.454688,0.562500,0.786719,185.000000,39.250011,545.000000,542.750000,1,0,1,"brown_eye_spot",0.942806,181.080658,39.453430,549.152344,544.834595,368.071686,505.381165,186016.500000,0.973653
"50678049-36af-45a4-a471-a6ad8a995af9",38,"f3c6f904-05b7-4d80-b161-2779236ac8fa","benchmark/train/IMG_3312_JPG.rf.41ee920f32bac568498fd10c409e0de2.jpg","train/IMG_3312_JPG.rf.41ee920f32bac568498fd10c409e0de2",0,3,"miner",0.509375,0.475781,0.830469,0.332812,60.249977,198.000015,591.750000,411.000000,1,0,3,"miner",0.921313,49.660767,194.981628,607.608032,410.997406,557.947266,216.015778,120525.414063,0.939278
"50678049-36af-45a4-a471-a6ad8a995af9",39,"5fa909d1-a6bc-4536-aa8b-bc3d0507176b","benchmark/train/IMG_2332_2_JPG.rf.967ed8f22a2f46d52ca690d4fab893a7.jpg","train/IMG_2332_2_JPG.rf.967ed8f22a2f46d52ca690d4fab893a7",0,1,"brown_eye_spot",0.592188,0.627344,0.550000,0.745313,203.000015,163.000015,555.000000,639.000000,1,0,1,"brown_eye_spot",0.939233,204.947403,164.099152,552.158447,637.692749,347.211060,473.593597,164436.937500,0.981408
"50678049-36af-45a4-a471-a6ad8a995af9",40,"d9be0588-121b-40a3-9c20-adc720dc0ddc","benchmark/train/905_jpg.rf.56811ec44d1e76f56d07643ef70e3b1d.jpg","train/905_jpg.rf.56811ec44d1e76f56d07643ef70e3b1d",0,2,"healthy",0.499219,0.500000,0.878125,0.638281,38.500004,115.750008,600.500000,524.250000,1,0,2,"healthy",0.952870,33.566071,118.463715,605.128296,525.747070,571.562256,407.283356,232787.796875,0.973279
"50678049-36af-45a4-a471-a6ad8a995af9",41,"6fef8e48-d1ff-419a-b968-285771363a20","benchmark/train/IMG_2650_JPG.rf.77ee1413b8167b3f9f2cc2c9b8722922.jpg","train/IMG_2650_JPG.rf.77ee1413b8167b3f9f2cc2c9b8722922",0,1,"brown_eye_spot",0.485156,0.465625,0.842188,0.449219,40.999985,154.250000,580.000000,441.750000,1,0,1,"brown_eye_spot",0.922711,32.818848,158.215912,587.185364,435.141541,554.366516,276.925629,153518.296875,0.937476
"50678049-36af-45a4-a471-a6ad8a995af9",42,"ec8a5f91-096c-4c8c-b6d4-f73bf14848dd","benchmark/train/IMG_3031_1_JPG.rf.e9f598b7dcf8195f853e27405a8ba531.jpg","train/IMG_3031_1_JPG.rf.e9f598b7dcf8195f853e27405a8ba531",0,1,"brown_eye_spot",0.267188,0.826563,0.512500,0.339844,7.000008,420.250000,335.000000,637.750000,1,1,1,"brown_eye_spot",0.827794,1.432037,406.687622,350.303528,638.081787,348.871490,231.394165,80726.828125,0.883721
"50678049-36af-45a4-a471-a6ad8a995af9",42,"ec8a5f91-096c-4c8c-b6d4-f73bf14848dd","benchmark/train/IMG_3031_1_JPG.rf.e9f598b7dcf8195f853e27405a8ba531.jpg","train/IMG_3031_1_JPG.rf.e9f598b7dcf8195f853e27405a8ba531",1,1,"brown_eye_spot",0.506250,0.566406,0.878906,0.314063,42.750015,262.000000,605.250000,463.000000,1,0,1,"brown_eye_spot",0.932251,17.556580,263.983093,605.312012,463.227844,587.755432,199.244751,117107.187500,0.946917
"50678049-36af-45a4-a471-a6ad8a995af9",43,"763cdf0d-cd4e-42fd-8f77-597e68189a97","benchmark/valid/IMG_2403_2_JPG.rf.7a7dda3ecce9710eb4b3cdd975c242d7.jpg","valid/IMG_2403_2_JPG.rf.7a7dda3ecce9710eb4b3cdd975c242d7",0,1,"brown_eye_spot",0.461719,0.331250,0.704687,0.308594,70.000000,113.250008,521.000000,310.750000,0,,,,,,,,,,,,0.000000
"50678049-36af-45a4-a471-a6ad8a995af9",43,"763cdf0d-cd4e-42fd-8f77-597e68189a97","benchmark/valid/IMG_2403_2_JPG.rf.7a7dda3ecce9710eb4b3cdd975c242d7.jpg","valid/IMG_2403_2_JPG.rf.7a7dda3ecce9710eb4b3cdd975c242d7",1,3,"miner",0.420312,0.655469,0.514844,0.357812,104.249992,305.000000,433.750000,534.000000,1,0,3,"miner",0.913933,100.680252,307.047455,434.316986,532.910034,333.636719,225.862579,75356.046875,0.974236
"50678049-36af-45a4-a471-a6ad8a995af9",44,"6e87ccb7-188c-44f5-9f06-2ca00463f206","benchmark/train/IMG_3629_JPG.rf.51c100d743efb85b401fe50f25639068.jpg","train/IMG_3629_JPG.rf.51c100d743efb85b401fe50f25639068",0,0,"algal_spot",0.468750,0.307813,0.391406,0.505469,174.750000,35.250015,425.250000,358.750000,1,0,0,"algal_spot",0.950568,160.421066,39.303925,433.915680,358.046448,273.494629,318.742523,87174.367188,0.903570
"50678049-36af-45a4-a471-a6ad8a995af9",44,"6e87ccb7-188c-44f5-9f06-2ca00463f206","benchmark/train/IMG_3629_JPG.rf.51c100d743efb85b401fe50f25639068.jpg","train/IMG_3629_JPG.rf.51c100d743efb85b401fe50f25639068",1,0,"algal_spot",0.535937,0.746875,0.734375,0.353906,107.999992,364.750000,578.000000,591.250000,1,1,0,"algal_spot",0.924751,109.194962,368.361816,563.587830,596.562073,454.392883,228.200256,103692.570313,0.930283
"50678049-36af-45a4-a471-a6ad8a995af9",45,"d7527eaf-2c4c-4247-9f11-4cbf8adee9ff","benchmark/train/IMG_3202_2_JPG.rf.64a256341a1409676478979cde83926a.jpg","train/IMG_3202_2_JPG.rf.64a256341a1409676478979cde83926a",0,1,"brown_eye_spot",0.406250,0.470313,0.550000,0.728125,84.000000,68.000015,436.000000,534.000000,1,0,1,"brown_eye_spot",0.953884,80.508423,66.207581,435.021179,531.318420,354.512756,465.110840,164887.718750,0.978046
"50678049-36af-45a4-a471-a6ad8a995af9",46,"67610c12-6374-46a4-a268-8d1af9cb8e8f","benchmark/test/206_jpg.rf.6f21994db835936fb34cdc6b40db7eee.jpg","test/206_jpg.rf.6f21994db835936fb34cdc6b40db7eee",0,2,"healthy",0.541406,0.520312,0.848437,0.685156,75.000015,113.750000,618.000000,552.250000,1,0,2,"healthy",0.953475,79.632568,112.124252,615.128662,553.088745,535.496094,440.964478,236134.750000,0.980745
"50678049-36af-45a4-a471-a6ad8a995af9",47,"15a56ef8-924d-487b-9c25-e56f25a39830","benchmark/test/IMG_3293_1_JPG.rf.106bbc5eb066beaf80a0b19f76bcbf00.jpg","test/IMG_3293_1_JPG.rf.106bbc5eb066beaf80a0b19f76bcbf00",0,1,"brown_eye_spot",0.509375,0.462500,0.753906,0.512500,84.749985,132.000000,567.250000,460.000000,1,0,1,"brown_eye_spot",0.951269,82.853516,132.210510,577.125183,486.851440,494.271667,354.640930,175288.968750,0.901750
"50678049-36af-45a4-a471-a6ad8a995af9",48,"f0a66e7d-e373-4780-a476-12189a92b035","benchmark/train/IMG_2315_2_JPG.rf.8c7ac5e137f4d35c3d9a01bfa8c1cd34.jpg","train/IMG_2315_2_JPG.rf.8c7ac5e137f4d35c3d9a01bfa8c1cd34",0,1,"brown_eye_spot",0.444531,0.525781,0.770312,0.585938,38.000011,149.000015,531.000000,524.000000,1,0,1,"brown_eye_spot",0.929114,44.208649,143.582504,538.193848,525.561584,493.985199,381.979065,188692.000000,0.955641
"50678049-36af-45a4-a471-a6ad8a995af9",49,"cb2f3495-271c-4eed-a8e8-761e7b4e5fde","benchmark/train/534_jpg.rf.b643b1c385d78756c63179c876bc52e1.jpg","train/534_jpg.rf.b643b1c385d78756c63179c876bc52e1",0,4,"phoma",0.558594,0.516406,0.643750,0.509375,151.500000,167.500000,563.500000,493.500000,1,0,4,"phoma",0.965207,151.195358,163.306091,553.879761,492.564636,402.684387,329.258545,132587.281250,0.961055
"50678049-36af-45a4-a471-a6ad8a995af9",50,"76fb7c44-c943-40c8-9408-bb76f9a6a0dd","benchmark/valid/IMG_2291_JPG.rf.d04d6a758471bac94e2a80f2066747ae.jpg","valid/IMG_2291_JPG.rf.d04d6a758471bac94e2a80f2066747ae",0,3,"miner",0.529688,0.493750,0.565625,0.714844,158.000015,87.250000,520.000000,544.750000,1,0,3,"miner",0.951620,160.342834,87.466965,518.510620,538.158936,358.167786,450.691956,161423.343750,0.974690
"50678049-36af-45a4-a471-a6ad8a995af9",51,"88ff0552-d6e4-44d0-b462-2cd006f480bc","benchmark/train/IMG_3062_1_JPG.rf.dd70fe95f5f0e53d67c7fc318eefb18c.jpg","train/IMG_3062_1_JPG.rf.dd70fe95f5f0e53d67c7fc318eefb18c",0,0,"algal_spot",0.514844,0.519531,0.785937,0.373437,78.000015,213.000000,581.000000,452.000000,1,0,0,"algal_spot",0.945996,77.978271,218.240631,579.810181,448.209961,501.831909,229.969330,115405.945313,0.959899
"50678049-36af-45a4-a471-a6ad8a995af9",52,"e6cac249-61a5-4bba-b2f2-a873d8871bc3","benchmark/train/IMG_2570_JPG.rf.591b477af57c20ff36249b8a70c7701e.jpg","train/IMG_2570_JPG.rf.591b477af57c20ff36249b8a70c7701e",0,3,"miner",0.448438,0.448438,0.672656,0.618750,71.750015,89.000015,502.250000,485.000000,1,0,3,"miner",0.923330,80.956009,80.107880,487.372192,471.895264,406.416199,391.787384,159228.734375,0.893866
"50678049-36af-45a4-a471-a6ad8a995af9",53,"1d817a69-2447-436e-8be8-7caf6f8f60eb","benchmark/train/IMG_3636_1_JPG.rf.90485c15b4cefd5bda71731317014324.jpg","train/IMG_3636_1_JPG.rf.90485c15b4cefd5bda71731317014324",0,0,"algal_spot",0.732813,0.689062,0.378906,0.502344,347.750000,280.249969,590.250000,601.750000,1,0,0,"algal_spot",0.948530,346.190613,275.123047,576.303406,600.861450,230.112793,325.738403,74956.570313,0.920061
"50678049-36af-45a4-a471-a6ad8a995af9",53,"1d817a69-2447-436e-8be8-7caf6f8f60eb","benchmark/train/IMG_3636_1_JPG.rf.90485c15b4cefd5bda71731317014324.jpg","train/IMG_3636_1_JPG.rf.90485c15b4cefd5bda71731317014324",1,0,"algal_spot",0.360938,0.402344,0.567969,0.326562,49.250011,153.000000,412.750000,362.000000,1,1,0,"algal_spot",0.919438,53.581635,158.156403,407.307922,365.292175,353.726288,207.135773,73269.367188,0.934775
"50678049-36af-45a4-a471-a6ad8a995af9",54,"68cb9fc9-e211-49f9-9527-8ab9a2fb7ba4","benchmark/train/IMG_2672_JPG.rf.0f7a67359b9654c5bb5409d693e94617.jpg","train/IMG_2672_JPG.rf.0f7a67359b9654c5bb5409d693e94617",0,0,"algal_spot",0.461719,0.532812,0.542188,0.650781,121.999985,132.749969,469.000000,549.250000,1,0,0,"algal_spot",0.951092,129.668121,131.321167,466.441162,547.707275,336.773041,416.386108,140227.609375,0.963724
"50678049-36af-45a4-a471-a6ad8a995af9",55,"1c34dbbc-f2b8-4fc1-ae04-2996893f7e69","benchmark/valid/IMG_2960_1_JPG.rf.909ab6e64610074e1531c58dfa1c4624.jpg","valid/IMG_2960_1_JPG.rf.909ab6e64610074e1531c58dfa1c4624",0,3,"miner",0.461719,0.470313,0.610937,0.559375,100.000000,122.000008,491.000000,480.000000,1,0,3,"miner",0.890683,100.146667,112.023834,502.661560,469.336823,402.514893,357.312988,143823.796875,0.917009
"50678049-36af-45a4-a471-a6ad8a995af9",56,"058a039b-be55-4193-9b97-537369a342ab","benchmark/train/IMG_2757_JPG.rf.bc9148586372fc8b066da88142bb07d6.jpg","train/IMG_2757_JPG.rf.bc9148586372fc8b066da88142bb07d6",0,0,"algal_spot",0.504687,0.476563,0.308594,0.571875,224.250000,122.000008,421.750000,488.000000,1,0,0,"algal_spot",0.949512,221.468811,116.620758,424.445801,490.243652,202.976990,373.622894,75836.851563,0.953165
"50678049-36af-45a4-a471-a6ad8a995af9",56,"058a039b-be55-4193-9b97-537369a342ab","benchmark/train/IMG_2757_JPG.rf.bc9148586372fc8b066da88142bb07d6.jpg","train/IMG_2757_JPG.rf.bc9148586372fc8b066da88142bb07d6",1,1,"brown_eye_spot",0.303906,0.181250,0.404687,0.360156,65.000008,0.750008,324.000000,231.250000,1,1,1,"brown_eye_spot",0.909159,66.231293,0.000000,328.431763,228.136856,262.200470,228.136856,59817.589844,0.962389
"50678049-36af-45a4-a471-a6ad8a995af9",57,"0322726f-f77f-48a8-a7a0-5b3260eb003b","benchmark/valid/IMG_3078_JPG.rf.9458708a4cc2d5b43f78d588224e9b8d.jpg","valid/IMG_3078_JPG.rf.9458708a4cc2d5b43f78d588224e9b8d",0,3,"miner",0.523438,0.530469,0.567969,0.495313,153.250000,181.000000,516.750000,498.000031,1,0,3,"miner",0.929185,146.833405,171.434601,504.158936,497.000458,357.325531,325.565857,116332.992188,0.918892
"50678049-36af-45a4-a471-a6ad8a995af9",58,"19310164-fc50-476d-892e-bef3b8987475","benchmark/train/IMG_2481_JPG.rf.0c89659caa3badcf157d7501a38fa10d.jpg","train/IMG_2481_JPG.rf.0c89659caa3badcf157d7501a38fa10d",0,1,"brown_eye_spot",0.417969,0.524219,0.535937,0.820313,96.000000,72.999992,439.000000,598.000000,1,0,1,"brown_eye_spot",0.879795,90.649216,69.662354,436.114105,598.227234,345.464905,528.564880,182600.609375,0.969824
"50678049-36af-45a4-a471-a6ad8a995af9",59,"f6bbd160-a6ae-496c-a73f-cc76434520a4","benchmark/train/IMG_3244_1_JPG.rf.d605a66dce87cdc319308908631d4015.jpg","train/IMG_3244_1_JPG.rf.d605a66dce87cdc319308908631d4015",0,3,"miner",0.553125,0.484375,0.416406,0.639844,220.750000,105.250000,487.250031,514.750000,1,0,3,"miner",0.911037,218.936188,94.740265,483.772064,514.347107,264.835876,419.606842,111126.945313,0.955124
"50678049-36af-45a4-a471-a6ad8a995af9",60,"07ea5133-5eca-4f60-8230-88020cd2e5da","benchmark/valid/IMG_2777_JPG.rf.a31c148a33ccf9b9671ee94db1349f3c.jpg","valid/IMG_2777_JPG.rf.a31c148a33ccf9b9671ee94db1349f3c",0,3,"miner",0.518750,0.510938,0.638281,0.812500,127.750015,67.000008,536.250000,587.000000,1,0,3,"miner",0.955384,132.402451,73.926605,532.454407,579.087158,400.051941,505.160553,202090.453125,0.951372
"50678049-36af-45a4-a471-a6ad8a995af9",61,"268535fb-837e-4cce-819d-00797336837b","benchmark/train/IMG_3337_1_JPG.rf.e719b1c151a03d8a763e7701dfd28d90.jpg","train/IMG_3337_1_JPG.rf.e719b1c151a03d8a763e7701dfd28d90",0,3,"miner",0.514063,0.567187,0.496875,0.503125,170.000015,201.999985,488.000031,524.000000,1,0,3,"miner",0.917733,172.576355,197.939423,487.803162,508.869293,315.226807,310.929871,98013.429688,0.933036
"50678049-36af-45a4-a471-a6ad8a995af9",62,"01049d9c-bbb9-4dc9-b647-69745d01f56d","benchmark/valid/IMG_2881_JPG.rf.e061b55e639d7a6d85f729b19b618094.jpg","valid/IMG_2881_JPG.rf.e061b55e639d7a6d85f729b19b618094",0,1,"brown_eye_spot",0.433594,0.575000,0.460938,0.743750,130.000000,130.000000,425.000000,606.000000,1,0,1,"brown_eye_spot",0.830876,124.289276,127.304474,422.767487,606.524963,298.478210,479.220490,143036.875000,0.967091
"50678049-36af-45a4-a471-a6ad8a995af9",63,"2fd0911b-16dd-4d6c-9f76-471673f5f272","benchmark/train/IMG_2324_2_JPG.rf.6d4f555080661e5ff249d968cea85f57.jpg","train/IMG_2324_2_JPG.rf.6d4f555080661e5ff249d968cea85f57",0,0,"algal_spot",0.579687,0.492969,0.731250,0.498437,136.999985,156.000000,605.000000,475.000000,1,0,0,"algal_spot",0.933410,141.618469,157.180496,600.229614,468.040161,458.611145,310.859680,142563.718750,0.954932
"50678049-36af-45a4-a471-a6ad8a995af9",64,"9d1beff2-81c7-4fbb-91ab-7c1231c243fc","benchmark/train/IMG_2540_2_JPG.rf.60cab24af21e00880249955b4705ff2c.jpg","train/IMG_2540_2_JPG.rf.60cab24af21e00880249955b4705ff2c",0,3,"miner",0.514063,0.510156,0.884375,0.298438,46.000023,231.000031,612.000000,422.000000,1,0,3,"miner",0.884453,40.872467,233.451736,638.402466,414.693573,597.530029,181.241837,108297.437500,0.901269
"50678049-36af-45a4-a471-a6ad8a995af9",65,"bfdfafd1-811f-4e43-8d51-419e723e939e","benchmark/train/851_jpg.rf.64e3705d032fe4f91d9401611a7a5e4b.jpg","train/851_jpg.rf.64e3705d032fe4f91d9401611a7a5e4b",0,4,"phoma",0.467187,0.533594,0.738281,0.776563,62.749996,93.000015,535.250000,590.000000,1,0,4,"phoma",0.943911,60.999146,94.509262,547.574829,582.978394,486.575684,488.469116,237677.187500,0.954878
"50678049-36af-45a4-a471-a6ad8a995af9",66,"174fd6be-aca3-436f-bf75-4d7fa378dcf1","benchmark/train/IMG_2432_JPG.rf.a74af9b0c11d74219baf6243b92e7c05.jpg","train/IMG_2432_JPG.rf.a74af9b0c11d74219baf6243b92e7c05",0,3,"miner",0.423438,0.540625,0.833594,0.337500,4.250011,238.000000,537.750000,453.999969,1,0,3,"miner",0.872050,0.000000,239.853867,538.813354,457.330811,538.813354,217.476944,117179.484375,0.966814
"50678049-36af-45a4-a471-a6ad8a995af9",67,"3970ccf6-dc0a-4b0e-911c-a8c4197fe4fd","benchmark/train/IMG_3145_JPG.rf.72b30542367f7f3654adc791a3b91b0d.jpg","train/IMG_3145_JPG.rf.72b30542367f7f3654adc791a3b91b0d",0,3,"miner",0.473437,0.503125,0.536719,0.836719,131.250000,54.250011,474.750000,589.750000,1,0,3,"miner",0.935405,130.662735,53.495483,477.255310,591.646362,346.592590,538.150879,186519.109375,0.986195
"50678049-36af-45a4-a471-a6ad8a995af9",68,"05c71900-df1c-4faf-af74-1ba3aefbfa4e","benchmark/train/PXL_20240124_142827828_jpg.rf.afee431f082783d8115ed23efcaa14ac.jpg","train/PXL_20240124_142827828_jpg.rf.afee431f082783d8115ed23efcaa14ac",0,2,"healthy",0.517187,0.502344,0.781250,0.995313,80.999985,3.000011,581.000000,639.000000,1,0,2,"healthy",0.945055,84.447525,0.000000,599.202026,639.000000,514.754517,639.000000,328928.125000,0.953753
"50678049-36af-45a4-a471-a6ad8a995af9",69,"2d7ead90-2a31-4e48-8274-09f1242abc78","benchmark/train/IMG_2304_JPG.rf.3ca05e19b1a273579262834cf88cd4f1.jpg","train/IMG_2304_JPG.rf.3ca05e19b1a273579262834cf88cd4f1",0,3,"miner",0.359375,0.455469,0.546094,0.845312,55.249996,21.000004,404.750000,562.000000,1,0,3,"miner",0.943611,57.318527,27.718933,400.839325,555.091614,343.520813,527.372681,181163.484375,0.958134
"50678049-36af-45a4-a471-a6ad8a995af9",70,"eddd33d5-fb53-489f-aa8e-cabb4ad97de6","benchmark/train/IMG_2381_JPG.rf.54029ad1a48cdef4d2c6aa19dc6dde50.jpg","train/IMG_2381_JPG.rf.54029ad1a48cdef4d2c6aa19dc6dde50",0,0,"algal_spot",0.539063,0.568750,0.434375,0.580469,206.000000,178.250000,484.000000,549.750000,1,0,0,"algal_spot",0.950913,205.718964,180.811005,483.666626,533.770386,277.947662,352.959381,98104.234375,0.948043
"50678049-36af-45a4-a471-a6ad8a995af9",71,"d8862c0f-d2be-4029-a820-a7fcf170f89b","benchmark/train/IMG_2931_1_JPG.rf.6ef31ac5571752733d8fbd546a3b267c.jpg","train/IMG_2931_1_JPG.rf.6ef31ac5571752733d8fbd546a3b267c",0,4,"phoma",0.508594,0.487500,0.457812,0.799219,179.000000,56.250000,471.999969,567.750000,1,0,4,"phoma",0.955070,179.471375,64.621399,475.321350,565.181274,295.849976,500.559875,148090.625000,0.966318
"50678049-36af-45a4-a471-a6ad8a995af9",72,"db1dac17-a40b-4fb4-b1e8-cc75c20086f8","benchmark/valid/IMG_3008_JPG.rf.f2cd0e05e1b61d523a3d73ffacf0d010.jpg","valid/IMG_3008_JPG.rf.f2cd0e05e1b61d523a3d73ffacf0d010",0,3,"miner",0.520312,0.483594,0.416406,0.657812,199.749985,99.000015,466.250000,520.000000,1,0,3,"miner",0.942155,198.323532,94.582016,463.028931,526.112183,264.705383,431.530151,114228.351563,0.958957
"50678049-36af-45a4-a471-a6ad8a995af9",73,"7d45dc00-415c-4205-9a85-fe35ba3979f7","benchmark/train/IMG_2783_1_JPG.rf.008e6ddc425f580561a7428058579439.jpg","train/IMG_2783_1_JPG.rf.008e6ddc425f580561a7428058579439",0,3,"miner",0.551562,0.551562,0.894531,0.377344,66.749992,232.249985,639.000000,473.750000,1,0,3,"miner",0.891582,47.300720,229.619186,639.000000,469.703979,591.699280,240.084793,142058.000000,0.941192
"50678049-36af-45a4-a471-a6ad8a995af9",74,"efb582a6-a2c0-495b-97e2-c75f0cb4f3d1","benchmark/train/PXL_20240125_121705781_jpg.rf.f1e77041eec51ae5def02fdcbe51e92d.jpg","train/PXL_20240125_121705781_jpg.rf.f1e77041eec51ae5def02fdcbe51e92d",0,2,"healthy",0.428125,0.495313,0.550000,0.847656,97.999992,45.750008,450.000000,588.250000,1,0,2,"healthy",0.953006,95.698273,24.234497,453.070740,582.104553,357.372467,557.870056,199367.390625,0.936815
"50678049-36af-45a4-a471-a6ad8a995af9",75,"243208e0-63fb-4a82-9a2f-e6de5c3088ff","benchmark/train/621_jpg.rf.dccd8c21a977385a3a78ae24689c5330.jpg","train/621_jpg.rf.dccd8c21a977385a3a78ae24689c5330",0,4,"phoma",0.510938,0.461719,0.785937,0.655469,75.500015,85.749985,578.500000,505.250000,1,0,4,"phoma",0.967718,77.520142,84.136963,569.596008,506.360168,492.075867,422.223206,207765.843750,0.972109
"50678049-36af-45a4-a471-a6ad8a995af9",76,"6151e6f8-e5d3-4ad9-b786-7072b566b302","benchmark/train/IMG_3064_2_JPG.rf.943aee618f4411e37cfb56b3ce580d08.jpg","train/IMG_3064_2_JPG.rf.943aee618f4411e37cfb56b3ce580d08",0,3,"miner",0.487500,0.470313,0.606250,0.593750,118.000015,111.000000,506.000000,491.000000,1,0,3,"miner",0.926569,124.303299,111.070313,498.375732,489.518127,374.072449,378.447815,141566.906250,0.960166
"50678049-36af-45a4-a471-a6ad8a995af9",77,"64dd9732-ff95-4842-b416-5b183cb19e5a","benchmark/train/IMG_3457_1_JPG.rf.b470e33095c4a27b7ee81486b900f060.jpg","train/IMG_3457_1_JPG.rf.b470e33095c4a27b7ee81486b900f060",0,3,"miner",0.452344,0.381250,0.428906,0.639844,152.250000,39.249992,426.750031,448.750000,1,0,3,"miner",0.907979,159.239075,38.644669,428.375793,448.714508,269.136719,410.069824,110364.843750,0.967324
"50678049-36af-45a4-a471-a6ad8a995af9",77,"64dd9732-ff95-4842-b416-5b183cb19e5a","benchmark/train/IMG_3457_1_JPG.rf.b470e33095c4a27b7ee81486b900f060.jpg","train/IMG_3457_1_JPG.rf.b470e33095c4a27b7ee81486b900f060",1,1,"brown_eye_spot",0.330469,0.863281,0.317969,0.273438,109.749992,465.000000,313.250000,639.000000,1,1,1,"brown_eye_spot",0.343486,104.962708,464.714264,310.766876,639.000000,205.804169,174.285736,35868.730469,0.963531
"50678049-36af-45a4-a471-a6ad8a995af9",78,"b6c546dc-7730-419d-828e-98bea59a3293","benchmark/train/IMG_3486_1_JPG.rf.842855b00b37982a90c689f59fd440a3.jpg","train/IMG_3486_1_JPG.rf.842855b00b37982a90c689f59fd440a3",0,3,"miner",0.497656,0.598437,0.980469,0.324219,4.750004,279.250000,632.250000,486.750000,1,0,3,"miner",0.914520,0.000000,281.078430,639.000000,475.452454,639.000000,194.374023,124205.000000,0.920932
"50678049-36af-45a4-a471-a6ad8a995af9",79,"d063062f-bf0b-47ab-81e4-f2816da7e860","benchmark/train/387_jpg.rf.bacd47a28e82997ca52f2f10e787375b.jpg","train/387_jpg.rf.bacd47a28e82997ca52f2f10e787375b",0,4,"phoma",0.503125,0.459375,0.845312,0.678906,51.500015,76.749992,592.500000,511.250000,1,0,4,"phoma",0.966891,52.137756,74.294434,593.287903,510.452209,541.150146,436.157776,236026.843750,0.989952
"50678049-36af-45a4-a471-a6ad8a995af9",80,"11aa6682-080e-45a6-b802-ad313a23a3bc","benchmark/train/PXL_20240125_085318127_jpg.rf.9065fa8cd9db9949f90453dea4fc582e.jpg","train/PXL_20240125_085318127_jpg.rf.9065fa8cd9db9949f90453dea4fc582e",0,2,"healthy",0.472656,0.476563,0.796875,0.953125,47.500000,0.000000,557.500000,610.000000,1,0,2,"healthy",0.938940,50.644440,0.000000,561.876099,603.779541,511.231659,603.779541,308671.218750,0.975416
"50678049-36af-45a4-a471-a6ad8a995af9",81,"dabdfea0-fe4e-4db9-9d26-42dd3496788c","benchmark/train/IMG_2334_1_JPG.rf.7eaf2f9b624e224fd7d4f9a238c1a63c.jpg","train/IMG_2334_1_JPG.rf.7eaf2f9b624e224fd7d4f9a238c1a63c",0,0,"algal_spot",0.529688,0.568750,0.521875,0.853906,172.000000,90.750008,506.000031,637.250000,1,0,0,"algal_spot",0.920366,166.626251,89.891632,507.673401,619.478210,341.047150,529.586548,180613.984375,0.946639
"50678049-36af-45a4-a471-a6ad8a995af9",82,"e80e79c4-5c7d-416f-a542-75d8d6ff428d","benchmark/train/IMG_3251_JPG.rf.50e59f5263449faddc96e215528b261f.jpg","train/IMG_3251_JPG.rf.50e59f5263449faddc96e215528b261f",0,3,"miner",0.489844,0.505469,0.817187,0.473437,52.000008,171.999985,575.000000,475.000000,1,0,3,"miner",0.910079,55.236389,174.674896,580.908142,465.470581,525.671753,290.795685,152863.078125,0.943553
"50678049-36af-45a4-a471-a6ad8a995af9",83,"bc97b57c-5732-4125-86ea-538b2b7f785d","benchmark/train/609_jpg.rf.c20cfee42ddb2c9826424821831e190a.jpg","train/609_jpg.rf.c20cfee42ddb2c9826424821831e190a",0,4,"phoma",0.495313,0.491406,0.821875,0.637500,54.000015,110.500015,580.000000,518.500000,1,0,4,"phoma",0.951629,59.446167,112.575363,566.537598,514.289429,507.091431,401.714050,203705.750000,0.949199
"50678049-36af-45a4-a471-a6ad8a995af9",84,"95e420c0-3b28-4c02-884f-1875f3fb4338","benchmark/train/823_jpg.rf.7913d57a0093037219801e3171d10f4f.jpg","train/823_jpg.rf.7913d57a0093037219801e3171d10f4f",0,4,"phoma",0.500781,0.506250,0.721875,0.702344,89.499985,99.250015,551.500000,548.750000,1,0,4,"phoma",0.963892,88.197357,100.756332,543.693237,547.772156,455.495880,447.015808,203613.859375,0.974935
"50678049-36af-45a4-a471-a6ad8a995af9",85,"876b5f19-f1f0-4688-bf43-1d0b3371ee65","benchmark/train/IMG_3540_1_JPG.rf.7d94dc11d086ffea3120fb085f02361f.jpg","train/IMG_3540_1_JPG.rf.7d94dc11d086ffea3120fb085f02361f",0,0,"algal_spot",0.512500,0.548437,0.785156,0.412500,76.749992,218.999969,579.250000,483.000000,1,0,0,"algal_spot",0.937633,76.931458,230.117004,581.447998,484.067505,504.516541,253.950500,128122.226563,0.949709
"50678049-36af-45a4-a471-a6ad8a995af9",86,"ffd13f1a-c6a3-4e13-ab83-6f523716031e","benchmark/train/IMG_2636_JPG.rf.fea05ff1a77e34a57cfd09462892c3c2.jpg","train/IMG_2636_JPG.rf.fea05ff1a77e34a57cfd09462892c3c2",0,1,"brown_eye_spot",0.482031,0.566406,0.729688,0.473437,75.000000,211.000000,542.000000,514.000000,1,0,1,"brown_eye_spot",0.931580,74.999954,227.604431,535.512817,508.551941,460.512878,280.947510,129379.945313,0.914339
"50678049-36af-45a4-a471-a6ad8a995af9",87,"1bd15090-9839-4117-802b-373f82e65bfa","benchmark/train/IMG_2378_2_JPG.rf.25c9e1c18ece80ad7b5af9e7e69184fb.jpg","train/IMG_2378_2_JPG.rf.25c9e1c18ece80ad7b5af9e7e69184fb",0,1,"brown_eye_spot",0.523438,0.502344,0.667969,0.817187,121.250000,60.000019,548.750000,583.000000,1,0,1,"brown_eye_spot",0.941096,123.338470,56.280991,550.299316,576.586548,426.960846,520.305542,222150.093750,0.972524
"50678049-36af-45a4-a471-a6ad8a995af9",88,"90947e64-03dd-4645-8dbe-9c919c78f4fb","benchmark/train/638_jpg.rf.3c4070921ef54859744dd3f0ee823a2c.jpg","train/638_jpg.rf.3c4070921ef54859744dd3f0ee823a2c",0,4,"phoma",0.478906,0.504687,0.829687,0.600000,41.000004,130.999985,572.000000,515.000000,1,0,4,"phoma",0.961654,42.007385,126.000381,578.614929,519.515442,536.607544,393.515076,211163.156250,0.962029
"50678049-36af-45a4-a471-a6ad8a995af9",89,"5dc8802a-8b39-4a07-805b-a8db1c82e238","benchmark/train/IMG_3470_1_JPG.rf.d4d87c0bace82e907081273cc688efd1.jpg","train/IMG_3470_1_JPG.rf.d4d87c0bace82e907081273cc688efd1",0,3,"miner",0.500781,0.435156,0.745313,0.529688,81.999985,109.000000,559.000000,448.000031,1,0,3,"miner",0.921930,96.817932,102.926010,580.457275,445.897064,483.639343,342.971069,165874.296875,0.905965
"50678049-36af-45a4-a471-a6ad8a995af9",90,"aef5d47e-e8c9-4ce7-919f-3e48c630e7ad","benchmark/valid/IMG_3159_2_JPG.rf.0eb790d8d62fa4a32acabb6cf7ee361b.jpg","valid/IMG_3159_2_JPG.rf.0eb790d8d62fa4a32acabb6cf7ee361b",0,3,"miner",0.531250,0.435937,0.302344,0.753125,243.250000,37.999992,436.750000,520.000000,1,0,3,"miner",0.928123,238.238907,38.592117,437.330627,528.678528,199.091721,490.086426,97572.148438,0.953583
"50678049-36af-45a4-a471-a6ad8a995af9",91,"8434463e-ba16-4934-8997-1c8d4abf98d6","benchmark/train/IMG_2969_2_JPG.rf.03a3e6016a4c69b9a51663d2d91141bd.jpg","train/IMG_2969_2_JPG.rf.03a3e6016a4c69b9a51663d2d91141bd",0,1,"brown_eye_spot",0.517187,0.443750,0.888281,0.350781,46.749992,171.750000,615.250000,396.250000,1,0,1,"brown_eye_spot",0.937646,30.774231,181.314346,603.192261,397.499481,572.418030,216.185135,123748.265625,0.907587
"50678049-36af-45a4-a471-a6ad8a995af9",92,"c3e7e6d1-16ca-4e6d-a1b7-fedbfb72d5dd","benchmark/test/1430_jpg.rf.2058580e8be93585f38d39609cc15d33.jpg","test/1430_jpg.rf.2058580e8be93585f38d39609cc15d33",0,2,"healthy",0.530469,0.473437,0.910937,0.817187,48.000011,41.499996,631.000000,564.500000,1,0,2,"healthy",0.941769,42.501953,43.020721,632.402954,562.679199,589.901001,519.658447,306547.031250,0.982060
"50678049-36af-45a4-a471-a6ad8a995af9",93,"be6ee9a7-8601-4de9-ae83-4e47f8be154b","benchmark/train/IMG_20240125_121528_583_jpg.rf.ee46fd7a700c8d5793ff76289f5f08e3.jpg","train/IMG_20240125_121528_583_jpg.rf.ee46fd7a700c8d5793ff76289f5f08e3",0,2,"healthy",0.478125,0.509375,0.710938,0.421875,78.500000,190.999985,533.500000,461.000000,1,0,2,"healthy",0.968692,91.457214,182.073242,528.268860,451.058228,436.811646,268.984985,117495.773438,0.896229
"50678049-36af-45a4-a471-a6ad8a995af9",93,"be6ee9a7-8601-4de9-ae83-4e47f8be154b","benchmark/train/IMG_20240125_121528_583_jpg.rf.ee46fd7a700c8d5793ff76289f5f08e3.jpg","train/IMG_20240125_121528_583_jpg.rf.ee46fd7a700c8d5793ff76289f5f08e3",1,2,"healthy",0.871094,0.300781,0.257813,0.514063,475.000000,27.999992,639.000000,357.000000,1,1,2,"healthy",0.549124,484.013397,66.942444,639.000000,341.262177,154.986603,274.319733,42515.882813,0.787973
"50678049-36af-45a4-a471-a6ad8a995af9",93,"be6ee9a7-8601-4de9-ae83-4e47f8be154b","benchmark/train/IMG_20240125_121528_583_jpg.rf.ee46fd7a700c8d5793ff76289f5f08e3.jpg","train/IMG_20240125_121528_583_jpg.rf.ee46fd7a700c8d5793ff76289f5f08e3",2,2,"healthy",0.125781,0.828906,0.129688,0.342187,39.000000,421.000000,122.000008,639.000000,0,,,,,,,,,,,,0.000000
"50678049-36af-45a4-a471-a6ad8a995af9",93,"be6ee9a7-8601-4de9-ae83-4e47f8be154b","benchmark/train/IMG_20240125_121528_583_jpg.rf.ee46fd7a700c8d5793ff76289f5f08e3.jpg","train/IMG_20240125_121528_583_jpg.rf.ee46fd7a700c8d5793ff76289f5f08e3",3,2,"healthy",0.220313,0.714063,0.264062,0.150000,56.500008,409.000000,225.500000,505.000000,0,,,,,,,,,,,,0.000000
"50678049-36af-45a4-a471-a6ad8a995af9",94,"119c75d7-0957-4026-9d28-2b7b958be65d","benchmark/train/IMG_3142_1_JPG.rf.ccf59c0bda945691e66b58f2651d4dc4.jpg","train/IMG_3142_1_JPG.rf.ccf59c0bda945691e66b58f2651d4dc4",0,3,"miner",0.325781,0.160938,0.201562,0.311719,144.000000,3.249998,273.000000,202.750015,1,0,3,"miner",0.890355,143.977295,6.564178,277.827271,212.576019,133.849976,206.011841,27574.679688,0.903785
"50678049-36af-45a4-a471-a6ad8a995af9",94,"119c75d7-0957-4026-9d28-2b7b958be65d","benchmark/train/IMG_3142_1_JPG.rf.ccf59c0bda945691e66b58f2651d4dc4.jpg","train/IMG_3142_1_JPG.rf.ccf59c0bda945691e66b58f2651d4dc4",1,3,"miner",0.582812,0.203125,0.334375,0.259375,266.000000,47.000000,480.000000,213.000000,1,1,3,"miner",0.863721,271.689209,47.238419,475.174316,208.495483,203.485107,161.257065,32813.410156,0.923697
"50678049-36af-45a4-a471-a6ad8a995af9",94,"119c75d7-0957-4026-9d28-2b7b958be65d","benchmark/train/IMG_3142_1_JPG.rf.ccf59c0bda945691e66b58f2651d4dc4.jpg","train/IMG_3142_1_JPG.rf.ccf59c0bda945691e66b58f2651d4dc4",2,1,"brown_eye_spot",0.682813,0.556250,0.553125,0.194531,260.000000,293.749969,614.000000,418.249969,1,2,1,"brown_eye_spot",0.863568,259.144409,295.612305,610.557922,421.362366,351.413513,125.750061,44190.269531,0.949636
"50678049-36af-45a4-a471-a6ad8a995af9",95,"962af72a-e431-4adc-bead-80012174a63f","benchmark/valid/IMG_2335_2_JPG.rf.5930ea82d6b4e2f03ec76f669e3a6a24.jpg","valid/IMG_2335_2_JPG.rf.5930ea82d6b4e2f03ec76f669e3a6a24",0,1,"brown_eye_spot",0.417188,0.498437,0.681250,0.937500,49.000015,18.999996,485.000000,619.000000,1,0,1,"brown_eye_spot",0.942924,45.076675,19.869934,482.961731,629.834961,437.885071,609.965027,267094.593750,0.967638
"50678049-36af-45a4-a471-a6ad8a995af9",96,"6b7b8a7e-2748-4804-804d-dea74de38e07","benchmark/valid/IMG_3358_JPG.rf.843353e0b3c13ffa95512657528266b7.jpg","valid/IMG_3358_JPG.rf.843353e0b3c13ffa95512657528266b7",0,1,"brown_eye_spot",0.478906,0.564062,0.835938,0.321875,38.999996,258.000000,574.000000,463.999969,1,0,1,"brown_eye_spot",0.442168,39.465851,262.141846,575.194214,459.237030,535.728394,197.095184,105589.484375,0.953903
"50678049-36af-45a4-a471-a6ad8a995af9",97,"bbf65c4e-412c-47d3-b8e7-4cbba7c6d624","benchmark/train/IMG_2624_JPG.rf.15d9f9dc3c3827b09453e756960ebeac.jpg","train/IMG_2624_JPG.rf.15d9f9dc3c3827b09453e756960ebeac",0,1,"brown_eye_spot",0.529688,0.571875,0.940625,0.584375,38.000011,178.999969,639.000000,553.000000,1,0,1,"brown_eye_spot",0.690431,35.558350,173.524536,636.295776,551.305054,600.737427,377.780518,226946.890625,0.972819
"50678049-36af-45a4-a471-a6ad8a995af9",98,"58cda403-0e9d-44cf-9152-00375fcf6fba","benchmark/train/IMG_2420_2_JPG.rf.d1820e19c0234bb374f98be6fc421fb0.jpg","train/IMG_2420_2_JPG.rf.d1820e19c0234bb374f98be6fc421fb0",0,3,"miner",0.526563,0.457812,0.927344,0.385156,40.250015,169.749985,633.750000,416.250000,1,0,3,"miner",0.936939,32.352448,170.813324,639.000000,414.403748,606.647583,243.590424,147773.546875,0.967027
"50678049-36af-45a4-a471-a6ad8a995af9",99,"7689221c-4a7b-4cf2-9bbf-b19d48fdb7e4","benchmark/train/IMG_2388_JPG.rf.31d5e6f710bf83d0460f2ce06fd6f701.jpg","train/IMG_2388_JPG.rf.31d5e6f710bf83d0460f2ce06fd6f701",0,0,"algal_spot",0.504687,0.295312,0.644531,0.471094,116.749992,38.250000,529.250000,339.750000,1,0,0,"algal_spot",0.941648,111.322952,34.698593,525.242065,337.795990,413.919128,303.097412,125457.820313,0.959971
"50678049-36af-45a4-a471-a6ad8a995af9",100,"0d479fe3-8638-4898-8892-b459b3c9a158","benchmark/train/301_jpg.rf.de9eda237901b483c77f1bdfec461dec.jpg","train/301_jpg.rf.de9eda237901b483c77f1bdfec461dec",0,4,"phoma",0.530469,0.458594,0.727344,0.811719,106.750015,33.750000,572.250000,553.250000,1,0,4,"phoma",0.968681,105.091644,30.988586,564.426514,551.851013,459.334869,520.862427,239250.281250,0.971994
"f52b9678-8078-4b7d-af43-c24a75b3e0a9",1,"88adbf81-ecc8-429e-9ced-3928e722eeb8","benchmark/valid/1383_jpg.rf.34cee478b8856b25ce51c56431aecf56.jpg","valid/1383_jpg.rf.34cee478b8856b25ce51c56431aecf56",0,2,"healthy",0.494531,0.498437,0.928906,0.669531,19.249992,104.750000,613.750000,533.250000,1,0,2,"healthy",0.956610,28.015808,110.921158,610.958984,527.723022,582.943176,416.801880,242971.812500,0.953791
"f52b9678-8078-4b7d-af43-c24a75b3e0a9",2,"a6ee4507-f8ab-4091-bdc2-225e817b0597","benchmark/train/IMG_3550_2_JPG.rf.eb5afe68fda58fc85915ea4a70536f3c.jpg","train/IMG_3550_2_JPG.rf.eb5afe68fda58fc85915ea4a70536f3c",0,0,"algal_spot",0.544531,0.432813,0.692187,0.413281,126.999985,144.750000,570.000000,409.250031,1,0,0,"algal_spot",0.935114,126.001282,149.560303,577.692810,417.963348,451.691528,268.403046,121235.382813,0.932528
"f52b9678-8078-4b7d-af43-c24a75b3e0a9",3,"29058b72-297a-4ad7-a453-d7b0e074b480","benchmark/train/IMG_3223_JPG.rf.a181160b44a1a0ba9f3c611627e08fb0.jpg","train/IMG_3223_JPG.rf.a181160b44a1a0ba9f3c611627e08fb0",0,3,"miner",0.521875,0.421875,0.528906,0.718750,164.750031,40.000000,503.250000,500.000000,1,0,3,"miner",0.920722,168.849182,41.754623,503.596924,506.365173,334.747742,464.610535,155527.328125,0.969860
"f52b9678-8078-4b7d-af43-c24a75b3e0a9",4,"ebfee0d8-e7c8-4dca-aed1-5a42e3c0d230","benchmark/train/IMG_2919_JPG.rf.f6a9737ad615c04d90cea66cd0f5f871.jpg","train/IMG_2919_JPG.rf.f6a9737ad615c04d90cea66cd0f5f871",0,1,"brown_eye_spot",0.496875,0.573438,0.522656,0.800000,150.749985,111.000000,485.250000,623.000000,1,0,1,"brown_eye_spot",0.923852,148.680481,114.171890,483.939758,629.078979,335.259277,514.907104,172627.390625,0.972362
"f52b9678-8078-4b7d-af43-c24a75b3e0a9",5,"030133b7-7864-4153-a0c4-6829aed07184","benchmark/valid/IMG_3563_1_JPG.rf.0eafe0e33bcdc858523be0b59b1f7425.jpg","valid/IMG_3563_1_JPG.rf.0eafe0e33bcdc858523be0b59b1f7425",0,0,"algal_spot",0.398438,0.464844,0.453125,0.551562,110.000000,121.000000,400.000000,474.000000,1,0,0,"algal_spot",0.955309,109.583588,122.410965,392.827179,474.154175,283.243591,351.743225,99629.015625,0.969568
"f52b9678-8078-4b7d-af43-c24a75b3e0a9",6,"f8afa552-1724-420b-aaf2-60c099d169a1","benchmark/train/IMG_2288_2_JPG.rf.2106d3b05b2bb866e0855a6bb231b8fb.jpg","train/IMG_2288_2_JPG.rf.2106d3b05b2bb866e0855a6bb231b8fb",0,3,"miner",0.496875,0.520312,0.491406,0.687500,160.749985,112.999992,475.250000,553.000000,1,0,3,"miner",0.924254,159.698303,113.668411,478.438019,543.202393,318.739716,429.533997,136909.546875,0.963533
"f52b9678-8078-4b7d-af43-c24a75b3e0a9",7,"23766ead-46b8-4ec5-b1ec-a20ac0ba146e","benchmark/train/IMG_2172_JPG.rf.b2c6c364c12a10d102a5920eef688f2d.jpg","train/IMG_2172_JPG.rf.b2c6c364c12a10d102a5920eef688f2d",0,3,"miner",0.461719,0.532812,0.651563,0.702344,86.999985,116.249985,504.000000,565.750000,1,0,3,"miner",0.928412,91.581482,109.647293,502.604370,577.743591,411.022888,468.096313,192398.296875,0.947047
"f52b9678-8078-4b7d-af43-c24a75b3e0a9",8,"01ebda14-aeaf-403f-b8aa-5f00724e3bb3","benchmark/train/430_jpg.rf.4597dbe56c1afae9b67ed9a903cd08f4.jpg","train/430_jpg.rf.4597dbe56c1afae9b67ed9a903cd08f4",0,4,"phoma",0.515625,0.533594,0.881250,0.752344,47.999992,100.750008,612.000000,582.250000,1,0,4,"phoma",0.960220,47.807312,101.734619,608.258789,578.921814,560.451477,477.187195,267440.281250,0.984136
"f52b9678-8078-4b7d-af43-c24a75b3e0a9",9,"202671e7-f47c-4e88-878c-61bbf3a44699","benchmark/train/IMG_3593_2_JPG.rf.3c31aac58b9c2f2962e30eb10c6e1975.jpg","train/IMG_3593_2_JPG.rf.3c31aac58b9c2f2962e30eb10c6e1975",0,0,"algal_spot",0.632031,0.398438,0.401563,0.478125,276.000000,102.000000,533.000000,408.000000,1,0,0,"algal_spot",0.950420,276.656006,102.471497,540.013428,401.636932,263.357422,299.165436,78787.437500,0.949828
"f52b9678-8078-4b7d-af43-c24a75b3e0a9",10,"6e4df205-c0b2-44a3-8283-621623143960","benchmark/test/IMG_2391_1_JPG.rf.b1e85585530393f1f0e7cad0fc9c3809.jpg","test/IMG_2391_1_JPG.rf.b1e85585530393f1f0e7cad0fc9c3809",0,1,"brown_eye_spot",0.542969,0.486719,0.517187,0.742188,182.000000,74.000000,513.000000,549.000000,1,0,1,"brown_eye_spot",0.939209,179.578827,69.210312,513.885376,560.394409,334.306549,491.184082,164206.062500,0.957486
"f52b9678-8078-4b7d-af43-c24a75b3e0a9",11,"3c9f3969-b69a-454a-b30f-d1471d715246","benchmark/valid/IMG_2601_JPG.rf.e1fd9dabcfd3751536ce2e84b93b197d.jpg","valid/IMG_2601_JPG.rf.e1fd9dabcfd3751536ce2e84b93b197d",0,1,"brown_eye_spot",0.560938,0.479688,0.843750,0.336719,89.000015,199.250015,629.000000,414.750000,1,0,1,"brown_eye_spot",0.934210,63.806335,202.419510,639.000000,410.616028,575.193665,208.196518,119753.320313,0.908882
"f52b9678-8078-4b7d-af43-c24a75b3e0a9",12,"17f4e453-829a-404e-ac25-3d0486b8084d","benchmark/train/IMG_3278_JPG.rf.e8d9700bbd5a7916c1dd853d9c0c5241.jpg","train/IMG_3278_JPG.rf.e8d9700bbd5a7916c1dd853d9c0c5241",0,1,"brown_eye_spot",0.476563,0.537500,0.562500,0.771094,125.000000,97.250023,485.000000,590.750000,1,0,1,"brown_eye_spot",0.954090,126.103210,101.278214,483.780457,584.836304,357.677246,483.558105,172957.734375,0.973532
"f52b9678-8078-4b7d-af43-c24a75b3e0a9",13,"d73a6703-6c5c-4517-9481-8bf9d7abd514","benchmark/test/IMG_3384_JPG.rf.63ecc9ef40808ccfd57323d1c4f8d59c.jpg","test/IMG_3384_JPG.rf.63ecc9ef40808ccfd57323d1c4f8d59c",0,1,"brown_eye_spot",0.317969,0.632813,0.445313,0.616406,61.000004,207.750000,346.000000,602.250000,1,0,1,"brown_eye_spot",0.501903,67.904800,205.470184,345.068481,617.445984,277.163696,411.975800,114184.734375,0.932339
"f52b9678-8078-4b7d-af43-c24a75b3e0a9",14,"6ff0c06a-6a1c-4a81-9b63-033a93601c81","benchmark/train/IMG_2671_2_JPG.rf.5ff66ea5c04f7c29db4de7920c1d7b46.jpg","train/IMG_2671_2_JPG.rf.5ff66ea5c04f7c29db4de7920c1d7b46",0,0,"algal_spot",0.545313,0.543750,0.525781,0.614844,180.750000,151.250000,517.250000,544.750000,1,0,0,"algal_spot",0.951530,178.730728,157.243988,511.681000,541.859375,332.950256,384.615387,128057.789063,0.955640
"f52b9678-8078-4b7d-af43-c24a75b3e0a9",15,"06e4e992-63a7-4b68-9b18-5694a0a75db5","benchmark/train/IMG_2633_1_JPG.rf.b06936dbb44b23078884c1947ea76d2f.jpg","train/IMG_2633_1_JPG.rf.b06936dbb44b23078884c1947ea76d2f",0,0,"algal_spot",0.475781,0.410937,0.570313,0.749219,122.000008,23.249989,487.000000,502.750000,1,0,0,"algal_spot",0.955183,124.984940,20.390060,478.836700,509.847473,353.851746,489.457397,173195.359375,0.950325
"f52b9678-8078-4b7d-af43-c24a75b3e0a9",16,"dc564d78-0231-47e1-8586-0f4640384bd6","benchmark/train/272_jpg.rf.ed4e1a4b53aaa888aba5832f70272c20.jpg","train/272_jpg.rf.ed4e1a4b53aaa888aba5832f70272c20",0,4,"phoma",0.517187,0.509375,0.815625,0.614844,69.999985,129.250000,592.000000,522.750000,1,0,4,"phoma",0.967823,74.142578,125.874161,588.177246,527.951050,514.034668,402.076904,206681.468750,0.964049
"f52b9678-8078-4b7d-af43-c24a75b3e0a9",17,"dad98acf-b3b9-4a43-ba08-1a2dd8d3f927","benchmark/train/317_jpg.rf.edb21119cbe8cf3b462135f660802331.jpg","train/317_jpg.rf.edb21119cbe8cf3b462135f660802331",0,4,"phoma",0.546094,0.569531,0.717188,0.672656,120.000000,149.250015,579.000000,579.750000,1,0,4,"phoma",0.940938,112.813416,146.620911,580.576843,572.320374,467.763428,425.699463,199126.640625,0.958785
"f52b9678-8078-4b7d-af43-c24a75b3e0a9",18,"9dacc222-d601-45c4-b632-bde8ebfaa52a","benchmark/train/IMG_3584_2_JPG.rf.02d7fc910241180ad69b3c6079ab49b1.jpg","train/IMG_3584_2_JPG.rf.02d7fc910241180ad69b3c6079ab49b1",0,0,"algal_spot",0.540625,0.493750,0.661719,0.383594,134.250000,193.250000,557.750000,438.750000,1,0,0,"algal_spot",0.941078,138.506577,193.537643,565.675842,448.142975,427.169250,254.605331,108759.570313,0.935215
"f52b9678-8078-4b7d-af43-c24a75b3e0a9",19,"9729876d-94a4-4820-9ff0-d08d544db4ac","benchmark/train/PXL_20240125_123055282_jpg.rf.2b912bc046486469b3065812c9e63a42.jpg","train/PXL_20240125_123055282_jpg.rf.2b912bc046486469b3065812c9e63a42",0,2,"healthy",0.446875,0.475000,0.457031,0.785156,139.750000,52.749996,432.250000,555.250000,1,0,2,"healthy",0.942192,139.714737,39.757751,433.883728,549.689087,294.169006,509.931335,150006.000000,0.958598
"f52b9678-8078-4b7d-af43-c24a75b3e0a9",19,"9729876d-94a4-4820-9ff0-d08d544db4ac","benchmark/train/PXL_20240125_123055282_jpg.rf.2b912bc046486469b3065812c9e63a42.jpg","train/PXL_20240125_123055282_jpg.rf.2b912bc046486469b3065812c9e63a42",1,2,"healthy",0.797656,0.414063,0.404687,0.806250,381.000000,7.000008,639.000000,523.000000,1,1,2,"healthy",0.865408,372.877625,5.568420,639.000000,527.213867,266.122375,521.645447,138821.531250,0.958987
"f52b9678-8078-4b7d-af43-c24a75b3e0a9",20,"64950d51-b45b-402c-9aa9-fe28d8b5b124","benchmark/train/1736_jpg.rf.f8441d3107a6ef9d688f73ee288701eb.jpg","train/1736_jpg.rf.f8441d3107a6ef9d688f73ee288701eb",0,4,"phoma",0.493750,0.458594,0.967969,0.584375,6.250000,106.500000,625.750000,480.500031,1,0,4,"phoma",0.945792,0.000000,109.134430,636.486511,480.320007,636.486511,371.185577,236254.609375,0.966182
"f52b9678-8078-4b7d-af43-c24a75b3e0a9",21,"a5da60a9-fd57-4a25-a10b-0e1b4b4f8b29","benchmark/valid/677_jpg.rf.a9c1b9e63174178b69dfb8a009df7f75.jpg","valid/677_jpg.rf.a9c1b9e63174178b69dfb8a009df7f75",0,4,"phoma",0.518750,0.498437,0.696094,0.689062,109.250015,98.500000,554.750000,539.500000,1,0,4,"phoma",0.962055,106.230331,95.439255,552.687134,534.592163,446.456787,439.152893,196062.796875,0.971030
"f52b9678-8078-4b7d-af43-c24a75b3e0a9",22,"9151c567-d7c7-40c6-a297-077251a8b20f","benchmark/train/IMG_2627_2_JPG.rf.069cc0d5b0386ae544a2393dd462d283.jpg","train/IMG_2627_2_JPG.rf.069cc0d5b0386ae544a2393dd462d283",0,1,"brown_eye_spot",0.485938,0.551562,0.710156,0.799219,83.750000,97.249985,538.250000,608.750000,1,0,1,"brown_eye_spot",0.920632,81.757462,98.563721,535.857239,610.090820,454.099792,511.527100,232284.343750,0.985292
"f52b9678-8078-4b7d-af43-c24a75b3e0a9",23,"3fdad809-645c-452d-a91e-a030d2cb2f59","benchmark/valid/IMG_2247_JPG.rf.13f2a63ea77e3331ffb1ebadbe010308.jpg","valid/IMG_2247_JPG.rf.13f2a63ea77e3331ffb1ebadbe010308",0,3,"miner",0.471875,0.493750,0.658594,0.971094,91.250000,5.249996,512.750000,626.750000,1,0,3,"miner",0.935463,89.583893,0.000000,508.413422,614.696106,418.829529,614.696106,257452.875000,0.958752
"f52b9678-8078-4b7d-af43-c24a75b3e0a9",24,"5aa4f2e4-5f99-40c0-bd22-5c2ba881d58f","benchmark/valid/IMG_2805_2_JPG.rf.644bfd8d659e1571888ece1a23d9f4a6.jpg","valid/IMG_2805_2_JPG.rf.644bfd8d659e1571888ece1a23d9f4a6",0,5,"powdery_mildew",0.600000,0.552344,0.549219,0.776563,208.250000,104.999985,559.750000,602.000000,1,0,5,"powdery_mildew",0.907373,209.126663,107.301239,562.846008,611.043518,353.719360,503.742279,178183.390625,0.966711
"f52b9678-8078-4b7d-af43-c24a75b3e0a9",25,"09bed6b0-494a-4b8b-a9e7-6970b8865a37","benchmark/train/IMG_2403_1_JPG.rf.dde70f55dba1b4b83951b3292c0022b4.jpg","train/IMG_2403_1_JPG.rf.dde70f55dba1b4b83951b3292c0022b4",0,1,"brown_eye_spot",0.538281,0.668750,0.704687,0.308594,119.000015,329.250000,570.000000,526.750000,1,1,1,"brown_eye_spot",0.583415,111.648315,325.940338,563.883545,523.239075,452.235229,197.298737,89225.437500,0.938118
"f52b9678-8078-4b7d-af43-c24a75b3e0a9",25,"09bed6b0-494a-4b8b-a9e7-6970b8865a37","benchmark/train/IMG_2403_1_JPG.rf.dde70f55dba1b4b83951b3292c0022b4.jpg","train/IMG_2403_1_JPG.rf.dde70f55dba1b4b83951b3292c0022b4",1,3,"miner",0.579687,0.344531,0.514844,0.357812,206.249985,105.999992,535.750000,335.000000,1,0,3,"miner",0.913575,207.377197,105.526642,536.543091,331.758606,329.165894,226.231964,74467.843750,0.978132
"f52b9678-8078-4b7d-af43-c24a75b3e0a9",26,"9e192ce0-9344-4abf-86c0-56da01f80659","benchmark/train/IMG_3409_JPG.rf.ef0ad4fd0ae909f6415e15bc8e63077b.jpg","train/IMG_3409_JPG.rf.ef0ad4fd0ae909f6415e15bc8e63077b",0,3,"miner",0.561719,0.439063,0.764844,0.596094,114.750000,90.250000,604.250000,471.750031,1,0,3,"miner",0.920324,99.985855,87.504822,584.565552,472.498444,484.579712,384.993622,186560.093750,0.923558
"f52b9678-8078-4b7d-af43-c24a75b3e0a9",27,"72a9ad85-73a9-47aa-9f46-6b4b73f3f1ad","benchmark/train/412_jpg.rf.dc09806da436f24fcb55de8ded5f9bc8.jpg","train/412_jpg.rf.dc09806da436f24fcb55de8ded5f9bc8",0,4,"phoma",0.499219,0.524219,0.806250,0.634375,61.500015,132.500000,577.500000,538.500000,1,0,4,"phoma",0.966730,61.951904,128.309464,575.058350,534.912354,513.106445,406.602905,208630.578125,0.975592
"f52b9678-8078-4b7d-af43-c24a75b3e0a9",28,"4ced21a1-17a0-41a6-8785-631c62b1ef15","benchmark/train/IMG_3622_2_JPG.rf.c24c2668e918966945249cf8a31a79ad.jpg","train/IMG_3622_2_JPG.rf.c24c2668e918966945249cf8a31a79ad",0,0,"algal_spot",0.543750,0.446094,0.662500,0.667188,135.999985,71.999985,560.000000,499.000000,1,0,0,"algal_spot",0.939489,126.337219,79.889786,562.239258,484.969299,435.902039,405.079529,176575.000000,0.924057
"f52b9678-8078-4b7d-af43-c24a75b3e0a9",29,"fc5f250b-414f-4bfa-aca0-fc7648fcd9a9","benchmark/train/IMG_3431_2_JPG.rf.668e451559d6597b7666c0b57dfc09ff.jpg","train/IMG_3431_2_JPG.rf.668e451559d6597b7666c0b57dfc09ff",0,3,"miner",0.521094,0.412500,0.751562,0.342187,92.999992,154.500000,574.000000,373.500000,1,0,3,"miner",0.901462,81.810715,152.374283,581.697449,377.903564,499.886719,225.529282,112739.093750,0.934361
"f52b9678-8078-4b7d-af43-c24a75b3e0a9",30,"2855f72e-36cb-4221-902e-42e8ab8a1fdf","benchmark/train/1324_jpg.rf.6e4d5541125a232fa6c8973f89fff59d.jpg","train/1324_jpg.rf.6e4d5541125a232fa6c8973f89fff59d",0,2,"healthy",0.493750,0.485156,0.916406,0.713281,22.749996,82.249985,609.250000,538.750000,1,0,2,"healthy",0.933224,25.587921,91.127060,605.044373,534.895203,579.456421,443.768127,257144.296875,0.960435
"f52b9678-8078-4b7d-af43-c24a75b3e0a9",31,"a32f4d8e-7139-4064-b3ae-912b8100edd2","benchmark/train/IMG_2717_JPG.rf.bb6bfd47039860a7aeb5e4dd5981dc43.jpg","train/IMG_2717_JPG.rf.bb6bfd47039860a7aeb5e4dd5981dc43",0,0,"algal_spot",0.440625,0.533594,0.665625,0.545313,69.000015,167.000000,495.000000,516.000000,1,0,0,"algal_spot",0.950962,79.383591,162.670975,492.678894,517.244385,413.295288,354.573425,146543.531250,0.955375
"f52b9678-8078-4b7d-af43-c24a75b3e0a9",32,"926e0142-8462-49ee-bdb3-874ed7f9faeb","benchmark/train/IMG_3450_2_JPG.rf.bb129aa13c657a8eb0347089468bbb43.jpg","train/IMG_3450_2_JPG.rf.bb129aa13c657a8eb0347089468bbb43",0,3,"miner",0.462500,0.503906,0.818750,0.333594,33.999996,215.750000,558.000000,429.250000,1,0,3,"miner",0.926918,30.644073,212.830902,567.944031,423.313202,537.299927,210.482300,113092.125000,0.935975
"f52b9678-8078-4b7d-af43-c24a75b3e0a9",33,"02b371aa-846b-4b57-96fd-49b600d8c85d","benchmark/valid/1005_jpg.rf.02dd7b869b76135ce889744b49d9927d.jpg","valid/1005_jpg.rf.02dd7b869b76135ce889744b49d9927d",0,4,"phoma",0.507031,0.457031,0.940625,0.645312,23.500004,86.000000,625.500000,499.000000,1,0,4,"phoma",0.926923,20.694611,80.484863,625.277222,500.842468,604.582642,420.357605,254140.906250,0.977584
"f52b9678-8078-4b7d-af43-c24a75b3e0a9",34,"10bd72fe-5550-4108-a6ef-9aeecf33deaf","benchmark/valid/IMG_3013_1_JPG.rf.a6fe89e8b31a233af226ba34afe2f47d.jpg","valid/IMG_3013_1_JPG.rf.a6fe89e8b31a233af226ba34afe2f47d",0,3,"miner",0.487500,0.608594,0.664844,0.457812,99.250015,243.000015,524.750000,536.000000,1,0,3,"miner",0.826139,101.150269,234.169296,516.430786,531.344971,415.280518,297.175659,123411.257813,0.933031
"f52b9678-8078-4b7d-af43-c24a75b3e0a9",35,"d37cd12f-abba-4111-8af2-6bd9e95f99cf","benchmark/train/IMG_2723_JPG.rf.b555c84e60eab3edc2daadce05b4d0ad.jpg","train/IMG_2723_JPG.rf.b555c84e60eab3edc2daadce05b4d0ad",0,0,"algal_spot",0.534375,0.457812,0.439844,0.569531,201.250000,110.749985,482.750000,475.250000,1,0,0,"algal_spot",0.943402,199.924515,108.917221,504.248291,472.849701,304.323792,363.932495,110753.320313,0.914763
"f52b9678-8078-4b7d-af43-c24a75b3e0a9",36,"4d39b29c-307e-49b9-a22e-d67affce7cfe","benchmark/train/IMG_3299_2_JPG.rf.f8700547182ea431d778403f9b690453.jpg","train/IMG_3299_2_JPG.rf.f8700547182ea431d778403f9b690453",0,1,"brown_eye_spot",0.539844,0.415625,0.610937,0.631250,150.000000,63.999996,541.000000,468.000031,1,0,1,"brown_eye_spot",0.928570,151.840378,59.939651,535.513916,467.377747,383.673523,407.438110,156323.218750,0.970183
"f52b9678-8078-4b7d-af43-c24a75b3e0a9",37,"36da0d9c-cc76-4495-97b8-a997d8304a30","benchmark/train/IMG_2469_2_JPG.rf.69c3a911ec76207154985b26558895cf.jpg","train/IMG_2469_2_JPG.rf.69c3a911ec76207154985b26558895cf",0,5,"powdery_mildew",0.692187,0.457812,0.353125,0.581250,330.000000,106.999985,556.000000,479.000000,1,1,5,"powdery_mildew",0.914253,327.393158,105.051056,553.566345,478.974609,226.173187,373.923553,84571.484375,0.972843
"f52b9678-8078-4b7d-af43-c24a75b3e0a9",37,"36da0d9c-cc76-4495-97b8-a997d8304a30","benchmark/train/IMG_2469_2_JPG.rf.69c3a911ec76207154985b26558895cf.jpg","train/IMG_2469_2_JPG.rf.69c3a911ec76207154985b26558895cf",1,5,"powdery_mildew",0.368750,0.518750,0.393750,0.527344,110.000000,163.250000,362.000000,500.750000,1,0,5,"powdery_mildew",0.930368,100.283142,168.546295,356.608826,494.331665,256.325684,325.785370,83507.156250,0.910741
"f52b9678-8078-4b7d-af43-c24a75b3e0a9",38,"8c6736e0-a536-47d3-a018-92e466155480","benchmark/valid/IMG_2239_2_JPG.rf.21d8aad54649f9b76bb3e1ba27c58809.jpg","valid/IMG_2239_2_JPG.rf.21d8aad54649f9b76bb3e1ba27c58809",0,3,"miner",0.596875,0.431250,0.688281,0.496094,161.750015,117.250000,602.250000,434.750000,1,0,3,"miner",0.936765,162.934616,114.510742,606.651428,427.381836,443.716797,312.871094,138826.156250,0.956518
"f52b9678-8078-4b7d-af43-c24a75b3e0a9",39,"e91caf66-d6fc-4d4b-93ec-f063553213a7","benchmark/train/IMG_2381_2_JPG.rf.0c880fbb24514ea59ae6d470a95d3e89.jpg","train/IMG_2381_2_JPG.rf.0c880fbb24514ea59ae6d470a95d3e89",0,0,"algal_spot",0.462500,0.567187,0.434375,0.581250,157.000000,176.999985,435.000000,549.000000,1,0,0,"algal_spot",0.960413,157.932281,184.725677,432.856232,532.958496,274.923950,348.232819,95737.539063,0.925752
"f52b9678-8078-4b7d-af43-c24a75b3e0a9",40,"b14481e9-95cb-4a95-9be0-e37eb29da712","benchmark/train/IMG_2345_JPG.rf.660cf4c38c9b2b2c4f09c3eb99823089.jpg","train/IMG_2345_JPG.rf.660cf4c38c9b2b2c4f09c3eb99823089",0,3,"miner",0.454688,0.518750,0.586719,0.919531,103.250008,37.750015,478.750000,626.250000,1,0,3,"miner",0.934306,108.630676,45.063660,479.795776,613.229553,371.165100,568.165894,210883.343750,0.949061
"f52b9678-8078-4b7d-af43-c24a75b3e0a9",41,"33672433-6e2f-4c76-8411-5ffec85e0f2a","benchmark/train/IMG_2927_2_JPG.rf.0103abb3cacaa745632dd8de3b269275.jpg","train/IMG_2927_2_JPG.rf.0103abb3cacaa745632dd8de3b269275",0,1,"brown_eye_spot",0.448438,0.484375,0.564844,0.700781,106.250000,85.750008,467.750000,534.250000,1,0,1,"brown_eye_spot",0.944421,107.677078,77.155853,470.925446,537.020935,363.248352,459.865082,167045.234375,0.963070
"f52b9678-8078-4b7d-af43-c24a75b3e0a9",42,"684bfa90-e913-4b65-959d-df25239d1c91","benchmark/train/IMG_3105_JPG.rf.9e6969a6f53a066982e0c37458f03c82.jpg","train/IMG_3105_JPG.rf.9e6969a6f53a066982e0c37458f03c82",0,4,"phoma",0.545313,0.539063,0.841406,0.662500,79.750023,133.000000,618.250000,557.000000,1,0,4,"phoma",0.682460,70.302246,123.027496,622.863770,556.642578,552.561523,433.615082,239599.015625,0.951375
"f52b9678-8078-4b7d-af43-c24a75b3e0a9",43,"e2510aeb-4c82-4bff-b358-b2ef7f4ea18f","benchmark/train/IMG_3605_JPG.rf.7e9075652d20675db92e9a6c4efc504c.jpg","train/IMG_3605_JPG.rf.7e9075652d20675db92e9a6c4efc504c",0,0,"algal_spot",0.483594,0.379687,0.757813,0.357031,67.000008,128.749985,552.000000,357.250000,1,0,0,"algal_spot",0.915597,63.502258,135.469849,560.086731,352.445679,496.584473,216.975830,107746.828125,0.928507
"f52b9678-8078-4b7d-af43-c24a75b3e0a9",44,"eb5073d7-7d25-4a1a-9e4f-e27272864d03","benchmark/train/IMG_3095_2_JPG.rf.4201f4d0417320f87ef24e9d4bffd55a.jpg","train/IMG_3095_2_JPG.rf.4201f4d0417320f87ef24e9d4bffd55a",0,4,"phoma",0.541406,0.532812,0.685938,0.860156,127.000008,65.749985,566.000000,616.250000,1,0,4,"phoma",0.939979,134.551697,60.054749,566.192383,614.143799,431.640686,554.089050,239167.375000,0.968761
"f52b9678-8078-4b7d-af43-c24a75b3e0a9",45,"6d43b8ab-b8ff-4acd-a3c9-64ecd71d6062","benchmark/train/IMG_2432_JPG.rf.a74af9b0c11d74219baf6243b92e7c05.jpg","train/IMG_2432_JPG.rf.a74af9b0c11d74219baf6243b92e7c05",0,3,"miner",0.423438,0.540625,0.833594,0.337500,4.250011,238.000000,537.750000,453.999969,1,0,3,"miner",0.872050,0.000000,239.853867,538.813354,457.330811,538.813354,217.476944,117179.484375,0.966814
"f52b9678-8078-4b7d-af43-c24a75b3e0a9",46,"965913eb-950d-49b2-bbf0-45335d19b79d","benchmark/train/IMG_3353_1_JPG.rf.211b3b80a2b07b4c0158e09ec1294101.jpg","train/IMG_3353_1_JPG.rf.211b3b80a2b07b4c0158e09ec1294101",0,1,"brown_eye_spot",0.513281,0.604688,0.351563,0.606250,215.999985,193.000015,441.000000,581.000000,1,0,1,"brown_eye_spot",0.944886,203.877777,196.265076,439.072388,582.468933,235.194611,386.203857,90833.062500,0.929741
"f52b9678-8078-4b7d-af43-c24a75b3e0a9",47,"9680af94-a27f-4af5-af00-0ac1ad9b8a83","benchmark/train/PXL_20240124_142813589_jpg.rf.ffa27c752f77f1e4307ab827c922cc4e.jpg","train/PXL_20240124_142813589_jpg.rf.ffa27c752f77f1e4307ab827c922cc4e",0,2,"healthy",0.314063,0.469531,0.621875,0.928906,2.000008,3.249989,400.000000,597.750000,1,0,2,"healthy",0.950190,0.000000,0.000000,396.000519,591.563354,396.000519,591.563354,234259.390625,0.969554
"f52b9678-8078-4b7d-af43-c24a75b3e0a9",48,"8e838b77-c457-4ec5-9323-a5daf3a03597","benchmark/valid/IMG_2391_JPG.rf.b6e499fd6ef6e99ed8f24722bc2823c8.jpg","valid/IMG_2391_JPG.rf.b6e499fd6ef6e99ed8f24722bc2823c8",0,1,"brown_eye_spot",0.542969,0.513281,0.517187,0.742188,182.000000,90.999985,513.000000,566.000000,1,0,1,"brown_eye_spot",0.944396,180.658691,80.201447,514.471375,563.080322,333.812683,482.878876,161191.093750,0.963622
"f52b9678-8078-4b7d-af43-c24a75b3e0a9",49,"29b19b53-9a8e-4966-9718-5876da962333","benchmark/train/724_jpg.rf.596abb38ae7e3e09aeaada33ec2f8cb4.jpg","train/724_jpg.rf.596abb38ae7e3e09aeaada33ec2f8cb4",0,4,"phoma",0.487500,0.484375,0.853125,0.614844,39.000015,113.250008,585.000000,506.750000,1,0,4,"phoma",0.962058,36.054932,111.363281,585.930298,505.423004,549.875366,394.059723,216683.734375,0.984905
"f52b9678-8078-4b7d-af43-c24a75b3e0a9",50,"334d45c5-c3c0-42d5-8738-9d466549fb13","benchmark/train/IMG_20240125_121523_437_jpg.rf.4d791c30eaa949fa5f256e4d550c7edf.jpg","train/IMG_20240125_121523_437_jpg.rf.4d791c30eaa949fa5f256e4d550c7edf",0,2,"healthy",0.459375,0.482812,0.398438,0.687500,166.500000,89.000000,421.500000,529.000000,1,0,2,"healthy",0.936597,162.988190,81.352722,427.074219,528.585938,264.086029,447.233215,118108.046875,0.948236
"f52b9678-8078-4b7d-af43-c24a75b3e0a9",50,"334d45c5-c3c0-42d5-8738-9d466549fb13","benchmark/train/IMG_20240125_121523_437_jpg.rf.4d791c30eaa949fa5f256e4d550c7edf.jpg","train/IMG_20240125_121523_437_jpg.rf.4d791c30eaa949fa5f256e4d550c7edf",1,2,"healthy",0.649219,0.219531,0.128906,0.269531,374.250000,54.250000,456.750000,226.750000,0,,,,,,,,,,,,0.000000
"f52b9678-8078-4b7d-af43-c24a75b3e0a9",51,"3b935256-b19a-4044-8a1f-963900518e8f","benchmark/test/IMG_2299_2_JPG.rf.d1d12829b3692de5cb686b9d1555c6fb.jpg","test/IMG_2299_2_JPG.rf.d1d12829b3692de5cb686b9d1555c6fb",0,1,"brown_eye_spot",0.622656,0.489062,0.410937,0.788281,267.000000,60.749989,530.000000,565.250000,1,0,1,"brown_eye_spot",0.468261,267.750732,66.910767,526.469604,555.748169,258.718872,488.837402,126471.460938,0.953182
"f52b9678-8078-4b7d-af43-c24a75b3e0a9",52,"7873cbec-702f-4d4a-99a8-1da4f1de0544","benchmark/train/IMG_2912_1_JPG.rf.c99221ecc2a2d9f3a706346edf13a9bf.jpg","train/IMG_2912_1_JPG.rf.c99221ecc2a2d9f3a706346edf13a9bf",0,0,"algal_spot",0.477344,0.448438,0.479688,0.678125,151.999985,70.000000,459.000000,504.000000,1,0,0,"algal_spot",0.590512,138.276001,68.050049,462.975922,598.334839,324.699921,530.284790,172183.421875,0.773814
"f52b9678-8078-4b7d-af43-c24a75b3e0a9",53,"f325bab8-633e-4173-a36a-c276d4be511d","benchmark/train/IMG_2766_1_JPG.rf.7af3d0eeb818c0f9c890a6741ce63e14.jpg","train/IMG_2766_1_JPG.rf.7af3d0eeb818c0f9c890a6741ce63e14",0,0,"algal_spot",0.429688,0.365625,0.780469,0.414844,25.249996,101.250000,524.750000,366.750000,1,0,0,"algal_spot",0.942510,16.430389,96.530167,526.911133,363.559265,510.480743,267.029114,136313.218750,0.950086
"f52b9678-8078-4b7d-af43-c24a75b3e0a9",54,"df7673e9-433e-4cf9-a0bb-59555fceda82","benchmark/valid/246_jpg.rf.ff90b08f55bcd4d634903725e7400164.jpg","valid/246_jpg.rf.ff90b08f55bcd4d634903725e7400164",0,4,"phoma",0.491406,0.567187,0.821094,0.725781,51.750011,130.749985,577.250000,595.250000,1,0,4,"phoma",0.970635,54.922913,130.095428,575.741455,587.734741,520.818542,457.639313,238347.046875,0.973696
"f52b9678-8078-4b7d-af43-c24a75b3e0a9",55,"6979b311-08e8-45ff-8fc5-49f78e4fd9c7","benchmark/train/IMG_3158_JPG.rf.97d9ead9633c92417bbb7f914f15c65c.jpg","train/IMG_3158_JPG.rf.97d9ead9633c92417bbb7f914f15c65c",0,1,"brown_eye_spot",0.456250,0.478125,0.506250,0.834375,130.000000,38.999996,454.000000,573.000000,1,0,1,"brown_eye_spot",0.931251,123.789978,25.116211,455.996735,580.626038,332.206757,555.509827,184544.125000,0.937532
"f52b9678-8078-4b7d-af43-c24a75b3e0a9",56,"646c772b-918d-4721-9583-c8abb5f4c2a7","benchmark/valid/IMG_3375_2_JPG.rf.179b80b3883728049164befcaa60c688.jpg","valid/IMG_3375_2_JPG.rf.179b80b3883728049164befcaa60c688",0,1,"brown_eye_spot",0.659375,0.493750,0.637500,0.705469,218.000015,90.250000,626.000000,541.750000,1,0,1,"brown_eye_spot",0.836037,208.288620,70.922165,625.829468,541.842590,417.540833,470.920410,196628.500000,0.936095
"f52b9678-8078-4b7d-af43-c24a75b3e0a9",57,"e6739209-ec97-4b4f-87a2-084120f2225a","benchmark/train/IMG_2632_2_JPG.rf.fe79d5f01b193654d30e19b1b7872499.jpg","train/IMG_2632_2_JPG.rf.fe79d5f01b193654d30e19b1b7872499",0,0,"algal_spot",0.432031,0.550000,0.557813,0.797656,97.999992,96.750015,455.000000,607.250000,1,0,0,"algal_spot",0.957654,92.870255,101.106934,452.804260,600.384521,359.934021,499.277588,179706.984375,0.958531
"f52b9678-8078-4b7d-af43-c24a75b3e0a9",58,"2bc4d7b5-8fb3-46a1-b354-368fc5064324","benchmark/train/IMG_3404_2_JPG.rf.8ba1522b16b72bc5e9d22ce806875124.jpg","train/IMG_3404_2_JPG.rf.8ba1522b16b72bc5e9d22ce806875124",0,3,"miner",0.484375,0.592969,0.864062,0.251563,33.500004,299.000000,586.500000,460.000000,1,0,3,"miner",0.838310,36.659302,299.076721,557.748169,456.480347,521.088867,157.403625,82021.273438,0.921246
"f52b9678-8078-4b7d-af43-c24a75b3e0a9",59,"5b95f9cf-6533-4ddd-9dde-c3a3e2673aac","benchmark/train/IMG_2823_1_JPG.rf.fad110d83d33b69932af43ef875d316d.jpg","train/IMG_2823_1_JPG.rf.fad110d83d33b69932af43ef875d316d",0,5,"powdery_mildew",0.492188,0.526563,0.753906,0.535156,73.750000,165.750000,556.250000,508.250000,1,0,5,"powdery_mildew",0.957624,65.169220,169.663635,564.395630,503.025757,499.226410,333.362122,166423.171875,0.941551
"f52b9678-8078-4b7d-af43-c24a75b3e0a9",60,"5ae49831-73e1-4a46-8741-91cc2513017b","benchmark/test/1417_jpg.rf.b8b351c59ee52b6dbdcd7074f13305ca.jpg","test/1417_jpg.rf.b8b351c59ee52b6dbdcd7074f13305ca",0,2,"healthy",0.503906,0.596875,0.967188,0.636719,12.999992,178.250000,632.000000,585.750000,1,0,2,"healthy",0.898965,18.517883,183.893219,632.744873,575.512634,614.226990,391.619415,240543.218750,0.951362
"f52b9678-8078-4b7d-af43-c24a75b3e0a9",61,"abdf2011-5c6d-4d6b-982a-28e2a7f826fd","benchmark/test/IMG_2790_1_JPG.rf.6bd20f1bc5761ab522d6e50d6026bdd6.jpg","test/IMG_2790_1_JPG.rf.6bd20f1bc5761ab522d6e50d6026bdd6",0,3,"miner",0.503906,0.491406,0.379687,0.932813,201.000000,16.000004,444.000000,613.000000,1,0,3,"miner",0.918667,199.402710,20.816223,449.264771,613.567993,249.862061,592.751770,148106.171875,0.963987
"f52b9678-8078-4b7d-af43-c24a75b3e0a9",62,"e3e99d4b-78c4-424d-99f1-43db8423794b","benchmark/train/IMG_3600_2_JPG.rf.27596eb9712902c4a15683e0045fd286.jpg","train/IMG_3600_2_JPG.rf.27596eb9712902c4a15683e0045fd286",0,0,"algal_spot",0.495313,0.590625,0.769531,0.353125,70.750008,265.000000,563.250000,491.000000,1,0,0,"algal_spot",0.939195,52.110413,266.537842,572.076294,492.014832,519.965881,225.476990,117240.343750,0.936862
"f52b9678-8078-4b7d-af43-c24a75b3e0a9",63,"2a3c0aa4-bbe2-4cad-b8cc-28c0e0ceef49","benchmark/train/IMG_2637_2_JPG.rf.e9349f8b6acd570134e06ee1b6a03018.jpg","train/IMG_2637_2_JPG.rf.e9349f8b6acd570134e06ee1b6a03018",0,1,"brown_eye_spot",0.644531,0.499219,0.592188,0.660937,223.000000,108.000015,602.000000,531.000000,1,0,1,"brown_eye_spot",0.852628,232.293472,114.455856,604.103638,526.507446,371.810181,412.051575,153204.968750,0.945121
"f52b9678-8078-4b7d-af43-c24a75b3e0a9",64,"c000dfd9-3d77-4883-a03e-09ae03d257c4","benchmark/train/IMG_2842_JPG.rf.23b1cc7d6d381ac98ab0b4edf6b2058a.jpg","train/IMG_2842_JPG.rf.23b1cc7d6d381ac98ab0b4edf6b2058a",0,5,"powdery_mildew",0.536719,0.510938,0.751562,0.503125,102.999992,166.000000,584.000000,488.000031,1,0,5,"powdery_mildew",0.929981,105.164627,168.998962,575.988159,474.140991,470.823547,305.142029,143668.046875,0.927597
"f52b9678-8078-4b7d-af43-c24a75b3e0a9",65,"68cae095-4879-4edc-b8ba-474b4e87c72c","benchmark/train/IMG_2635_JPG.rf.26f0a03ca571f3aa6047eed35b872449.jpg","train/IMG_2635_JPG.rf.26f0a03ca571f3aa6047eed35b872449",0,1,"brown_eye_spot",0.510156,0.543750,0.667188,0.594531,113.000015,157.750000,540.000000,538.250000,1,0,1,"brown_eye_spot",0.946568,106.290710,163.183472,541.333984,530.124023,435.043274,366.940552,159635.015625,0.947159
"f52b9678-8078-4b7d-af43-c24a75b3e0a9",66,"169cca92-598b-4414-ad8c-0217356fcc8b","benchmark/valid/IMG_3103_2_JPG.rf.4d57f16adaaccf32f37410460525fb0c.jpg","valid/IMG_3103_2_JPG.rf.4d57f16adaaccf32f37410460525fb0c",0,4,"phoma",0.457031,0.573438,0.485938,0.721875,137.000000,136.000000,448.000000,598.000000,1,0,4,"phoma",0.960902,131.194672,133.947357,451.715576,612.244019,320.520905,478.296661,153304.078125,0.937235
"f52b9678-8078-4b7d-af43-c24a75b3e0a9",67,"9612837f-1993-4f5c-b6d8-af7d491adb53","benchmark/valid/IMG_2478_2_JPG.rf.2239506ef1063050778e3284aa911c75.jpg","valid/IMG_2478_2_JPG.rf.2239506ef1063050778e3284aa911c75",0,3,"miner",0.428906,0.534375,0.404687,0.874219,145.000015,62.250004,404.000000,621.750000,1,0,3,"miner",0.902364,135.897842,61.706604,399.812256,617.239868,263.914429,555.533264,146613.250000,0.942125
"f52b9678-8078-4b7d-af43-c24a75b3e0a9",68,"30db3c00-2b9d-48a5-abe4-3bb338fa00fd","benchmark/valid/IMG_2765_1_JPG.rf.ee0fb442db264270f724d5dfe73add89.jpg","valid/IMG_2765_1_JPG.rf.ee0fb442db264270f724d5dfe73add89",0,0,"algal_spot",0.519531,0.425000,0.782812,0.356250,82.000008,158.000015,583.000000,386.000000,1,0,0,"algal_spot",0.942099,65.437286,151.592926,592.428101,384.682312,526.990845,233.089386,122835.968750,0.919606
"f52b9678-8078-4b7d-af43-c24a75b3e0a9",69,"c2e503d9-4725-4a1b-9b02-f16c5756d675","benchmark/train/IMG_2366_1_JPG.rf.00bd3405a8891cecabc569af161f5b73.jpg","train/IMG_2366_1_JPG.rf.00bd3405a8891cecabc569af161f5b73",0,0,"algal_spot",0.489062,0.493750,0.885156,0.360156,29.749985,200.750000,596.250000,431.250000,1,0,0,"algal_spot",0.916248,33.779602,198.609558,594.574463,429.231934,560.794861,230.622375,129331.843750,0.972324
"f52b9678-8078-4b7d-af43-c24a75b3e0a9",70,"46140387-6cfc-4205-8f69-759ce53d752b","benchmark/valid/IMG_3199_1_JPG.rf.bd5c0d144686752da749f957932d0e49.jpg","valid/IMG_3199_1_JPG.rf.bd5c0d144686752da749f957932d0e49",0,1,"brown_eye_spot",0.540625,0.460938,0.633594,0.774219,143.249985,47.250004,548.750000,542.750000,1,0,1,"brown_eye_spot",0.944559,149.802551,52.332123,550.632690,534.275208,400.830139,481.943085,193177.312500,0.952621
"f52b9678-8078-4b7d-af43-c24a75b3e0a9",71,"46bd2840-df80-48a8-ba4a-4d31582b1ea5","benchmark/train/IMG_2630_1_JPG.rf.a748c71783b729c5afa50aedc63fd963.jpg","train/IMG_2630_1_JPG.rf.a748c71783b729c5afa50aedc63fd963",0,0,"algal_spot",0.526563,0.535937,0.667969,0.750781,123.250008,102.750000,550.750000,583.250000,1,0,0,"algal_spot",0.923657,114.687592,90.225052,553.729004,587.321838,439.041412,497.096802,218246.078125,0.941203
"f52b9678-8078-4b7d-af43-c24a75b3e0a9",72,"11015a47-b1eb-4eed-981c-b483b3f7a364","benchmark/train/IMG_2693_JPG.rf.9473ced0e50db2d729cf73fba83932c8.jpg","train/IMG_2693_JPG.rf.9473ced0e50db2d729cf73fba83932c8",0,3,"miner",0.497656,0.560156,0.539063,0.704687,146.000000,133.000000,491.000000,584.000000,1,0,3,"miner",0.929332,146.839279,128.668350,489.563293,592.927063,342.723999,464.258728,159112.609375,0.965214
"f52b9678-8078-4b7d-af43-c24a75b3e0a9",73,"be3d7a3b-c2cd-41e8-b7f1-5999dc72dbf8","benchmark/train/IMG_3238_JPG.rf.f5ee5ab852956f12250318768364639e.jpg","train/IMG_3238_JPG.rf.f5ee5ab852956f12250318768364639e",0,3,"miner",0.532031,0.390625,0.879687,0.261719,58.999996,166.250000,622.000000,333.750000,1,0,3,"miner",0.923815,30.563782,163.094269,639.000000,327.791595,608.436218,164.697327,100207.820313,0.878195
"f52b9678-8078-4b7d-af43-c24a75b3e0a9",74,"3476a3fd-6913-47d6-8b32-09dddbd9ebb5","benchmark/train/IMG_3355_1_JPG.rf.019be5777d1a73a9d4defc2d5621c8bd.jpg","train/IMG_3355_1_JPG.rf.019be5777d1a73a9d4defc2d5621c8bd",0,1,"brown_eye_spot",0.544531,0.571875,0.595312,0.496094,158.000000,207.249985,539.000000,524.750000,1,0,1,"brown_eye_spot",0.930734,166.123978,212.581573,538.731567,515.394470,372.607605,302.812897,112830.390625,0.932733
"f52b9678-8078-4b7d-af43-c24a75b3e0a9",75,"6f4b2ae0-963d-4210-bd5f-dab94d556ee0","benchmark/test/1019_jpg.rf.460fb87063cdb884063d77539ba50253.jpg","test/1019_jpg.rf.460fb87063cdb884063d77539ba50253",0,2,"healthy",0.529688,0.512500,0.734375,0.670313,104.000015,113.499985,574.000000,542.500000,1,0,2,"healthy",0.956583,108.003067,117.317154,572.714966,536.763977,464.711914,419.446838,194921.937500,0.966731
"f52b9678-8078-4b7d-af43-c24a75b3e0a9",76,"aa6dec9f-f913-4ed9-87ba-34dd885c7549","benchmark/train/IMG_2914_JPG.rf.fb0a19c6b64253eefedd5da30c50f0b2.jpg","train/IMG_2914_JPG.rf.fb0a19c6b64253eefedd5da30c50f0b2",0,1,"brown_eye_spot",0.482812,0.492969,0.628125,0.776563,107.999992,66.999985,510.000000,564.000000,1,0,1,"brown_eye_spot",0.915649,115.730362,54.752411,510.503662,583.362183,394.773315,528.609741,208681.015625,0.922027
"f52b9678-8078-4b7d-af43-c24a75b3e0a9",77,"1c5a88b1-8ca8-4c27-a13b-80fdf1d1fd1e","benchmark/test/750_jpg.rf.fe5679e3a06257fe58b5e810e7172731.jpg","test/750_jpg.rf.fe5679e3a06257fe58b5e810e7172731",0,2,"healthy",0.524219,0.497656,0.778125,0.520312,86.500000,152.000000,584.500000,485.000000,0,,,,,,,,,,,,0.000000
"f52b9678-8078-4b7d-af43-c24a75b3e0a9",78,"5d92a0d7-6173-46d8-aacf-25d6a082d3c5","benchmark/train/269_jpg.rf.03b57fcba14ab87894ddf6221c61ae06.jpg","train/269_jpg.rf.03b57fcba14ab87894ddf6221c61ae06",0,4,"phoma",0.514844,0.492969,0.713281,0.586719,101.250000,127.750000,557.750000,503.249969,1,0,4,"phoma",0.964329,103.967010,123.306946,551.569214,509.784546,447.602203,386.477600,172988.218750,0.953186
"f52b9678-8078-4b7d-af43-c24a75b3e0a9",79,"45ee9ead-1b76-4ef8-9886-b7b86c97f85c","benchmark/test/1431_jpg.rf.c6e6115ec0856c0e3a44b5351343a4a9.jpg","test/1431_jpg.rf.c6e6115ec0856c0e3a44b5351343a4a9",0,2,"healthy",0.537500,0.527344,0.917969,0.824219,50.250015,73.750000,637.750000,601.250000,1,0,2,"healthy",0.931896,45.526123,72.523132,634.753174,592.592773,589.227051,520.069641,306439.093750,0.968651
"f52b9678-8078-4b7d-af43-c24a75b3e0a9",80,"39a6b3cf-1614-4ec3-9182-bd34b6af0279","benchmark/valid/IMG_2903_1_JPG.rf.622f00a5efd4e91dcbd1a00fcf456542.jpg","valid/IMG_2903_1_JPG.rf.622f00a5efd4e91dcbd1a00fcf456542",0,3,"miner",0.373437,0.498437,0.622656,0.715625,39.750004,90.000000,438.249969,548.000000,1,0,3,"miner",0.909519,18.192337,86.211914,435.013062,632.852661,416.820740,546.640747,227851.203125,0.789376
"f52b9678-8078-4b7d-af43-c24a75b3e0a9",81,"8eae87f2-d23f-4e79-a9be-cc38dc977de9","benchmark/train/484_jpg.rf.4024e04e71e8e939dc4bf41e6145b830.jpg","train/484_jpg.rf.4024e04e71e8e939dc4bf41e6145b830",0,4,"phoma",0.538281,0.537500,0.614844,0.606250,147.750015,150.000015,541.250000,538.000000,1,0,4,"phoma",0.967662,142.735321,145.580688,534.697388,533.343628,391.962067,387.762939,151988.359375,0.948835
"f52b9678-8078-4b7d-af43-c24a75b3e0a9",82,"577148c8-4cc4-418d-98b3-8cabfff84150","benchmark/train/IMG_2374_JPG.rf.48bf9a7791556e44008f65cb965ad01f.jpg","train/IMG_2374_JPG.rf.48bf9a7791556e44008f65cb965ad01f",0,1,"brown_eye_spot",0.481250,0.569531,0.618750,0.804688,110.000000,107.000008,506.000000,622.000000,1,0,1,"brown_eye_spot",0.928067,110.604874,110.878540,510.126678,614.463501,399.521790,503.584961,201193.171875,0.966493
"f52b9678-8078-4b7d-af43-c24a75b3e0a9",83,"0bd34b3d-1a38-4f93-8e3d-9831b54998e2","benchmark/train/IMG_3580_JPG.rf.64a9f80f8eac44c288ce879efa221093.jpg","train/IMG_3580_JPG.rf.64a9f80f8eac44c288ce879efa221093",0,0,"algal_spot",0.445313,0.464063,0.652344,0.287500,76.250000,205.000000,493.750000,389.000000,1,0,0,"algal_spot",0.935050,77.635010,200.820114,482.643219,390.404114,405.008209,189.584000,76783.078125,0.942337
"f52b9678-8078-4b7d-af43-c24a75b3e0a9",84,"f843d407-29fb-4532-bc72-e90415391bde","benchmark/train/IMG_3240_1_JPG.rf.8fda625fcbb1c15c082cfd0e836ef473.jpg","train/IMG_3240_1_JPG.rf.8fda625fcbb1c15c082cfd0e836ef473",0,3,"miner",0.512500,0.650000,0.521875,0.483594,160.999985,261.249969,495.000000,570.750000,1,0,3,"miner",0.855323,161.973419,258.250000,492.091370,565.465088,330.117950,307.215088,101417.218750,0.962281
"f52b9678-8078-4b7d-af43-c24a75b3e0a9",85,"4a3072d7-fa62-48e6-8233-b9cc6fb243f4","benchmark/train/IMG_3595_1_JPG.rf.690201fc3e74e27fdb505afa4fe7e6d5.jpg","train/IMG_3595_1_JPG.rf.690201fc3e74e27fdb505afa4fe7e6d5",0,0,"algal_spot",0.392188,0.484375,0.511719,0.478125,87.250000,157.000000,414.750000,463.000000,1,0,0,"algal_spot",0.949707,87.500793,163.738998,414.432068,459.249969,326.931274,295.510986,96611.781250,0.964045
"f52b9678-8078-4b7d-af43-c24a75b3e0a9",86,"3401bdf5-3a28-4dc9-ba32-034f7abc989a","benchmark/valid/521_jpg.rf.a7dd707322211be9927e99bfd0f21487.jpg","valid/521_jpg.rf.a7dd707322211be9927e99bfd0f21487",0,4,"phoma",0.496875,0.576563,0.932813,0.729688,19.499989,135.500015,616.500000,602.500000,1,0,4,"phoma",0.955916,13.969543,129.974411,617.818115,592.881348,603.848572,462.906921,279525.687500,0.957193
"f52b9678-8078-4b7d-af43-c24a75b3e0a9",87,"2043c074-e8b1-41bc-847c-acddfa430365","benchmark/train/IMG_2235_JPG.rf.be6d26e55abd0e5375eeff8d7d1c2dad.jpg","train/IMG_2235_JPG.rf.be6d26e55abd0e5375eeff8d7d1c2dad",0,3,"miner",0.538281,0.453125,0.626562,0.743750,144.000015,52.000008,545.000000,528.000000,1,0,3,"miner",0.924819,143.831253,58.403473,549.811279,535.011414,405.980042,476.607941,193493.312500,0.960457
"f52b9678-8078-4b7d-af43-c24a75b3e0a9",88,"6e024487-570d-484c-a902-3b7e69e7fa22","benchmark/train/IMG_2712_1_JPG.rf.b4a829ab7a2a81bb542d8bd1464f7687.jpg","train/IMG_2712_1_JPG.rf.b4a829ab7a2a81bb542d8bd1464f7687",0,0,"algal_spot",0.512500,0.498437,0.839844,0.603906,59.249992,125.749985,596.750000,512.250000,1,0,0,"algal_spot",0.953133,64.428467,136.979263,600.466980,510.537170,536.038513,373.557922,200241.437500,0.950848
"f52b9678-8078-4b7d-af43-c24a75b3e0a9",89,"39ba4ac0-0a51-4fa3-9e61-7ad4fd4be91d","benchmark/train/IMG_2382_JPG.rf.7ec615968c157c92590c572348d468c0.jpg","train/IMG_2382_JPG.rf.7ec615968c157c92590c572348d468c0",0,0,"algal_spot",0.493750,0.445313,0.468750,0.696875,166.000000,62.000008,466.000000,508.000000,1,0,0,"algal_spot",0.939009,169.748840,60.125504,466.166840,493.528809,296.417999,433.403320,128468.546875,0.951002
"f52b9678-8078-4b7d-af43-c24a75b3e0a9",90,"8946fee5-0fb1-421f-a667-fdec6317c88d","benchmark/test/724_jpg.rf.0122a7a4cc50926b3b0054ae0ab0a78b.jpg","test/724_jpg.rf.0122a7a4cc50926b3b0054ae0ab0a78b",0,2,"healthy",0.496875,0.530469,0.829687,0.693750,52.500000,117.500000,583.500000,561.500000,1,0,2,"healthy",0.955184,59.622559,116.790009,571.078979,548.263916,511.456421,431.473907,220680.093750,0.933044
"f52b9678-8078-4b7d-af43-c24a75b3e0a9",91,"c2d678b6-9e4d-4184-ad15-5e387f3f2849","benchmark/test/1389_jpg.rf.a95199878c745a839e6c6fd9d0f97bfb.jpg","test/1389_jpg.rf.a95199878c745a839e6c6fd9d0f97bfb",0,2,"healthy",0.514844,0.486719,0.839844,0.720312,60.750008,81.000000,598.250000,542.000000,1,0,2,"healthy",0.949080,66.607605,82.997711,586.818665,543.447632,520.211060,460.449921,239531.140625,0.960721
"f52b9678-8078-4b7d-af43-c24a75b3e0a9",92,"3c2af20e-8102-4b18-959b-271e9a25ef6d","benchmark/train/647_jpg.rf.09c447c9b2c8b26825119aeb3522d96a.jpg","train/647_jpg.rf.09c447c9b2c8b26825119aeb3522d96a",0,4,"phoma",0.462500,0.415625,0.803125,0.801562,38.999996,9.500008,553.000000,522.500000,1,0,4,"phoma",0.961631,37.599030,5.524994,559.488403,526.146729,521.889404,520.621704,271706.937500,0.970465
"f52b9678-8078-4b7d-af43-c24a75b3e0a9",93,"bd03771a-2e72-42aa-9eb4-2177aaef84e2","benchmark/train/IMG_3441_JPG.rf.87d568c5ef77c37be5121275ef2d413f.jpg","train/IMG_3441_JPG.rf.87d568c5ef77c37be5121275ef2d413f",0,3,"miner",0.525000,0.393750,0.732813,0.669531,101.499977,37.750015,570.500000,466.250000,1,0,3,"miner",0.935434,108.245941,57.122360,574.754761,468.610107,466.508820,411.487732,191962.656250,0.927935
"f52b9678-8078-4b7d-af43-c24a75b3e0a9",94,"33c81a0c-07a9-4b8e-b358-606479d76bc7","benchmark/train/934_jpg.rf.ead1ab0797a1777580df04def7e69879.jpg","train/934_jpg.rf.ead1ab0797a1777580df04def7e69879",0,2,"healthy",0.529688,0.509375,0.775000,0.657031,91.000023,115.749985,587.000000,536.250000,1,0,2,"healthy",0.939772,98.641052,119.816406,587.887756,525.704346,489.246704,405.887939,198579.343750,0.948742
"f52b9678-8078-4b7d-af43-c24a75b3e0a9",95,"a2bba69d-2bc9-407d-9ad4-232e643b5317","benchmark/train/IMG_3358_1_JPG.rf.23e838be564177101c272b95befe234e.jpg","train/IMG_3358_1_JPG.rf.23e838be564177101c272b95befe234e",0,1,"brown_eye_spot",0.477344,0.436719,0.835938,0.320313,37.999992,177.000000,573.000000,382.000000,1,0,1,"brown_eye_spot",0.716138,32.434967,175.418457,578.950806,378.951233,546.515869,203.532776,111233.890625,0.957285
"f52b9678-8078-4b7d-af43-c24a75b3e0a9",96,"f7dba2c1-8ec7-434f-8056-f142de491c7d","benchmark/train/IMG_3657_1_JPG.rf.f774a8fb2d113c5fe5c201f4bf81443e.jpg","train/IMG_3657_1_JPG.rf.f774a8fb2d113c5fe5c201f4bf81443e",0,0,"algal_spot",0.503125,0.554688,0.577344,0.678125,137.250000,138.000000,506.750031,572.000000,1,0,0,"algal_spot",0.958584,141.005844,133.730927,497.723663,570.875977,356.717834,437.145050,155937.437500,0.953848
"f52b9678-8078-4b7d-af43-c24a75b3e0a9",97,"388bf285-c816-4c38-bec9-b02dd8a38374","benchmark/test/IMG_3588_2_JPG.rf.43eef0cd43b7c02aecf3b6401820dedb.jpg","test/IMG_3588_2_JPG.rf.43eef0cd43b7c02aecf3b6401820dedb",0,0,"algal_spot",0.345313,0.459375,0.538281,0.517969,48.750000,128.249985,393.250000,459.750000,1,0,0,"algal_spot",0.955317,54.744537,133.407715,386.392395,456.479858,331.647858,323.072144,107146.187500,0.938218
"f52b9678-8078-4b7d-af43-c24a75b3e0a9",98,"66cc0309-0b3f-47c3-92c4-281e69973615","benchmark/train/IMG_3592_1_JPG.rf.a2950577468b1dcd2034773296a18472.jpg","train/IMG_3592_1_JPG.rf.a2950577468b1dcd2034773296a18472",0,0,"algal_spot",0.415625,0.460938,0.525781,0.386719,97.750000,171.250000,434.250031,418.750000,1,0,0,"algal_spot",0.953794,98.595428,169.814072,429.004059,419.514587,330.408630,249.700516,82503.203125,0.973400
"f52b9678-8078-4b7d-af43-c24a75b3e0a9",99,"92883d66-8c6d-4005-a8d0-a5c65dabbd8c","benchmark/valid/IMG_3042_1_JPG.rf.84c1d1301d4c5413a8ecfb7058638e4f.jpg","valid/IMG_3042_1_JPG.rf.84c1d1301d4c5413a8ecfb7058638e4f",0,1,"brown_eye_spot",0.506250,0.534375,0.510156,0.618750,160.750000,144.000015,487.250031,540.000000,1,0,1,"brown_eye_spot",0.958951,164.472198,145.165527,488.861664,530.374329,324.389465,385.208801,124957.679688,0.957064
"f52b9678-8078-4b7d-af43-c24a75b3e0a9",100,"401f50a7-936b-47ed-9c0c-31dee58203cd","benchmark/train/IMG_3267_2_JPG.rf.c063aee0346f02ffda0198daeff5fad5.jpg","train/IMG_3267_2_JPG.rf.c063aee0346f02ffda0198daeff5fad5",0,4,"phoma",0.425000,0.637500,0.615625,0.697656,75.000000,184.749985,469.000000,631.250000,1,0,4,"phoma",0.947342,80.498672,184.552597,471.182129,626.552795,390.683472,442.000183,172682.171875,0.969930
"7b2ba919-b96f-474b-8235-859f701d5969",1,"d3edb645-048a-481c-aad7-8a3f23ad0b50","benchmark/train/IMG_2557_JPG.rf.30c818b66e4b074b3774017bbf087fc8.jpg","train/IMG_2557_JPG.rf.30c818b66e4b074b3774017bbf087fc8",0,0,"algal_spot",0.476563,0.570313,0.600000,0.789844,112.999992,112.250000,497.000000,617.750000,1,0,0,"algal_spot",0.892600,110.893219,111.820404,497.086609,612.149048,386.193390,500.328644,193223.609375,0.982530
"7b2ba919-b96f-474b-8235-859f701d5969",2,"a223fd2e-a182-4290-a8a8-c535fd866830","benchmark/train/673_jpg.rf.e8861d8539e8376b98a82a66ef5912d9.jpg","train/673_jpg.rf.e8861d8539e8376b98a82a66ef5912d9",0,4,"phoma",0.485156,0.472656,0.827344,0.720312,45.749989,72.000008,575.250000,533.000000,1,0,4,"phoma",0.621194,46.605957,77.122375,570.745361,531.807800,524.139404,454.685425,238318.546875,0.976317
"7b2ba919-b96f-474b-8235-859f701d5969",3,"47782dec-d67e-41dc-a36c-e9cf21448bf4","benchmark/train/IMG_3338_2_JPG.rf.bc033c756e4da3158b7c8b909bf5a4da.jpg","train/IMG_3338_2_JPG.rf.bc033c756e4da3158b7c8b909bf5a4da",0,3,"miner",0.479688,0.460938,0.506250,0.503125,145.000000,134.000000,469.000000,456.000000,1,0,3,"miner",0.937363,145.975815,142.147049,467.738190,451.908569,321.762390,309.761536,99669.609375,0.955349
"7b2ba919-b96f-474b-8235-859f701d5969",4,"2fa88c05-cf52-4eca-bb06-5b5fd898e0d2","benchmark/train/IMG_2653_2_JPG.rf.ff5d97c724b42dc69ce47a4266817649.jpg","train/IMG_2653_2_JPG.rf.ff5d97c724b42dc69ce47a4266817649",0,3,"miner",0.414844,0.398438,0.676562,0.583594,48.999996,68.250008,481.999969,441.750000,1,0,3,"miner",0.938867,46.689499,75.556793,480.192841,436.853363,433.503357,361.296570,156623.281250,0.958343
"7b2ba919-b96f-474b-8235-859f701d5969",5,"22716fb3-4698-4bf6-8ebc-e2c2b2934ca0","benchmark/train/464_jpg.rf.683101ca9302b3eb6b770aebe8fbcf07.jpg","train/464_jpg.rf.683101ca9302b3eb6b770aebe8fbcf07",0,4,"phoma",0.533594,0.502344,0.623438,0.654688,142.000000,112.000008,541.000000,531.000000,1,0,4,"phoma",0.965132,141.141541,112.573761,538.857422,538.223816,397.715881,425.650055,169287.781250,0.974429
"7b2ba919-b96f-474b-8235-859f701d5969",6,"e02627cb-1282-408b-8b11-966692c7c6a8","benchmark/valid/IMG_3471_2_JPG.rf.fe04186fe29b4b3ab95f3597bf6cf990.jpg","valid/IMG_3471_2_JPG.rf.fe04186fe29b4b3ab95f3597bf6cf990",0,3,"miner",0.540625,0.418750,0.912500,0.381250,53.999977,146.000000,638.000000,390.000000,1,0,3,"miner",0.950932,24.886597,146.690125,637.537354,401.316986,612.650757,254.626862,155997.343750,0.907148
"7b2ba919-b96f-474b-8235-859f701d5969",7,"eccb941b-1c57-4222-a7af-4729fb1d21ad","benchmark/train/IMG_2363_JPG.rf.20bb356892dd8a688aae0b608c84728f.jpg","train/IMG_2363_JPG.rf.20bb356892dd8a688aae0b608c84728f",0,1,"brown_eye_spot",0.429688,0.488281,0.442969,0.523438,133.250000,145.000000,416.750000,480.000000,1,0,1,"brown_eye_spot",0.947180,135.260803,138.463654,416.334991,479.295776,281.074188,340.832123,95799.109375,0.970584
"7b2ba919-b96f-474b-8235-859f701d5969",8,"06aa8312-f04e-40e3-bebd-e4b2da69bb76","benchmark/train/IMG_3071_2_JPG.rf.51732dc860b7a99ed4fe0e50fa77f097.jpg","train/IMG_3071_2_JPG.rf.51732dc860b7a99ed4fe0e50fa77f097",0,3,"miner",0.446875,0.571875,0.565625,0.561719,105.000000,186.249985,467.000000,545.750000,1,0,3,"miner",0.756979,108.119568,186.814758,463.955627,542.341187,355.836060,355.526428,126509.125000,0.972108
"7b2ba919-b96f-474b-8235-859f701d5969",9,"396fb5e1-e9b2-484e-90d4-4784060ff60e","benchmark/train/IMG_2852_1_JPG.rf.fb2438657be96008768171070c7da380.jpg","train/IMG_2852_1_JPG.rf.fb2438657be96008768171070c7da380",0,5,"powdery_mildew",0.514063,0.559375,0.825781,0.549219,64.750023,182.249985,593.250000,533.750000,1,0,5,"powdery_mildew",0.956569,63.212189,191.989563,609.136353,547.903625,545.924194,355.914063,194302.093750,0.905595
"7b2ba919-b96f-474b-8235-859f701d5969",10,"4a5ac5fb-7c0e-40d9-84b5-ec1ff539485e","benchmark/train/470_jpg.rf.998a71ebdeffd211441471a4ccfee1ef.jpg","train/470_jpg.rf.998a71ebdeffd211441471a4ccfee1ef",0,4,"phoma",0.478125,0.542188,0.821875,0.688281,43.000011,126.750015,569.000000,567.250000,1,0,4,"phoma",0.972780,44.910889,123.862854,565.892883,571.558594,520.981995,447.695740,233241.421875,0.974690
"7b2ba919-b96f-474b-8235-859f701d5969",11,"0408d664-9c8f-44d2-b66d-a2a9041cc459","benchmark/valid/IMG_2654_2_JPG.rf.2832ac84ef3ac699d593e9df8b853d40.jpg","valid/IMG_2654_2_JPG.rf.2832ac84ef3ac699d593e9df8b853d40",0,3,"miner",0.409375,0.473437,0.817969,0.643750,0.250015,96.999985,523.750000,509.000000,1,0,3,"miner",0.961109,11.582855,96.089035,525.940674,514.216797,514.357788,418.127747,215067.265625,0.960300
"7b2ba919-b96f-474b-8235-859f701d5969",12,"44358ab5-3311-4cd0-b2a6-0556ea1b636e","benchmark/train/362_jpg.rf.10efc17209f39fcddd612793d2819c08.jpg","train/362_jpg.rf.10efc17209f39fcddd612793d2819c08",0,4,"phoma",0.543750,0.521875,0.657031,0.553906,137.750000,156.750015,558.250000,511.250000,1,0,4,"phoma",0.977319,135.305725,154.853287,553.054810,509.550293,417.749084,354.697021,148174.359375,0.972119
"7b2ba919-b96f-474b-8235-859f701d5969",13,"b77b32eb-da03-4443-92d2-b0ee77e1a0ca","benchmark/train/IMG_2145_JPG.rf.906ff857e4dac7aa8f1873bb64986050.jpg","train/IMG_2145_JPG.rf.906ff857e4dac7aa8f1873bb64986050",0,3,"miner",0.468750,0.536719,0.519531,0.742188,133.750000,105.999985,466.250000,581.000000,1,0,3,"miner",0.908444,138.998581,94.871994,462.427673,583.283203,323.429077,488.411194,157966.375000,0.946719
"7b2ba919-b96f-474b-8235-859f701d5969",14,"a8b23f54-f79b-42eb-9587-81bbb4e96d78","benchmark/valid/IMG_3443_2_JPG.rf.e034f0453acc5348a8244776c82615c5.jpg","valid/IMG_3443_2_JPG.rf.e034f0453acc5348a8244776c82615c5",0,3,"miner",0.528906,0.515625,0.650781,0.668750,130.249969,116.000000,546.750000,544.000000,1,0,3,"miner",0.950335,126.879074,111.253433,555.020630,553.034363,428.141541,441.780945,189144.781250,0.942463
"7b2ba919-b96f-474b-8235-859f701d5969",15,"b6c4fc95-0c50-4c97-a2d3-39fa725d9b23","benchmark/test/765_jpg.rf.79e0ba95bed60ba759b98c6d8daa5ca3.jpg","test/765_jpg.rf.79e0ba95bed60ba759b98c6d8daa5ca3",0,2,"healthy",0.509375,0.501562,0.759375,0.649219,82.999992,113.249985,569.000000,528.750000,1,0,2,"healthy",0.930218,82.963013,116.998291,566.693420,529.677124,483.730408,412.678833,199625.296875,0.984016
"7b2ba919-b96f-474b-8235-859f701d5969",16,"19c67645-5dd4-4c6b-a9ce-6c06b9db7560","benchmark/valid/533_jpg.rf.2f9fcd4d4c28846bec9438233fbafc92.jpg","valid/533_jpg.rf.2f9fcd4d4c28846bec9438233fbafc92",0,4,"phoma",0.516406,0.560938,0.850781,0.608594,58.249989,164.250015,602.750000,553.750000,1,0,4,"phoma",0.970324,54.464783,159.653687,608.686523,552.828430,554.221741,393.174744,217905.984375,0.968743
"7b2ba919-b96f-474b-8235-859f701d5969",17,"944ab141-9599-43d5-8a0d-a2aec9b4d594","benchmark/train/IMG_2482_1_JPG.rf.18b4e180a24ab2d6b1292c9ac3106df0.jpg","train/IMG_2482_1_JPG.rf.18b4e180a24ab2d6b1292c9ac3106df0",0,1,"brown_eye_spot",0.471875,0.423438,0.503906,0.637500,140.750000,67.000008,463.250000,475.000000,1,0,1,"brown_eye_spot",0.960570,144.915405,59.666199,464.292511,478.111877,319.377106,418.445679,133641.968750,0.959651
"7b2ba919-b96f-474b-8235-859f701d5969",18,"692814ab-efec-41b0-bdea-949f8099f841","benchmark/train/IMG_3345_2_JPG.rf.d9e5cced0ad0690fd25f9c0af2808003.jpg","train/IMG_3345_2_JPG.rf.d9e5cced0ad0690fd25f9c0af2808003",0,3,"miner",0.590625,0.623438,0.296094,0.669531,283.250000,184.750031,472.750000,613.250000,1,1,3,"miner",0.898462,287.781036,184.241913,472.028290,609.368042,184.247253,425.126129,78328.320313,0.962363
"7b2ba919-b96f-474b-8235-859f701d5969",18,"692814ab-efec-41b0-bdea-949f8099f841","benchmark/train/IMG_3345_2_JPG.rf.d9e5cced0ad0690fd25f9c0af2808003.jpg","train/IMG_3345_2_JPG.rf.d9e5cced0ad0690fd25f9c0af2808003",1,1,"brown_eye_spot",0.346875,0.339063,0.452344,0.371875,77.250000,98.000015,366.750031,336.000000,1,0,1,"brown_eye_spot",0.907340,77.753052,102.600342,370.275818,335.442535,292.522766,232.842194,68111.640625,0.965129
"7b2ba919-b96f-474b-8235-859f701d5969",19,"d2bfbf1a-8dae-436b-b5ed-56a5e1363cd5","benchmark/train/281_jpg.rf.94ad358d755738fda8d3a4eb5002eaab.jpg","train/281_jpg.rf.94ad358d755738fda8d3a4eb5002eaab",0,4,"phoma",0.497656,0.538281,0.800000,0.600000,62.500000,152.500000,574.500000,536.500000,1,0,4,"phoma",0.965500,68.016785,155.317871,572.462097,531.080688,504.445313,375.762817,189551.796875,0.964110
"7b2ba919-b96f-474b-8235-859f701d5969",20,"23d5d24a-2253-47cb-9b6f-b12457d65240","benchmark/valid/IMG_3213_2_JPG.rf.dcaec599495cad59865b2a90b60610ca.jpg","valid/IMG_3213_2_JPG.rf.dcaec599495cad59865b2a90b60610ca",0,3,"miner",0.514063,0.407813,0.693750,0.383594,107.000008,138.250000,551.000000,383.750000,1,0,3,"miner",0.949094,106.328201,137.945709,550.014038,389.582458,443.685852,251.636749,111647.664063,0.972028
"7b2ba919-b96f-474b-8235-859f701d5969",21,"247339df-0256-4b3e-823a-bf07a86fda90","benchmark/test/8_jpg.rf.1ff438c98f4a5e2b644abd8b0b67b24b.jpg","test/8_jpg.rf.1ff438c98f4a5e2b644abd8b0b67b24b",0,2,"healthy",0.491406,0.500000,0.909375,0.714063,23.500004,91.500000,605.500000,548.500000,1,0,2,"healthy",0.971739,23.489685,90.541855,605.274048,552.800232,581.784363,462.258362,268934.687500,0.988228
"7b2ba919-b96f-474b-8235-859f701d5969",22,"5d97fd9a-7a0f-49b1-ae3b-cbbc5d7ad8ac","benchmark/test/1064_jpg.rf.04af2e77dc40c6b33530250c4957c1e5.jpg","test/1064_jpg.rf.04af2e77dc40c6b33530250c4957c1e5",0,2,"healthy",0.489844,0.471094,0.865625,0.641406,36.499996,96.250000,590.500000,506.750000,1,0,2,"healthy",0.970011,32.840363,90.432861,589.284790,513.693787,556.444458,423.260925,235521.203125,0.961436
"7b2ba919-b96f-474b-8235-859f701d5969",23,"176358c9-e851-4afe-9556-e464de4846b6","benchmark/train/IMG_2834_2_JPG.rf.714f15bc7f6632cd85801267bf3e1923.jpg","train/IMG_2834_2_JPG.rf.714f15bc7f6632cd85801267bf3e1923",0,5,"powdery_mildew",0.493750,0.496875,0.487500,0.667969,160.000000,104.249992,472.000000,531.750000,1,0,5,"powdery_mildew",0.950825,161.906876,103.182587,469.848297,529.006348,307.941406,425.823761,131128.765625,0.978247
"7b2ba919-b96f-474b-8235-859f701d5969",24,"ca6cf225-f771-4d1f-853a-f8361a8ef10d","benchmark/train/IMG_3458_1_JPG.rf.76abfd1a153ae6a0deda1fcf08b0248e.jpg","train/IMG_3458_1_JPG.rf.76abfd1a153ae6a0deda1fcf08b0248e",0,3,"miner",0.400781,0.487500,0.615625,0.642187,59.499989,106.500015,453.500000,517.500000,1,0,3,"miner",0.952708,60.538223,121.558380,458.417511,518.040955,397.879272,396.482574,157752.203125,0.948162
"7b2ba919-b96f-474b-8235-859f701d5969",25,"e5159f91-ccc8-44a9-87f0-a98ccc4a8dee","benchmark/train/IMG_3328_2_JPG.rf.66a0eb7f005b5cf435d061ee78371adf.jpg","train/IMG_3328_2_JPG.rf.66a0eb7f005b5cf435d061ee78371adf",0,1,"brown_eye_spot",0.489844,0.414063,0.592188,0.353906,124.000000,151.750000,503.000031,378.250000,1,0,1,"brown_eye_spot",0.896188,125.702209,150.975677,480.425049,376.652283,354.722839,225.676605,80052.648438,0.926378
"7b2ba919-b96f-474b-8235-859f701d5969",25,"e5159f91-ccc8-44a9-87f0-a98ccc4a8dee","benchmark/train/IMG_3328_2_JPG.rf.66a0eb7f005b5cf435d061ee78371adf.jpg","train/IMG_3328_2_JPG.rf.66a0eb7f005b5cf435d061ee78371adf",1,1,"brown_eye_spot",0.481250,0.700000,0.510156,0.167969,144.749985,394.250000,471.250000,501.750000,1,1,1,"brown_eye_spot",0.715948,158.724213,395.156342,468.795288,497.663727,310.071075,102.507385,31784.574219,0.905576
"7b2ba919-b96f-474b-8235-859f701d5969",26,"04a0414a-78d9-4c67-80e7-fd435e33f211","benchmark/valid/IMG_2820_2_JPG.rf.9633023d6cf0eb36ba7065039ea78b74.jpg","valid/IMG_2820_2_JPG.rf.9633023d6cf0eb36ba7065039ea78b74",0,5,"powdery_mildew",0.467187,0.457812,0.796094,0.467969,44.249992,143.249985,553.750000,442.750000,1,0,5,"powdery_mildew",0.933693,45.366089,144.899063,539.999268,444.713440,494.633179,299.814392,148298.140625,0.959370
"7b2ba919-b96f-474b-8235-859f701d5969",27,"10c5a2c2-8770-4c20-b33e-4aa688979539","benchmark/train/269_jpg.rf.03b57fcba14ab87894ddf6221c61ae06.jpg","train/269_jpg.rf.03b57fcba14ab87894ddf6221c61ae06",0,4,"phoma",0.514844,0.492969,0.713281,0.586719,101.250000,127.750000,557.750000,503.249969,1,0,4,"phoma",0.969948,101.594696,125.307312,557.045715,509.839294,455.451019,384.531982,175135.484375,0.974320
"7b2ba919-b96f-474b-8235-859f701d5969",28,"8d0ebec4-6364-47ad-ba52-1121d3da7d05","benchmark/train/1131_jpg.rf.0be6cc1213279bf7e3e914223e938384.jpg","train/1131_jpg.rf.0be6cc1213279bf7e3e914223e938384",0,4,"phoma",0.485938,0.473437,0.770312,0.685156,64.500008,83.750000,557.500000,522.250000,1,0,4,"phoma",0.937923,57.434387,85.323273,554.926697,524.247314,497.492310,438.924042,218361.328125,0.972847
"7b2ba919-b96f-474b-8235-859f701d5969",29,"26358415-9b6b-4649-a02d-398af8b8ad46","benchmark/train/IMG_3271_2_JPG.rf.12c14ba5e7e3ef347fd7aad8b01b0f5d.jpg","train/IMG_3271_2_JPG.rf.12c14ba5e7e3ef347fd7aad8b01b0f5d",0,1,"brown_eye_spot",0.485156,0.504687,0.704687,0.697656,85.000000,99.749985,536.000000,546.250000,0,,,,,,,,,,,,0.000000
"7b2ba919-b96f-474b-8235-859f701d5969",30,"63c1bf77-3dcf-4182-9cb2-a250f5fb829b","benchmark/train/IMG_2913_2_JPG.rf.a7cf59ecc368466afb24c9d2c0d8996c.jpg","train/IMG_2913_2_JPG.rf.a7cf59ecc368466afb24c9d2c0d8996c",0,1,"brown_eye_spot",0.459375,0.534375,0.528906,0.649219,124.750000,134.250015,463.249969,549.750000,0,,,,,,,,,,,,0.000000
"7b2ba919-b96f-474b-8235-859f701d5969",31,"e6148ef2-b3a8-425b-b365-7cc365be3d02","benchmark/train/254_jpg.rf.649a4ae71b6fcdf9aedf8ca51a232000.jpg","train/254_jpg.rf.649a4ae71b6fcdf9aedf8ca51a232000",0,4,"phoma",0.506250,0.525781,0.738281,0.598437,87.750015,145.000015,560.250000,528.000000,1,0,4,"phoma",0.969668,86.692108,147.074249,562.208374,528.136658,475.516266,381.062408,181201.375000,0.987957
"7b2ba919-b96f-474b-8235-859f701d5969",32,"69ecf948-cbd8-4a50-a96a-1b866730b995","benchmark/train/IMG_3368_1_JPG.rf.4554e50a64a21fa50400e3fe82f1f8da.jpg","train/IMG_3368_1_JPG.rf.4554e50a64a21fa50400e3fe82f1f8da",0,1,"brown_eye_spot",0.457812,0.525781,0.358594,0.914063,178.249985,44.000015,407.750000,629.000000,1,0,1,"brown_eye_spot",0.950570,178.707718,30.780136,408.425354,634.586304,229.717636,603.806152,138704.921875,0.964144
"7b2ba919-b96f-474b-8235-859f701d5969",33,"82ccaedc-d695-4192-ba85-cebb734708f2","benchmark/train/IMG_3090_1_JPG.rf.dd99775cbf468b9c6ed1906e45b9ba24.jpg","train/IMG_3090_1_JPG.rf.dd99775cbf468b9c6ed1906e45b9ba24",0,3,"miner",0.395312,0.571875,0.503906,0.622656,91.749992,166.750000,414.250000,565.250000,1,0,3,"miner",0.637960,92.121185,165.218262,414.043121,572.737000,321.921936,407.518738,131189.218750,0.976155
"7b2ba919-b96f-474b-8235-859f701d5969",34,"6dbacc1f-0c2a-497e-9cb0-acc2f966aa24","benchmark/train/IMG_3402_1_JPG.rf.3b8f937ba93ab42f531c1ea55c9ac24f.jpg","train/IMG_3402_1_JPG.rf.3b8f937ba93ab42f531c1ea55c9ac24f",0,3,"miner",0.537500,0.571875,0.485156,0.595312,188.750015,175.500000,499.250031,556.500000,1,0,3,"miner",0.929036,189.337677,161.901825,505.630310,553.160034,316.292633,391.258209,123752.085938,0.936249
"7b2ba919-b96f-474b-8235-859f701d5969",35,"6e9761a6-52b0-4b95-8789-2063b06d47c8","benchmark/valid/IMG_3103_2_JPG.rf.4d57f16adaaccf32f37410460525fb0c.jpg","valid/IMG_3103_2_JPG.rf.4d57f16adaaccf32f37410460525fb0c",0,4,"phoma",0.457031,0.573438,0.485938,0.721875,137.000000,136.000000,448.000000,598.000000,1,0,4,"phoma",0.956699,133.163330,136.928375,450.551910,613.359863,317.388580,476.431488,151213.906250,0.946474
"7b2ba919-b96f-474b-8235-859f701d5969",36,"0e48d565-6996-49a3-a90e-408e4915726b","benchmark/train/PXL_20240125_083308673_jpg.rf.64aa9f2df8310ee687e53d92beda7713.jpg","train/PXL_20240125_083308673_jpg.rf.64aa9f2df8310ee687e53d92beda7713",0,2,"healthy",0.467969,0.472656,0.560938,0.885156,120.000000,19.249992,479.000000,585.750000,1,0,2,"healthy",0.959592,111.300079,2.346130,483.168640,596.511658,371.868561,594.165527,220951.484375,0.920444
"7b2ba919-b96f-474b-8235-859f701d5969",37,"ba86ada5-357f-4aba-9d89-879d895701b1","benchmark/valid/653_jpg.rf.7b765275ecf91da38064b96d9bcbae21.jpg","valid/653_jpg.rf.7b765275ecf91da38064b96d9bcbae21",0,4,"phoma",0.508594,0.490625,0.860937,0.645312,50.000000,107.500000,601.000000,520.500000,1,0,4,"phoma",0.969507,56.449524,102.889969,597.875061,524.451355,541.425537,421.561401,228244.109375,0.963007
"7b2ba919-b96f-474b-8235-859f701d5969",38,"2b5467f3-f0e7-4e43-9885-a9aeb1640dbc","benchmark/test/551_jpg.rf.c081f0cf46fc313b94ef765abbf6f247.jpg","test/551_jpg.rf.c081f0cf46fc313b94ef765abbf6f247",0,4,"phoma",0.528125,0.563281,0.466406,0.481250,188.750000,206.500000,487.250000,514.500000,1,0,4,"phoma",0.963827,184.705322,206.654114,489.303833,515.597412,304.598511,308.943298,94103.671875,0.976020
"7b2ba919-b96f-474b-8235-859f701d5969",39,"31222731-9161-412c-aa67-0b5c8a378391","benchmark/train/488_jpg.rf.dd9ba52eae6d7988d0c94a8dcdd4a267.jpg","train/488_jpg.rf.dd9ba52eae6d7988d0c94a8dcdd4a267",0,4,"phoma",0.492969,0.469531,0.793750,0.538281,61.499996,128.249985,569.500000,472.750000,1,0,4,"phoma",0.962927,66.843872,124.003662,562.986877,479.117798,496.143005,355.114136,176187.390625,0.948129
"7b2ba919-b96f-474b-8235-859f701d5969",40,"8070dd6b-dc50-40da-818c-a853c2ec9d3f","benchmark/train/IMG_3496_JPG.rf.66a31d680a623ec55cf4b4848fb7f018.jpg","train/IMG_3496_JPG.rf.66a31d680a623ec55cf4b4848fb7f018",0,0,"algal_spot",0.460938,0.585938,0.753125,0.655469,53.999996,165.250000,536.000000,584.750000,1,0,0,"algal_spot",0.951755,43.902313,154.066498,554.413025,587.076111,510.510712,433.009613,221056.046875,0.914696
"7b2ba919-b96f-474b-8235-859f701d5969",41,"fe335b55-4664-48c1-942d-e49eecf5db5c","benchmark/train/IMG_20240125_120548_295_jpg.rf.a5fd8583c10cd3afa19ac32fff40585d.jpg","train/IMG_20240125_120548_295_jpg.rf.a5fd8583c10cd3afa19ac32fff40585d",0,2,"healthy",0.503125,0.626562,0.993750,0.617188,4.000015,203.499985,639.000000,598.500000,1,0,2,"healthy",0.910831,9.909546,90.149170,604.424194,606.324097,594.514648,516.174927,306873.562500,0.727341
"7b2ba919-b96f-474b-8235-859f701d5969",41,"fe335b55-4664-48c1-942d-e49eecf5db5c","benchmark/train/IMG_20240125_120548_295_jpg.rf.a5fd8583c10cd3afa19ac32fff40585d.jpg","train/IMG_20240125_120548_295_jpg.rf.a5fd8583c10cd3afa19ac32fff40585d",1,2,"healthy",0.796875,0.156250,0.320313,0.307031,407.500000,1.750002,612.500000,198.250000,0,,,,,,,,,,,,0.000000
"7b2ba919-b96f-474b-8235-859f701d5969",42,"b26cd7cc-54d5-4a41-8d81-25d02c5783f0","benchmark/train/IMG_3026_JPG.rf.980e140cb605f872942993435cb31d7b.jpg","train/IMG_3026_JPG.rf.980e140cb605f872942993435cb31d7b",0,0,"algal_spot",0.456250,0.603125,0.742969,0.319531,54.250011,283.749969,529.750000,488.249969,1,0,0,"algal_spot",0.938513,40.230438,284.826447,536.360596,495.105255,496.130157,210.278809,104325.656250,0.922646
"7b2ba919-b96f-474b-8235-859f701d5969",43,"50c22f7a-e26a-4a80-ab85-0a9c16ca759a","benchmark/train/326_jpg.rf.362f54b9376585556f98af8763765cd9.jpg","train/326_jpg.rf.362f54b9376585556f98af8763765cd9",0,4,"phoma",0.448438,0.547656,0.769531,0.684375,40.750008,131.500000,533.250000,569.500000,1,0,4,"phoma",0.965555,42.190735,133.133057,532.040161,573.141724,489.849426,440.008667,215538.000000,0.982782
"7b2ba919-b96f-474b-8235-859f701d5969",44,"a8b27c14-74d6-4bb5-9992-a76071261649","benchmark/train/IMG_2804_2_JPG.rf.eb7150c2365639b80c137938ffa40b7d.jpg","train/IMG_2804_2_JPG.rf.eb7150c2365639b80c137938ffa40b7d",0,0,"algal_spot",0.528906,0.609375,0.717188,0.521875,108.999977,223.000000,568.000000,557.000000,1,0,0,"algal_spot",0.959415,116.083359,227.685272,570.325439,560.606079,454.242065,332.920807,151226.640625,0.955770
"7b2ba919-b96f-474b-8235-859f701d5969",45,"54db6ad4-bf1c-4d2d-b3ba-f7c108ca00ca","benchmark/train/IMG_2689_JPG.rf.c142eb25380d9f3752d922deba3d4c98.jpg","train/IMG_2689_JPG.rf.c142eb25380d9f3752d922deba3d4c98",0,3,"miner",0.385938,0.623438,0.482031,0.664844,92.750008,186.250015,401.250000,611.750000,1,0,3,"miner",0.815208,98.973236,177.843155,393.679413,622.922546,294.706177,445.079407,131167.656250,0.915063
"7b2ba919-b96f-474b-8235-859f701d5969",46,"aac9798d-3e2e-418f-a746-ff626a96d312","benchmark/valid/IMG_3664_1_JPG.rf.157f61d2dc4f735be8834445136e5c8f.jpg","valid/IMG_3664_1_JPG.rf.157f61d2dc4f735be8834445136e5c8f",0,0,"algal_spot",0.420312,0.659375,0.282813,0.399219,178.499985,294.250000,359.500000,549.750000,1,0,0,"algal_spot",0.911030,165.153549,285.480286,361.627319,547.696655,196.473770,262.216370,51518.640625,0.884055
"7b2ba919-b96f-474b-8235-859f701d5969",47,"73d143de-5993-4e88-9005-6f47a02baa7e","benchmark/train/IMG_2313_JPG.rf.78a830587766c5fd5f8af06e07c4ab5e.jpg","train/IMG_2313_JPG.rf.78a830587766c5fd5f8af06e07c4ab5e",0,1,"brown_eye_spot",0.578125,0.561719,0.667969,0.842188,156.250000,90.000000,583.750000,629.000000,1,0,1,"brown_eye_spot",0.940899,156.679123,87.957916,583.189758,629.323608,426.510620,541.365723,230898.234375,0.993336
"7b2ba919-b96f-474b-8235-859f701d5969",48,"f113b376-ed05-453e-a405-78f8baa47211","benchmark/train/IMG_3024_1_JPG.rf.242a485be9397f73e8cc4b8eda03958f.jpg","train/IMG_3024_1_JPG.rf.242a485be9397f73e8cc4b8eda03958f",0,1,"brown_eye_spot",0.523438,0.554688,0.586719,0.806250,147.250000,97.000008,522.750000,613.000000,1,0,1,"brown_eye_spot",0.965057,145.170715,96.126343,523.594360,603.530518,378.423645,507.404175,192013.734375,0.972555
"7b2ba919-b96f-474b-8235-859f701d5969",49,"3334c463-4b6e-48fd-a25a-bbae63352a46","benchmark/valid/IMG_3398_2_JPG.rf.7969a6c72b284d6168dffe6a731ce10a.jpg","valid/IMG_3398_2_JPG.rf.7969a6c72b284d6168dffe6a731ce10a",0,3,"miner",0.551562,0.517969,0.466406,0.776563,203.750000,83.000015,502.250000,580.000000,1,0,3,"miner",0.943657,240.035507,76.346359,501.084900,562.861328,261.049377,486.514954,127004.421875,0.834608
"7b2ba919-b96f-474b-8235-859f701d5969",50,"1c372647-7937-4c62-b7e4-4a75f123b49f","benchmark/valid/IMG_3208_JPG.rf.25b013b061a9cbc88ff10637d36edb29.jpg","valid/IMG_3208_JPG.rf.25b013b061a9cbc88ff10637d36edb29",0,1,"brown_eye_spot",0.531250,0.489062,0.646875,0.572656,133.000000,129.749985,547.000000,496.250000,1,0,1,"brown_eye_spot",0.943517,114.525162,138.849884,545.201355,488.055115,430.676208,349.205231,150394.390625,0.909980
"7b2ba919-b96f-474b-8235-859f701d5969",51,"ca4e20ed-aa2d-40a6-a5d7-053d2e7ba9f7","benchmark/train/277_jpg.rf.bd7fe007169f492e2706a65a8c7b5a9f.jpg","train/277_jpg.rf.bd7fe007169f492e2706a65a8c7b5a9f",0,4,"phoma",0.512500,0.498437,0.751562,0.592969,87.500000,129.250000,568.500000,508.750000,1,0,4,"phoma",0.955708,84.592606,128.817017,562.273193,496.676575,477.680603,367.859558,175719.375000,0.949023
"7b2ba919-b96f-474b-8235-859f701d5969",52,"fe92c65c-9558-4040-851f-f161e98f80e9","benchmark/train/246_jpg.rf.071e181aa54e836c308761ba5b614a53.jpg","train/246_jpg.rf.071e181aa54e836c308761ba5b614a53",0,4,"phoma",0.505469,0.499219,0.748438,0.571094,83.999977,136.750015,563.000000,502.250000,1,0,4,"phoma",0.963488,82.567612,138.768341,557.986694,502.068909,475.419067,363.300568,172720.015625,0.980664
"7b2ba919-b96f-474b-8235-859f701d5969",53,"22837c47-7e06-4105-b31b-f832b5cb622b","benchmark/train/IMG_2842_JPG.rf.23b1cc7d6d381ac98ab0b4edf6b2058a.jpg","train/IMG_2842_JPG.rf.23b1cc7d6d381ac98ab0b4edf6b2058a",0,5,"powdery_mildew",0.536719,0.510938,0.751562,0.503125,102.999992,166.000000,584.000000,488.000031,1,0,5,"powdery_mildew",0.948724,103.964783,169.235489,577.773376,482.790710,473.808594,313.555237,148565.171875,0.959215
"7b2ba919-b96f-474b-8235-859f701d5969",54,"f8ed9f9c-449f-4c6a-8a16-f4aae69ff861","benchmark/train/IMG_3142_JPG.rf.c250526a253fe1aa6e86ae192b76b45a.jpg","train/IMG_3142_JPG.rf.c250526a253fe1aa6e86ae192b76b45a",0,3,"miner",0.325781,0.839063,0.201562,0.311719,144.000000,437.250000,273.000000,636.750000,1,0,3,"miner",0.927979,143.990143,434.185730,277.381378,638.664185,133.391235,204.478455,27275.632813,0.943534
"7b2ba919-b96f-474b-8235-859f701d5969",54,"f8ed9f9c-449f-4c6a-8a16-f4aae69ff861","benchmark/train/IMG_3142_JPG.rf.c250526a253fe1aa6e86ae192b76b45a.jpg","train/IMG_3142_JPG.rf.c250526a253fe1aa6e86ae192b76b45a",1,3,"miner",0.582812,0.796875,0.335156,0.258594,265.750000,427.250000,480.250000,592.750000,1,1,3,"miner",0.835397,265.579102,427.493439,477.670715,592.843079,212.091614,165.349640,35069.273438,0.985190
"7b2ba919-b96f-474b-8235-859f701d5969",54,"f8ed9f9c-449f-4c6a-8a16-f4aae69ff861","benchmark/train/IMG_3142_JPG.rf.c250526a253fe1aa6e86ae192b76b45a.jpg","train/IMG_3142_JPG.rf.c250526a253fe1aa6e86ae192b76b45a",2,1,"brown_eye_spot",0.682813,0.442187,0.553125,0.194531,260.000000,220.749985,614.000000,345.249969,1,2,1,"brown_eye_spot",0.291993,260.624207,219.944504,616.424927,343.548431,355.800720,123.603928,43978.367188,0.971710
"7b2ba919-b96f-474b-8235-859f701d5969",55,"010317c2-9c98-4537-b39b-530755be886b","benchmark/valid/IMG_2656_JPG.rf.19c4c4149c02c7e883e17fab83388da1.jpg","valid/IMG_2656_JPG.rf.19c4c4149c02c7e883e17fab83388da1",0,1,"brown_eye_spot",0.475000,0.507031,0.930469,0.504687,6.250000,163.000015,601.750000,486.000000,1,0,1,"brown_eye_spot",0.929577,6.484314,168.765472,603.432861,484.914124,596.948547,316.148651,188724.484375,0.975704
"7b2ba919-b96f-474b-8235-859f701d5969",56,"1e7c4da2-69a9-4adf-a109-90bad483298a","benchmark/train/IMG_2772_JPG.rf.dede7d1646397f9ce1ac1353c67dab7f.jpg","train/IMG_2772_JPG.rf.dede7d1646397f9ce1ac1353c67dab7f",0,1,"brown_eye_spot",0.423438,0.567187,0.740625,0.863281,33.999996,86.749992,508.000031,639.000000,1,0,1,"brown_eye_spot",0.944392,32.930084,86.134079,506.666687,637.797363,473.736603,551.663269,261343.078125,0.991677
"7b2ba919-b96f-474b-8235-859f701d5969",57,"d48a4778-d148-454f-92a3-453a2989b01d","benchmark/valid/599_jpg.rf.28b705a68a465caf616c177470784190.jpg","valid/599_jpg.rf.28b705a68a465caf616c177470784190",0,4,"phoma",0.488281,0.480469,0.821875,0.629687,49.500008,106.000000,575.500000,509.000000,1,0,4,"phoma",0.955774,53.191406,103.533569,571.267029,511.500702,518.075623,407.967133,211357.828125,0.973121
"7b2ba919-b96f-474b-8235-859f701d5969",58,"7870d156-361c-4345-b89f-313aaa6adb48","benchmark/valid/209_jpg.rf.ac10436a03e919cbdf8502c1f0cab6ac.jpg","valid/209_jpg.rf.ac10436a03e919cbdf8502c1f0cab6ac",0,2,"healthy",0.424219,0.487500,0.842969,0.629687,1.749992,110.500015,541.250000,513.500000,1,0,2,"healthy",0.933959,0.000000,114.158875,533.192993,491.728027,533.192993,377.569153,201317.234375,0.920108
"7b2ba919-b96f-474b-8235-859f701d5969",59,"b3759a8c-8c5f-41fe-9919-bdbea8a11b3e","benchmark/train/IMG_2831_1_JPG.rf.f9cabec18b85d377c8a9fec9351b4512.jpg","train/IMG_2831_1_JPG.rf.f9cabec18b85d377c8a9fec9351b4512",0,5,"powdery_mildew",0.546875,0.500781,0.903906,0.401563,60.750008,191.999985,639.000000,449.000000,1,0,5,"powdery_mildew",0.955729,53.007446,189.833435,639.000000,445.934082,585.992554,256.100647,150073.078125,0.967016
"7b2ba919-b96f-474b-8235-859f701d5969",60,"5a005873-dec9-4a2b-805a-90248cb70b99","benchmark/train/IMG_3063_JPG.rf.6da8dfa214e33ba3cda05dbc94349334.jpg","train/IMG_3063_JPG.rf.6da8dfa214e33ba3cda05dbc94349334",0,3,"miner",0.492188,0.525000,0.487500,0.630469,159.000000,134.250000,471.000000,537.750000,1,0,3,"miner",0.951195,148.301758,125.162872,469.148376,547.387451,320.846619,422.224579,135469.328125,0.918721
"7b2ba919-b96f-474b-8235-859f701d5969",61,"4fba4f8c-4b50-4a6d-a41d-cfb065a31b4d","benchmark/train/492_jpg.rf.1b5bab7239232806e245722fc2f78b1d.jpg","train/492_jpg.rf.1b5bab7239232806e245722fc2f78b1d",0,4,"phoma",0.514844,0.480469,0.728906,0.614062,96.250000,111.000000,562.750000,504.000000,1,0,4,"phoma",0.970050,91.623230,109.856766,564.758484,504.642334,473.135254,394.785583,186786.984375,0.981516
"7b2ba919-b96f-474b-8235-859f701d5969",62,"9deec9aa-57d3-418e-aefb-d52a89224a32","benchmark/train/IMG_3393_JPG.rf.79cf41de2d1c618c36768992bd7dddf0.jpg","train/IMG_3393_JPG.rf.79cf41de2d1c618c36768992bd7dddf0",0,1,"brown_eye_spot",0.581250,0.490625,0.587500,0.565625,184.000015,133.000000,560.000000,495.000000,1,0,1,"brown_eye_spot",0.929667,181.078918,137.058228,563.029663,489.025757,381.950745,351.967529,134434.265625,0.957551
"7b2ba919-b96f-474b-8235-859f701d5969",63,"78c75206-1822-4b74-ae52-140382a2513b","benchmark/train/IMG_2971_JPG.rf.9c9a71298ec9164b4e83904efabef725.jpg","train/IMG_2971_JPG.rf.9c9a71298ec9164b4e83904efabef725",0,1,"brown_eye_spot",0.483594,0.490625,0.898438,0.625000,22.000008,114.000000,597.000000,514.000000,1,0,1,"brown_eye_spot",0.943710,26.571564,109.985184,586.249084,518.415527,559.677490,408.430359,228589.281250,0.953786
"7b2ba919-b96f-474b-8235-859f701d5969",64,"e91a508a-257a-464e-9934-4305cf058dcd","benchmark/valid/478_jpg.rf.742cf803bf7858a93e14c03720aba98f.jpg","valid/478_jpg.rf.742cf803bf7858a93e14c03720aba98f",0,4,"phoma",0.510156,0.518750,0.657031,0.679688,116.250015,114.500008,536.750000,549.500000,1,0,4,"phoma",0.963709,114.885742,115.222473,541.613098,549.617432,426.727356,434.394958,185368.218750,0.983528
"7b2ba919-b96f-474b-8235-859f701d5969",65,"4fa18953-3632-4e55-b69c-3b4e8cce1476","benchmark/train/IMG_2493_2_JPG.rf.c823dff1b024e387c39794d7e0b47f58.jpg","train/IMG_2493_2_JPG.rf.c823dff1b024e387c39794d7e0b47f58",0,1,"brown_eye_spot",0.507031,0.521094,0.557813,0.957812,146.000000,26.999989,503.000031,639.000000,1,0,1,"brown_eye_spot",0.948154,153.256927,33.046692,502.169769,639.000000,348.912842,605.953308,211424.890625,0.967690
"7b2ba919-b96f-474b-8235-859f701d5969",66,"a65dfa08-0e22-4cd1-a784-122e912b5d42","benchmark/train/IMG_2271_1_JPG.rf.aa07d461f0b6f806b1d3af5428bae66a.jpg","train/IMG_2271_1_JPG.rf.aa07d461f0b6f806b1d3af5428bae66a",0,0,"algal_spot",0.532812,0.523438,0.828906,0.487500,75.749985,179.000000,606.250000,491.000000,1,0,0,"algal_spot",0.968471,76.093079,175.261124,605.692261,492.583069,529.599182,317.321960,168053.453125,0.981587
"7b2ba919-b96f-474b-8235-859f701d5969",67,"c0e255a7-96db-44f7-beac-81820a4f7efe","benchmark/valid/IMG_3585_2_JPG.rf.c598c5a42dd2888e7ba6938b234c9c96.jpg","valid/IMG_3585_2_JPG.rf.c598c5a42dd2888e7ba6938b234c9c96",0,0,"algal_spot",0.472656,0.458594,0.645312,0.385938,96.000000,170.000000,509.000000,417.000000,1,0,0,"algal_spot",0.961739,98.114395,165.867264,507.281250,414.741943,409.166870,248.874680,101831.273438,0.965655
"7b2ba919-b96f-474b-8235-859f701d5969",68,"7c25c125-a074-4a8f-9580-95d39be0a7f8","benchmark/test/205_jpg.rf.b59e203d145239727c13373da511201e.jpg","test/205_jpg.rf.b59e203d145239727c13373da511201e",0,2,"healthy",0.460156,0.490625,0.848437,0.692187,23.000011,92.500000,566.000000,535.500000,1,0,2,"healthy",0.953305,17.732513,84.731323,560.027161,537.345581,542.294678,452.614258,245450.296875,0.958914
"7b2ba919-b96f-474b-8235-859f701d5969",69,"ac150419-d8f1-4c5c-98ba-0c8e1b52bc78","benchmark/valid/783_jpg.rf.30c912f349381e8922723289146935b4.jpg","valid/783_jpg.rf.30c912f349381e8922723289146935b4",0,4,"phoma",0.514063,0.531250,0.859375,0.664063,54.000015,127.500000,604.000000,552.500000,1,0,4,"phoma",0.958995,54.077271,121.752106,595.427917,555.877136,541.350647,434.125031,235013.859375,0.963904
"7b2ba919-b96f-474b-8235-859f701d5969",70,"a66156fe-3907-4492-a6d9-2cb8b7e5214e","benchmark/train/919_jpg.rf.94324a4f03a7c4e6a4fdd19b717ad55a.jpg","train/919_jpg.rf.94324a4f03a7c4e6a4fdd19b717ad55a",0,2,"healthy",0.533594,0.508594,0.876562,0.692969,61.000023,103.750000,622.000000,547.250000,1,0,2,"healthy",0.964046,63.073975,103.531830,619.747253,557.389771,556.673279,453.857941,252650.593750,0.969812
"7b2ba919-b96f-474b-8235-859f701d5969",71,"ef3a7200-df9d-4004-9c39-b59383c47232","benchmark/train/IMG_2289_JPG.rf.97ed1e2d4fa7068bd0fc4c5eb89a979f.jpg","train/IMG_2289_JPG.rf.97ed1e2d4fa7068bd0fc4c5eb89a979f",0,3,"miner",0.490625,0.554688,0.850781,0.446094,41.749992,212.250000,586.250000,497.750000,1,0,3,"miner",0.945829,33.158478,211.166107,567.039795,485.508728,533.881348,274.342621,146466.406250,0.906295
"7b2ba919-b96f-474b-8235-859f701d5969",72,"efd6f04c-6a57-4b5a-a0da-6252ace10f0d","benchmark/test/629_jpg.rf.654dcc115974db140acbfb4452fa9ede.jpg","test/629_jpg.rf.654dcc115974db140acbfb4452fa9ede",0,4,"phoma",0.528125,0.470313,0.810156,0.608594,78.750000,106.250000,597.250000,495.750000,1,0,4,"phoma",0.973580,78.241028,108.428528,591.982849,501.464294,513.741821,393.035767,201918.906250,0.969270
"7b2ba919-b96f-474b-8235-859f701d5969",73,"af48798f-8e4f-4cf5-b6ee-a7a69ccb8b70","benchmark/test/IMG_3309_1_JPG.rf.d677b2956b4520b9a5be53eada56a0a1.jpg","test/IMG_3309_1_JPG.rf.d677b2956b4520b9a5be53eada56a0a1",0,3,"miner",0.465625,0.504687,0.678906,0.547656,80.749985,147.750000,515.250000,498.249969,1,0,3,"miner",0.939116,78.320541,145.384338,510.734680,502.807922,432.414124,357.423584,154555.000000,0.965236
"7b2ba919-b96f-474b-8235-859f701d5969",74,"aa8fe38d-8d1c-4881-9f07-1ec675baf8b6","benchmark/valid/1301_jpg.rf.e870bd431ac424e084120571b686a525.jpg","valid/1301_jpg.rf.e870bd431ac424e084120571b686a525",0,4,"phoma",0.477344,0.459375,0.900781,0.627344,17.249985,93.249985,593.750000,494.750000,1,0,4,"phoma",0.956080,21.909546,94.000763,594.697144,499.952759,572.787598,405.951996,232524.265625,0.975898
"7b2ba919-b96f-474b-8235-859f701d5969",75,"1a836452-ff7d-45fb-9487-4459d3a3d892","benchmark/valid/IMG_3318_JPG.rf.14714c8dd97646795a0e8f4de75e6adf.jpg","valid/IMG_3318_JPG.rf.14714c8dd97646795a0e8f4de75e6adf",0,3,"miner",0.551562,0.615625,0.852344,0.416406,80.250000,260.750000,625.750000,527.250000,1,0,3,"miner",0.878253,74.623047,269.145111,621.987305,531.257629,547.364258,262.112518,143471.031250,0.938286
"7b2ba919-b96f-474b-8235-859f701d5969",76,"10d45f75-fc26-4495-a011-a305bd2d8099","benchmark/valid/IMG_2611_2_JPG.rf.befba61b4eafcbacdaa67c9719620e77.jpg","valid/IMG_2611_2_JPG.rf.befba61b4eafcbacdaa67c9719620e77",0,3,"miner",0.496875,0.667188,0.531250,0.482031,148.000000,272.750000,488.000000,581.250000,1,0,3,"miner",0.950926,151.284134,276.754242,483.413086,579.671387,332.128967,302.917145,100607.554688,0.959172
"7b2ba919-b96f-474b-8235-859f701d5969",77,"f94c42e6-1703-4561-96bf-c0a99cc1311f","benchmark/train/IMG_2629_JPG.rf.be5f42ae3cfb60b84f2435a70273c139.jpg","train/IMG_2629_JPG.rf.be5f42ae3cfb60b84f2435a70273c139",0,0,"algal_spot",0.507813,0.523438,0.553125,0.788281,148.000000,82.750000,502.000000,587.250000,1,0,0,"algal_spot",0.956673,157.024506,96.827087,503.790436,585.291016,346.765930,488.463928,169382.640625,0.938933
"7b2ba919-b96f-474b-8235-859f701d5969",78,"1bed9bdf-d1cd-4de2-9798-7e256d6f743f","benchmark/valid/IMG_2969_1_JPG.rf.8483a69593715b5afce1f1966fc48e5a.jpg","valid/IMG_2969_1_JPG.rf.8483a69593715b5afce1f1966fc48e5a",0,1,"brown_eye_spot",0.481250,0.554688,0.888281,0.350781,23.750000,242.750000,592.250000,467.250000,1,0,1,"brown_eye_spot",0.928448,28.238770,240.029968,599.944885,461.757446,571.706116,221.727478,126762.953125,0.943868
"7b2ba919-b96f-474b-8235-859f701d5969",79,"cbb616c3-bf99-4900-a6f7-56001460f0bc","benchmark/train/IMG_2492_2_JPG.rf.13964a81b0a16f757bfc47fc3b13437d.jpg","train/IMG_2492_2_JPG.rf.13964a81b0a16f757bfc47fc3b13437d",0,1,"brown_eye_spot",0.557813,0.400000,0.782031,0.325000,106.750015,152.000000,607.250000,360.000000,1,0,1,"brown_eye_spot",0.921966,111.727173,150.600143,605.689392,359.677704,493.962219,209.077560,103276.414063,0.978906
"7b2ba919-b96f-474b-8235-859f701d5969",80,"2765b3b7-f134-40b8-a1b8-72cbe5e25206","benchmark/train/576_jpg.rf.33b5f5be195454d8055770cd688e73e8.jpg","train/576_jpg.rf.33b5f5be195454d8055770cd688e73e8",0,4,"phoma",0.473437,0.503125,0.774219,0.621875,55.249996,123.000015,550.750000,521.000000,1,0,4,"phoma",0.970518,65.420044,132.807587,541.487610,508.901978,476.067566,376.094391,179046.343750,0.907901
"7b2ba919-b96f-474b-8235-859f701d5969",81,"0f4f427a-2679-4e7e-95ad-ccbe868fd238","benchmark/train/391_jpg.rf.7ecbcccac3b9ae39119acc806c5d768a.jpg","train/391_jpg.rf.7ecbcccac3b9ae39119acc806c5d768a",0,4,"phoma",0.479688,0.457031,0.750000,0.667188,67.000008,79.000000,547.000000,506.000000,1,0,4,"phoma",0.959904,71.458374,100.252701,545.419312,506.046478,473.960938,405.793762,192330.390625,0.938172
"7b2ba919-b96f-474b-8235-859f701d5969",82,"07a10c54-69b3-4f9c-90a3-48501282efa7","benchmark/valid/618_jpg.rf.4f1bd5c494af7dac5a07407a26707253.jpg","valid/618_jpg.rf.4f1bd5c494af7dac5a07407a26707253",0,4,"phoma",0.514844,0.523438,0.755469,0.625000,87.750015,135.000000,571.250000,535.000000,1,0,4,"phoma",0.959642,89.949692,134.095856,562.804504,537.362305,472.854797,403.266449,190686.468750,0.970235
"7b2ba919-b96f-474b-8235-859f701d5969",83,"b32c2565-dfdb-480c-94e8-ffe2054a8fff","benchmark/train/PXL_20240125_122141729_jpg.rf.05c7c8eb4bf6d955bfd2ff7dd4ae8734.jpg","train/PXL_20240125_122141729_jpg.rf.05c7c8eb4bf6d955bfd2ff7dd4ae8734",0,2,"healthy",0.390625,0.534375,0.484375,0.775000,95.000000,94.000015,405.000000,590.000000,1,0,2,"healthy",0.915379,96.351471,101.451111,405.673309,591.836914,309.321838,490.385803,151687.031250,0.974995
"7b2ba919-b96f-474b-8235-859f701d5969",83,"b32c2565-dfdb-480c-94e8-ffe2054a8fff","benchmark/train/PXL_20240125_122141729_jpg.rf.05c7c8eb4bf6d955bfd2ff7dd4ae8734.jpg","train/PXL_20240125_122141729_jpg.rf.05c7c8eb4bf6d955bfd2ff7dd4ae8734",1,2,"healthy",0.730469,0.335938,0.539063,0.468750,295.000000,65.000000,639.000000,365.000000,1,1,2,"healthy",0.820241,295.783752,57.894196,639.000000,382.211060,343.216248,324.316864,111310.820313,0.923072
"7b2ba919-b96f-474b-8235-859f701d5969",84,"4b50814d-e974-4e48-96ae-86294720e956","benchmark/test/208_jpg.rf.de2e91cc3886bb89b1eb49754f9e1059.jpg","test/208_jpg.rf.de2e91cc3886bb89b1eb49754f9e1059",0,2,"healthy",0.422656,0.532812,0.842969,0.574219,0.749989,157.249985,540.250000,524.750000,1,0,2,"healthy",0.879045,2.474548,154.896194,533.944702,526.713379,531.470154,371.817200,197609.750000,0.973846
"7b2ba919-b96f-474b-8235-859f701d5969",85,"c11fdf97-6f3e-49f1-be39-da9fd82839d8","benchmark/train/IMG_2431_2_JPG.rf.059b7ad7046b3ba806b5fc9805ce8a91.jpg","train/IMG_2431_2_JPG.rf.059b7ad7046b3ba806b5fc9805ce8a91",0,3,"miner",0.568750,0.521875,0.847656,0.399219,92.750015,206.250015,635.250000,461.750031,1,0,3,"miner",0.949608,75.306702,209.564987,634.946899,456.234344,559.640198,246.669357,138046.093750,0.935847
"7b2ba919-b96f-474b-8235-859f701d5969",86,"b3ae7819-4f3c-4643-a8a3-2da60d0b047a","benchmark/train/IMG_2703_1_JPG.rf.04b9a710b500bd3e7a2f5e88a21cc7ec.jpg","train/IMG_2703_1_JPG.rf.04b9a710b500bd3e7a2f5e88a21cc7ec",0,0,"algal_spot",0.469531,0.550781,0.460938,0.504687,153.000000,191.000000,448.000000,514.000000,1,0,0,"algal_spot",0.949030,154.056717,188.568954,450.244019,511.796997,296.187317,323.228027,95736.039063,0.974890
"7b2ba919-b96f-474b-8235-859f701d5969",87,"0debdab2-2832-43e1-8c81-b438fbad91fb","benchmark/train/460_jpg.rf.029064fe33fb6c33d5d28d986c455cc1.jpg","train/460_jpg.rf.029064fe33fb6c33d5d28d986c455cc1",0,4,"phoma",0.521094,0.492188,0.825000,0.707031,69.499985,88.750000,597.500000,541.250000,1,0,4,"phoma",0.969650,74.904724,84.501328,595.591309,546.386230,520.686584,461.884888,240497.265625,0.966384
"7b2ba919-b96f-474b-8235-859f701d5969",88,"0f9daaaf-55cc-4f6f-95e9-7bcb61d1258d","benchmark/train/IMG_2621_JPG.rf.486a98f50b963642b99e3b6f1aff2706.jpg","train/IMG_2621_JPG.rf.486a98f50b963642b99e3b6f1aff2706",0,1,"brown_eye_spot",0.372656,0.642969,0.514063,0.682813,74.000000,193.000015,403.000031,630.000000,1,0,1,"brown_eye_spot",0.733979,78.768463,180.967178,394.491699,637.236084,315.723236,456.268921,144054.703125,0.920687
"7b2ba919-b96f-474b-8235-859f701d5969",89,"b3340b78-9dca-4cd4-aea7-864ae4ca53fb","benchmark/train/IMG_2900_1_JPG.rf.36da989a8325d29907cb3ff48d9602d5.jpg","train/IMG_2900_1_JPG.rf.36da989a8325d29907cb3ff48d9602d5",0,0,"algal_spot",0.564062,0.428125,0.585156,0.659375,173.749985,62.999992,548.250000,485.000000,1,0,0,"algal_spot",0.958901,172.687973,62.337128,542.830444,478.427856,370.142456,416.090729,154012.843750,0.965984
"7b2ba919-b96f-474b-8235-859f701d5969",90,"3c9cd028-bafa-4a12-b106-1090b4b378a3","benchmark/train/IMG_2872_JPG.rf.573d6fc22852e33bc3a720ae5e81fcbe.jpg","train/IMG_2872_JPG.rf.573d6fc22852e33bc3a720ae5e81fcbe",0,3,"miner",0.493750,0.479688,0.531250,0.797656,146.000000,51.750011,486.000000,562.250000,1,0,3,"miner",0.958812,150.497345,52.912689,487.839783,559.449097,337.342438,506.536407,170876.218750,0.973882
"7b2ba919-b96f-474b-8235-859f701d5969",91,"eae43f20-6950-4f54-9009-047a658a9d83","benchmark/train/PXL_20240125_124946063_jpg.rf.4cac3d339724f58eba7367f9bc7959c4.jpg","train/PXL_20240125_124946063_jpg.rf.4cac3d339724f58eba7367f9bc7959c4",0,2,"healthy",0.485938,0.562500,0.472656,0.835938,159.750000,92.500000,462.250000,627.500000,1,0,2,"healthy",0.938691,167.801849,98.528351,463.178589,637.282227,295.376740,538.753906,159135.375000,0.942722
"7b2ba919-b96f-474b-8235-859f701d5969",92,"8e838583-aacf-4c31-8b44-12714a796dc0","benchmark/train/IMG_3642_2_JPG.rf.ffe1f613a79347d5037d9c62ba447244.jpg","train/IMG_3642_2_JPG.rf.ffe1f613a79347d5037d9c62ba447244",0,0,"algal_spot",0.629687,0.271875,0.342969,0.340625,293.250000,65.000000,512.750000,283.000000,1,1,0,"algal_spot",0.953426,300.715759,55.784546,508.565338,286.943146,207.849579,231.158600,48046.218750,0.895726
"7b2ba919-b96f-474b-8235-859f701d5969",92,"8e838583-aacf-4c31-8b44-12714a796dc0","benchmark/train/IMG_3642_2_JPG.rf.ffe1f613a79347d5037d9c62ba447244.jpg","train/IMG_3642_2_JPG.rf.ffe1f613a79347d5037d9c62ba447244",1,0,"algal_spot",0.421875,0.760156,0.372656,0.385938,150.750000,363.000031,389.250000,610.000000,1,0,0,"algal_spot",0.956846,154.395142,360.153320,386.684204,608.526489,232.289063,248.373169,57694.371094,0.957401
"7b2ba919-b96f-474b-8235-859f701d5969",93,"3e98adc7-93f8-4147-8a19-798939bebf68","benchmark/train/IMG_3638_JPG.rf.b66be2e74f1e53a6efa4a09920e86f0c.jpg","train/IMG_3638_JPG.rf.b66be2e74f1e53a6efa4a09920e86f0c",0,0,"algal_spot",0.737500,0.517187,0.364844,0.358594,355.250000,216.249985,588.750000,445.749969,1,1,0,"algal_spot",0.913285,356.170868,213.703079,590.498352,452.219360,234.327484,238.516281,55890.921875,0.951422
"7b2ba919-b96f-474b-8235-859f701d5969",93,"3e98adc7-93f8-4147-8a19-798939bebf68","benchmark/train/IMG_3638_JPG.rf.b66be2e74f1e53a6efa4a09920e86f0c.jpg","train/IMG_3638_JPG.rf.b66be2e74f1e53a6efa4a09920e86f0c",1,0,"algal_spot",0.283594,0.519531,0.498437,0.251563,21.999998,252.000000,341.000000,413.000000,1,0,0,"algal_spot",0.946966,13.818100,247.516449,338.992004,410.285614,325.173889,162.769165,52928.281250,0.927248
"7b2ba919-b96f-474b-8235-859f701d5969",94,"37517940-456e-4dc3-a11d-6933006d39fb","benchmark/train/IMG_2724_JPG.rf.09d800f54aef0596ac5145b8cc5381a9.jpg","train/IMG_2724_JPG.rf.09d800f54aef0596ac5145b8cc5381a9",0,0,"algal_spot",0.417188,0.375781,0.606250,0.479688,73.000015,86.999985,461.000000,394.000000,1,0,0,"algal_spot",0.948751,69.245102,85.939850,470.658142,393.650513,401.413025,307.710663,123519.070313,0.962199
"7b2ba919-b96f-474b-8235-859f701d5969",95,"4214c844-5ae1-41d4-aecf-b84fffb777ae","benchmark/train/IMG_2443_2_JPG.rf.45ba933c62bd0494ca409f442f533c9c.jpg","train/IMG_2443_2_JPG.rf.45ba933c62bd0494ca409f442f533c9c",0,5,"powdery_mildew",0.592969,0.572656,0.779688,0.382813,130.000000,244.000015,629.000000,489.000000,1,0,5,"powdery_mildew",0.971951,124.283752,246.379089,633.402893,489.382629,509.119141,243.003540,123717.750000,0.969280
"7b2ba919-b96f-474b-8235-859f701d5969",96,"1b642f02-5759-464e-bf72-a1bad0b6c0eb","benchmark/train/426_jpg.rf.537221526adfe50c3ebccf54b8ac43c5.jpg","train/426_jpg.rf.537221526adfe50c3ebccf54b8ac43c5",0,4,"phoma",0.465625,0.560938,0.817187,0.643750,36.499996,153.000015,559.500000,565.000000,1,0,4,"phoma",0.967228,38.651550,151.075745,561.412415,565.948853,522.760864,414.873108,216879.421875,0.985414
"7b2ba919-b96f-474b-8235-859f701d5969",97,"46f2cdd5-67d6-4577-a8c8-90c32e063305","benchmark/valid/IMG_2688_2_JPG.rf.582b693ef900e8d9c59224ac98e19801.jpg","valid/IMG_2688_2_JPG.rf.582b693ef900e8d9c59224ac98e19801",0,3,"miner",0.571875,0.432813,0.482031,0.471875,211.750000,126.000000,520.250000,428.000031,1,0,3,"miner",0.905027,216.053925,125.653595,506.994995,449.307739,290.941071,323.654144,94164.281250,0.883350
"7b2ba919-b96f-474b-8235-859f701d5969",98,"abcef5b2-8640-4a93-9fb0-ebe13fc71a9c","benchmark/valid/IMG_2349_1_JPG.rf.31fc3db49f28401edb4446c45d2f6554.jpg","valid/IMG_2349_1_JPG.rf.31fc3db49f28401edb4446c45d2f6554",0,1,"brown_eye_spot",0.571875,0.528906,0.459375,0.720312,218.999969,107.999992,513.000000,569.000000,1,0,1,"brown_eye_spot",0.962267,221.178284,99.239471,516.306335,579.129578,295.128052,479.890106,141629.031250,0.943187
"7b2ba919-b96f-474b-8235-859f701d5969",99,"61275be8-9233-433e-84fc-e429607a8949","benchmark/valid/328_jpg.rf.7f7f46ab00762497b9135fa541912dc7.jpg","valid/328_jpg.rf.7f7f46ab00762497b9135fa541912dc7",0,4,"phoma",0.516406,0.468750,0.732813,0.644531,95.999985,93.750000,565.000000,506.250000,1,0,4,"phoma",0.970134,95.570877,94.273651,568.538696,508.075348,472.967834,413.801697,195714.890625,0.985999
"7b2ba919-b96f-474b-8235-859f701d5969",100,"39bd413e-ebad-4342-b109-55748defd620","benchmark/train/IMG_2923_2_JPG.rf.88c110964732f0891db2cb777aaa5b00.jpg","train/IMG_2923_2_JPG.rf.88c110964732f0891db2cb777aaa5b00",0,1,"brown_eye_spot",0.504687,0.539844,0.905469,0.379687,33.249989,224.000000,612.750000,466.999969,1,0,1,"brown_eye_spot",0.937931,32.143127,218.679535,619.290771,468.272858,587.147644,249.593323,146548.125000,0.960903
"05c1884d-5f49-4e0c-a826-e692b3b3ae8b",1,"894aa28b-82a5-4b00-b598-17104b074429","benchmark/train/IMG_3211_1_JPG.rf.4205e181080d370421dc0ff11b20ab1a.jpg","train/IMG_3211_1_JPG.rf.4205e181080d370421dc0ff11b20ab1a",0,3,"miner",0.473437,0.563281,0.525000,0.551562,135.000000,184.000000,471.000000,537.000000,1,0,3,"miner",0.943758,126.636200,179.389404,475.097229,539.552429,348.461029,360.163025,125502.781250,0.945063
"05c1884d-5f49-4e0c-a826-e692b3b3ae8b",2,"261ad2f6-51f4-45b3-87d5-774e0be12d6a","benchmark/test/761_jpg.rf.8e0df0c865b1dea187fb678c11408721.jpg","test/761_jpg.rf.8e0df0c865b1dea187fb678c11408721",0,2,"healthy",0.505469,0.485938,0.756250,0.653906,81.499977,101.750015,565.500000,520.250000,1,0,2,"healthy",0.904319,82.060013,108.727478,562.838440,517.864868,480.778442,409.137390,196704.437500,0.971121
"05c1884d-5f49-4e0c-a826-e692b3b3ae8b",3,"1a30d31e-6f5d-470c-bfee-b7ad67f31806","benchmark/train/IMG_3068_2_JPG.rf.12e0dd771d46eb6bebf9d7f00a71a70a.jpg","train/IMG_3068_2_JPG.rf.12e0dd771d46eb6bebf9d7f00a71a70a",0,3,"miner",0.520312,0.460156,0.616406,0.714063,135.749985,66.000000,530.250000,523.000000,1,0,3,"miner",0.951530,131.866562,72.736816,529.840027,523.934265,397.973450,451.197449,179564.609375,0.972793
"05c1884d-5f49-4e0c-a826-e692b3b3ae8b",4,"43e77c01-7825-4bd2-b6c4-d262af75e9f8","benchmark/train/IMG_3303_JPG.rf.077f8b957aaac124666135a42266356e.jpg","train/IMG_3303_JPG.rf.077f8b957aaac124666135a42266356e",0,3,"miner",0.512500,0.491406,0.855469,0.342187,54.249992,205.000000,601.750000,424.000000,1,0,3,"miner",0.950356,48.609924,206.842102,610.305298,422.859009,561.695374,216.016907,121335.695313,0.961782
"05c1884d-5f49-4e0c-a826-e692b3b3ae8b",5,"8885184a-f388-4c88-9370-f8e034485b7b","benchmark/train/IMG_3022_1_JPG.rf.49b9d03e1b54d28d874762b7326775e0.jpg","train/IMG_3022_1_JPG.rf.49b9d03e1b54d28d874762b7326775e0",0,1,"brown_eye_spot",0.535937,0.499219,0.633594,0.514063,140.250000,155.000000,545.750000,484.000000,1,0,1,"brown_eye_spot",0.943380,140.656937,146.710052,541.307251,488.870056,400.650330,342.160004,137086.515625,0.950476
"05c1884d-5f49-4e0c-a826-e692b3b3ae8b",6,"3c656196-7e56-454c-8073-1df4c1c4e133","benchmark/valid/IMG_2978_JPG.rf.2b84170a56167e0dda64d1638cf1637d.jpg","valid/IMG_2978_JPG.rf.2b84170a56167e0dda64d1638cf1637d",0,1,"brown_eye_spot",0.432813,0.451562,0.407031,0.603125,146.750015,96.000000,407.250000,481.999969,1,0,1,"brown_eye_spot",0.706134,145.203033,109.297729,404.008789,499.331421,258.805756,390.033691,100942.960938,0.907834
"05c1884d-5f49-4e0c-a826-e692b3b3ae8b",7,"d4593b3b-b86a-4b9b-a485-772fe64096fc","benchmark/valid/IMG_2332_JPG.rf.cba3cc493460eb5137b5d975e8e1e9ec.jpg","valid/IMG_2332_JPG.rf.cba3cc493460eb5137b5d975e8e1e9ec",0,1,"brown_eye_spot",0.407813,0.626562,0.550000,0.746094,85.000000,162.249985,437.000000,639.000000,1,0,1,"brown_eye_spot",0.956718,85.711365,157.124603,432.019531,638.660828,346.308167,481.536224,166759.921875,0.972840
"05c1884d-5f49-4e0c-a826-e692b3b3ae8b",8,"21d2c946-32d3-4ea1-b35f-d8761e80ca74","benchmark/train/440_jpg.rf.78f89faa0ed116405b157cc478f3003c.jpg","train/440_jpg.rf.78f89faa0ed116405b157cc478f3003c",0,4,"phoma",0.547656,0.518750,0.669531,0.551562,136.250000,155.500015,564.750000,508.500000,1,0,4,"phoma",0.977307,135.308258,154.853333,553.049866,509.550171,417.741608,354.696838,148171.625000,0.966045
"05c1884d-5f49-4e0c-a826-e692b3b3ae8b",9,"2988d0c8-86e6-485b-bb57-f47c0b411c2d","benchmark/train/PXL_20240125_115241834_jpg.rf.40aea05ebb83707e3b09cb5176c487c9.jpg","train/PXL_20240125_115241834_jpg.rf.40aea05ebb83707e3b09cb5176c487c9",0,2,"healthy",0.475000,0.483594,0.438281,0.950000,163.750000,5.500011,444.250000,613.500000,1,0,2,"healthy",0.947008,159.956253,7.551331,449.866272,621.032349,289.910034,613.481018,177854.296875,0.952580
"05c1884d-5f49-4e0c-a826-e692b3b3ae8b",10,"44daa62a-c0a6-4e95-941e-52af10e1f909","benchmark/valid/IMG_3410_1_JPG.rf.d57de37d5ff0c268a5036179b2b737ea.jpg","valid/IMG_3410_1_JPG.rf.d57de37d5ff0c268a5036179b2b737ea",0,3,"miner",0.457812,0.461719,0.813281,0.402344,32.749996,166.750000,553.250000,424.250000,1,0,3,"miner",0.962376,60.611267,162.107544,554.234375,424.405731,493.623108,262.298187,129476.445313,0.928312
"05c1884d-5f49-4e0c-a826-e692b3b3ae8b",11,"5fb36991-fb3a-460b-855b-74c31510ea5e","benchmark/train/IMG_2420_1_JPG.rf.effd0b18c7aa23ddb532a2a1d9cc25a1.jpg","train/IMG_2420_1_JPG.rf.effd0b18c7aa23ddb532a2a1d9cc25a1",0,3,"miner",0.473437,0.540625,0.927344,0.385156,6.250000,222.749969,599.750000,469.250000,1,0,3,"miner",0.948661,6.935059,224.117661,612.735291,470.410156,605.800232,246.292496,149204.046875,0.967602
"05c1884d-5f49-4e0c-a826-e692b3b3ae8b",12,"0e3bb9f6-e82a-4a79-9cd3-9414dcf1a959","benchmark/train/IMG_3593_2_JPG.rf.3c31aac58b9c2f2962e30eb10c6e1975.jpg","train/IMG_3593_2_JPG.rf.3c31aac58b9c2f2962e30eb10c6e1975",0,0,"algal_spot",0.632031,0.398438,0.401563,0.478125,276.000000,102.000000,533.000000,408.000000,1,0,0,"algal_spot",0.960132,275.894226,98.281418,539.629456,405.133057,263.735229,306.851624,80927.585938,0.953968
"05c1884d-5f49-4e0c-a826-e692b3b3ae8b",13,"aec241f9-7053-499b-a8f1-82ac2f57fe40","benchmark/valid/264_jpg.rf.8b1b01e8ea1df05e48332b7f3b2c8fa1.jpg","valid/264_jpg.rf.8b1b01e8ea1df05e48332b7f3b2c8fa1",0,4,"phoma",0.508594,0.498437,0.751562,0.647656,85.000000,111.749992,566.000000,526.250000,1,0,4,"phoma",0.970205,85.470673,113.149780,564.688965,526.018555,479.218292,412.868774,197854.265625,0.992375
"05c1884d-5f49-4e0c-a826-e692b3b3ae8b",14,"7f866e9f-fdcf-4f13-b138-a9d1080ca9b0","benchmark/train/IMG_3217_2_JPG.rf.74eb9f6573f175d91256c64ecb163c33.jpg","train/IMG_3217_2_JPG.rf.74eb9f6573f175d91256c64ecb163c33",0,3,"miner",0.543750,0.578906,0.249219,0.807813,268.250000,111.999985,427.749969,629.000000,1,0,3,"miner",0.918784,274.020142,100.974487,428.621460,639.000000,154.601318,538.025513,83179.453125,0.922422
"05c1884d-5f49-4e0c-a826-e692b3b3ae8b",15,"6a35fe71-3adf-4003-9a0b-81fc4a4b1271","benchmark/valid/IMG_2344_JPG.rf.8bc632e389e515d40e02cd41a6b89ac9.jpg","valid/IMG_2344_JPG.rf.8bc632e389e515d40e02cd41a6b89ac9",0,1,"brown_eye_spot",0.481250,0.454688,0.568750,0.835156,125.999985,23.750000,490.000000,558.250000,1,0,1,"brown_eye_spot",0.942068,123.382324,8.987289,486.771423,552.178528,363.389099,543.191223,197389.765625,0.947026
"05c1884d-5f49-4e0c-a826-e692b3b3ae8b",16,"1c629fec-5f76-4b2c-9117-b0fc65d82501","benchmark/test/1060_jpg.rf.0ea26c1f39f332b442e88dd6157a6418.jpg","test/1060_jpg.rf.0ea26c1f39f332b442e88dd6157a6418",0,2,"healthy",0.506250,0.510938,0.889063,0.757813,39.500008,84.500008,608.500000,569.500000,1,0,2,"healthy",0.959574,42.839905,85.299927,608.370972,574.648560,565.531067,489.348633,276741.843750,0.981904
"05c1884d-5f49-4e0c-a826-e692b3b3ae8b",17,"b79bea53-57e1-4e1b-b457-9a7d9e32d126","benchmark/valid/IMG_3006_2_JPG.rf.759edda4c66f0d04bcb36ffdc974076d.jpg","valid/IMG_3006_2_JPG.rf.759edda4c66f0d04bcb36ffdc974076d",0,3,"miner",0.545313,0.454688,0.844531,0.385156,78.750015,167.750015,619.250000,414.250000,1,0,3,"miner",0.945933,74.578857,180.437103,617.102722,419.007507,542.523865,238.570404,129430.140625,0.920200
"05c1884d-5f49-4e0c-a826-e692b3b3ae8b",18,"fd474df8-28bb-4378-bdd2-b06bf743c081","benchmark/train/IMG_2583_JPG.rf.b1faae392f5cfd348a549f3dbffac553.jpg","train/IMG_2583_JPG.rf.b1faae392f5cfd348a549f3dbffac553",0,3,"miner",0.443750,0.451562,0.519531,0.785156,117.750000,37.749996,450.250000,540.250000,1,0,3,"miner",0.727118,121.627167,14.993408,450.054871,536.512573,328.427704,521.519165,171281.343750,0.938428
"05c1884d-5f49-4e0c-a826-e692b3b3ae8b",19,"32652cd4-c8f0-45bc-8159-2e7bb0ed604a","benchmark/train/IMG_3336_JPG.rf.8ba6a068ff213b021052400b7d40267c.jpg","train/IMG_3336_JPG.rf.8ba6a068ff213b021052400b7d40267c",0,3,"miner",0.446875,0.520312,0.393750,0.540625,160.000000,160.000000,412.000000,506.000000,1,0,3,"miner",0.917784,152.999878,158.101074,406.676910,509.977570,253.677032,351.876495,89262.984375,0.936836
"05c1884d-5f49-4e0c-a826-e692b3b3ae8b",20,"85663aa4-eea5-4d7f-b647-31865942430a","benchmark/train/IMG_2201_JPG.rf.dbdf26b4545a81f9e7875272c613804d.jpg","train/IMG_2201_JPG.rf.dbdf26b4545a81f9e7875272c613804d",0,1,"brown_eye_spot",0.380469,0.441406,0.542188,0.679688,70.000000,65.000000,417.000000,500.000000,1,0,1,"brown_eye_spot",0.955755,69.482910,76.252472,412.886230,501.268433,343.403320,425.015961,145951.890625,0.958427
"05c1884d-5f49-4e0c-a826-e692b3b3ae8b",21,"93466f3a-d7b9-492f-983b-dc5989e3654f","benchmark/train/862_jpg.rf.06301c5e7e103ba01a0f3b86dbeecfaa.jpg","train/862_jpg.rf.06301c5e7e103ba01a0f3b86dbeecfaa",0,2,"healthy",0.535937,0.497656,0.785937,0.603906,91.500000,125.250000,594.500000,511.750031,1,0,2,"healthy",0.969542,91.561981,126.542297,592.661743,509.701935,501.099762,383.159637,192001.203125,0.987612
"05c1884d-5f49-4e0c-a826-e692b3b3ae8b",22,"06eae4dd-8007-4625-8606-6b8ecf2e8980","benchmark/train/IMG_2799_JPG.rf.9ced2e8cdc2396de7da5e763fb7164c9.jpg","train/IMG_2799_JPG.rf.9ced2e8cdc2396de7da5e763fb7164c9",0,1,"brown_eye_spot",0.514844,0.466406,0.757813,0.654688,87.000008,89.000000,572.000000,508.000031,0,,,,,,,,,,,,0.000000
"05c1884d-5f49-4e0c-a826-e692b3b3ae8b",23,"62d1ebd6-0da6-4bfe-89b4-e4a7cbe2b764","benchmark/test/191_jpg.rf.9fd07421f52617e56f8f5dbbef4766ab.jpg","test/191_jpg.rf.9fd07421f52617e56f8f5dbbef4766ab",0,2,"healthy",0.517187,0.485156,0.878906,0.685156,49.749985,91.250000,612.250000,529.750000,1,0,2,"healthy",0.968499,53.422241,88.583099,607.393921,531.220093,553.971680,442.636993,245208.359375,0.975772
"05c1884d-5f49-4e0c-a826-e692b3b3ae8b",24,"98fb0580-070d-4cda-ac2b-d1739c04e913","benchmark/train/PXL_20240125_124516272_jpg.rf.b79abe59bb43697cd0d83dc37166e3f4.jpg","train/PXL_20240125_124516272_jpg.rf.b79abe59bb43697cd0d83dc37166e3f4",0,2,"healthy",0.438281,0.553906,0.415625,0.689062,147.499985,134.000015,413.500000,575.000000,1,0,2,"healthy",0.949046,154.843933,136.933670,412.488190,578.844543,257.644257,441.910889,113855.804688,0.954088
"05c1884d-5f49-4e0c-a826-e692b3b3ae8b",24,"98fb0580-070d-4cda-ac2b-d1739c04e913","benchmark/train/PXL_20240125_124516272_jpg.rf.b79abe59bb43697cd0d83dc37166e3f4.jpg","train/PXL_20240125_124516272_jpg.rf.b79abe59bb43697cd0d83dc37166e3f4",1,2,"healthy",0.104687,0.584375,0.209375,0.652344,0.000000,165.250015,134.000000,582.750000,1,1,2,"healthy",0.616650,0.955231,173.071381,140.501297,575.225342,139.546066,402.153961,56119.003906,0.913677
"05c1884d-5f49-4e0c-a826-e692b3b3ae8b",25,"0fed681b-173d-4469-b8cd-4c5d79355432","benchmark/train/PXL_20240125_085122620_jpg.rf.d104a07276638d0643e344f684ddd6f8.jpg","train/PXL_20240125_085122620_jpg.rf.d104a07276638d0643e344f684ddd6f8",0,2,"healthy",0.518750,0.551562,0.500781,0.835938,171.750015,85.499992,492.250000,620.500000,1,0,2,"healthy",0.941995,167.977448,74.462326,497.179291,638.726074,329.201843,564.263733,185756.656250,0.923076
"05c1884d-5f49-4e0c-a826-e692b3b3ae8b",26,"7947dc56-d351-49e1-b117-f3e05b61d264","benchmark/train/382_jpg.rf.f02ec86d82992a897aa1132ed194b1a2.jpg","train/382_jpg.rf.f02ec86d82992a897aa1132ed194b1a2",0,4,"phoma",0.510938,0.508594,0.778125,0.635156,78.000015,122.249985,576.000000,528.750000,1,0,4,"phoma",0.967484,79.552490,122.328217,574.749146,529.685303,495.196655,407.357086,201721.859375,0.991910
"05c1884d-5f49-4e0c-a826-e692b3b3ae8b",27,"60d6b240-e2fb-46d3-81d8-1e6010fbabf4","benchmark/train/IMG_2725_1_JPG.rf.41c14301ee88924e677317b284d824e7.jpg","train/IMG_2725_1_JPG.rf.41c14301ee88924e677317b284d824e7",0,0,"algal_spot",0.437500,0.651563,0.737500,0.453906,43.999996,271.750000,516.000000,562.250000,1,0,0,"algal_spot",0.947026,45.031342,268.188904,517.395691,565.398560,472.364349,297.209656,140391.250000,0.972461
"05c1884d-5f49-4e0c-a826-e692b3b3ae8b",28,"f354033c-9862-4ac6-9991-f5d30c8f4146","benchmark/train/IMG_3019_1_JPG.rf.81cd47dcf7da6478e86b9a5f77e6163c.jpg","train/IMG_3019_1_JPG.rf.81cd47dcf7da6478e86b9a5f77e6163c",0,1,"brown_eye_spot",0.517969,0.465625,0.632813,0.534375,129.000015,126.999985,534.000000,469.000000,1,0,1,"brown_eye_spot",0.892747,124.913589,121.870255,534.070801,468.346863,409.157227,346.476624,141763.421875,0.973368
"05c1884d-5f49-4e0c-a826-e692b3b3ae8b",29,"45afff2b-bca1-453d-822c-7d0913c5f8ae","benchmark/train/IMG_2396_JPG.rf.607f241dacf648e9e5360039d555c30d.jpg","train/IMG_2396_JPG.rf.607f241dacf648e9e5360039d555c30d",0,0,"algal_spot",0.521875,0.446875,0.941406,0.441406,32.750015,144.750000,635.250000,427.250000,1,0,0,"algal_spot",0.961430,30.570099,142.574921,639.000000,430.762329,608.429932,288.187408,175341.843750,0.970711
"05c1884d-5f49-4e0c-a826-e692b3b3ae8b",30,"04085121-3574-4e42-8a9e-0eb850e91548","benchmark/train/481_jpg.rf.f71e9045e11f3cebaf44e6eaabc602ca.jpg","train/481_jpg.rf.f71e9045e11f3cebaf44e6eaabc602ca",0,4,"phoma",0.510938,0.496094,0.706250,0.627344,101.000000,116.749992,553.000000,518.250000,1,0,4,"phoma",0.963161,103.693283,116.806488,547.202393,523.262695,443.509094,406.456207,180267.031250,0.969204
"05c1884d-5f49-4e0c-a826-e692b3b3ae8b",31,"5f4bd726-6d08-47e1-8078-298459b311d7","benchmark/train/IMG_2381_JPG.rf.54029ad1a48cdef4d2c6aa19dc6dde50.jpg","train/IMG_2381_JPG.rf.54029ad1a48cdef4d2c6aa19dc6dde50",0,0,"algal_spot",0.539063,0.568750,0.434375,0.580469,206.000000,178.250000,484.000000,549.750000,1,0,0,"algal_spot",0.951130,207.525787,171.664902,483.709900,544.229248,276.184113,372.564331,102896.351563,0.961768
"05c1884d-5f49-4e0c-a826-e692b3b3ae8b",32,"20f1da7d-7143-4339-9863-b01c2f75ebed","benchmark/train/IMG_2636_JPG.rf.fea05ff1a77e34a57cfd09462892c3c2.jpg","train/IMG_2636_JPG.rf.fea05ff1a77e34a57cfd09462892c3c2",0,1,"brown_eye_spot",0.482031,0.566406,0.729688,0.473437,75.000000,211.000000,542.000000,514.000000,1,0,1,"brown_eye_spot",0.941280,76.719543,206.431839,572.240234,516.619019,495.520691,310.187195,153704.171875,0.914118
"05c1884d-5f49-4e0c-a826-e692b3b3ae8b",33,"da82be4e-86c7-428a-b3ee-89e3627ac653","benchmark/train/IMG_2933_2_JPG.rf.6a7321f663ff8ed829b7887be02ac821.jpg","train/IMG_2933_2_JPG.rf.6a7321f663ff8ed829b7887be02ac821",0,4,"phoma",0.398438,0.518750,0.415625,0.696875,122.000000,109.000015,388.000000,555.000000,1,0,4,"phoma",0.953064,123.262497,115.042175,389.739777,560.830383,266.477295,445.788208,118792.437500,0.962947
"05c1884d-5f49-4e0c-a826-e692b3b3ae8b",34,"05a5ba6e-a540-4c86-a95f-828d8fd7c5d0","benchmark/train/299_jpg.rf.bcd0de9559fad2ca6e62f0e63b415e2c.jpg","train/299_jpg.rf.bcd0de9559fad2ca6e62f0e63b415e2c",0,4,"phoma",0.501562,0.486719,0.818750,0.582031,58.999977,125.250000,583.000000,497.750000,1,0,4,"phoma",0.964236,60.210449,122.211456,576.993164,504.699402,516.782715,382.487946,197663.156250,0.960819
"05c1884d-5f49-4e0c-a826-e692b3b3ae8b",35,"d63b3774-0a28-4917-8cab-afd91260dbd0","benchmark/train/417_jpg.rf.f4fdee9bd2c361e49f490a77ec6125ac.jpg","train/417_jpg.rf.f4fdee9bd2c361e49f490a77ec6125ac",0,4,"phoma",0.514063,0.480469,0.792188,0.707812,75.500015,81.000000,582.500000,534.000000,1,0,4,"phoma",0.963073,78.409424,79.768555,578.695313,536.442932,500.285889,456.674377,228467.750000,0.978922
"05c1884d-5f49-4e0c-a826-e692b3b3ae8b",36,"1e9b1a51-fd3b-4f73-a96f-3ab7e9a25489","benchmark/train/IMG_2248_JPG.rf.50462273efb4feed54d55142a3165ae9.jpg","train/IMG_2248_JPG.rf.50462273efb4feed54d55142a3165ae9",0,3,"miner",0.493750,0.472656,0.815625,0.723437,55.000000,71.000000,577.000000,534.000000,1,0,3,"miner",0.960741,56.493469,59.461884,571.025574,528.007690,514.532104,468.545807,241081.859375,0.949610
"05c1884d-5f49-4e0c-a826-e692b3b3ae8b",37,"14236e7e-7c12-4626-83ba-6ad1eb2cfdb4","benchmark/valid/IMG_3563_1_JPG.rf.0eafe0e33bcdc858523be0b59b1f7425.jpg","valid/IMG_3563_1_JPG.rf.0eafe0e33bcdc858523be0b59b1f7425",0,0,"algal_spot",0.398438,0.464844,0.453125,0.551562,110.000000,121.000000,400.000000,474.000000,1,0,0,"algal_spot",0.957803,112.371765,120.404083,393.464813,475.339478,281.093048,354.935394,99769.875000,0.964162
"05c1884d-5f49-4e0c-a826-e692b3b3ae8b",38,"d51654df-1c92-4dd0-9d71-5662217d9ddc","benchmark/train/IMG_2789_1_JPG.rf.b869caf459d6d5a46162ccb48487a0b0.jpg","train/IMG_2789_1_JPG.rf.b869caf459d6d5a46162ccb48487a0b0",0,3,"miner",0.501562,0.468750,0.566406,0.919531,139.749985,5.750008,502.250000,594.250000,1,0,3,"miner",0.945465,85.240768,4.028564,512.637695,609.748962,427.396912,605.720398,258883.031250,0.824045
"05c1884d-5f49-4e0c-a826-e692b3b3ae8b",39,"209ade40-8897-4542-8ebc-8eee776cd775","benchmark/train/IMG_3594_2_JPG.rf.8aca6dc4a446a7eba20c20c325a1ca85.jpg","train/IMG_3594_2_JPG.rf.8aca6dc4a446a7eba20c20c325a1ca85",0,0,"algal_spot",0.510938,0.512500,0.371875,0.435156,208.000015,188.750000,446.000000,467.250000,1,0,0,"algal_spot",0.949949,206.340454,189.911682,452.161224,476.368958,245.820770,286.457275,70417.148438,0.933698
"05c1884d-5f49-4e0c-a826-e692b3b3ae8b",40,"cb44b7a1-cc62-473d-a02c-e4b75de9ab47","benchmark/test/IMG_3555_2_JPG.rf.7e9633f1acd7430b461ad9cc8f314d5a.jpg","test/IMG_3555_2_JPG.rf.7e9633f1acd7430b461ad9cc8f314d5a",0,0,"algal_spot",0.500000,0.470313,0.693750,0.581250,97.999992,115.000000,542.000000,487.000000,1,0,0,"algal_spot",0.959277,98.054810,135.155792,545.380554,482.359924,447.325745,347.204132,155313.343750,0.926644
"05c1884d-5f49-4e0c-a826-e692b3b3ae8b",41,"369f0580-3e76-42b7-acc2-6aecc87b56de","benchmark/valid/IMG_3245_1_JPG.rf.adfb9c55f4b70d15687c4381f51e9b0f.jpg","valid/IMG_3245_1_JPG.rf.adfb9c55f4b70d15687c4381f51e9b0f",0,3,"miner",0.514844,0.440625,0.382813,0.728906,207.000000,48.750000,452.000000,515.250000,1,0,3,"miner",0.950955,210.532928,42.225052,447.494873,524.011597,236.961945,481.786560,114165.078125,0.937480
"05c1884d-5f49-4e0c-a826-e692b3b3ae8b",42,"345f85bb-3546-49b7-b8f7-ce5255352dd6","benchmark/test/IMG_2210_JPG.rf.565cde82f22328be8424b40dc40749cd.jpg","test/IMG_2210_JPG.rf.565cde82f22328be8424b40dc40749cd",0,1,"brown_eye_spot",0.453125,0.503906,0.507031,0.848437,127.750000,51.000004,452.250000,594.000000,1,0,1,"brown_eye_spot",0.943688,134.591156,55.096542,448.144165,606.580322,313.553009,551.483765,172919.390625,0.937977
"05c1884d-5f49-4e0c-a826-e692b3b3ae8b",43,"99c74dc9-298a-4bf0-b3a2-0a247b00a465","benchmark/valid/IMG_3594_1_JPG.rf.0998d711f5e1a214ed585f7a8435a5eb.jpg","valid/IMG_3594_1_JPG.rf.0998d711f5e1a214ed585f7a8435a5eb",0,0,"algal_spot",0.487500,0.484375,0.371875,0.435156,193.000015,170.750000,431.000000,449.250000,1,0,0,"algal_spot",0.951442,189.187561,159.110168,435.244751,448.895538,246.057190,289.785370,71303.773438,0.927306
"05c1884d-5f49-4e0c-a826-e692b3b3ae8b",44,"5e86d47c-5967-4c8f-920a-2ccd062ff4c7","benchmark/test/1307_jpg.rf.f6de9478f07f3049d4e1890d0cfe267e.jpg","test/1307_jpg.rf.f6de9478f07f3049d4e1890d0cfe267e",0,2,"healthy",0.509375,0.481250,0.943750,0.701563,23.999977,83.499985,628.000000,532.500000,1,0,2,"healthy",0.961564,28.714966,81.099411,625.217590,538.475525,596.502625,457.376099,272826.031250,0.969722
"05c1884d-5f49-4e0c-a826-e692b3b3ae8b",45,"078828c4-5937-4f8b-9d1c-3e00453acd03","benchmark/valid/IMG_2395_JPG.rf.ea1c28e4444e8859baf6d2fd4b6a7df7.jpg","valid/IMG_2395_JPG.rf.ea1c28e4444e8859baf6d2fd4b6a7df7",0,0,"algal_spot",0.514063,0.503125,0.857031,0.471094,54.750023,171.250000,603.250000,472.750000,1,0,0,"algal_spot",0.958356,44.279175,168.003113,609.477905,477.192322,565.198730,309.189209,174753.343750,0.946321
"05c1884d-5f49-4e0c-a826-e692b3b3ae8b",46,"6b3a42cf-e705-44eb-bebd-2c4fb5950390","benchmark/train/IMG_2897_1_JPG.rf.5e711d2207074f436211307cbc12c2de.jpg","train/IMG_2897_1_JPG.rf.5e711d2207074f436211307cbc12c2de",0,1,"brown_eye_spot",0.506250,0.487500,0.603125,0.846875,131.000031,41.000004,517.000000,583.000000,1,0,1,"brown_eye_spot",0.952681,128.983612,38.814941,512.411133,583.928467,383.427521,545.113525,209011.531250,0.977428
"05c1884d-5f49-4e0c-a826-e692b3b3ae8b",47,"24645332-bab4-4fa0-a91a-8abdf29a4225","benchmark/train/IMG_3257_2_JPG.rf.d239e3e43c5d5ea4137297d0c4f08eca.jpg","train/IMG_3257_2_JPG.rf.d239e3e43c5d5ea4137297d0c4f08eca",0,3,"miner",0.528125,0.495313,0.493750,0.805469,180.000000,59.250011,496.000000,574.750000,1,0,3,"miner",0.964985,185.420898,56.303314,494.593933,579.418640,309.173035,523.115356,161733.156250,0.964456
"05c1884d-5f49-4e0c-a826-e692b3b3ae8b",48,"889804fa-a411-4e29-b3a3-5eb93260354f","benchmark/train/319_jpg.rf.d0f53c1a75a75d523bcfa014df946ee3.jpg","train/319_jpg.rf.d0f53c1a75a75d523bcfa014df946ee3",0,4,"phoma",0.498437,0.481250,0.610156,0.625781,123.750000,107.750000,514.250000,508.249969,1,0,4,"phoma",0.972695,123.967392,107.914398,511.122681,507.107788,387.155273,399.193390,154549.828125,0.988200
"05c1884d-5f49-4e0c-a826-e692b3b3ae8b",49,"da010e39-c88d-422c-a173-348f90acccad","benchmark/valid/302_jpg.rf.9166a911b3079952cfb28ff56dbc86b6.jpg","valid/302_jpg.rf.9166a911b3079952cfb28ff56dbc86b6",0,4,"phoma",0.463281,0.538281,0.723437,0.817969,65.000000,82.750015,528.000000,606.250000,1,0,4,"phoma",0.969177,67.671158,78.728210,529.755798,610.491577,462.084656,531.763367,245719.687500,0.975170
"05c1884d-5f49-4e0c-a826-e692b3b3ae8b",50,"1233a802-b344-4785-a443-fd0a6cbb74da","benchmark/train/IMG_3430_2_JPG.rf.c9d7883211e1389906029f621a31e630.jpg","train/IMG_3430_2_JPG.rf.c9d7883211e1389906029f621a31e630",0,3,"miner",0.481250,0.507813,0.553125,0.396094,130.999985,198.250000,485.000000,451.750000,1,0,3,"miner",0.947932,101.262360,186.201752,484.451477,449.588501,383.189117,263.386749,100926.937500,0.872395
"05c1884d-5f49-4e0c-a826-e692b3b3ae8b",51,"53241759-35b6-444d-a691-49047907ce22","benchmark/train/IMG_3518_JPG.rf.308ae946409ab0edf43ffe5a826317e4.jpg","train/IMG_3518_JPG.rf.308ae946409ab0edf43ffe5a826317e4",0,0,"algal_spot",0.510938,0.550781,0.909375,0.467187,36.000004,203.000000,618.000000,502.000000,1,0,0,"algal_spot",0.964595,29.487183,206.128616,623.369568,497.082855,593.882385,290.954224,172792.593750,0.954135
"05c1884d-5f49-4e0c-a826-e692b3b3ae8b",52,"94f6886d-92fc-47b4-ab1f-90977780f65e","benchmark/test/IMG_2418_1_JPG.rf.f2f273f4726a27a325259430653daf31.jpg","test/IMG_2418_1_JPG.rf.f2f273f4726a27a325259430653daf31",0,0,"algal_spot",0.392188,0.513281,0.491406,0.639063,93.750000,123.999977,408.250000,533.000000,1,0,0,"algal_spot",0.945121,98.408981,115.545929,400.437012,524.941833,302.028015,409.395905,123649.031250,0.923099
"05c1884d-5f49-4e0c-a826-e692b3b3ae8b",53,"6045fe20-1c2e-49c7-8e66-e355a97a63d6","benchmark/train/IMG_2740_2_JPG.rf.093cf7e0be96224780e4d360c270d03f.jpg","train/IMG_2740_2_JPG.rf.093cf7e0be96224780e4d360c270d03f",0,0,"algal_spot",0.557031,0.521875,0.689062,0.553906,136.000031,156.750015,577.000000,511.250000,1,0,0,"algal_spot",0.967254,134.963043,159.542542,572.650269,519.503723,437.687225,359.961182,157550.406250,0.957966
"05c1884d-5f49-4e0c-a826-e692b3b3ae8b",54,"a887feda-1317-474d-908c-ed57105c9505","benchmark/train/620_jpg.rf.2e5f85a642b675df15d10ff3cf4085b3.jpg","train/620_jpg.rf.2e5f85a642b675df15d10ff3cf4085b3",0,4,"phoma",0.514063,0.530469,0.787500,0.659375,77.000008,128.500000,581.000000,550.500000,1,0,4,"phoma",0.968895,78.743774,126.785278,571.221497,552.837830,492.477722,426.052551,209821.390625,0.968054
"05c1884d-5f49-4e0c-a826-e692b3b3ae8b",55,"12c9624a-1289-45e7-9dcd-c9366576f980","benchmark/train/IMG_2812_1_JPG.rf.3457c94e77ffd3ddb7eacc9381a5717f.jpg","train/IMG_2812_1_JPG.rf.3457c94e77ffd3ddb7eacc9381a5717f",0,5,"powdery_mildew",0.464063,0.479688,0.686719,0.557031,77.250000,128.750000,516.750000,485.250000,1,0,5,"powdery_mildew",0.964620,70.870270,123.472931,514.836426,482.614960,443.966156,359.142029,159446.906250,0.960097
"05c1884d-5f49-4e0c-a826-e692b3b3ae8b",56,"e82ea375-b975-4153-896b-c5ad8ea55e4e","benchmark/valid/IMG_3057_1_JPG.rf.1e5ab161fc49d3208309aeea8c994513.jpg","valid/IMG_3057_1_JPG.rf.1e5ab161fc49d3208309aeea8c994513",0,1,"brown_eye_spot",0.441406,0.542188,0.573438,0.803125,99.000000,90.000000,466.000000,604.000000,1,0,1,"brown_eye_spot",0.939686,100.144836,80.548767,465.893433,605.068237,365.748596,524.519470,191842.265625,0.976670
"05c1884d-5f49-4e0c-a826-e692b3b3ae8b",57,"c57b624a-bfd6-4571-bd37-5e8c08ea7834","benchmark/train/538_jpg.rf.1314928cc3194ff0058e39fff4a202dc.jpg","train/538_jpg.rf.1314928cc3194ff0058e39fff4a202dc",0,4,"phoma",0.510156,0.493750,0.551562,0.435156,150.000015,176.750000,503.000031,455.250000,1,0,4,"phoma",0.967691,149.532074,176.383682,505.429230,457.224976,355.897156,280.841309,99950.625000,0.983591
"05c1884d-5f49-4e0c-a826-e692b3b3ae8b",58,"6ca7df08-7d87-49b9-9069-2a31561fd8f6","benchmark/train/IMG_2672_2_JPG.rf.c34d74321e5b967d8c1bbbbc21eca336.jpg","train/IMG_2672_2_JPG.rf.c34d74321e5b967d8c1bbbbc21eca336",0,0,"algal_spot",0.538281,0.532812,0.542188,0.650781,171.000000,132.749969,518.000000,549.250000,1,0,0,"algal_spot",0.959736,170.887421,132.683594,515.022522,556.019653,344.135101,423.336060,145684.796875,0.975229
"05c1884d-5f49-4e0c-a826-e692b3b3ae8b",59,"148ec06e-8030-4c56-bcd4-ae815796f0dc","benchmark/test/IMG_3089_2_JPG.rf.79a4ae71aa4282e20f339c556c4b0aa5.jpg","test/IMG_3089_2_JPG.rf.79a4ae71aa4282e20f339c556c4b0aa5",0,3,"miner",0.539844,0.421875,0.917188,0.603125,51.999989,77.000008,639.000000,463.000000,1,0,3,"miner",0.938152,65.432556,72.697815,639.000000,459.617859,573.567444,386.920044,221924.734375,0.958121
"05c1884d-5f49-4e0c-a826-e692b3b3ae8b",60,"a313042e-fa27-4347-8e0c-bad5cdab319d","benchmark/train/PXL_20240124_144056524_jpg.rf.86279c9f43c5b64b0a3e84cf352686c5.jpg","train/PXL_20240124_144056524_jpg.rf.86279c9f43c5b64b0a3e84cf352686c5",0,2,"healthy",0.579687,0.578906,0.581250,0.842188,184.999985,100.999985,557.000000,639.000000,1,0,2,"healthy",0.950679,191.114594,102.115799,560.211121,639.000000,369.096527,536.884216,198162.093750,0.973140
"05c1884d-5f49-4e0c-a826-e692b3b3ae8b",61,"1272e1aa-9acf-44b0-985b-2a2d9c226df7","benchmark/train/IMG_2250_1_JPG.rf.1bcaa7910b6f1c6428ddebd9e1884ba8.jpg","train/IMG_2250_1_JPG.rf.1bcaa7910b6f1c6428ddebd9e1884ba8",0,3,"miner",0.432031,0.453125,0.739062,0.438281,40.000000,149.750000,513.000000,430.250000,1,0,3,"miner",0.949481,37.652466,144.556656,529.304932,437.216492,491.652466,292.659851,143886.937500,0.922089
"05c1884d-5f49-4e0c-a826-e692b3b3ae8b",62,"08ddd49f-626a-474e-8810-f1283e7b495d","benchmark/train/PXL_20240125_114847555_jpg.rf.f86f89253ca8f6a77283a2932ca1df1f.jpg","train/PXL_20240125_114847555_jpg.rf.f86f89253ca8f6a77283a2932ca1df1f",0,2,"healthy",0.529688,0.467187,0.461719,0.899219,191.250015,11.250000,486.750031,586.750000,1,0,2,"healthy",0.901144,190.921799,41.977386,496.095154,599.014587,305.173340,557.037231,169992.906250,0.898965
"05c1884d-5f49-4e0c-a826-e692b3b3ae8b",63,"5f5fb213-43cf-4707-8a75-0eec0ea36c04","benchmark/train/849_jpg.rf.0333db97a7026457767e58c738f9f5b9.jpg","train/849_jpg.rf.0333db97a7026457767e58c738f9f5b9",0,2,"healthy",0.468750,0.506250,0.821875,0.689062,37.000008,103.500023,563.000000,544.500000,1,0,2,"healthy",0.963516,37.027374,95.194733,558.900208,551.671448,521.872803,456.476715,238222.781250,0.958770
"05c1884d-5f49-4e0c-a826-e692b3b3ae8b",64,"afce4436-23b4-4c05-a59b-96707dcbcb64","benchmark/train/IMG_3280_1_JPG.rf.f8039154bd4b485056c6f79c583f7360.jpg","train/IMG_3280_1_JPG.rf.f8039154bd4b485056c6f79c583f7360",0,3,"miner",0.567187,0.524219,0.356250,0.442187,249.000000,194.000000,476.999969,476.999969,1,0,3,"miner",0.940983,249.216522,183.252716,473.500061,478.387939,224.283539,295.135223,66193.968750,0.943885
"05c1884d-5f49-4e0c-a826-e692b3b3ae8b",65,"16130b58-4039-4f18-9fee-480d2a9e6bf3","benchmark/train/IMG_3157_JPG.rf.5be659958c6c72ad5e8bcaac3c6f346d.jpg","train/IMG_3157_JPG.rf.5be659958c6c72ad5e8bcaac3c6f346d",0,1,"brown_eye_spot",0.414063,0.469531,0.534375,0.810938,94.000000,40.999985,436.000000,560.000000,1,0,1,"brown_eye_spot",0.955176,97.659821,28.556274,433.231812,575.067749,335.571991,546.511475,183393.937500,0.932693
"05c1884d-5f49-4e0c-a826-e692b3b3ae8b",66,"04fe4a40-a1d3-4ebd-9ef4-fe77dc078131","benchmark/train/IMG_3499_2_JPG.rf.746f8d0ea62b7c9b1c903eed3a0df6a3.jpg","train/IMG_3499_2_JPG.rf.746f8d0ea62b7c9b1c903eed3a0df6a3",0,0,"algal_spot",0.593750,0.475781,0.780469,0.570313,130.250000,122.000008,629.750000,487.000000,1,0,0,"algal_spot",0.967934,125.959106,120.015472,629.668457,495.349243,503.709351,375.333771,189059.125000,0.964032
"05c1884d-5f49-4e0c-a826-e692b3b3ae8b",67,"346965d3-eb48-4eed-99f5-3cf1c52e9ac8","benchmark/train/IMG_3504_1_JPG.rf.409bddc9823ae893ba53ce2071a1fac8.jpg","train/IMG_3504_1_JPG.rf.409bddc9823ae893ba53ce2071a1fac8",0,0,"algal_spot",0.495313,0.623438,0.538281,0.700781,144.750000,174.750031,489.250031,623.250000,1,0,0,"algal_spot",0.959903,152.287903,178.524475,492.327484,615.699585,340.039581,437.175110,148656.843750,0.945191
"05c1884d-5f49-4e0c-a826-e692b3b3ae8b",68,"a3d65163-5494-4b90-980d-ab2ff8cf7562","benchmark/train/IMG_2404_1_JPG.rf.e62cf78359bea5d82b75d78e24032395.jpg","train/IMG_2404_1_JPG.rf.e62cf78359bea5d82b75d78e24032395",0,3,"miner",0.435937,0.516406,0.684375,0.739062,60.000000,94.000000,498.000000,567.000000,1,0,3,"miner",0.956076,61.788528,102.882568,493.550110,584.208862,431.761597,481.326294,207818.203125,0.933757
"05c1884d-5f49-4e0c-a826-e692b3b3ae8b",69,"fe453601-aeab-4124-b330-fa37b586b1ba","benchmark/train/501_jpg.rf.a91ebd92769c294b90fcfb625a1ea7dd.jpg","train/501_jpg.rf.a91ebd92769c294b90fcfb625a1ea7dd",0,4,"phoma",0.530469,0.512500,0.814062,0.734375,79.000015,92.999992,600.000000,563.000000,1,0,4,"phoma",0.971933,81.199677,90.796173,597.880127,567.549133,516.680420,476.752960,246328.921875,0.977777
"05c1884d-5f49-4e0c-a826-e692b3b3ae8b",70,"7f5a4d23-d52b-49de-aff6-a955d75032bf","benchmark/train/IMG_20240125_113107_534_jpg.rf.143f4b29f2dfd9b6e5dabf565abce19c.jpg","train/IMG_20240125_113107_534_jpg.rf.143f4b29f2dfd9b6e5dabf565abce19c",0,2,"healthy",0.618750,0.195313,0.742969,0.382813,158.249985,2.500000,633.750000,247.500000,1,1,2,"healthy",0.635915,222.309982,0.000000,638.259155,297.306335,415.949158,297.306335,123664.320313,0.723332
"05c1884d-5f49-4e0c-a826-e692b3b3ae8b",70,"7f5a4d23-d52b-49de-aff6-a955d75032bf","benchmark/train/IMG_20240125_113107_534_jpg.rf.143f4b29f2dfd9b6e5dabf565abce19c.jpg","train/IMG_20240125_113107_534_jpg.rf.143f4b29f2dfd9b6e5dabf565abce19c",1,2,"healthy",0.379687,0.500000,0.643750,0.967969,36.999989,10.249996,449.000000,629.750000,1,0,2,"healthy",0.963274,53.704422,12.121658,452.467133,639.000000,398.762695,626.878357,249975.703125,0.935195
"05c1884d-5f49-4e0c-a826-e692b3b3ae8b",71,"09879e42-e664-4fd3-842f-898c4a3bd4b6","benchmark/train/717_jpg.rf.44556c4eabb9a70761e2d454b6c99b08.jpg","train/717_jpg.rf.44556c4eabb9a70761e2d454b6c99b08",0,4,"phoma",0.498437,0.501562,0.732813,0.552344,84.499985,144.250000,553.500000,497.749969,1,0,4,"phoma",0.963762,80.548035,146.601486,552.404968,497.876953,471.856934,351.275452,165751.750000,0.982450
"05c1884d-5f49-4e0c-a826-e692b3b3ae8b",72,"f2cd2357-2d9f-4372-8d3c-49cddaa1ec1c","benchmark/valid/IMG_3383_2_JPG.rf.0ddd482844d88602d7d1691f3f9b4229.jpg","valid/IMG_3383_2_JPG.rf.0ddd482844d88602d7d1691f3f9b4229",0,1,"brown_eye_spot",0.581250,0.631250,0.565625,0.485156,191.000000,248.750015,553.000000,559.250000,1,0,1,"brown_eye_spot",0.912904,203.328125,245.830582,553.175537,578.992554,349.847412,333.161987,116555.859375,0.901892
"05c1884d-5f49-4e0c-a826-e692b3b3ae8b",73,"72790bda-a063-4d73-8fa5-40166ea037ef","benchmark/train/IMG_3067_JPG.rf.2f4f55d7b615fa7992639a0f23d4fd78.jpg","train/IMG_3067_JPG.rf.2f4f55d7b615fa7992639a0f23d4fd78",0,3,"miner",0.478125,0.444531,0.528906,0.717188,136.750015,55.000000,475.250000,514.000000,1,0,3,"miner",0.955421,137.762955,49.870575,474.338440,528.379028,336.575500,478.508453,161054.218750,0.953998
"05c1884d-5f49-4e0c-a826-e692b3b3ae8b",74,"b8053f70-9e73-43c0-95dc-af228c28abb4","benchmark/train/IMG_2350_JPG.rf.fbd24825234cb862183b55269bff3d9a.jpg","train/IMG_2350_JPG.rf.fbd24825234cb862183b55269bff3d9a",0,1,"brown_eye_spot",0.512500,0.469531,0.490625,0.579687,170.999985,115.000000,485.000000,486.000000,1,0,1,"brown_eye_spot",0.940680,161.826660,117.646118,483.747528,488.717194,321.920868,371.071075,119455.523438,0.954070
"05c1884d-5f49-4e0c-a826-e692b3b3ae8b",75,"46fa4d6c-79c4-4568-8150-3b2e776a0273","benchmark/valid/IMG_3207_2_JPG.rf.526b547f08895f52005dbd3427b2d892.jpg","valid/IMG_3207_2_JPG.rf.526b547f08895f52005dbd3427b2d892",0,1,"brown_eye_spot",0.364062,0.500000,0.458594,0.689844,86.249992,99.249992,379.750000,540.750000,1,0,1,"brown_eye_spot",0.954864,87.775818,104.936386,378.286133,541.145874,290.510315,436.209473,126723.351563,0.976199
"05c1884d-5f49-4e0c-a826-e692b3b3ae8b",76,"257a17fc-c802-462a-844f-2b38a19c7466","benchmark/test/863_jpg.rf.dda72c789d4eab757d0d468217b7221c.jpg","test/863_jpg.rf.dda72c789d4eab757d0d468217b7221c",0,2,"healthy",0.535937,0.503906,0.783594,0.610156,92.249985,127.250000,593.750000,517.750000,1,0,2,"healthy",0.959657,93.772614,134.979141,586.969177,518.690796,493.196564,383.711670,189245.281250,0.961699
"05c1884d-5f49-4e0c-a826-e692b3b3ae8b",77,"1361d80d-08b0-4b82-bcc6-a4a89c15dfb7","benchmark/test/751_jpg.rf.4ab4c7202ba75b44ba97f61b93cf3037.jpg","test/751_jpg.rf.4ab4c7202ba75b44ba97f61b93cf3037",0,2,"healthy",0.520312,0.517969,0.785156,0.512500,81.749992,167.500015,584.250000,495.500031,0,,,,,,,,,,,,0.000000
"05c1884d-5f49-4e0c-a826-e692b3b3ae8b",78,"20962b08-228a-4b31-9acc-8b191dbbf1f2","benchmark/train/IMG_2736_2_JPG.rf.5bc77dc88859986e90471a19a761193d.jpg","train/IMG_2736_2_JPG.rf.5bc77dc88859986e90471a19a761193d",0,0,"algal_spot",0.469531,0.554688,0.714063,0.358594,71.999985,240.250000,529.000000,469.750000,1,0,0,"algal_spot",0.950830,71.161972,238.664749,527.006592,472.415039,455.844604,233.750290,106553.804688,0.975822
"05c1884d-5f49-4e0c-a826-e692b3b3ae8b",78,"20962b08-228a-4b31-9acc-8b191dbbf1f2","benchmark/train/IMG_2736_2_JPG.rf.5bc77dc88859986e90471a19a761193d.jpg","train/IMG_2736_2_JPG.rf.5bc77dc88859986e90471a19a761193d",1,0,"algal_spot",0.650781,0.156250,0.554688,0.216406,239.000015,30.749998,594.000000,169.250000,1,1,0,"algal_spot",0.900602,236.515259,37.152786,567.806641,170.001221,331.291382,132.848434,44011.542969,0.873149
"05c1884d-5f49-4e0c-a826-e692b3b3ae8b",79,"4251303c-f533-4a54-914e-f81c1ec93a1f","benchmark/test/206_jpg.rf.6f21994db835936fb34cdc6b40db7eee.jpg","test/206_jpg.rf.6f21994db835936fb34cdc6b40db7eee",0,2,"healthy",0.541406,0.520312,0.848437,0.685156,75.000015,113.750000,618.000000,552.250000,1,0,2,"healthy",0.668127,86.112305,114.694824,610.331665,553.579346,524.219360,438.884521,230071.765625,0.960522
"05c1884d-5f49-4e0c-a826-e692b3b3ae8b",80,"3016ec5c-b25a-488a-be5f-8016d6070c5d","benchmark/valid/IMG_3035_1_JPG.rf.b41a2b6b2a02046ce7a9e1d9b52a82e8.jpg","valid/IMG_3035_1_JPG.rf.b41a2b6b2a02046ce7a9e1d9b52a82e8",0,1,"brown_eye_spot",0.556250,0.373437,0.865625,0.435156,78.999977,99.749992,633.000000,378.250000,1,1,1,"brown_eye_spot",0.544193,69.946838,103.370270,629.373901,373.675720,559.427063,270.305450,151216.187500,0.949169
"05c1884d-5f49-4e0c-a826-e692b3b3ae8b",81,"d6ac0e5f-b335-46c4-8216-e04be8f5b3d9","benchmark/test/IMG_3522_2_JPG.rf.a09b4a39e184b603184b0b3c6b87a187.jpg","test/IMG_3522_2_JPG.rf.a09b4a39e184b603184b0b3c6b87a187",0,0,"algal_spot",0.555469,0.523438,0.667188,0.619531,141.999985,136.750000,569.000000,533.250000,1,0,0,"algal_spot",0.969624,127.752289,134.305984,567.697571,541.508789,439.945282,407.202820,179146.953125,0.939474
"05c1884d-5f49-4e0c-a826-e692b3b3ae8b",82,"37684987-0b65-4ad7-8b27-70ad78875039","benchmark/train/IMG_3316_JPG.rf.c2c38a20bd60a487fdcbb591edd19def.jpg","train/IMG_3316_JPG.rf.c2c38a20bd60a487fdcbb591edd19def",0,3,"miner",0.393750,0.516406,0.530469,0.679688,82.250000,112.999992,421.750031,548.000000,1,0,3,"miner",0.856537,86.651642,106.317734,423.295502,547.406799,336.643860,441.089050,148489.921875,0.966572
"05c1884d-5f49-4e0c-a826-e692b3b3ae8b",83,"5630a968-e745-4410-ab1d-bbaf4d8cb78c","benchmark/train/676_jpg.rf.29870ade49626154aacc985bb7e499a9.jpg","train/676_jpg.rf.29870ade49626154aacc985bb7e499a9",0,4,"phoma",0.503125,0.531250,0.833594,0.600781,55.250015,147.750000,588.750000,532.250000,1,0,4,"phoma",0.966538,54.082520,145.035767,583.200073,536.616577,529.117554,391.580811,207192.281250,0.969763
"05c1884d-5f49-4e0c-a826-e692b3b3ae8b",84,"78f9f9cf-6c5d-4021-8dc0-9b31cdfe07be","benchmark/train/IMG_2336_2_JPG.rf.0c149efe688e5375542901eb4d8ed74b.jpg","train/IMG_2336_2_JPG.rf.0c149efe688e5375542901eb4d8ed74b",0,1,"brown_eye_spot",0.523438,0.488281,0.630469,0.870313,133.250000,33.999996,536.750000,591.000000,1,0,1,"brown_eye_spot",0.955762,134.814972,25.052765,537.017761,592.342773,402.202789,567.290039,228165.640625,0.977473
"05c1884d-5f49-4e0c-a826-e692b3b3ae8b",85,"ced74921-b32c-4e4f-a7d1-6c5b7115ccaf","benchmark/train/IMG_3126_2_JPG.rf.b1679db6c43cdec9a7042ebb47da1f1a.jpg","train/IMG_3126_2_JPG.rf.b1679db6c43cdec9a7042ebb47da1f1a",0,1,"brown_eye_spot",0.537500,0.560938,0.619531,0.775000,145.750000,111.000023,542.250000,607.000000,1,0,1,"brown_eye_spot",0.958393,148.867676,113.685303,545.320923,604.793640,396.453247,491.108337,194701.500000,0.974876
"05c1884d-5f49-4e0c-a826-e692b3b3ae8b",86,"3ee1d583-77a2-4b67-9512-c53518177869","benchmark/valid/628_jpg.rf.b61fc701e531435a9bf0938e9d852d00.jpg","valid/628_jpg.rf.b61fc701e531435a9bf0938e9d852d00",0,4,"phoma",0.521875,0.521875,0.819531,0.608594,71.750015,139.250015,596.250000,528.750000,1,0,4,"phoma",0.967954,76.290100,136.017151,591.667969,528.688049,515.377869,392.670898,202373.890625,0.974504
"05c1884d-5f49-4e0c-a826-e692b3b3ae8b",87,"ccee2fce-1ff4-46a7-9ba8-b255359cc94d","benchmark/valid/IMG_3050_2_JPG.rf.cac6fb15a495dba107f632157693b21e.jpg","valid/IMG_3050_2_JPG.rf.cac6fb15a495dba107f632157693b21e",0,3,"miner",0.552344,0.429688,0.267188,0.614844,268.000000,78.250008,438.999969,471.750000,1,0,3,"miner",0.745825,267.469727,74.190216,441.926941,473.786774,174.457214,399.596558,69712.500000,0.965228
"05c1884d-5f49-4e0c-a826-e692b3b3ae8b",88,"569ac4f5-ad3b-41f3-a1ca-b378865bc048","benchmark/test/IMG_3122_JPG.rf.2c9653839d2795de653135ca68e389ad.jpg","test/IMG_3122_JPG.rf.2c9653839d2795de653135ca68e389ad",0,1,"brown_eye_spot",0.505469,0.517187,0.751562,0.714844,82.999992,102.249985,564.000000,559.750000,1,0,1,"brown_eye_spot",0.843520,90.204453,107.010925,566.856995,567.592773,476.652527,460.581848,219537.500000,0.952981
"05c1884d-5f49-4e0c-a826-e692b3b3ae8b",89,"dc51d7c1-9e7c-4c7c-9010-18d9642fc5a6","benchmark/train/541_jpg.rf.a329f56f3da018af01c9bc6f55a3673b.jpg","train/541_jpg.rf.a329f56f3da018af01c9bc6f55a3673b",0,4,"phoma",0.540625,0.516406,0.723437,0.684375,114.499985,111.500000,577.500000,549.500000,1,0,4,"phoma",0.965549,118.025131,114.993042,568.241638,547.301086,450.216492,432.308044,194632.218750,0.959753
"05c1884d-5f49-4e0c-a826-e692b3b3ae8b",90,"041f0fcc-23c3-4852-9b95-95860d17272f","benchmark/train/IMG_2981_2_JPG.rf.18e1f1684ae109f9bb209a3ec5a53b65.jpg","train/IMG_2981_2_JPG.rf.18e1f1684ae109f9bb209a3ec5a53b65",0,1,"brown_eye_spot",0.520312,0.448438,0.833594,0.356250,66.250000,173.000015,599.750000,401.000000,1,0,1,"brown_eye_spot",0.936978,60.350189,173.892578,612.431274,399.789520,552.081055,225.896942,124713.421875,0.957727
"05c1884d-5f49-4e0c-a826-e692b3b3ae8b",91,"f27311dc-0133-4d39-b8cd-7fa9a0286c69","benchmark/train/IMG_3343_2_JPG.rf.42554a8120351e3775a6f8f7c9f644e4.jpg","train/IMG_3343_2_JPG.rf.42554a8120351e3775a6f8f7c9f644e4",0,3,"miner",0.579687,0.457812,0.310156,0.788281,271.750000,40.749989,470.249969,545.250000,1,0,3,"miner",0.949435,275.368835,51.971756,470.694611,546.056091,195.325775,494.084351,96507.406250,0.956333
"05c1884d-5f49-4e0c-a826-e692b3b3ae8b",92,"a48f20ba-58bf-444b-b18f-c3bc89926f39","benchmark/train/IMG_3494_2_JPG.rf.ca67adc76b6da9a35ff2a9cafca207a6.jpg","train/IMG_3494_2_JPG.rf.ca67adc76b6da9a35ff2a9cafca207a6",0,0,"algal_spot",0.514063,0.457812,0.728906,0.594531,95.750008,102.750000,562.250000,483.249969,1,0,0,"algal_spot",0.950973,107.173676,96.112915,564.259399,489.819000,457.085724,393.706085,179957.437500,0.939515
"05c1884d-5f49-4e0c-a826-e692b3b3ae8b",93,"5a008e71-0920-425d-a7e0-3dc30c796ea4","benchmark/train/IMG_2240_1_JPG.rf.bd08f267d19015f079c6738c27d7dcb3.jpg","train/IMG_2240_1_JPG.rf.bd08f267d19015f079c6738c27d7dcb3",0,3,"miner",0.406250,0.583594,0.678125,0.442187,42.999992,231.999985,477.000000,515.000000,1,0,3,"miner",0.934416,46.348724,223.727386,481.308899,516.943359,434.960175,293.215973,127537.273438,0.948549
"05c1884d-5f49-4e0c-a826-e692b3b3ae8b",94,"852b7ff3-f360-4ac4-8081-3076bb62d080","benchmark/train/IMG_3093_2_JPG.rf.5b9fa82605ba08d79a1e457415ad5b73.jpg","train/IMG_3093_2_JPG.rf.5b9fa82605ba08d79a1e457415ad5b73",0,3,"miner",0.579687,0.567969,0.547656,0.507813,195.749985,200.999985,546.250000,526.000000,1,0,3,"miner",0.808385,189.865067,198.057831,549.865234,632.984009,360.000183,434.926178,156573.500000,0.727534
"05c1884d-5f49-4e0c-a826-e692b3b3ae8b",95,"f47a0e14-5f86-4d46-8c78-6e8edae7d9e1","benchmark/train/IMG_2936_1_JPG.rf.1cad85100010a72b8c27060b41f87b9f.jpg","train/IMG_2936_1_JPG.rf.1cad85100010a72b8c27060b41f87b9f",0,3,"miner",0.554688,0.518750,0.643750,0.496094,149.000000,173.250000,561.000000,490.750000,1,0,3,"miner",0.945215,143.558563,178.395294,560.781860,500.497253,417.223297,322.101959,134388.437500,0.941758
"05c1884d-5f49-4e0c-a826-e692b3b3ae8b",96,"24b2404e-506e-4000-8fa8-6f223c032ad2","benchmark/valid/812_jpg.rf.b79361cdf34bbde31de0d77aa6a030cc.jpg","valid/812_jpg.rf.b79361cdf34bbde31de0d77aa6a030cc",0,2,"healthy",0.501562,0.465625,0.859375,0.717188,45.999985,68.499985,596.000000,527.500000,1,0,2,"healthy",0.964536,50.558472,70.546219,591.855713,535.680664,541.297241,465.134460,251776.000000,0.962899
"05c1884d-5f49-4e0c-a826-e692b3b3ae8b",97,"df2c3017-5e99-489b-a127-5849d8481924","benchmark/train/IMG_2901_1_JPG.rf.46f9822ce487cd2f276c998086aa2b1d.jpg","train/IMG_2901_1_JPG.rf.46f9822ce487cd2f276c998086aa2b1d",0,0,"algal_spot",0.450000,0.490625,0.528906,0.764844,118.750000,69.249992,457.250000,558.750000,1,0,0,"algal_spot",0.967617,117.700928,77.633041,450.134491,567.867920,332.433563,490.234863,162970.515625,0.942110
"05c1884d-5f49-4e0c-a826-e692b3b3ae8b",98,"3ecdab01-f8ac-4817-9575-dba642f621bf","benchmark/train/IMG_2880_1_JPG.rf.dc11075d76bbe8e007cbbbd3911993bf.jpg","train/IMG_2880_1_JPG.rf.dc11075d76bbe8e007cbbbd3911993bf",0,5,"powdery_mildew",0.288281,0.128125,0.289063,0.256250,92.000008,0.000000,277.000000,164.000000,1,1,5,"powdery_mildew",0.932479,96.365654,0.540138,270.567841,164.261002,174.202179,163.720856,28520.529297,0.937128
"05c1884d-5f49-4e0c-a826-e692b3b3ae8b",98,"3ecdab01-f8ac-4817-9575-dba642f621bf","benchmark/train/IMG_2880_1_JPG.rf.dc11075d76bbe8e007cbbbd3911993bf.jpg","train/IMG_2880_1_JPG.rf.dc11075d76bbe8e007cbbbd3911993bf",1,5,"powdery_mildew",0.883594,0.490625,0.232812,0.328125,491.000000,209.000000,639.000000,419.000000,1,2,5,"powdery_mildew",0.890598,489.661041,216.261627,639.000000,421.807068,149.338959,205.545441,30695.941406,0.944434
"05c1884d-5f49-4e0c-a826-e692b3b3ae8b",98,"3ecdab01-f8ac-4817-9575-dba642f621bf","benchmark/train/IMG_2880_1_JPG.rf.dc11075d76bbe8e007cbbbd3911993bf.jpg","train/IMG_2880_1_JPG.rf.dc11075d76bbe8e007cbbbd3911993bf",2,5,"powdery_mildew",0.499219,0.555469,0.595312,0.345313,129.000015,245.000000,510.000000,466.000000,1,0,5,"powdery_mildew",0.953058,125.904602,233.662979,505.486938,466.008240,379.582336,232.345261,88194.156250,0.932864
"05c1884d-5f49-4e0c-a826-e692b3b3ae8b",99,"cae93b0a-63da-49aa-8b50-b5c3b11c640f","benchmark/train/PXL_20240125_121402818_jpg.rf.e62e2bf6f69bf37f1cbace1e577962fa.jpg","train/PXL_20240125_121402818_jpg.rf.e62e2bf6f69bf37f1cbace1e577962fa",0,2,"healthy",0.467187,0.556250,0.390625,0.773438,174.000000,108.499985,424.000000,603.500000,1,0,2,"healthy",0.961258,177.122681,103.839691,426.974243,598.723328,249.851563,494.883636,123647.453125,0.957685
"05c1884d-5f49-4e0c-a826-e692b3b3ae8b",99,"cae93b0a-63da-49aa-8b50-b5c3b11c640f","benchmark/train/PXL_20240125_121402818_jpg.rf.e62e2bf6f69bf37f1cbace1e577962fa.jpg","train/PXL_20240125_121402818_jpg.rf.e62e2bf6f69bf37f1cbace1e577962fa",1,2,"healthy",0.785156,0.383594,0.429688,0.431250,365.000000,107.499992,639.000000,383.500000,1,1,2,"healthy",0.864750,366.945190,112.363251,639.000000,423.122742,272.054810,310.759491,84543.617188,0.853715
"05c1884d-5f49-4e0c-a826-e692b3b3ae8b",100,"4ff78ca6-84bf-4bea-83bb-516e93270086","benchmark/valid/IMG_3213_2_JPG.rf.dcaec599495cad59865b2a90b60610ca.jpg","valid/IMG_3213_2_JPG.rf.dcaec599495cad59865b2a90b60610ca",0,3,"miner",0.514063,0.407813,0.693750,0.383594,107.000008,138.250000,551.000000,383.750000,1,0,3,"miner",0.949094,106.328201,137.945709,550.014038,389.582458,443.685852,251.636749,111647.664063,0.972028
"aa3888bd-2d2f-4aa2-9dbb-12fc68c8bc79",1,"4c174944-235e-4d3b-86ee-8dddc5f5427e","benchmark/train/IMG_3373_JPG.rf.ebb4e7a7a16ac05709d1c377536800bb.jpg","train/IMG_3373_JPG.rf.ebb4e7a7a16ac05709d1c377536800bb",0,1,"brown_eye_spot",0.526563,0.396875,0.463281,0.509375,188.750000,91.000000,485.250000,416.999969,1,0,1,"brown_eye_spot",0.934360,198.890518,87.742035,490.090942,420.010315,291.200439,332.268280,96756.671875,0.932949
"aa3888bd-2d2f-4aa2-9dbb-12fc68c8bc79",2,"32532fee-101c-4daa-a870-0ff00ccde477","benchmark/test/IMG_3515_1_JPG.rf.2a4c3093fd9612d145af2f8a9d1c5628.jpg","test/IMG_3515_1_JPG.rf.2a4c3093fd9612d145af2f8a9d1c5628",0,0,"algal_spot",0.528125,0.501562,0.833594,0.496875,71.250000,161.999985,604.750000,480.000000,1,0,0,"algal_spot",0.969547,60.812393,171.742584,609.918518,479.840729,549.106140,308.098145,169178.578125,0.942160
"aa3888bd-2d2f-4aa2-9dbb-12fc68c8bc79",3,"ea21a07d-d645-49a0-b8e0-844ca48988fb","benchmark/valid/IMG_3440_1_JPG.rf.c22db59c76cfcbef8ff5a98ddcd76f6f.jpg","valid/IMG_3440_1_JPG.rf.c22db59c76cfcbef8ff5a98ddcd76f6f",0,3,"miner",0.427344,0.529688,0.596094,0.552344,82.750000,162.250031,464.250031,515.750000,1,0,3,"miner",0.947762,77.208755,164.381744,473.822876,523.212524,396.614136,358.830780,142317.359375,0.936536
"aa3888bd-2d2f-4aa2-9dbb-12fc68c8bc79",4,"372a6df3-de13-427f-ae09-a4ea9884e929","benchmark/train/IMG_3331_2_JPG.rf.9639dea7ed0757099f61bc785c3bd738.jpg","train/IMG_3331_2_JPG.rf.9639dea7ed0757099f61bc785c3bd738",0,1,"brown_eye_spot",0.193750,0.507813,0.272656,0.447656,36.749992,181.750000,211.250000,468.250000,1,1,1,"brown_eye_spot",0.945524,40.492538,187.036591,214.775681,473.968231,174.283142,286.931641,50007.347656,0.923762
"aa3888bd-2d2f-4aa2-9dbb-12fc68c8bc79",4,"372a6df3-de13-427f-ae09-a4ea9884e929","benchmark/train/IMG_3331_2_JPG.rf.9639dea7ed0757099f61bc785c3bd738.jpg","train/IMG_3331_2_JPG.rf.9639dea7ed0757099f61bc785c3bd738",1,1,"brown_eye_spot",0.631250,0.468750,0.514844,0.383594,239.250015,177.250000,568.750000,422.750000,1,0,1,"brown_eye_spot",0.969038,240.780334,171.703522,564.884705,425.520996,324.104370,253.817474,82263.351563,0.951903
"aa3888bd-2d2f-4aa2-9dbb-12fc68c8bc79",5,"3d9ff2a8-927b-41fe-a505-8e72e0b6b0cf","benchmark/train/IMG_2857_2_JPG.rf.07b608803d670b1944c78141185630c3.jpg","train/IMG_2857_2_JPG.rf.07b608803d670b1944c78141185630c3",0,5,"powdery_mildew",0.471875,0.609375,0.740625,0.721875,65.000000,159.000000,539.000000,621.000000,1,0,5,"powdery_mildew",0.954942,70.868195,160.864456,541.761841,610.819031,470.893646,449.954590,211880.750000,0.956443
"aa3888bd-2d2f-4aa2-9dbb-12fc68c8bc79",6,"aefa52f3-8383-481a-9cbb-1ae9c53e8ac8","benchmark/train/IMG_3090_1_JPG.rf.dd99775cbf468b9c6ed1906e45b9ba24.jpg","train/IMG_3090_1_JPG.rf.dd99775cbf468b9c6ed1906e45b9ba24",0,3,"miner",0.395312,0.571875,0.503906,0.622656,91.749992,166.750000,414.250000,565.250000,1,0,3,"miner",0.967380,91.910583,167.918320,412.625580,571.820740,320.714996,403.902405,129537.554688,0.975553
"aa3888bd-2d2f-4aa2-9dbb-12fc68c8bc79",7,"befbd88e-5828-4865-93a3-4b9039837207","benchmark/train/IMG_2745_1_JPG.rf.9616df33638f8206d1e9142dade7caf2.jpg","train/IMG_2745_1_JPG.rf.9616df33638f8206d1e9142dade7caf2",0,0,"algal_spot",0.468750,0.497656,0.566406,0.670313,118.750000,104.000000,481.250000,533.000000,1,0,0,"algal_spot",0.964836,121.549866,102.163040,478.660431,530.634766,357.110565,428.471741,153011.781250,0.975586
"aa3888bd-2d2f-4aa2-9dbb-12fc68c8bc79",8,"ca6a5933-5588-47cd-8a0f-398c9fb1864e","benchmark/train/281_jpg.rf.94ad358d755738fda8d3a4eb5002eaab.jpg","train/281_jpg.rf.94ad358d755738fda8d3a4eb5002eaab",0,4,"phoma",0.497656,0.538281,0.800000,0.600000,62.500000,152.500000,574.500000,536.500000,1,0,4,"phoma",0.964990,60.352356,156.081299,573.980713,531.812622,513.628357,375.731323,192986.265625,0.973479
"aa3888bd-2d2f-4aa2-9dbb-12fc68c8bc79",9,"fc6a4998-14b6-4414-ac71-9a7ee6f85515","benchmark/train/IMG_2315_2_JPG.rf.8c7ac5e137f4d35c3d9a01bfa8c1cd34.jpg","train/IMG_2315_2_JPG.rf.8c7ac5e137f4d35c3d9a01bfa8c1cd34",0,1,"brown_eye_spot",0.444531,0.525781,0.770312,0.585938,38.000011,149.000015,531.000000,524.000000,1,0,1,"brown_eye_spot",0.963616,36.715332,148.823486,535.031677,521.773621,498.316345,372.950134,185847.140625,0.983057
"aa3888bd-2d2f-4aa2-9dbb-12fc68c8bc79",10,"7fbd3d94-d7fc-41e6-837c-b9cf1f5ad64c","benchmark/train/384_jpg.rf.6dcd01dee14c377536d0027c2fba495d.jpg","train/384_jpg.rf.6dcd01dee14c377536d0027c2fba495d",0,4,"phoma",0.496875,0.535937,0.885156,0.534375,34.749985,171.999985,601.250000,514.000000,1,0,4,"phoma",0.967867,37.355621,172.506592,600.623657,513.983398,563.268066,341.476807,192342.984375,0.992774
"aa3888bd-2d2f-4aa2-9dbb-12fc68c8bc79",11,"28cef2f3-3777-41e7-b2b1-404d764e81f2","benchmark/train/IMG_2647_JPG.rf.ec4a0e65b071d084b366b7c6d5a69519.jpg","train/IMG_2647_JPG.rf.ec4a0e65b071d084b366b7c6d5a69519",0,1,"brown_eye_spot",0.429688,0.523438,0.847656,0.755469,3.750000,93.250008,546.250000,576.750000,1,0,1,"brown_eye_spot",0.961357,3.734009,95.814835,543.472473,578.749695,539.738464,482.934875,260658.531250,0.985519
"aa3888bd-2d2f-4aa2-9dbb-12fc68c8bc79",12,"26f3f82b-692f-4758-a49d-ec3a8b8c6681","benchmark/train/232_jpg.rf.bc0a2aa1da4ef9402dab132dd48a2e4d.jpg","train/232_jpg.rf.bc0a2aa1da4ef9402dab132dd48a2e4d",0,4,"phoma",0.556250,0.537500,0.723437,0.657812,124.499985,133.500031,587.500000,554.500000,1,0,4,"phoma",0.967570,121.489166,133.421875,585.978516,552.437317,464.489349,419.015442,194628.203125,0.985271
"aa3888bd-2d2f-4aa2-9dbb-12fc68c8bc79",13,"87166d91-530e-4a40-a49f-7bde13258a58","benchmark/train/824_jpg.rf.668deb180e76bd104385004299cd56ec.jpg","train/824_jpg.rf.668deb180e76bd104385004299cd56ec",0,2,"healthy",0.482812,0.521875,0.907812,0.726563,18.500004,101.500015,599.500000,566.500000,1,0,2,"healthy",0.961942,17.081390,97.371643,604.032654,570.728027,586.951294,473.356384,277837.156250,0.972386
"aa3888bd-2d2f-4aa2-9dbb-12fc68c8bc79",14,"89a1c0b9-7cca-4686-a094-33fbaec50376","benchmark/train/IMG_3370_1_JPG.rf.63290a65a40486d76d928c176a7f846f.jpg","train/IMG_3370_1_JPG.rf.63290a65a40486d76d928c176a7f846f",0,1,"brown_eye_spot",0.402344,0.547656,0.339063,0.876562,149.000000,70.000000,366.000000,631.000000,1,0,1,"brown_eye_spot",0.967737,151.546707,63.784210,366.856384,639.000000,215.309677,575.215820,123849.531250,0.960329
"aa3888bd-2d2f-4aa2-9dbb-12fc68c8bc79",15,"3d05bc6a-2d24-48bb-bc50-a8d393f78e2a","benchmark/test/751_jpg.rf.4ab4c7202ba75b44ba97f61b93cf3037.jpg","test/751_jpg.rf.4ab4c7202ba75b44ba97f61b93cf3037",0,2,"healthy",0.520312,0.517969,0.785156,0.512500,81.749992,167.500015,584.250000,495.500031,0,,,,,,,,,,,,0.000000
"aa3888bd-2d2f-4aa2-9dbb-12fc68c8bc79",16,"4b0c1ede-2d67-4d11-8aea-7cdbae576dba","benchmark/train/IMG_3390_1_JPG.rf.8773958ce13b0b8afe14dd783d492482.jpg","train/IMG_3390_1_JPG.rf.8773958ce13b0b8afe14dd783d492482",0,1,"brown_eye_spot",0.546875,0.526563,0.563281,0.575781,169.750000,152.750015,530.250000,521.250000,1,0,1,"brown_eye_spot",0.947273,161.901062,132.441940,533.712219,527.227966,371.811157,394.786011,146785.843750,0.905021
"aa3888bd-2d2f-4aa2-9dbb-12fc68c8bc79",17,"0bcc8284-150a-4943-ba3f-9629a8c74b3e","benchmark/valid/IMG_2777_JPG.rf.a31c148a33ccf9b9671ee94db1349f3c.jpg","valid/IMG_2777_JPG.rf.a31c148a33ccf9b9671ee94db1349f3c",0,3,"miner",0.518750,0.510938,0.638281,0.812500,127.750015,67.000008,536.250000,587.000000,1,0,3,"miner",0.951090,127.164383,72.685333,539.764160,586.772400,412.599792,514.087036,212112.203125,0.978916
"aa3888bd-2d2f-4aa2-9dbb-12fc68c8bc79",18,"ccfe891a-732f-448e-8aad-d8c11628f8ae","benchmark/test/IMG_3386_2_JPG.rf.b2822ee9cd9a8219cf95fc2cec9f46cb.jpg","test/IMG_3386_2_JPG.rf.b2822ee9cd9a8219cf95fc2cec9f46cb",0,1,"brown_eye_spot",0.509375,0.439844,0.489844,0.567187,169.250000,100.000000,482.749969,463.000000,1,0,1,"brown_eye_spot",0.953050,170.018951,98.699127,479.930115,465.335205,309.911163,366.636078,113624.617188,0.978860
"aa3888bd-2d2f-4aa2-9dbb-12fc68c8bc79",19,"ce2fd2cb-6f92-45f0-8ac9-d87ba7882bee","benchmark/train/269_jpg.rf.03b57fcba14ab87894ddf6221c61ae06.jpg","train/269_jpg.rf.03b57fcba14ab87894ddf6221c61ae06",0,4,"phoma",0.514844,0.492969,0.713281,0.586719,101.250000,127.750000,557.750000,503.249969,1,0,4,"phoma",0.965191,100.996338,127.923218,555.234009,509.950745,454.237671,382.027527,173531.296875,0.976155
"aa3888bd-2d2f-4aa2-9dbb-12fc68c8bc79",20,"574f30f1-7cd8-4706-9f1f-656cc79a9234","benchmark/test/1389_jpg.rf.a95199878c745a839e6c6fd9d0f97bfb.jpg","test/1389_jpg.rf.a95199878c745a839e6c6fd9d0f97bfb",0,2,"healthy",0.514844,0.486719,0.839844,0.720312,60.750008,81.000000,598.250000,542.000000,1,0,2,"healthy",0.955516,58.933105,85.751816,598.903320,546.225220,539.970215,460.473389,248641.921875,0.976263
"aa3888bd-2d2f-4aa2-9dbb-12fc68c8bc79",21,"c0867a68-603f-4133-b49a-49d9695a9c9f","benchmark/valid/IMG_3567_2_JPG.rf.fc9d287a493995564b13ebfa8340ad70.jpg","valid/IMG_3567_2_JPG.rf.fc9d287a493995564b13ebfa8340ad70",0,0,"algal_spot",0.546875,0.458594,0.665625,0.323438,137.000000,190.000000,563.000000,397.000000,1,0,0,"algal_spot",0.952522,147.452179,205.412445,564.355591,402.693481,416.903412,197.281036,82247.140625,0.876656
"aa3888bd-2d2f-4aa2-9dbb-12fc68c8bc79",21,"c0867a68-603f-4133-b49a-49d9695a9c9f","benchmark/valid/IMG_3567_2_JPG.rf.fc9d287a493995564b13ebfa8340ad70.jpg","valid/IMG_3567_2_JPG.rf.fc9d287a493995564b13ebfa8340ad70",1,4,"phoma",0.420312,0.863281,0.840625,0.270312,0.000000,466.000000,538.000000,639.000000,1,1,4,"phoma",0.946739,90.372986,457.005890,538.888672,639.000000,448.515686,181.994110,81627.210938,0.796197
"aa3888bd-2d2f-4aa2-9dbb-12fc68c8bc79",22,"eb09b8df-8881-45e6-8f8e-c5be91ff4898","benchmark/valid/IMG_2145_2_JPG.rf.c83cac3045d5eddce4d4933fcb80346f.jpg","valid/IMG_2145_2_JPG.rf.c83cac3045d5eddce4d4933fcb80346f",0,3,"miner",0.529688,0.536719,0.519531,0.742188,172.750015,105.999985,505.250000,581.000000,1,0,3,"miner",0.954398,176.145325,103.664185,504.105469,584.513306,327.960144,480.849121,157699.343750,0.974510
"aa3888bd-2d2f-4aa2-9dbb-12fc68c8bc79",23,"d0bfaccb-f94a-46b8-8cff-7e5185a6157d","benchmark/test/1403_jpg.rf.211022958cc8bb41c81966de3d35930e.jpg","test/1403_jpg.rf.211022958cc8bb41c81966de3d35930e",0,2,"healthy",0.486719,0.507813,0.881250,0.703906,29.499989,99.750000,593.500000,550.250000,1,0,2,"healthy",0.963908,30.564026,100.162537,590.881836,550.805054,560.317810,450.642517,252503.031250,0.991348
"aa3888bd-2d2f-4aa2-9dbb-12fc68c8bc79",24,"312bcf45-181f-4f5b-aca0-220672a196f5","benchmark/train/IMG_3632_JPG.rf.0d8708be4eb128a92988be9a447a2e54.jpg","train/IMG_3632_JPG.rf.0d8708be4eb128a92988be9a447a2e54",0,0,"algal_spot",0.706250,0.637500,0.407031,0.417969,321.750031,274.250000,582.250000,541.750000,1,0,0,"algal_spot",0.938915,325.996155,273.021118,584.240723,542.974670,258.244568,269.953552,69714.039063,0.967509
"aa3888bd-2d2f-4aa2-9dbb-12fc68c8bc79",24,"312bcf45-181f-4f5b-aca0-220672a196f5","benchmark/train/IMG_3632_JPG.rf.0d8708be4eb128a92988be9a447a2e54.jpg","train/IMG_3632_JPG.rf.0d8708be4eb128a92988be9a447a2e54",1,0,"algal_spot",0.396875,0.328125,0.689844,0.271875,33.249989,123.000000,474.750000,297.000000,1,1,0,"algal_spot",0.920601,27.047836,126.865181,470.849365,297.158844,443.801514,170.293671,75576.585938,0.955151
"aa3888bd-2d2f-4aa2-9dbb-12fc68c8bc79",25,"8ef2bd84-e85a-45cb-9137-4837c7edb8a4","benchmark/valid/IMG_2369_JPG.rf.3bfad9a8013847a97abbd19981f3e0b5.jpg","valid/IMG_2369_JPG.rf.3bfad9a8013847a97abbd19981f3e0b5",0,3,"miner",0.539063,0.423438,0.908594,0.438281,54.249992,130.750000,635.750000,411.250000,1,0,3,"miner",0.932770,64.042114,130.335938,630.266296,413.834961,566.224182,283.499023,160524.000000,0.963698
"aa3888bd-2d2f-4aa2-9dbb-12fc68c8bc79",26,"a3d2107e-aaa2-49a3-b6f5-2bb8637a3b0a","benchmark/train/IMG_2481_1_JPG.rf.1d978aefeb66cccfd43ee1212cf8a55d.jpg","train/IMG_2481_1_JPG.rf.1d978aefeb66cccfd43ee1212cf8a55d",0,1,"brown_eye_spot",0.417188,0.477344,0.536719,0.820313,95.250015,42.999992,438.750000,568.000000,1,0,1,"brown_eye_spot",0.964847,94.637268,44.415894,439.549500,565.315491,344.912231,520.899597,179664.640625,0.988159
"aa3888bd-2d2f-4aa2-9dbb-12fc68c8bc79",27,"f9d31b31-a322-48d1-acec-3e5c21621634","benchmark/train/493_jpg.rf.ab6b3d07f3b10a9073cb5ba0959eb07f.jpg","train/493_jpg.rf.ab6b3d07f3b10a9073cb5ba0959eb07f",0,4,"phoma",0.478125,0.445313,0.715625,0.561719,77.000008,105.250000,535.000000,464.750000,1,0,4,"phoma",0.969361,79.676346,105.879532,535.653198,469.579163,455.976868,363.699646,165838.625000,0.977945
"aa3888bd-2d2f-4aa2-9dbb-12fc68c8bc79",28,"bf0a3346-e53c-412c-927e-ae3b06ce6d68","benchmark/train/IMG_2320_1_JPG.rf.70c7e3e347f5b4c42079a4f069b464c3.jpg","train/IMG_2320_1_JPG.rf.70c7e3e347f5b4c42079a4f069b464c3",0,3,"miner",0.528125,0.467969,0.628125,0.626562,136.999985,99.000015,539.000000,500.000000,1,0,3,"miner",0.959255,140.035187,92.957245,542.487061,501.479218,402.451874,408.521973,164410.437500,0.965932
"aa3888bd-2d2f-4aa2-9dbb-12fc68c8bc79",29,"64d43d39-b1a7-4f96-b5be-fb24acba2234","benchmark/train/IMG_3361_2_JPG.rf.a08a6ed1fa79e299c100ef30e7ba63a6.jpg","train/IMG_3361_2_JPG.rf.a08a6ed1fa79e299c100ef30e7ba63a6",0,1,"brown_eye_spot",0.400000,0.554688,0.632031,0.431250,53.750000,217.000000,458.250000,493.000000,1,0,1,"brown_eye_spot",0.884734,50.718918,217.052917,455.306580,496.920746,404.587646,279.867828,113231.062500,0.971452
"aa3888bd-2d2f-4aa2-9dbb-12fc68c8bc79",30,"7f7a9fbe-5f95-4e55-a7d2-eb20bfc1b574","benchmark/train/272_jpg.rf.65de4b94dcd72c70a2c1b856b687f9e6.jpg","train/272_jpg.rf.65de4b94dcd72c70a2c1b856b687f9e6",0,4,"phoma",0.482031,0.512500,0.819531,0.561719,46.250000,148.249985,570.750000,507.750000,1,0,4,"phoma",0.962717,45.241455,151.206207,574.408997,508.835144,529.167542,357.628937,189245.625000,0.980141
"aa3888bd-2d2f-4aa2-9dbb-12fc68c8bc79",31,"2fe093eb-1a31-4fd3-bdf3-89683265da56","benchmark/train/IMG_3077_2_JPG.rf.34b64ccb0bafd745cceb2ad46a9c2742.jpg","train/IMG_3077_2_JPG.rf.34b64ccb0bafd745cceb2ad46a9c2742",0,3,"miner",0.539063,0.505469,0.471875,0.645312,194.000000,116.999985,496.000000,530.000000,1,0,3,"miner",0.912231,199.059387,115.514679,498.571228,532.299011,299.511841,416.784332,124831.843750,0.966240
"aa3888bd-2d2f-4aa2-9dbb-12fc68c8bc79",32,"7a8dc01e-94ec-4102-9cf1-c310a06aea78","benchmark/train/IMG_3596_2_JPG.rf.440984a257c6e95879a7edaf2ca123d9.jpg","train/IMG_3596_2_JPG.rf.440984a257c6e95879a7edaf2ca123d9",0,0,"algal_spot",0.462500,0.509375,0.724219,0.414844,64.250015,193.249985,527.750000,458.750000,1,0,0,"algal_spot",0.895440,60.900269,194.973969,528.753784,464.604797,467.853516,269.630829,126147.734375,0.963082
"aa3888bd-2d2f-4aa2-9dbb-12fc68c8bc79",33,"b2bee750-53cb-411f-a789-f8b0da184cc0","benchmark/train/IMG_2635_1_JPG.rf.fa64f622ede12be8b927f78a720f4d12.jpg","train/IMG_2635_1_JPG.rf.fa64f622ede12be8b927f78a720f4d12",0,1,"brown_eye_spot",0.510156,0.454688,0.667188,0.594531,113.000015,100.750008,540.000000,481.250000,1,0,1,"brown_eye_spot",0.948574,109.046204,104.293243,558.101563,483.129089,449.055359,378.835846,170118.265625,0.937828
"aa3888bd-2d2f-4aa2-9dbb-12fc68c8bc79",34,"fd04edc4-7ba1-47a6-ae80-efbdc7373715","benchmark/valid/IMG_3117_2_JPG.rf.b76b37f73a8466ff6ce61e4e084c708d.jpg","valid/IMG_3117_2_JPG.rf.b76b37f73a8466ff6ce61e4e084c708d",0,1,"brown_eye_spot",0.532812,0.567187,0.863281,0.555469,64.749985,185.250000,617.250000,540.750000,1,0,1,"brown_eye_spot",0.862649,50.561829,191.530655,629.208679,542.935303,578.646851,351.404663,203339.203125,0.932955
"aa3888bd-2d2f-4aa2-9dbb-12fc68c8bc79",35,"a896248f-f4ab-4a75-a3fd-17eaa6e07f0a","benchmark/valid/IMG_20240125_113237_937_jpg.rf.6e1498507bdfd7bf30de4c1b84b41d85.jpg","valid/IMG_20240125_113237_937_jpg.rf.6e1498507bdfd7bf30de4c1b84b41d85",0,2,"healthy",0.471875,0.479688,0.574219,0.756250,118.250008,65.000000,485.750000,549.000000,1,0,2,"healthy",0.931981,113.022614,55.352112,503.177551,568.069458,390.154938,512.717346,200039.203125,0.889176
"aa3888bd-2d2f-4aa2-9dbb-12fc68c8bc79",35,"a896248f-f4ab-4a75-a3fd-17eaa6e07f0a","benchmark/valid/IMG_20240125_113237_937_jpg.rf.6e1498507bdfd7bf30de4c1b84b41d85.jpg","valid/IMG_20240125_113237_937_jpg.rf.6e1498507bdfd7bf30de4c1b84b41d85",1,2,"healthy",0.116406,0.471875,0.227344,0.761719,1.749997,58.250008,147.250000,545.750000,1,1,2,"healthy",0.736479,0.000000,27.369263,164.454025,555.816040,164.454025,528.446777,86905.203125,0.816191
"aa3888bd-2d2f-4aa2-9dbb-12fc68c8bc79",36,"fd3e08f2-17aa-49ee-b5f0-603e2fb7882b","benchmark/train/PXL_20240125_064311604_jpg.rf.84b69aa25380188b9db512a1557bcd0d.jpg","train/PXL_20240125_064311604_jpg.rf.84b69aa25380188b9db512a1557bcd0d",0,2,"healthy",0.473437,0.475781,0.610937,0.951563,107.500000,0.000000,498.500000,609.000000,1,0,2,"healthy",0.946390,103.109848,1.659119,500.966187,612.300049,397.856323,610.640930,242947.359375,0.974853
"aa3888bd-2d2f-4aa2-9dbb-12fc68c8bc79",37,"7f8b77d1-7525-47b7-b434-c77ac32bbcdb","benchmark/valid/IMG_2893_JPG.rf.7a47d360fdd639cb37f1c38f9b36937f.jpg","valid/IMG_2893_JPG.rf.7a47d360fdd639cb37f1c38f9b36937f",0,1,"brown_eye_spot",0.489062,0.543750,0.496875,0.838281,154.000000,79.749985,471.999969,616.250000,1,0,1,"brown_eye_spot",0.964174,154.199188,64.609589,476.431732,610.766968,322.232544,546.157349,175989.671875,0.948934
"aa3888bd-2d2f-4aa2-9dbb-12fc68c8bc79",38,"3bcf19bd-f2b2-4a1f-9bc9-d31795ae669e","benchmark/test/1362_jpg.rf.a240f7eb95aedb4ab13b9fd60c690a02.jpg","test/1362_jpg.rf.a240f7eb95aedb4ab13b9fd60c690a02",0,4,"phoma",0.488281,0.492188,0.900000,0.703906,24.500008,89.750000,600.500000,540.250000,1,0,4,"phoma",0.971246,24.397980,91.318893,597.874146,543.116089,573.476196,451.797180,259094.921875,0.985558
"aa3888bd-2d2f-4aa2-9dbb-12fc68c8bc79",39,"cc5e84ba-6065-42b3-8270-dbe079f1f294","benchmark/train/IMG_2935_2_JPG.rf.2f8c83d9af62baf6b9ec23ac268a5e70.jpg","train/IMG_2935_2_JPG.rf.2f8c83d9af62baf6b9ec23ac268a5e70",0,3,"miner",0.426562,0.470313,0.517969,0.715625,107.249985,72.000008,438.750000,530.000000,1,0,3,"miner",0.971294,110.915298,79.415802,448.043701,542.342529,337.128418,462.926727,156065.750000,0.922220
"aa3888bd-2d2f-4aa2-9dbb-12fc68c8bc79",40,"c8e638a5-6dca-452c-ac17-4f1ea3ae4e3e","benchmark/valid/1424_jpg.rf.c65be4d13edf0d92f3cd1d8f1665f74f.jpg","valid/1424_jpg.rf.c65be4d13edf0d92f3cd1d8f1665f74f",0,2,"healthy",0.507813,0.486719,0.889063,0.675781,40.499992,95.250000,609.500000,527.750000,1,0,2,"healthy",0.966174,42.747437,102.109253,605.902954,527.644836,563.155518,425.535583,239642.718750,0.973791
"aa3888bd-2d2f-4aa2-9dbb-12fc68c8bc79",41,"387c6506-f012-4ac6-ad0f-f9bd9026f5d7","benchmark/valid/IMG_2602_JPG.rf.48b1d8e56a752bce1fc11fd69419db87.jpg","valid/IMG_2602_JPG.rf.48b1d8e56a752bce1fc11fd69419db87",0,1,"brown_eye_spot",0.560156,0.425000,0.842188,0.377344,88.999977,151.250015,628.000000,392.750000,1,0,1,"brown_eye_spot",0.965135,90.308029,147.379456,639.000000,388.962402,548.691956,241.582947,132554.625000,0.947438
"aa3888bd-2d2f-4aa2-9dbb-12fc68c8bc79",42,"fb763766-e0c6-4cd1-a544-98ae55df9b55","benchmark/train/IMG_3360_1_JPG.rf.5896a76d6e1c1a6b3b29eee77e048f04.jpg","train/IMG_3360_1_JPG.rf.5896a76d6e1c1a6b3b29eee77e048f04",0,1,"brown_eye_spot",0.554688,0.437500,0.814844,0.356250,94.249992,166.000000,615.750000,394.000000,1,0,1,"brown_eye_spot",0.932861,84.939041,163.055969,596.450989,391.951965,511.511963,228.895996,117083.039063,0.926224
"aa3888bd-2d2f-4aa2-9dbb-12fc68c8bc79",43,"f0fbea60-8f55-46cf-b5f9-28875a4e0cfc","benchmark/train/IMG_3528_1_JPG.rf.f3cec056d39313990196c21c310c7fc1.jpg","train/IMG_3528_1_JPG.rf.f3cec056d39313990196c21c310c7fc1",0,0,"algal_spot",0.468750,0.464844,0.681250,0.354688,82.000008,184.000000,518.000000,411.000000,1,0,0,"algal_spot",0.955195,82.267883,185.102432,509.618317,409.116882,427.350433,224.014450,95732.671875,0.967270
"aa3888bd-2d2f-4aa2-9dbb-12fc68c8bc79",44,"75c3a4b6-5157-462d-bcf6-2b32225239a7","benchmark/train/440_jpg.rf.78f89faa0ed116405b157cc478f3003c.jpg","train/440_jpg.rf.78f89faa0ed116405b157cc478f3003c",0,4,"phoma",0.547656,0.518750,0.669531,0.551562,136.250000,155.500015,564.750000,508.500000,1,0,4,"phoma",0.973514,134.606125,155.741379,561.966797,510.266357,427.360657,354.524963,151510.015625,0.984141
"aa3888bd-2d2f-4aa2-9dbb-12fc68c8bc79",45,"b255d7bf-1967-46cc-924f-a51093a708c4","benchmark/train/IMG_2695_JPG.rf.f309492db3cc82830543de5e551ecbca.jpg","train/IMG_2695_JPG.rf.f309492db3cc82830543de5e551ecbca",0,3,"miner",0.542188,0.489844,0.618750,0.301562,149.000015,217.000000,545.000000,410.000000,1,0,3,"miner",0.914453,156.912857,208.362579,531.256226,406.904816,374.343384,198.542236,74322.968750,0.892398
"aa3888bd-2d2f-4aa2-9dbb-12fc68c8bc79",46,"77fcc8fd-ea90-4679-8c85-def9fe8ef2d9","benchmark/train/IMG_2825_2_JPG.rf.8d384ee2ead69ff5dc0dd306ffc0a8a5.jpg","train/IMG_2825_2_JPG.rf.8d384ee2ead69ff5dc0dd306ffc0a8a5",0,5,"powdery_mildew",0.506250,0.454688,0.777344,0.790625,75.250015,38.000011,572.750000,544.000000,1,0,5,"powdery_mildew",0.946864,74.177582,28.709839,573.159973,549.223450,498.982391,520.513611,259727.125000,0.969229
"aa3888bd-2d2f-4aa2-9dbb-12fc68c8bc79",47,"f5d6aa9e-91b1-44b7-a7d5-1207a9a18df6","benchmark/train/IMG_3678_2_JPG.rf.b1e66e490ed472e2f9edbd5eb8c1b56b.jpg","train/IMG_3678_2_JPG.rf.b1e66e490ed472e2f9edbd5eb8c1b56b",0,0,"algal_spot",0.478125,0.523438,0.490625,0.630469,149.000000,133.250000,463.000000,536.750000,1,0,0,"algal_spot",0.949646,141.128662,127.147583,466.269653,540.641418,325.140991,413.493835,134443.796875,0.942394
"aa3888bd-2d2f-4aa2-9dbb-12fc68c8bc79",48,"0d4cbd6f-e41b-49b6-b7a6-9715c3893620","benchmark/valid/IMG_3569_JPG.rf.1c99b369d65a200af13c82d948ba6095.jpg","valid/IMG_3569_JPG.rf.1c99b369d65a200af13c82d948ba6095",0,0,"algal_spot",0.570313,0.475000,0.689844,0.340625,144.250000,195.000000,585.750000,413.000000,1,1,0,"algal_spot",0.942344,139.914307,194.212509,582.204529,416.514465,442.290222,222.301956,98321.984375,0.963461
"aa3888bd-2d2f-4aa2-9dbb-12fc68c8bc79",48,"0d4cbd6f-e41b-49b6-b7a6-9715c3893620","benchmark/valid/IMG_3569_JPG.rf.1c99b369d65a200af13c82d948ba6095.jpg","valid/IMG_3569_JPG.rf.1c99b369d65a200af13c82d948ba6095",1,4,"phoma",0.279687,0.813281,0.559375,0.373437,0.000000,401.000000,358.000000,639.000000,1,0,4,"phoma",0.942667,0.000000,397.995697,373.523987,639.000000,373.523987,241.004303,90020.890625,0.946491
"aa3888bd-2d2f-4aa2-9dbb-12fc68c8bc79",49,"22bc83c5-3ad6-41c6-94bc-a1da4189e006","benchmark/train/IMG_3484_2_JPG.rf.3d50267b2a1aac8cab23f1db6abef147.jpg","train/IMG_3484_2_JPG.rf.3d50267b2a1aac8cab23f1db6abef147",0,3,"miner",0.486719,0.486719,0.710156,0.842188,84.249992,41.999989,538.750000,581.000000,1,0,3,"miner",0.946563,89.526855,37.020813,543.380005,573.684937,453.853149,536.664124,243566.703125,0.956540
"aa3888bd-2d2f-4aa2-9dbb-12fc68c8bc79",50,"7046a9be-6def-42d4-9a2b-5386e94267fc","benchmark/valid/IMG_2624_2_JPG.rf.06a7999886d42410f20592a20fdc725f.jpg","valid/IMG_2624_2_JPG.rf.06a7999886d42410f20592a20fdc725f",0,1,"brown_eye_spot",0.470313,0.570313,0.940625,0.584375,0.000000,178.000000,602.000000,552.000000,1,0,1,"brown_eye_spot",0.969562,0.000000,180.585266,591.727539,552.922729,591.727539,372.337463,220322.328125,0.973780
"aa3888bd-2d2f-4aa2-9dbb-12fc68c8bc79",51,"e775534a-dc44-4678-a49f-d9fb77f0d444","benchmark/valid/IMG_2928_1_JPG.rf.46a87f135f6fd6452e7d1c71abcde5e6.jpg","valid/IMG_2928_1_JPG.rf.46a87f135f6fd6452e7d1c71abcde5e6",0,1,"brown_eye_spot",0.504687,0.548437,0.640625,0.527344,117.999992,182.249985,528.000000,519.750000,1,0,1,"brown_eye_spot",0.966930,121.860352,171.969421,531.473145,511.720490,409.612793,339.751068,139166.390625,0.930987
"aa3888bd-2d2f-4aa2-9dbb-12fc68c8bc79",52,"302d402b-432e-4e7d-b2ba-f828dfbc1da8","benchmark/train/IMG_2145_JPG.rf.906ff857e4dac7aa8f1873bb64986050.jpg","train/IMG_2145_JPG.rf.906ff857e4dac7aa8f1873bb64986050",0,3,"miner",0.468750,0.536719,0.519531,0.742188,133.750000,105.999985,466.250000,581.000000,1,0,3,"miner",0.958151,136.583618,100.928329,465.034088,580.526367,328.450470,479.598022,157524.203125,0.976536
"aa3888bd-2d2f-4aa2-9dbb-12fc68c8bc79",53,"2fbb0f78-1451-44f9-85fa-be08cc39d698","benchmark/train/487_jpg.rf.1fb9313b0e136869a1bc422fa9ae13bd.jpg","train/487_jpg.rf.1fb9313b0e136869a1bc422fa9ae13bd",0,4,"phoma",0.500000,0.478906,0.633594,0.608594,117.250000,111.749992,522.750000,501.250000,1,0,4,"phoma",0.962498,119.510330,111.157959,521.002258,504.114624,401.491943,392.956665,157768.937500,0.981491
"aa3888bd-2d2f-4aa2-9dbb-12fc68c8bc79",54,"061646f8-37a0-4d8a-90fc-5a4c71e7e3e8","benchmark/train/652_jpg.rf.15e3cbba407cdf777f0d6f23c483edae.jpg","train/652_jpg.rf.15e3cbba407cdf777f0d6f23c483edae",0,4,"phoma",0.493750,0.475781,0.787500,0.597656,63.999996,113.250008,568.000000,495.750000,1,0,4,"phoma",0.966457,58.261383,110.397736,568.041260,493.755066,509.779877,383.357330,195427.859375,0.976283
"aa3888bd-2d2f-4aa2-9dbb-12fc68c8bc79",55,"5ff12ba3-8855-4e19-b244-eb32b5b6a95f","benchmark/train/IMG_3291_2_JPG.rf.8895258011889b9a9045fcb136d4bd92.jpg","train/IMG_3291_2_JPG.rf.8895258011889b9a9045fcb136d4bd92",0,1,"brown_eye_spot",0.534375,0.557813,0.536719,0.690625,170.250015,136.000000,513.750000,578.000000,1,0,1,"brown_eye_spot",0.949982,169.319214,137.932556,510.515961,564.862427,341.196747,426.929871,145667.078125,0.954313
"aa3888bd-2d2f-4aa2-9dbb-12fc68c8bc79",56,"d3b0cda4-2ec5-4aca-b189-517255e66d3c","benchmark/train/IMG_3350_2_JPG.rf.070ff1777bdc794fdd14bf3cd97c2b66.jpg","train/IMG_3350_2_JPG.rf.070ff1777bdc794fdd14bf3cd97c2b66",0,3,"miner",0.464063,0.584375,0.661719,0.547656,85.250015,198.750015,508.750000,549.250000,1,0,3,"miner",0.952260,83.189285,195.781006,506.995667,546.983704,423.806396,351.202698,148841.953125,0.976421
"aa3888bd-2d2f-4aa2-9dbb-12fc68c8bc79",57,"fa833f90-d9c2-46d5-95aa-d6202cb6a43f","benchmark/train/IMG_3561_2_JPG.rf.6f09cd77320d86180fcc01e8d0e64641.jpg","train/IMG_3561_2_JPG.rf.6f09cd77320d86180fcc01e8d0e64641",0,0,"algal_spot",0.343750,0.448438,0.562500,0.775000,40.000000,39.000015,400.000000,535.000000,1,0,0,"algal_spot",0.964531,46.226959,46.017426,407.213257,536.254028,360.986298,490.236603,176968.703125,0.947677
"aa3888bd-2d2f-4aa2-9dbb-12fc68c8bc79",58,"ea34bc02-62be-4039-893f-2ba92ac5439d","benchmark/valid/394_jpg.rf.8fa1092af1251d72876cb07dc64f006c.jpg","valid/394_jpg.rf.8fa1092af1251d72876cb07dc64f006c",0,4,"phoma",0.514063,0.563281,0.793750,0.608594,75.000015,165.749985,583.000000,555.250000,1,0,4,"phoma",0.961960,76.397858,166.914749,583.488403,552.267212,507.090546,385.352478,195408.593750,0.985692
"aa3888bd-2d2f-4aa2-9dbb-12fc68c8bc79",59,"2606d1ad-6bbe-4c7a-b3b7-418a4c33b25f","benchmark/train/IMG_3129_1_JPG.rf.42478ea687ff4a5712282659df577a18.jpg","train/IMG_3129_1_JPG.rf.42478ea687ff4a5712282659df577a18",0,1,"brown_eye_spot",0.459375,0.518750,0.515625,0.730469,129.000000,98.250008,459.000000,565.750000,1,0,1,"brown_eye_spot",0.949020,123.849121,98.295273,459.381348,560.557007,335.532227,462.261719,155103.703125,0.972672
"aa3888bd-2d2f-4aa2-9dbb-12fc68c8bc79",60,"16157a00-8c13-4493-869b-de6f85a20976","benchmark/train/IMG_3197_JPG.rf.c5bd5113d12e269b92351c98e9a23d42.jpg","train/IMG_3197_JPG.rf.c5bd5113d12e269b92351c98e9a23d42",0,1,"brown_eye_spot",0.500000,0.503125,0.646094,0.775781,113.250008,73.750000,526.750000,570.250000,1,0,1,"brown_eye_spot",0.965083,111.452362,78.562561,528.066284,567.963684,416.613922,489.401123,203891.328125,0.978439
"aa3888bd-2d2f-4aa2-9dbb-12fc68c8bc79",61,"9ac08d8b-4ce2-41c4-8b18-5dcece9462d2","benchmark/train/482_jpg.rf.4181266d9df310013a31d5f8ecace7e0.jpg","train/482_jpg.rf.4181266d9df310013a31d5f8ecace7e0",0,4,"phoma",0.477344,0.526563,0.743750,0.632031,67.500000,134.750000,543.500000,539.250000,1,0,4,"phoma",0.962429,68.353806,134.929108,549.958252,535.177551,481.604431,400.248444,192761.421875,0.974630
"aa3888bd-2d2f-4aa2-9dbb-12fc68c8bc79",62,"b9396ee1-9037-485f-8ab4-a8a3704af2d1","benchmark/test/1063_jpg.rf.aeaa37fb3c83fdd033b9cf14f1cd842e.jpg","test/1063_jpg.rf.aeaa37fb3c83fdd033b9cf14f1cd842e",0,2,"healthy",0.492188,0.498437,0.896094,0.767969,28.250008,73.249985,601.750000,564.750000,1,0,2,"healthy",0.962372,25.029205,67.458710,598.793091,556.645264,573.763916,489.186554,280677.593750,0.961789
"aa3888bd-2d2f-4aa2-9dbb-12fc68c8bc79",63,"955e1bd8-5c4b-469d-ac4f-cea6928f0334","benchmark/train/IMG_2376_2_JPG.rf.eab7fc4fc3cb95c7df48ff86bd0bd75b.jpg","train/IMG_2376_2_JPG.rf.eab7fc4fc3cb95c7df48ff86bd0bd75b",0,1,"brown_eye_spot",0.495313,0.607813,0.932031,0.328125,18.750000,284.000000,615.250000,494.000000,1,0,1,"brown_eye_spot",0.954450,18.143280,280.534912,619.077637,493.212341,600.934326,212.677429,127805.164063,0.972872
"aa3888bd-2d2f-4aa2-9dbb-12fc68c8bc79",64,"3c6bcdc4-ef17-4ba1-b4b2-182f42855a63","benchmark/valid/IMG_2949_2_JPG.rf.b965ddd5bfb06c5fa302c9436ea4ed2a.jpg","valid/IMG_2949_2_JPG.rf.b965ddd5bfb06c5fa302c9436ea4ed2a",0,1,"brown_eye_spot",0.510938,0.579687,0.860156,0.744531,51.750011,132.749969,602.250000,609.250000,1,0,1,"brown_eye_spot",0.958506,47.112915,131.549683,608.146301,616.139343,561.033386,484.589661,271870.968750,0.964845
"aa3888bd-2d2f-4aa2-9dbb-12fc68c8bc79",65,"4529e4a5-5297-40b1-9af4-8cf9c5b0afe3","benchmark/train/IMG_3275_1_JPG.rf.a05174d2f0c0a3112bfcd88e78194948.jpg","train/IMG_3275_1_JPG.rf.a05174d2f0c0a3112bfcd88e78194948",0,1,"brown_eye_spot",0.464844,0.475000,0.473437,0.825781,146.000000,39.750004,449.000000,568.250000,1,0,1,"brown_eye_spot",0.957571,145.571198,37.249329,456.426575,575.592285,310.855377,538.342957,167346.796875,0.956908
"aa3888bd-2d2f-4aa2-9dbb-12fc68c8bc79",66,"6b07397c-4970-48d0-92ba-22c935c74450","benchmark/valid/IMG_2973_2_JPG.rf.6844345ab0a26c63924b15af87c456ae.jpg","valid/IMG_2973_2_JPG.rf.6844345ab0a26c63924b15af87c456ae",0,1,"brown_eye_spot",0.510938,0.555469,0.905469,0.442187,37.250004,214.000000,616.750000,496.999969,1,0,1,"brown_eye_spot",0.974683,36.185913,211.282639,630.022705,502.086792,593.836792,290.804138,172690.203125,0.949669
"aa3888bd-2d2f-4aa2-9dbb-12fc68c8bc79",67,"6de65b90-6684-4158-bd8b-69d1f7f5f96f","benchmark/train/IMG_2371_2_JPG.rf.a5159b5ebeb39190ff9705f805f08131.jpg","train/IMG_2371_2_JPG.rf.a5159b5ebeb39190ff9705f805f08131",0,3,"miner",0.614062,0.537500,0.637500,0.925000,189.000000,48.000011,597.000000,639.000000,1,0,3,"miner",0.937219,182.902863,43.846497,598.445435,636.668762,415.542572,592.822266,246342.890625,0.971220
"aa3888bd-2d2f-4aa2-9dbb-12fc68c8bc79",68,"41741697-0111-4fdb-b25a-70d9b66d3847","benchmark/train/IMG_3019_1_JPG.rf.81cd47dcf7da6478e86b9a5f77e6163c.jpg","train/IMG_3019_1_JPG.rf.81cd47dcf7da6478e86b9a5f77e6163c",0,1,"brown_eye_spot",0.517969,0.465625,0.632813,0.534375,129.000015,126.999985,534.000000,469.000000,1,0,1,"brown_eye_spot",0.837075,127.225403,121.315979,529.056763,472.358215,401.831360,351.042236,141059.781250,0.958452
"aa3888bd-2d2f-4aa2-9dbb-12fc68c8bc79",69,"c07c6812-44e4-4633-a92b-bde5cd9c4e31","benchmark/train/PXL_20240125_120558618_jpg.rf.2eb1e775326550f03fe27a79494cad14.jpg","train/PXL_20240125_120558618_jpg.rf.2eb1e775326550f03fe27a79494cad14",0,2,"healthy",0.417188,0.500000,0.564062,1.000000,86.500015,0.000000,447.500000,639.000000,1,0,2,"healthy",0.959486,91.610504,0.000000,451.525452,639.000000,359.914948,639.000000,229985.656250,0.974972
"aa3888bd-2d2f-4aa2-9dbb-12fc68c8bc79",69,"c07c6812-44e4-4633-a92b-bde5cd9c4e31","benchmark/train/PXL_20240125_120558618_jpg.rf.2eb1e775326550f03fe27a79494cad14.jpg","train/PXL_20240125_120558618_jpg.rf.2eb1e775326550f03fe27a79494cad14",1,2,"healthy",0.813281,0.535937,0.373437,0.928125,401.000000,45.999985,639.000000,639.000000,1,1,2,"healthy",0.929834,393.799011,51.590820,639.000000,639.000000,245.200989,587.409180,144033.312500,0.961748
"aa3888bd-2d2f-4aa2-9dbb-12fc68c8bc79",70,"4f083a36-d9a4-416a-9d0c-9d9b8516baf5","benchmark/test/522_jpg.rf.3ca54d4dec9fb701a4c8563772855cf6.jpg","test/522_jpg.rf.3ca54d4dec9fb701a4c8563772855cf6",0,4,"phoma",0.501562,0.521875,0.817969,0.626562,59.249992,133.500031,582.750000,534.500000,1,0,4,"phoma",0.972345,61.411270,135.218323,585.069885,537.183594,523.658630,401.965271,210492.578125,0.980712
"aa3888bd-2d2f-4aa2-9dbb-12fc68c8bc79",71,"5c66faf1-0ea5-4341-8e35-11a12e323370","benchmark/train/IMG_3579_JPG.rf.3984aad5b1274d241f60101c07eca494.jpg","train/IMG_3579_JPG.rf.3984aad5b1274d241f60101c07eca494",0,0,"algal_spot",0.492969,0.467187,0.535937,0.349219,144.000000,187.249985,486.999969,410.750000,1,0,0,"algal_spot",0.937394,143.422913,181.232010,490.014648,416.314178,346.591736,235.082169,81477.539063,0.940879
"aa3888bd-2d2f-4aa2-9dbb-12fc68c8bc79",72,"566b1ac9-30a2-4f62-b148-7e06783c9859","benchmark/train/326_jpg.rf.d9e2ad9b57140be5bf81813e19a9e809.jpg","train/326_jpg.rf.d9e2ad9b57140be5bf81813e19a9e809",0,4,"phoma",0.545313,0.506250,0.634375,0.518750,146.000031,158.000015,552.000000,490.000000,1,0,4,"phoma",0.966677,144.639313,157.426315,556.521606,491.317627,411.882294,333.891296,137523.906250,0.980135
"aa3888bd-2d2f-4aa2-9dbb-12fc68c8bc79",73,"e801a845-b489-4528-b1fb-2da6c7b4ecc1","benchmark/train/IMG_3095_1_JPG.rf.c9d677ce94a54ee789a1202e42702280.jpg","train/IMG_3095_1_JPG.rf.c9d677ce94a54ee789a1202e42702280",0,4,"phoma",0.458594,0.465625,0.685938,0.860156,74.000000,22.749996,513.000000,573.250000,1,0,4,"phoma",0.960543,68.384781,19.376709,508.768616,563.013184,440.383850,543.636475,239408.718750,0.954103
"aa3888bd-2d2f-4aa2-9dbb-12fc68c8bc79",74,"29a99853-64db-4a23-8643-5ac26461c23d","benchmark/train/IMG_2878_JPG.rf.7ec1496c137be58588b23e9df54aeb78.jpg","train/IMG_2878_JPG.rf.7ec1496c137be58588b23e9df54aeb78",0,5,"powdery_mildew",0.516406,0.405469,0.695313,0.576563,107.999992,75.000000,553.000000,444.000000,1,0,5,"powdery_mildew",0.963394,108.110748,72.762466,556.726257,443.809448,448.615509,371.046997,166457.437500,0.984970
"aa3888bd-2d2f-4aa2-9dbb-12fc68c8bc79",75,"33b76816-870c-4c17-aee5-d4ae0181ab1d","benchmark/valid/IMG_3396_JPG.rf.2f76405315e44fe7adc493b87138b9fd.jpg","valid/IMG_3396_JPG.rf.2f76405315e44fe7adc493b87138b9fd",0,1,"brown_eye_spot",0.565625,0.412500,0.600781,0.522656,169.750000,96.749992,554.250000,431.250000,1,0,1,"brown_eye_spot",0.936464,165.754822,97.392639,550.244141,430.582886,384.489319,333.190247,128108.093750,0.975609
"aa3888bd-2d2f-4aa2-9dbb-12fc68c8bc79",76,"d5fb694a-6b97-46ba-a9c6-538e6f38424f","benchmark/train/544_jpg.rf.52aa92b1fc4e7ecbaff67340aa3f65eb.jpg","train/544_jpg.rf.52aa92b1fc4e7ecbaff67340aa3f65eb",0,4,"phoma",0.525781,0.501562,0.723437,0.514844,105.000015,156.249985,568.000000,485.749969,1,0,4,"phoma",0.968134,105.999115,154.876953,567.216431,486.201508,461.217316,331.324554,152812.625000,0.990685
"aa3888bd-2d2f-4aa2-9dbb-12fc68c8bc79",77,"2d381857-0507-4d51-8c5e-af2a1c235f7f","benchmark/train/IMG_3142_1_JPG.rf.ccf59c0bda945691e66b58f2651d4dc4.jpg","train/IMG_3142_1_JPG.rf.ccf59c0bda945691e66b58f2651d4dc4",0,3,"miner",0.325781,0.160938,0.201562,0.311719,144.000000,3.249998,273.000000,202.750015,1,1,3,"miner",0.944405,145.567535,1.984131,275.879089,215.110641,130.311554,213.126511,27772.847656,0.905190
"aa3888bd-2d2f-4aa2-9dbb-12fc68c8bc79",77,"2d381857-0507-4d51-8c5e-af2a1c235f7f","benchmark/train/IMG_3142_1_JPG.rf.ccf59c0bda945691e66b58f2651d4dc4.jpg","train/IMG_3142_1_JPG.rf.ccf59c0bda945691e66b58f2651d4dc4",1,3,"miner",0.582812,0.203125,0.334375,0.259375,266.000000,47.000000,480.000000,213.000000,1,2,3,"miner",0.916077,268.666016,45.980530,480.333496,216.022705,211.667480,170.042175,35992.398438,0.962851
"aa3888bd-2d2f-4aa2-9dbb-12fc68c8bc79",77,"2d381857-0507-4d51-8c5e-af2a1c235f7f","benchmark/train/IMG_3142_1_JPG.rf.ccf59c0bda945691e66b58f2651d4dc4.jpg","train/IMG_3142_1_JPG.rf.ccf59c0bda945691e66b58f2651d4dc4",2,1,"brown_eye_spot",0.682813,0.556250,0.553125,0.194531,260.000000,293.749969,614.000000,418.249969,1,0,1,"brown_eye_spot",0.945875,260.033691,295.004303,616.386108,419.948578,356.352417,124.944275,44524.195313,0.970036
"aa3888bd-2d2f-4aa2-9dbb-12fc68c8bc79",78,"879b06ba-216b-45bc-bf32-19c8481adda5","benchmark/train/489_jpg.rf.74d865ad0ddbf6c2522f32aef30e6cf8.jpg","train/489_jpg.rf.74d865ad0ddbf6c2522f32aef30e6cf8",0,4,"phoma",0.490625,0.523438,0.790625,0.540625,61.000004,162.000000,567.000000,508.000000,1,0,4,"phoma",0.953409,60.621048,161.099014,569.304443,510.734375,508.683411,349.635376,177853.718750,0.984382
"aa3888bd-2d2f-4aa2-9dbb-12fc68c8bc79",79,"a9086636-fa78-4f76-9b3a-5b3374366911","benchmark/train/IMG_3370_2_JPG.rf.7317224210cd9d0dd7be44f4e06325bb.jpg","train/IMG_3370_2_JPG.rf.7317224210cd9d0dd7be44f4e06325bb",0,1,"brown_eye_spot",0.597656,0.452344,0.339063,0.876562,274.000000,9.000015,491.000000,570.000000,1,0,1,"brown_eye_spot",0.952340,272.508148,7.761108,487.213806,587.148499,214.705658,579.387390,124397.750000,0.945394
"aa3888bd-2d2f-4aa2-9dbb-12fc68c8bc79",80,"c851b0a1-c7b6-45d7-b4f9-d3c775e73fb4","benchmark/train/849_jpg.rf.0333db97a7026457767e58c738f9f5b9.jpg","train/849_jpg.rf.0333db97a7026457767e58c738f9f5b9",0,2,"healthy",0.468750,0.506250,0.821875,0.689062,37.000008,103.500023,563.000000,544.500000,1,0,2,"healthy",0.955933,31.120361,101.677002,565.363464,547.016174,534.243103,445.339172,237919.375000,0.974977
"aa3888bd-2d2f-4aa2-9dbb-12fc68c8bc79",81,"fe5a251f-5afd-4419-bafc-a3606b0259c8","benchmark/train/IMG_3333_1_JPG.rf.3dd52d9f1a89454324678610fd1b7cf7.jpg","train/IMG_3333_1_JPG.rf.3dd52d9f1a89454324678610fd1b7cf7",0,1,"brown_eye_spot",0.651563,0.525000,0.478125,0.269531,264.000000,249.749985,570.000000,422.250000,1,1,1,"brown_eye_spot",0.929244,264.241180,256.936798,575.960449,424.146729,311.719269,167.209930,52122.558594,0.929810
"aa3888bd-2d2f-4aa2-9dbb-12fc68c8bc79",81,"fe5a251f-5afd-4419-bafc-a3606b0259c8","benchmark/train/IMG_3333_1_JPG.rf.3dd52d9f1a89454324678610fd1b7cf7.jpg","train/IMG_3333_1_JPG.rf.3dd52d9f1a89454324678610fd1b7cf7",1,1,"brown_eye_spot",0.331250,0.353125,0.327344,0.497656,107.250000,66.750000,316.750000,385.250000,1,0,1,"brown_eye_spot",0.967464,111.045837,67.740173,315.107117,389.275574,204.061279,321.535400,65612.921875,0.959203
"aa3888bd-2d2f-4aa2-9dbb-12fc68c8bc79",82,"106e97ef-0730-4a7d-bc01-794d4a4e9cd1","benchmark/valid/653_jpg.rf.8ea07e2c02f892a4aece45455f47c4c0.jpg","valid/653_jpg.rf.8ea07e2c02f892a4aece45455f47c4c0",0,4,"phoma",0.514844,0.467187,0.807031,0.693750,71.250000,76.999985,587.750000,521.000000,1,0,4,"phoma",0.980215,62.656265,78.818222,585.438110,517.993835,522.781860,439.175598,229593.031250,0.968763
"aa3888bd-2d2f-4aa2-9dbb-12fc68c8bc79",83,"11752cad-e300-4857-bd8d-ecc451fddc0e","benchmark/valid/536_jpg.rf.ee33496bb728a7c98ca6297011c7bd56.jpg","valid/536_jpg.rf.ee33496bb728a7c98ca6297011c7bd56",0,4,"phoma",0.510938,0.574219,0.757031,0.548437,84.750000,192.000000,569.250000,543.000000,1,0,4,"phoma",0.972281,84.985657,191.455063,568.798889,543.175354,483.813232,351.720276,170166.921875,0.996540
"aa3888bd-2d2f-4aa2-9dbb-12fc68c8bc79",84,"b0afff52-1b00-43d9-8478-dfb591f5fc28","benchmark/valid/IMG_2593_JPG.rf.a404b4e39b00825abb75f799fe8ad3ac.jpg","valid/IMG_2593_JPG.rf.a404b4e39b00825abb75f799fe8ad3ac",0,1,"brown_eye_spot",0.544531,0.492188,0.845312,0.555469,77.999992,137.250000,619.000000,492.750000,1,0,1,"brown_eye_spot",0.964182,82.703781,155.513428,594.932251,481.122528,512.228455,325.609100,166786.250000,0.867208
"aa3888bd-2d2f-4aa2-9dbb-12fc68c8bc79",85,"950095df-c544-41d2-a1b9-0b1c4ff8cd86","benchmark/train/IMG_2381_2_JPG.rf.0c880fbb24514ea59ae6d470a95d3e89.jpg","train/IMG_2381_2_JPG.rf.0c880fbb24514ea59ae6d470a95d3e89",0,0,"algal_spot",0.462500,0.567187,0.434375,0.581250,157.000000,176.999985,435.000000,549.000000,1,0,0,"algal_spot",0.950249,154.415390,180.654266,435.599487,538.656128,281.184082,358.001862,100664.421875,0.951878
"aa3888bd-2d2f-4aa2-9dbb-12fc68c8bc79",86,"a1548b8c-0a5a-41f8-bc7d-152d4000c19d","benchmark/train/IMG_2563_2_JPG.rf.071ae6edb1cfb5c8e8aac31f9b0d56a9.jpg","train/IMG_2563_2_JPG.rf.071ae6edb1cfb5c8e8aac31f9b0d56a9",0,4,"phoma",0.353125,0.512500,0.332031,0.406250,119.750000,198.000000,332.250000,458.000000,1,1,4,"phoma",0.920647,119.771255,200.772003,332.725189,454.714447,212.953934,253.942444,54078.042969,0.974476
"aa3888bd-2d2f-4aa2-9dbb-12fc68c8bc79",86,"a1548b8c-0a5a-41f8-bc7d-152d4000c19d","benchmark/train/IMG_2563_2_JPG.rf.071ae6edb1cfb5c8e8aac31f9b0d56a9.jpg","train/IMG_2563_2_JPG.rf.071ae6edb1cfb5c8e8aac31f9b0d56a9",1,4,"phoma",0.678125,0.667188,0.366406,0.471094,316.750000,276.250000,551.250000,577.750000,1,0,4,"phoma",0.925438,318.054749,270.974335,552.409058,577.416626,234.354309,306.442291,71816.070313,0.971550
"aa3888bd-2d2f-4aa2-9dbb-12fc68c8bc79",87,"ae6edafb-ce02-402c-b59d-b32532897975","benchmark/train/IMG_3638_1_JPG.rf.d907e90312aebf13ba2be1a10e46a5d5.jpg","train/IMG_3638_1_JPG.rf.d907e90312aebf13ba2be1a10e46a5d5",0,0,"algal_spot",0.737500,0.482812,0.364844,0.359375,355.250000,194.000000,588.750000,424.000000,1,0,0,"algal_spot",0.955971,354.935730,184.701324,591.820313,425.061584,236.884583,240.360260,56937.640625,0.943225
"aa3888bd-2d2f-4aa2-9dbb-12fc68c8bc79",87,"ae6edafb-ce02-402c-b59d-b32532897975","benchmark/train/IMG_3638_1_JPG.rf.d907e90312aebf13ba2be1a10e46a5d5.jpg","train/IMG_3638_1_JPG.rf.d907e90312aebf13ba2be1a10e46a5d5",1,0,"algal_spot",0.282031,0.482031,0.498437,0.251563,20.999994,228.000000,340.000000,389.000000,1,1,0,"algal_spot",0.937980,7.391754,231.105682,339.699219,394.406708,332.307465,163.301025,54266.148438,0.909889
"aa3888bd-2d2f-4aa2-9dbb-12fc68c8bc79",88,"9331b4d2-79c6-4cf1-b099-93920fbe892f","benchmark/valid/IMG_2465_2_JPG.rf.56ad801a27a894fab397cbf000418bdc.jpg","valid/IMG_2465_2_JPG.rf.56ad801a27a894fab397cbf000418bdc",0,1,"brown_eye_spot",0.521875,0.471875,0.433594,0.682031,195.250015,83.750000,472.750000,520.250000,1,0,1,"brown_eye_spot",0.964617,194.189774,94.975998,474.187927,520.663757,279.998169,425.687744,119191.789063,0.964896
"aa3888bd-2d2f-4aa2-9dbb-12fc68c8bc79",89,"4ac33f09-31c7-4179-8ba6-44428ed63001","benchmark/train/534_jpg.rf.b643b1c385d78756c63179c876bc52e1.jpg","train/534_jpg.rf.b643b1c385d78756c63179c876bc52e1",0,4,"phoma",0.558594,0.516406,0.643750,0.509375,151.500000,167.500000,563.500000,493.500000,1,0,4,"phoma",0.976046,151.799149,163.524597,561.569458,497.871887,409.770325,334.347290,137005.593750,0.969888
"aa3888bd-2d2f-4aa2-9dbb-12fc68c8bc79",90,"fd415e2f-198b-4200-9bf8-c2c9ecb499ce","benchmark/test/795_jpg.rf.475777c07f462b9c865c3f3928deb8c2.jpg","test/795_jpg.rf.475777c07f462b9c865c3f3928deb8c2",0,2,"healthy",0.504687,0.512500,0.930469,0.784375,25.249996,76.999985,620.750000,579.000000,0,,,,,,,,,,,,0.000000
"aa3888bd-2d2f-4aa2-9dbb-12fc68c8bc79",91,"d2f261b8-9eae-4fa6-b2d6-6723a7280f3c","benchmark/train/IMG_2783_2_JPG.rf.db7a6b0892882229810c4e42664210fb.jpg","train/IMG_2783_2_JPG.rf.db7a6b0892882229810c4e42664210fb",0,3,"miner",0.446875,0.446875,0.893750,0.378125,0.000000,165.000000,572.000000,407.000000,1,0,3,"miner",0.941681,4.725128,164.674149,574.035767,410.033417,569.310669,245.359268,139685.656250,0.974802
"aa3888bd-2d2f-4aa2-9dbb-12fc68c8bc79",92,"60e6c019-0bbd-4cb8-b1b1-bcd4e6e11a7f","benchmark/train/IMG_3477_JPG.rf.d7dfb9e7be3eb61f241c07cf1b197405.jpg","train/IMG_3477_JPG.rf.d7dfb9e7be3eb61f241c07cf1b197405",0,3,"miner",0.478125,0.595312,0.750781,0.560156,65.750008,201.750000,546.250000,560.250000,1,0,3,"miner",0.958260,69.895538,196.897034,549.973755,562.661011,480.078217,365.763977,175595.312500,0.964376
"aa3888bd-2d2f-4aa2-9dbb-12fc68c8bc79",92,"60e6c019-0bbd-4cb8-b1b1-bcd4e6e11a7f","benchmark/train/IMG_3477_JPG.rf.d7dfb9e7be3eb61f241c07cf1b197405.jpg","train/IMG_3477_JPG.rf.d7dfb9e7be3eb61f241c07cf1b197405",1,1,"brown_eye_spot",0.462500,0.228906,0.916406,0.273438,2.749996,58.999996,589.250000,234.000000,1,1,1,"brown_eye_spot",0.845374,2.403168,63.087891,537.756714,233.748260,535.353516,170.660370,91363.632813,0.889069
"aa3888bd-2d2f-4aa2-9dbb-12fc68c8bc79",93,"7883d9ba-5f47-438b-be38-1d5b028482f4","benchmark/train/IMG_3077_1_JPG.rf.ba9740b985ac6c831b235e86d67452d3.jpg","train/IMG_3077_1_JPG.rf.ba9740b985ac6c831b235e86d67452d3",0,3,"miner",0.459375,0.494531,0.471875,0.645312,143.000000,110.000000,445.000000,523.000000,1,0,3,"miner",0.962302,142.977661,108.220154,439.632050,523.026123,296.654388,414.805969,123054.007813,0.977952
"aa3888bd-2d2f-4aa2-9dbb-12fc68c8bc79",94,"07b6d57c-9eb5-4c53-aca4-fc8806795322","benchmark/train/IMG_3037_2_JPG.rf.ff637bf765ee1f2b2e4696d63a9606a8.jpg","train/IMG_3037_2_JPG.rf.ff637bf765ee1f2b2e4696d63a9606a8",0,1,"brown_eye_spot",0.479688,0.390625,0.608594,0.714844,112.250000,21.250000,501.750031,478.750000,1,0,1,"brown_eye_spot",0.971569,122.710358,25.521286,505.114746,482.177765,382.404388,456.656494,174627.453125,0.948957
"aa3888bd-2d2f-4aa2-9dbb-12fc68c8bc79",95,"251c6853-8621-46de-b2b2-0d8aca9d44a1","benchmark/valid/574_jpg.rf.ad7512ea41503cbd9ccaad72a9eab7e8.jpg","valid/574_jpg.rf.ad7512ea41503cbd9ccaad72a9eab7e8",0,4,"phoma",0.514844,0.507813,0.775000,0.632031,81.500015,122.750000,577.500000,527.250000,1,0,4,"phoma",0.957037,84.075485,123.442215,574.458374,528.924561,490.382874,405.482361,198841.609375,0.982960
"aa3888bd-2d2f-4aa2-9dbb-12fc68c8bc79",96,"55e1b6f3-47d8-458a-9863-46123deb371b","benchmark/valid/IMG_2963_2_JPG.rf.7b83c3ff19e0da20277fec514137c4ad.jpg","valid/IMG_2963_2_JPG.rf.7b83c3ff19e0da20277fec514137c4ad",0,3,"miner",0.442969,0.532812,0.476563,0.600000,131.000000,148.999969,436.000000,533.000000,1,0,3,"miner",0.947204,134.805405,138.790863,440.455536,531.298706,305.650146,392.507843,119970.078125,0.944257
"aa3888bd-2d2f-4aa2-9dbb-12fc68c8bc79",97,"14a90b77-ceb9-4b0c-b116-0166f0c8b99c","benchmark/train/IMG_3505_JPG.rf.c439bfffe51dd01d8c9d5016e36565a1.jpg","train/IMG_3505_JPG.rf.c439bfffe51dd01d8c9d5016e36565a1",0,0,"algal_spot",0.430469,0.385938,0.632813,0.668750,72.999992,33.000011,478.000000,461.000000,1,0,0,"algal_spot",0.943074,75.774597,44.554092,482.247131,458.923248,406.472534,414.369141,168429.671875,0.951856
"aa3888bd-2d2f-4aa2-9dbb-12fc68c8bc79",98,"b953e11c-8bdb-4f2b-b117-bef94cd18f0e","benchmark/train/IMG_2827_2_JPG.rf.d2cc78774e2d8e0f83b1b84b65e891c4.jpg","train/IMG_2827_2_JPG.rf.d2cc78774e2d8e0f83b1b84b65e891c4",0,5,"powdery_mildew",0.565625,0.787500,0.639844,0.372656,157.250000,384.750031,566.750000,623.250000,1,0,5,"powdery_mildew",0.958264,157.473557,386.835022,564.964111,630.974304,407.490540,244.139282,99484.445313,0.955597
"aa3888bd-2d2f-4aa2-9dbb-12fc68c8bc79",98,"b953e11c-8bdb-4f2b-b117-bef94cd18f0e","benchmark/train/IMG_2827_2_JPG.rf.d2cc78774e2d8e0f83b1b84b65e891c4.jpg","train/IMG_2827_2_JPG.rf.d2cc78774e2d8e0f83b1b84b65e891c4",1,5,"powdery_mildew",0.453125,0.438281,0.892969,0.257813,4.249992,198.000000,575.750000,363.000000,1,1,5,"powdery_mildew",0.943800,0.000000,199.855835,555.092834,366.568481,555.092834,166.712646,92540.992188,0.926732
"aa3888bd-2d2f-4aa2-9dbb-12fc68c8bc79",99,"33c3bf81-5589-44f4-9aef-bf657f926ec3","benchmark/train/IMG_3105_JPG.rf.9e6969a6f53a066982e0c37458f03c82.jpg","train/IMG_3105_JPG.rf.9e6969a6f53a066982e0c37458f03c82",0,4,"phoma",0.545313,0.539063,0.841406,0.662500,79.750023,133.000000,618.250000,557.000000,1,0,4,"phoma",0.966993,63.550598,139.428345,625.414124,560.695862,561.863525,421.267517,236694.859375,0.936316
"aa3888bd-2d2f-4aa2-9dbb-12fc68c8bc79",100,"f99c1958-c2da-4457-aa4d-9b6b94d38535","benchmark/valid/IMG_3139_1_JPG.rf.45bd5dfd2c7490d68f8e75aa25f7c687.jpg","valid/IMG_3139_1_JPG.rf.45bd5dfd2c7490d68f8e75aa25f7c687",0,5,"powdery_mildew",0.557031,0.523438,0.692187,0.587500,135.000015,147.000000,578.000000,523.000000,1,0,5,"powdery_mildew",0.967524,129.978165,145.175476,587.443665,528.741455,457.465515,383.565979,175468.203125,0.949277
"2d519d16-339e-4d56-8218-aa9ae6aef69d",1,"3eee8325-5d2e-46eb-911f-a9166a2b4510","benchmark/train/IMG_3400_1_JPG.rf.f19e4ed6a7078926fd694038a15197a6.jpg","train/IMG_3400_1_JPG.rf.f19e4ed6a7078926fd694038a15197a6",0,3,"miner",0.417188,0.433594,0.402344,0.698438,138.250000,53.999996,395.750000,501.000000,1,0,3,"miner",0.967708,134.602905,37.266602,401.266083,502.931335,266.663177,465.664734,124175.640625,0.926933
"2d519d16-339e-4d56-8218-aa9ae6aef69d",2,"f872d061-bd30-49f0-9638-fb2f0244ec0a","benchmark/train/IMG_20240125_115311_561_jpg.rf.d2465ac798350899cd623d6f27318ff8.jpg","train/IMG_20240125_115311_561_jpg.rf.d2465ac798350899cd623d6f27318ff8",0,2,"healthy",0.455469,0.487500,0.528906,0.787500,122.250000,60.000000,460.749969,564.000000,1,0,2,"healthy",0.743259,127.587952,57.653351,465.709045,575.241638,338.121094,517.588257,175007.500000,0.944939
"2d519d16-339e-4d56-8218-aa9ae6aef69d",3,"bce967e7-137f-40d5-9048-9fe354c638ff","benchmark/train/IMG_3393_1_JPG.rf.3d4d7580e7230098a555627479085d22.jpg","train/IMG_3393_1_JPG.rf.3d4d7580e7230098a555627479085d22",0,1,"brown_eye_spot",0.580469,0.509375,0.589063,0.564844,183.000015,145.249969,560.000000,506.750000,1,0,1,"brown_eye_spot",0.951124,180.802841,146.845642,561.967163,505.425354,381.164307,358.579712,136677.781250,0.981171
"2d519d16-339e-4d56-8218-aa9ae6aef69d",4,"ea501558-5fef-4a92-a44b-aea3c6e775b1","benchmark/train/IMG_2814_1_JPG.rf.a85880f5ff74a2f264123dbcae8615a3.jpg","train/IMG_2814_1_JPG.rf.a85880f5ff74a2f264123dbcae8615a3",0,5,"powdery_mildew",0.500000,0.465625,0.925781,0.403906,23.750000,168.750000,616.250000,427.250000,1,0,5,"powdery_mildew",0.960359,18.300720,168.065674,615.201538,427.620300,596.900818,259.554626,154928.375000,0.985121
"2d519d16-339e-4d56-8218-aa9ae6aef69d",5,"9df086ec-ec9c-4fba-8411-6974f887e16c","benchmark/valid/IMG_3253_1_JPG.rf.caa1127e6db3fcdf3d6680bae1c095ae.jpg","valid/IMG_3253_1_JPG.rf.caa1127e6db3fcdf3d6680bae1c095ae",0,3,"miner",0.509375,0.537500,0.941406,0.308594,24.749985,245.250015,627.250000,442.750000,1,0,3,"miner",0.910416,10.294067,242.201172,612.172852,444.037659,601.878784,201.836487,121481.101563,0.932164
"2d519d16-339e-4d56-8218-aa9ae6aef69d",6,"1cc6fcdf-6f7c-44da-910c-c9ad983bd48f","benchmark/valid/IMG_3301_2_JPG.rf.7d41f1b4ad438a2aba95903fa8ccd55a.jpg","valid/IMG_3301_2_JPG.rf.7d41f1b4ad438a2aba95903fa8ccd55a",0,3,"miner",0.450000,0.483594,0.603125,0.701563,95.000000,85.000000,481.000000,534.000000,1,0,3,"miner",0.952022,105.733429,87.984818,482.864166,544.154175,377.130737,456.169373,172035.484375,0.940439
"2d519d16-339e-4d56-8218-aa9ae6aef69d",7,"f97195a6-e1b5-4aae-9fcc-74f4f42d35ee","benchmark/valid/IMG_3260_JPG.rf.295de596e1bcdb54a4fb5151dec50745.jpg","valid/IMG_3260_JPG.rf.295de596e1bcdb54a4fb5151dec50745",0,3,"miner",0.422656,0.584375,0.460938,0.657031,122.999992,163.750015,418.000000,584.250000,1,0,3,"miner",0.963810,119.875595,164.632324,414.419098,592.777832,294.543518,428.145508,126107.484375,0.956317
"2d519d16-339e-4d56-8218-aa9ae6aef69d",8,"a7246ae4-befb-4d0f-a845-fb0f6f498ed5","benchmark/valid/IMG_3463_1_JPG.rf.7af202bf6269bb97d3fae665bebc1a64.jpg","valid/IMG_3463_1_JPG.rf.7af202bf6269bb97d3fae665bebc1a64",0,3,"miner",0.704687,0.446875,0.296094,0.604688,356.250000,92.500000,545.750000,479.500000,1,0,3,"miner",0.928099,353.964111,93.287186,545.563965,480.789307,191.599854,387.502136,74245.351563,0.981859
"2d519d16-339e-4d56-8218-aa9ae6aef69d",9,"c6f84632-1443-45cd-9b5b-dece1391797d","benchmark/train/PXL_20240125_122134743_jpg.rf.73a36ec5e58f1dd80ac6312206ce9326.jpg","train/PXL_20240125_122134743_jpg.rf.73a36ec5e58f1dd80ac6312206ce9326",0,2,"healthy",0.501562,0.532031,0.996094,0.642187,2.249985,135.000000,639.000000,546.000000,1,0,2,"healthy",0.966561,0.000000,137.225342,639.000000,543.376343,639.000000,406.151001,259530.484375,0.984763
"2d519d16-339e-4d56-8218-aa9ae6aef69d",10,"039071d1-12d2-4aaa-afb8-16112fbcef14","benchmark/test/629_jpg.rf.654dcc115974db140acbfb4452fa9ede.jpg","test/629_jpg.rf.654dcc115974db140acbfb4452fa9ede",0,4,"phoma",0.528125,0.470313,0.810156,0.608594,78.750000,106.250000,597.250000,495.750000,1,0,4,"phoma",0.968922,76.152832,108.956116,600.250244,500.415588,524.097412,391.459473,205162.890625,0.970889
"2d519d16-339e-4d56-8218-aa9ae6aef69d",11,"cd9e415a-57de-4125-8167-f7a6df4cb622","benchmark/valid/IMG_3519_JPG.rf.8d4e015776d918617fddd28a555c3181.jpg","valid/IMG_3519_JPG.rf.8d4e015776d918617fddd28a555c3181",0,0,"algal_spot",0.485938,0.556250,0.868750,0.480469,33.000011,202.249985,589.000000,509.750000,1,0,0,"algal_spot",0.954161,29.058716,200.028595,587.286377,511.000732,558.227661,310.972137,173593.250000,0.978882
"2d519d16-339e-4d56-8218-aa9ae6aef69d",12,"33020733-19cb-4b8e-a99a-d4ab14ce5ccd","benchmark/train/IMG_3130_JPG.rf.8070bf8c2d707b3a2afe254732b2dc3e.jpg","train/IMG_3130_JPG.rf.8070bf8c2d707b3a2afe254732b2dc3e",0,1,"brown_eye_spot",0.584375,0.465625,0.828125,0.477344,109.000015,145.250000,639.000000,450.749969,1,0,1,"brown_eye_spot",0.966080,103.314087,146.155396,639.000000,452.265320,535.685913,306.109924,163978.781250,0.981615
"2d519d16-339e-4d56-8218-aa9ae6aef69d",13,"75b3860c-5d9e-40e0-b853-7436412b0d28","benchmark/train/IMG_3429_1_JPG.rf.c73c8b365285558a94786a0d8742f89e.jpg","train/IMG_3429_1_JPG.rf.c73c8b365285558a94786a0d8742f89e",0,3,"miner",0.603906,0.542188,0.600781,0.495313,194.250015,188.500000,578.750000,505.500031,1,0,3,"miner",0.948084,190.127167,184.001434,578.060791,507.136688,387.933624,323.135254,125355.031250,0.968899
"2d519d16-339e-4d56-8218-aa9ae6aef69d",14,"fea8c425-6a1f-421e-8043-c6dc316d7828","benchmark/train/929_jpg.rf.bd6d9e994e1d4aae35fb593aa3a7bd76.jpg","train/929_jpg.rf.bd6d9e994e1d4aae35fb593aa3a7bd76",0,4,"phoma",0.498437,0.525781,0.890625,0.667188,33.999996,123.000015,604.000000,550.000000,1,0,4,"phoma",0.971638,34.828918,124.482346,602.532776,550.917297,567.703857,426.434937,242088.765625,0.990395
"2d519d16-339e-4d56-8218-aa9ae6aef69d",15,"2ee2e3a9-5c04-4917-b5ba-ac7c16463a55","benchmark/train/IMG_3074_1_JPG.rf.82af04c7ad516879081e92e200ffbc2d.jpg","train/IMG_3074_1_JPG.rf.82af04c7ad516879081e92e200ffbc2d",0,1,"brown_eye_spot",0.470313,0.534375,0.632031,0.831250,98.750000,76.000000,503.250000,608.000000,1,0,1,"brown_eye_spot",0.967401,101.153793,61.850037,501.270386,613.705200,400.116577,551.855164,220806.406250,0.953946
"2d519d16-339e-4d56-8218-aa9ae6aef69d",16,"3def572c-103b-4aab-8ed9-dd6533964259","benchmark/valid/IMG_3008_1_JPG.rf.7e587df3e09091fcadfbcacd5dc88cb6.jpg","valid/IMG_3008_1_JPG.rf.7e587df3e09091fcadfbcacd5dc88cb6",0,3,"miner",0.520312,0.517969,0.416406,0.657812,199.749985,121.000023,466.250000,542.000000,1,0,3,"miner",0.960176,197.985657,115.102081,463.368561,547.827942,265.382904,432.725861,114838.046875,0.956332
"2d519d16-339e-4d56-8218-aa9ae6aef69d",17,"eec311e2-6d8c-41fe-b3b2-50a32316d8cc","benchmark/train/415_jpg.rf.5479a878527f2297f5a7453b8b5a1eb4.jpg","train/415_jpg.rf.5479a878527f2297f5a7453b8b5a1eb4",0,4,"phoma",0.501562,0.534375,0.689844,0.586719,100.249977,154.250015,541.750000,529.750000,1,0,4,"phoma",0.469453,96.378052,155.638916,546.594727,528.435913,450.216675,372.796997,167839.421875,0.973716
"2d519d16-339e-4d56-8218-aa9ae6aef69d",18,"58b038de-3597-4e5c-a290-5ea341999aa5","benchmark/train/315_jpg.rf.0eab045a3555b629c9cae0cb8e1a04a6.jpg","train/315_jpg.rf.0eab045a3555b629c9cae0cb8e1a04a6",0,4,"phoma",0.452344,0.492188,0.696875,0.675000,66.500015,99.000000,512.500000,531.000000,1,0,4,"phoma",0.970073,64.152603,98.207352,512.076965,534.693604,447.924377,436.486267,195512.843750,0.983616
"2d519d16-339e-4d56-8218-aa9ae6aef69d",19,"a825cdec-c09e-460b-9633-fae276ca806b","benchmark/valid/IMG_2431_1_JPG.rf.1d779e27b722e3c9ae8a98d2ed60df1c.jpg","valid/IMG_2431_1_JPG.rf.1d779e27b722e3c9ae8a98d2ed60df1c",0,3,"miner",0.429688,0.478125,0.847656,0.399219,3.750000,178.250000,546.250000,433.750000,1,0,3,"miner",0.930195,1.370300,188.108337,553.138428,433.200745,551.768127,245.092407,135234.171875,0.943798
"2d519d16-339e-4d56-8218-aa9ae6aef69d",20,"79cb66fe-8a23-4bca-8289-a213c0dd8bbf","benchmark/train/345_jpg.rf.4cb6c58a36966f698fec909e0eacd7b4.jpg","train/345_jpg.rf.4cb6c58a36966f698fec909e0eacd7b4",0,4,"phoma",0.512500,0.551562,0.869531,0.664844,49.749985,140.250000,606.250000,565.750000,1,0,4,"phoma",0.972395,53.725006,140.260284,607.310730,562.193298,553.585693,421.933014,233576.078125,0.982677
"2d519d16-339e-4d56-8218-aa9ae6aef69d",21,"d82fd828-a292-4fdd-b05a-bdec549eb9a3","benchmark/train/IMG_2704_2_JPG.rf.f04f196574c8f4ac6459070ad92d645f.jpg","train/IMG_2704_2_JPG.rf.f04f196574c8f4ac6459070ad92d645f",0,0,"algal_spot",0.567187,0.539844,0.775000,0.376563,115.000000,225.000000,611.000000,466.000000,1,0,0,"algal_spot",0.934529,119.567307,228.567154,604.469666,470.887299,484.902344,242.320145,117501.609375,0.944431
"2d519d16-339e-4d56-8218-aa9ae6aef69d",22,"094ee91b-f109-4702-9093-0c3b6c4db0d5","benchmark/train/IMG_2626_1_JPG.rf.4b419bcb932b5d6ac88df617a3229197.jpg","train/IMG_2626_1_JPG.rf.4b419bcb932b5d6ac88df617a3229197",0,1,"brown_eye_spot",0.539063,0.443750,0.825000,0.743750,81.000000,46.000004,609.000000,522.000000,1,0,1,"brown_eye_spot",0.971089,77.098511,66.235214,598.557739,529.963013,521.459229,463.727783,241815.125000,0.916916
"2d519d16-339e-4d56-8218-aa9ae6aef69d",23,"86b35cce-5b71-4fa2-a661-581ff1db0119","benchmark/train/IMG_3077_JPG.rf.84c4b73131cdedfcb605a0735af908d3.jpg","train/IMG_3077_JPG.rf.84c4b73131cdedfcb605a0735af908d3",0,3,"miner",0.460938,0.505469,0.471875,0.645312,144.000000,116.999985,446.000000,530.000000,1,0,3,"miner",0.956048,143.724945,114.452545,441.886353,527.752808,298.161407,413.300262,123230.187500,0.974197
"2d519d16-339e-4d56-8218-aa9ae6aef69d",24,"fb394d19-420a-44b5-b3e6-ac4765590f99","benchmark/train/IMG_2368_2_JPG.rf.940826f8cb7bb03248bf7895167dca05.jpg","train/IMG_2368_2_JPG.rf.940826f8cb7bb03248bf7895167dca05",0,3,"miner",0.537500,0.451562,0.646875,0.696875,137.000000,66.000000,551.000000,511.999969,1,0,3,"miner",0.926704,146.977127,64.124619,557.011841,505.566681,410.034729,441.442078,181006.578125,0.944375
"2d519d16-339e-4d56-8218-aa9ae6aef69d",25,"efba226e-adff-4f1e-9b5a-f6ffc3362ae4","benchmark/valid/IMG_3424_JPG.rf.0e45bebab666b56ca0dcc5c66465d4e0.jpg","valid/IMG_3424_JPG.rf.0e45bebab666b56ca0dcc5c66465d4e0",0,3,"miner",0.504687,0.474219,0.358594,0.924219,208.249985,7.749996,437.750000,599.250000,1,0,3,"miner",0.931119,197.036575,7.790192,444.589172,617.742737,247.552597,609.952515,150995.328125,0.898914
"2d519d16-339e-4d56-8218-aa9ae6aef69d",26,"9a38ba41-2a98-45ff-a275-59b80dd45d2e","benchmark/train/IMG_3411_JPG.rf.96e877f0bfbf7f8b59d332d99483f75a.jpg","train/IMG_3411_JPG.rf.96e877f0bfbf7f8b59d332d99483f75a",0,3,"miner",0.508594,0.502344,0.800000,0.447656,69.499985,178.250000,581.500000,464.750031,1,0,3,"miner",0.935246,73.509216,177.109299,590.739868,469.922180,517.230652,292.812866,151451.796875,0.953728
"2d519d16-339e-4d56-8218-aa9ae6aef69d",27,"41070d0f-2bba-4f06-aa67-6634baf7c0e6","benchmark/train/IMG_2731_1_JPG.rf.a9cb312bd61c4ec7f5ca159e20b834e5.jpg","train/IMG_2731_1_JPG.rf.a9cb312bd61c4ec7f5ca159e20b834e5",0,0,"algal_spot",0.425000,0.551562,0.583594,0.407031,85.250015,222.750000,458.750000,483.249969,1,0,0,"algal_spot",0.965699,85.860565,226.781662,460.028778,483.322845,374.168213,256.541199,95989.562500,0.979338
"2d519d16-339e-4d56-8218-aa9ae6aef69d",28,"a6d44e2a-40b0-421b-a210-fd8f34534d02","benchmark/valid/783_jpg.rf.30c912f349381e8922723289146935b4.jpg","valid/783_jpg.rf.30c912f349381e8922723289146935b4",0,4,"phoma",0.514063,0.531250,0.859375,0.664063,54.000015,127.500000,604.000000,552.500000,1,0,4,"phoma",0.965377,51.762222,126.591110,600.716370,555.201172,548.954163,428.610046,235287.265625,0.981712
"2d519d16-339e-4d56-8218-aa9ae6aef69d",29,"d70db200-67ff-4e00-9296-274aa3b9b823","benchmark/valid/IMG_2815_2_JPG.rf.ff1c2e88311cb002aa5dbdc09de9e948.jpg","valid/IMG_2815_2_JPG.rf.ff1c2e88311cb002aa5dbdc09de9e948",0,5,"powdery_mildew",0.515625,0.560938,0.925781,0.405469,33.750000,229.250015,626.250000,488.750000,1,0,5,"powdery_mildew",0.972326,37.473694,228.181854,626.598022,490.360474,589.124329,262.178619,154455.796875,0.983048
"2d519d16-339e-4d56-8218-aa9ae6aef69d",30,"e7f96a82-ef98-4aea-8dfc-350b389254e3","benchmark/test/IMG_3064_JPG.rf.8e950e6f024d9f321ba8bece22ec3432.jpg","test/IMG_3064_JPG.rf.8e950e6f024d9f321ba8bece22ec3432",0,3,"miner",0.512500,0.470313,0.606250,0.593750,134.000000,111.000000,522.000000,491.000000,1,0,3,"miner",0.942413,129.482971,113.310837,518.615112,483.971863,389.132141,370.661011,144236.109375,0.956057
"2d519d16-339e-4d56-8218-aa9ae6aef69d",31,"ec48b54b-a084-459b-b445-b162062066d9","benchmark/test/795_jpg.rf.475777c07f462b9c865c3f3928deb8c2.jpg","test/795_jpg.rf.475777c07f462b9c865c3f3928deb8c2",0,2,"healthy",0.504687,0.512500,0.930469,0.784375,25.249996,76.999985,620.750000,579.000000,0,,,,,,,,,,,,0.000000
"2d519d16-339e-4d56-8218-aa9ae6aef69d",32,"a3b333fa-626a-42fa-9ab1-37fabfd69a59","benchmark/train/IMG_2438_2_JPG.rf.cd952a1eec9858bd466d3c8c068c3e5d.jpg","train/IMG_2438_2_JPG.rf.cd952a1eec9858bd466d3c8c068c3e5d",0,5,"powdery_mildew",0.589063,0.446875,0.665625,0.887500,164.000015,2.000008,590.000000,570.000000,1,0,5,"powdery_mildew",0.950880,160.193039,2.096252,590.765076,570.933228,430.572021,568.836975,244925.281250,0.987593
"2d519d16-339e-4d56-8218-aa9ae6aef69d",33,"78833e37-9b13-41fa-bf1b-7f0d6216cf24","benchmark/train/IMG_3592_2_JPG.rf.e23de573c389788f43679bad09ca692f.jpg","train/IMG_3592_2_JPG.rf.e23de573c389788f43679bad09ca692f",0,0,"algal_spot",0.582812,0.539063,0.525781,0.386719,204.749985,221.250000,541.250000,468.750000,1,0,0,"algal_spot",0.954584,207.117477,219.549759,540.210571,471.334198,333.093079,251.784439,83867.656250,0.973199
"2d519d16-339e-4d56-8218-aa9ae6aef69d",34,"1bc7e51c-dfa6-4b26-90a0-87f48c3d8dd4","benchmark/train/IMG_3335_2_JPG.rf.ecf869ef5d7ad4e0c2de844a9551f47b.jpg","train/IMG_3335_2_JPG.rf.ecf869ef5d7ad4e0c2de844a9551f47b",0,3,"miner",0.531250,0.545313,0.511719,0.497656,176.250000,189.750031,503.750000,508.250000,1,0,3,"miner",0.945334,175.247345,189.303650,506.003967,516.184143,330.756622,326.880493,108117.890625,0.964769
"2d519d16-339e-4d56-8218-aa9ae6aef69d",35,"66722883-ba72-4c2d-8ef8-b7b1f45fe6dc","benchmark/valid/IMG_3435_JPG.rf.545184388587e072abdd4a7a2bdbccc5.jpg","valid/IMG_3435_JPG.rf.545184388587e072abdd4a7a2bdbccc5",0,1,"brown_eye_spot",0.505469,0.510938,0.901563,0.392969,34.999981,201.250000,612.000000,452.750000,1,0,1,"brown_eye_spot",0.959514,21.853516,195.852631,610.557617,436.717743,588.704102,240.865112,141798.281250,0.895215
"2d519d16-339e-4d56-8218-aa9ae6aef69d",36,"76a8fbb1-a1fc-43ba-a32e-4cd71e5aab77","benchmark/train/IMG_3140_2_JPG.rf.28bd751022c462aa612ddd04ffdc9766.jpg","train/IMG_3140_2_JPG.rf.28bd751022c462aa612ddd04ffdc9766",0,5,"powdery_mildew",0.521094,0.492969,0.522656,0.669531,166.249985,101.250000,500.749969,529.750000,1,0,5,"powdery_mildew",0.963223,161.988083,97.012039,497.151184,524.772034,335.163086,427.760010,143369.359375,0.956231
"2d519d16-339e-4d56-8218-aa9ae6aef69d",37,"d3377078-635a-46cd-9a8f-d5f03059f747","benchmark/test/745_jpg.rf.a17b622a38d32eae0201c0c7a1ee8105.jpg","test/745_jpg.rf.a17b622a38d32eae0201c0c7a1ee8105",0,2,"healthy",0.493750,0.503125,0.855469,0.725781,42.250004,89.750000,589.750000,554.250000,1,0,2,"healthy",0.970427,41.033203,102.788147,583.256165,547.400940,542.222961,444.612793,241079.265625,0.943825
"2d519d16-339e-4d56-8218-aa9ae6aef69d",38,"f237cfa6-3b23-4b14-9ffb-dd2ea7962776","benchmark/train/IMG_3241_1_JPG.rf.9d49d4feb53555fbe4c498c15485ab31.jpg","train/IMG_3241_1_JPG.rf.9d49d4feb53555fbe4c498c15485ab31",0,3,"miner",0.471094,0.481250,0.345313,0.603125,190.999985,115.000000,412.000000,501.000000,1,0,3,"miner",0.935767,191.633179,114.821426,411.255310,502.346680,219.622131,387.525269,85109.125000,0.989878
"2d519d16-339e-4d56-8218-aa9ae6aef69d",39,"ab9c5fc0-ecdf-4eaa-b13a-5dc9eb333ae7","benchmark/train/1065_jpg.rf.2f6cf83f5a1438c27403efa3bce139e7.jpg","train/1065_jpg.rf.2f6cf83f5a1438c27403efa3bce139e7",0,2,"healthy",0.490625,0.528906,0.867188,0.671875,36.499996,123.499985,591.500000,553.500000,1,0,2,"healthy",0.967518,35.940796,128.786636,593.304932,548.825806,557.364136,420.039185,234114.781250,0.972787
"2d519d16-339e-4d56-8218-aa9ae6aef69d",40,"435d0ffe-73ec-4ccf-8418-b41b157030de","benchmark/train/IMG_2783_1_JPG.rf.008e6ddc425f580561a7428058579439.jpg","train/IMG_2783_1_JPG.rf.008e6ddc425f580561a7428058579439",0,3,"miner",0.551562,0.551562,0.894531,0.377344,66.749992,232.249985,639.000000,473.750000,1,0,3,"miner",0.951070,61.039001,226.903732,633.675781,474.018158,572.636780,247.114426,141506.812500,0.958821
"2d519d16-339e-4d56-8218-aa9ae6aef69d",41,"30f24127-652a-44bc-bfc4-4e63a411b552","benchmark/train/IMG_3272_2_JPG.rf.1ed78be0d0bbc371e8268b29a17d4fed.jpg","train/IMG_3272_2_JPG.rf.1ed78be0d0bbc371e8268b29a17d4fed",0,1,"brown_eye_spot",0.504687,0.477344,0.557031,0.879687,144.749985,23.999996,501.250000,587.000000,1,0,1,"brown_eye_spot",0.969519,136.432922,21.729309,503.278290,593.384155,366.845367,571.654846,209708.937500,0.957086
"2d519d16-339e-4d56-8218-aa9ae6aef69d",42,"822c9b4f-a881-4d7e-b016-9d2bfa3934f4","benchmark/test/1305_jpg.rf.84b88538931b677428e2ad153a4a1f52.jpg","test/1305_jpg.rf.84b88538931b677428e2ad153a4a1f52",0,2,"healthy",0.489844,0.479688,0.937500,0.695313,13.500004,84.500008,613.500000,529.500000,1,0,2,"healthy",0.971187,7.214996,87.921616,618.365723,532.480713,611.150757,444.559082,271692.625000,0.967859
"2d519d16-339e-4d56-8218-aa9ae6aef69d",43,"49f21ea3-ef78-477e-9b2c-cdf2dbf6982e","benchmark/valid/IMG_2742_2_JPG.rf.be21edd8b214b2821c8c4be863cb5cd8.jpg","valid/IMG_2742_2_JPG.rf.be21edd8b214b2821c8c4be863cb5cd8",0,0,"algal_spot",0.540625,0.403125,0.771875,0.349219,98.999977,146.249985,593.000000,369.750000,1,0,0,"algal_spot",0.959100,103.906357,143.633453,579.187134,376.320892,475.280762,232.687439,110591.859375,0.925504
"2d519d16-339e-4d56-8218-aa9ae6aef69d",44,"3066193f-89a4-484b-be2c-740ba6de8d47","benchmark/valid/IMG_3185_1_JPG.rf.3d34a834952b500845a1bad5cdd43279.jpg","valid/IMG_3185_1_JPG.rf.3d34a834952b500845a1bad5cdd43279",0,1,"brown_eye_spot",0.771875,0.497656,0.321875,0.557813,391.000031,140.000000,597.000000,497.000000,1,1,1,"brown_eye_spot",0.957560,389.600708,142.693237,599.913208,493.541077,210.312500,350.847839,73787.687500,0.962955
"2d519d16-339e-4d56-8218-aa9ae6aef69d",44,"3066193f-89a4-484b-be2c-740ba6de8d47","benchmark/valid/IMG_3185_1_JPG.rf.3d34a834952b500845a1bad5cdd43279.jpg","valid/IMG_3185_1_JPG.rf.3d34a834952b500845a1bad5cdd43279",1,3,"miner",0.326562,0.623438,0.480469,0.432031,55.249996,260.750000,362.750000,537.250000,1,0,3,"miner",0.958681,53.828018,268.448730,370.085388,538.364868,316.257385,269.916138,85362.968750,0.942164
"2d519d16-339e-4d56-8218-aa9ae6aef69d",45,"3a2043be-0e5a-4186-86ee-bcd6ec6152db","benchmark/valid/594_jpg.rf.f7ac71a3d9b56d0e069663d694f58179.jpg","valid/594_jpg.rf.f7ac71a3d9b56d0e069663d694f58179",0,4,"phoma",0.492969,0.478125,0.883594,0.595312,32.749996,115.500015,598.250000,496.500000,1,0,4,"phoma",0.971597,33.727417,117.461426,597.986694,498.521820,564.259277,381.060394,215016.859375,0.987441
"2d519d16-339e-4d56-8218-aa9ae6aef69d",46,"0eb6a2fa-b1e5-422f-8a95-74e49294b50c","benchmark/train/IMG_2667_2_JPG.rf.94ac424645daba9fb1215e4d52f95a93.jpg","train/IMG_2667_2_JPG.rf.94ac424645daba9fb1215e4d52f95a93",0,0,"algal_spot",0.466406,0.478125,0.389062,0.882031,174.000015,23.750000,423.000000,588.250000,1,0,0,"algal_spot",0.954756,173.475342,17.173706,428.506653,590.879272,255.031311,573.705566,146312.875000,0.960684
"2d519d16-339e-4d56-8218-aa9ae6aef69d",47,"7c266e84-3be9-48a7-bc31-7253433867f5","benchmark/train/IMG_20240125_120830_296_jpg.rf.e9ccd170490054efddbece05820f8b8f.jpg","train/IMG_20240125_120830_296_jpg.rf.e9ccd170490054efddbece05820f8b8f",0,2,"healthy",0.364844,0.504687,0.595312,0.942187,43.000011,21.499996,424.000000,624.500000,1,0,2,"healthy",0.956772,38.264465,17.922546,425.161194,631.691772,386.896729,613.769226,237465.312500,0.967480
"2d519d16-339e-4d56-8218-aa9ae6aef69d",47,"7c266e84-3be9-48a7-bc31-7253433867f5","benchmark/train/IMG_20240125_120830_296_jpg.rf.e9ccd170490054efddbece05820f8b8f.jpg","train/IMG_20240125_120830_296_jpg.rf.e9ccd170490054efddbece05820f8b8f",1,2,"healthy",0.809375,0.578125,0.381250,0.587500,396.000000,182.000000,639.000000,558.000000,1,1,2,"healthy",0.910643,397.284668,184.460617,639.000000,557.315613,241.715332,372.854980,90124.765625,0.986393
"2d519d16-339e-4d56-8218-aa9ae6aef69d",48,"fc240685-7ed3-458f-91d7-864550f41d06","benchmark/test/436_jpg.rf.4a290d43654d1241504a03c125ab3ace.jpg","test/436_jpg.rf.4a290d43654d1241504a03c125ab3ace",0,4,"phoma",0.495313,0.470313,0.832031,0.699219,50.750008,77.250000,583.250000,524.750000,1,0,4,"phoma",0.972774,49.528885,79.289124,582.164795,517.781128,532.635925,438.492004,233556.593750,0.975681
"2d519d16-339e-4d56-8218-aa9ae6aef69d",49,"b0001bb2-e3a8-4ae7-9b87-55b23296314c","benchmark/train/PXL_20240125_124946063_jpg.rf.4cac3d339724f58eba7367f9bc7959c4.jpg","train/PXL_20240125_124946063_jpg.rf.4cac3d339724f58eba7367f9bc7959c4",0,2,"healthy",0.485938,0.562500,0.472656,0.835938,159.750000,92.500000,462.250000,627.500000,1,0,2,"healthy",0.958563,163.425858,101.161316,465.919739,626.556946,302.493896,525.395630,158928.968750,0.958693
"2d519d16-339e-4d56-8218-aa9ae6aef69d",50,"156a9e5c-15a2-4870-b382-c721266613e6","benchmark/train/IMG_2891_2_JPG.rf.196f0eb43ecb7604b82c0a23fe1da008.jpg","train/IMG_2891_2_JPG.rf.196f0eb43ecb7604b82c0a23fe1da008",0,1,"brown_eye_spot",0.529688,0.429688,0.877344,0.814844,58.250008,14.249992,619.750000,535.750000,1,0,1,"brown_eye_spot",0.957880,64.634766,8.949493,626.121399,531.735291,561.486633,522.785767,293537.218750,0.960442
"2d519d16-339e-4d56-8218-aa9ae6aef69d",51,"38087a6b-1142-4223-a3d4-4a8b4c30dc29","benchmark/valid/1714_jpg.rf.50ea84b1cd2a757d13a71adab1aeed85.jpg","valid/1714_jpg.rf.50ea84b1cd2a757d13a71adab1aeed85",0,4,"phoma",0.529688,0.437500,0.924219,0.540625,43.250008,107.000008,634.750000,453.000000,1,0,4,"phoma",0.892277,35.815552,111.290390,634.336426,449.575195,598.520874,338.284790,202470.515625,0.965158
"2d519d16-339e-4d56-8218-aa9ae6aef69d",52,"3cc13776-6d3d-41ff-8c0b-50ff4f5d8599","benchmark/train/IMG_2440_1_JPG.rf.8ee1c8acd931a6f661bf6ecf3163a629.jpg","train/IMG_2440_1_JPG.rf.8ee1c8acd931a6f661bf6ecf3163a629",0,5,"powdery_mildew",0.506250,0.510938,0.907031,0.628906,33.750019,125.750008,614.250000,528.250000,1,0,5,"powdery_mildew",0.970822,27.758240,126.581482,607.789795,529.480591,580.031555,402.899109,233694.203125,0.973823
"2d519d16-339e-4d56-8218-aa9ae6aef69d",53,"5178b668-fba2-43b1-9cac-1a9b0e6df330","benchmark/train/IMG_2857_2_JPG.rf.07b608803d670b1944c78141185630c3.jpg","train/IMG_2857_2_JPG.rf.07b608803d670b1944c78141185630c3",0,5,"powdery_mildew",0.471875,0.609375,0.740625,0.721875,65.000000,159.000000,539.000000,621.000000,1,0,5,"powdery_mildew",0.954942,70.868195,160.864456,541.761841,610.819031,470.893646,449.954590,211880.750000,0.956443
"2d519d16-339e-4d56-8218-aa9ae6aef69d",54,"d7e05eb2-b7eb-4b70-93f8-5cb38607491e","benchmark/valid/IMG_2529_2_JPG.rf.78980f998aede68514d83387ca16cf11.jpg","valid/IMG_2529_2_JPG.rf.78980f998aede68514d83387ca16cf11",0,1,"brown_eye_spot",0.603125,0.457812,0.482031,0.766406,231.750000,47.749996,540.250000,538.250000,1,0,1,"brown_eye_spot",0.971358,236.477875,58.058517,544.473022,533.704651,307.995148,475.646118,146496.703125,0.942347
"2d519d16-339e-4d56-8218-aa9ae6aef69d",55,"a4daad2e-1c10-45ac-bf15-02ab1eaa611a","benchmark/train/IMG_3588_1_JPG.rf.1e9db713350c978ef0a3d5e828636f1e.jpg","train/IMG_3588_1_JPG.rf.1e9db713350c978ef0a3d5e828636f1e",0,0,"algal_spot",0.651563,0.540625,0.538281,0.517969,244.750000,180.249969,589.250000,511.750000,1,0,0,"algal_spot",0.963805,250.101547,180.258545,586.223877,504.619293,336.122314,324.360748,109024.882813,0.954669
"2d519d16-339e-4d56-8218-aa9ae6aef69d",56,"4213092b-c58b-4adb-85e2-88d631eb127a","benchmark/train/IMG_3628_1_JPG.rf.39b88a161804d5b4b11da4ce252a3478.jpg","train/IMG_3628_1_JPG.rf.39b88a161804d5b4b11da4ce252a3478",0,0,"algal_spot",0.471875,0.522656,0.603125,0.754687,109.000015,93.000015,495.000000,576.000000,1,0,0,"algal_spot",0.928535,100.243164,78.094543,491.528198,567.856445,391.285034,489.761902,191636.500000,0.924743
"2d519d16-339e-4d56-8218-aa9ae6aef69d",57,"dcbdd0db-2072-436f-86b9-055e4224f92b","benchmark/train/IMG_3522_1_JPG.rf.8c95b64b264726a7348c6a7aef164e26.jpg","train/IMG_3522_1_JPG.rf.8c95b64b264726a7348c6a7aef164e26",0,0,"algal_spot",0.444531,0.475000,0.667188,0.619531,71.000000,105.749985,498.000031,502.250000,1,0,0,"algal_spot",0.959834,71.056992,98.613831,507.964539,500.403412,436.907532,401.789581,175544.890625,0.955424
"2d519d16-339e-4d56-8218-aa9ae6aef69d",58,"5310e1e6-2306-4340-b538-c00c17fc4b87","benchmark/train/375_jpg.rf.af9f1329998bdc18d84a3752f41a0894.jpg","train/375_jpg.rf.af9f1329998bdc18d84a3752f41a0894",0,4,"phoma",0.506250,0.496094,0.851563,0.601563,51.500015,125.000000,596.500000,510.000000,1,0,4,"phoma",0.980585,52.722961,126.044510,597.654480,512.274231,544.931519,386.229736,210468.750000,0.987133
"2d519d16-339e-4d56-8218-aa9ae6aef69d",59,"869fb102-04c4-4af3-abba-f0a813ac3c7f","benchmark/train/408_jpg.rf.41b32d991d095f420db840365fefb43f.jpg","train/408_jpg.rf.41b32d991d095f420db840365fefb43f",0,4,"phoma",0.514844,0.546094,0.874219,0.667188,49.750004,136.000000,609.250000,563.000000,1,0,4,"phoma",0.972381,53.635559,140.261871,607.305542,562.177368,553.669983,421.915497,233601.953125,0.977797
"2d519d16-339e-4d56-8218-aa9ae6aef69d",60,"35cb4d91-c502-4b97-a7d9-40207e4c2007","benchmark/train/IMG_3298_1_JPG.rf.a16dad4de19183709e2eb1822720622b.jpg","train/IMG_3298_1_JPG.rf.a16dad4de19183709e2eb1822720622b",0,1,"brown_eye_spot",0.489844,0.567969,0.560938,0.682813,134.000000,144.999985,493.000031,582.000000,1,0,1,"brown_eye_spot",0.965522,134.181458,136.003128,497.073669,579.526245,362.892212,443.523132,160951.093750,0.962932
"2d519d16-339e-4d56-8218-aa9ae6aef69d",61,"af0ec98d-47bf-49ab-92e1-43b26544810a","benchmark/test/689_jpg.rf.f44340cb9170e4482a754c82f6d9a701.jpg","test/689_jpg.rf.f44340cb9170e4482a754c82f6d9a701",0,4,"phoma",0.474219,0.477344,0.770312,0.749219,57.000008,65.749985,550.000000,545.250000,1,0,4,"phoma",0.962977,51.106064,70.187683,554.097595,546.594849,502.991516,476.407166,239628.765625,0.968526
"2d519d16-339e-4d56-8218-aa9ae6aef69d",62,"b6662473-f722-41bd-8577-442930d1f2f3","benchmark/test/1403_jpg.rf.211022958cc8bb41c81966de3d35930e.jpg","test/1403_jpg.rf.211022958cc8bb41c81966de3d35930e",0,2,"healthy",0.486719,0.507813,0.881250,0.703906,29.499989,99.750000,593.500000,550.250000,1,0,2,"healthy",0.963908,30.564026,100.162537,590.881836,550.805054,560.317810,450.642517,252503.031250,0.991348
"2d519d16-339e-4d56-8218-aa9ae6aef69d",63,"9d725949-aab0-4a7f-a93c-4f29158e71a5","benchmark/train/IMG_3592_1_JPG.rf.a2950577468b1dcd2034773296a18472.jpg","train/IMG_3592_1_JPG.rf.a2950577468b1dcd2034773296a18472",0,0,"algal_spot",0.415625,0.460938,0.525781,0.386719,97.750000,171.250000,434.250031,418.750000,1,0,0,"algal_spot",0.961710,94.939148,169.317032,432.307770,422.802063,337.368622,253.485031,85517.898438,0.962842
"2d519d16-339e-4d56-8218-aa9ae6aef69d",64,"301979de-264a-47d2-8d92-baa1e663622d","benchmark/train/IMG_3622_2_JPG.rf.c24c2668e918966945249cf8a31a79ad.jpg","train/IMG_3622_2_JPG.rf.c24c2668e918966945249cf8a31a79ad",0,0,"algal_spot",0.543750,0.446094,0.662500,0.667188,135.999985,71.999985,560.000000,499.000000,1,0,0,"algal_spot",0.951676,132.966019,79.176361,567.272827,492.759186,434.306824,413.582825,179621.843750,0.946298
"2d519d16-339e-4d56-8218-aa9ae6aef69d",65,"c7ac9bb4-4b59-48aa-81e4-9f476fe0a235","benchmark/test/IMG_3370_JPG.rf.e35095ba53d117cf04296603be0f8a75.jpg","test/IMG_3370_JPG.rf.e35095ba53d117cf04296603be0f8a75",0,1,"brown_eye_spot",0.403906,0.452344,0.339063,0.876562,150.000000,9.000015,367.000000,570.000000,1,0,1,"brown_eye_spot",0.960537,152.393295,7.234314,365.643005,587.184448,213.249710,579.950134,123674.195313,0.951144
"2d519d16-339e-4d56-8218-aa9ae6aef69d",66,"0419106b-7285-4a9c-ad28-4f01a753fa76","benchmark/valid/IMG_3059_2_JPG.rf.55cfdf3b994ace796168619952bda7dd.jpg","valid/IMG_3059_2_JPG.rf.55cfdf3b994ace796168619952bda7dd",0,3,"miner",0.543750,0.446875,0.390625,0.544531,223.000000,111.750015,473.000000,460.250000,1,0,3,"miner",0.961581,218.277405,111.237549,475.839417,459.409607,257.562012,348.172058,89675.898438,0.966946
"2d519d16-339e-4d56-8218-aa9ae6aef69d",67,"6469c49b-9d26-47e6-8888-28111d177146","benchmark/train/IMG_2888_1_JPG.rf.55a4e69b6f5d7d32ad8c221091cc2dc2.jpg","train/IMG_2888_1_JPG.rf.55a4e69b6f5d7d32ad8c221091cc2dc2",0,1,"brown_eye_spot",0.635156,0.540625,0.498437,0.668750,247.000000,131.999985,566.000000,560.000000,1,0,1,"brown_eye_spot",0.958665,241.058533,137.424500,567.837769,552.854919,326.779236,415.430420,135754.031250,0.948188
"2d519d16-339e-4d56-8218-aa9ae6aef69d",68,"be53da75-2ab5-42f0-ae23-9e5b36e9a885","benchmark/train/383_jpg.rf.427c42493824a4c4cceef60b184e8c06.jpg","train/383_jpg.rf.427c42493824a4c4cceef60b184e8c06",0,4,"phoma",0.529688,0.494531,0.664844,0.757813,126.250015,74.000000,551.750000,559.000000,1,0,4,"phoma",0.973832,119.871826,77.492676,555.544495,556.632507,435.672668,479.139832,208748.125000,0.965122
"2d519d16-339e-4d56-8218-aa9ae6aef69d",69,"bcd4881e-21ba-492a-a544-b6048bbc51e5","benchmark/valid/IMG_3439_2_JPG.rf.44e1d768220d1f1c64feff8b88a26d13.jpg","valid/IMG_3439_2_JPG.rf.44e1d768220d1f1c64feff8b88a26d13",0,3,"miner",0.617969,0.467187,0.490625,0.601563,238.499985,106.500000,552.500000,491.500000,1,0,3,"miner",0.953787,232.687683,101.004105,563.884827,479.505310,331.197144,378.501221,125358.523438,0.907057
"2d519d16-339e-4d56-8218-aa9ae6aef69d",70,"a8b2d0f2-ac69-428c-b5c1-7538829ebba7","benchmark/train/IMG_3085_2_JPG.rf.f0f6c2d566e5fff84d45c453df181ade.jpg","train/IMG_3085_2_JPG.rf.f0f6c2d566e5fff84d45c453df181ade",0,1,"brown_eye_spot",0.503125,0.504687,0.746094,0.408594,83.250008,192.249985,560.750000,453.750000,1,0,1,"brown_eye_spot",0.956567,77.538834,188.757263,559.035095,453.384521,481.496277,264.627258,127417.039063,0.970357
"2d519d16-339e-4d56-8218-aa9ae6aef69d",71,"aa314144-5d4f-4881-ad5a-d6910af8bf06","benchmark/train/1148_jpg.rf.8f188192fc36f6908d18968150c29cba.jpg","train/1148_jpg.rf.8f188192fc36f6908d18968150c29cba",0,4,"phoma",0.514844,0.489062,0.891406,0.696875,44.250011,90.000000,614.750000,536.000000,1,0,4,"phoma",0.968065,54.477753,89.609650,618.664612,534.227722,564.186890,444.618073,250847.687500,0.970695
"2d519d16-339e-4d56-8218-aa9ae6aef69d",72,"b14fffca-5b07-45e2-89d2-9e1dc885d350","benchmark/test/IMG_2418_1_JPG.rf.f2f273f4726a27a325259430653daf31.jpg","test/IMG_2418_1_JPG.rf.f2f273f4726a27a325259430653daf31",0,0,"algal_spot",0.392188,0.513281,0.491406,0.639063,93.750000,123.999977,408.250000,533.000000,1,0,0,"algal_spot",0.953460,99.343079,116.925766,400.384796,523.048462,301.041718,406.122681,122259.867188,0.918707
"2d519d16-339e-4d56-8218-aa9ae6aef69d",73,"b24298c5-7f3a-41d2-b7e6-4070a5ef44d9","benchmark/valid/IMG_3218_2_JPG.rf.c2f876d9c072c2b528f6498cb94afe9a.jpg","valid/IMG_3218_2_JPG.rf.c2f876d9c072c2b528f6498cb94afe9a",0,3,"miner",0.510156,0.484375,0.782812,0.415625,76.000023,177.000000,577.000000,443.000000,1,0,3,"miner",0.951938,80.714890,178.847382,572.650085,449.569366,491.935181,270.721985,133177.671875,0.952001
"2d519d16-339e-4d56-8218-aa9ae6aef69d",74,"f13a8b99-6218-4aac-b6fd-57db41c6081f","benchmark/valid/IMG_3610_1_JPG.rf.371a0a876e9239f83af62f17d197877d.jpg","valid/IMG_3610_1_JPG.rf.371a0a876e9239f83af62f17d197877d",0,0,"algal_spot",0.410937,0.522656,0.544531,0.751562,88.750000,94.000015,437.250000,575.000000,1,0,0,"algal_spot",0.896085,89.274475,79.653687,468.152954,586.492676,378.878479,506.838989,192030.390625,0.870470
"2d519d16-339e-4d56-8218-aa9ae6aef69d",75,"7d7a119d-1894-4a8c-ac9a-b6441ab765fd","benchmark/train/IMG_2378_2_JPG.rf.25c9e1c18ece80ad7b5af9e7e69184fb.jpg","train/IMG_2378_2_JPG.rf.25c9e1c18ece80ad7b5af9e7e69184fb",0,1,"brown_eye_spot",0.523438,0.502344,0.667969,0.817187,121.250000,60.000019,548.750000,583.000000,1,0,1,"brown_eye_spot",0.963780,117.596619,61.977203,552.657227,578.502686,435.060608,516.525513,224719.906250,0.970666
"2d519d16-339e-4d56-8218-aa9ae6aef69d",76,"8941f1de-b984-48d1-924f-9db0be20e527","benchmark/train/IMG_3056_JPG.rf.d1f07550586b71a888012d36312db14a.jpg","train/IMG_3056_JPG.rf.d1f07550586b71a888012d36312db14a",0,1,"brown_eye_spot",0.462500,0.490625,0.832031,0.591406,29.750004,124.750000,562.250000,503.249969,1,0,1,"brown_eye_spot",0.961359,27.710571,127.929352,569.826172,511.639954,542.115601,383.710602,208015.500000,0.953029
"2d519d16-339e-4d56-8218-aa9ae6aef69d",77,"c9796eca-fcd2-4cbd-aed0-3169bee9cc82","benchmark/train/202_jpg.rf.afe98ff1b736c1051581982c7659960a.jpg","train/202_jpg.rf.afe98ff1b736c1051581982c7659960a",0,2,"healthy",0.532812,0.500000,0.859375,0.737500,65.999985,84.000000,616.000000,556.000000,1,0,2,"healthy",0.967372,68.426300,87.218674,609.506042,554.607056,541.079712,467.388367,252894.359375,0.974169
"2d519d16-339e-4d56-8218-aa9ae6aef69d",78,"095aa4d6-57d7-492a-89de-c90746da6f5a","benchmark/valid/1424_jpg.rf.c65be4d13edf0d92f3cd1d8f1665f74f.jpg","valid/1424_jpg.rf.c65be4d13edf0d92f3cd1d8f1665f74f",0,2,"healthy",0.507813,0.486719,0.889063,0.675781,40.499992,95.250000,609.500000,527.750000,1,0,2,"healthy",0.966174,42.747437,102.109253,605.902954,527.644836,563.155518,425.535583,239642.718750,0.973791
"2d519d16-339e-4d56-8218-aa9ae6aef69d",79,"677fad64-b159-4f37-a294-06b12f6707c5","benchmark/test/617_jpg.rf.04427b9b98f1a89d65dde4cabcdcac6d.jpg","test/617_jpg.rf.04427b9b98f1a89d65dde4cabcdcac6d",0,4,"phoma",0.504687,0.475000,0.793750,0.571875,69.000000,121.000000,577.000000,486.999969,1,0,4,"phoma",0.973391,63.900436,123.807831,576.104370,484.902710,512.203918,361.094879,184954.218750,0.975200
"2d519d16-339e-4d56-8218-aa9ae6aef69d",80,"49421796-d3df-448c-a31f-c15c71d4dd43","benchmark/train/IMG_2396_2_JPG.rf.5d615e3320cea62b5134a47c19994f39.jpg","train/IMG_2396_2_JPG.rf.5d615e3320cea62b5134a47c19994f39",0,0,"algal_spot",0.478125,0.446875,0.942969,0.441406,4.250011,144.750000,607.750000,427.250000,1,0,0,"algal_spot",0.951475,0.722778,143.061890,603.041992,427.998383,602.319214,284.936493,171622.718750,0.978063
"2d519d16-339e-4d56-8218-aa9ae6aef69d",81,"1d0b074e-eba8-47db-bf72-0d55ac753ade","benchmark/test/IMG_2790_1_JPG.rf.6bd20f1bc5761ab522d6e50d6026bdd6.jpg","test/IMG_2790_1_JPG.rf.6bd20f1bc5761ab522d6e50d6026bdd6",0,3,"miner",0.503906,0.491406,0.379687,0.932813,201.000000,16.000004,444.000000,613.000000,1,0,3,"miner",0.916929,196.025360,23.983093,442.134552,630.569946,246.109192,606.586853,149286.593750,0.932428
"2d519d16-339e-4d56-8218-aa9ae6aef69d",82,"a6cc32a3-0079-431f-bf4f-42d4b30d28ec","benchmark/train/IMG_3448_JPG.rf.7b9cf0cff8c79663c37544c0b7150c79.jpg","train/IMG_3448_JPG.rf.7b9cf0cff8c79663c37544c0b7150c79",0,3,"miner",0.407031,0.571094,0.541406,0.678906,87.249985,148.249985,433.750000,582.750000,1,0,3,"miner",0.961535,101.519913,146.512253,429.670227,580.523682,328.150330,434.011414,142420.984375,0.938635
"2d519d16-339e-4d56-8218-aa9ae6aef69d",83,"92a391a2-af7b-457f-883f-2e64a894e441","benchmark/valid/233_jpg.rf.a0cb08937908f0c2ac1f53e289635b32.jpg","valid/233_jpg.rf.a0cb08937908f0c2ac1f53e289635b32",0,4,"phoma",0.508594,0.567187,0.818750,0.735156,63.499985,127.750000,587.500000,598.250000,1,0,4,"phoma",0.969963,62.241821,132.290710,589.165466,594.737732,526.923645,462.447021,243674.265625,0.977524
"2d519d16-339e-4d56-8218-aa9ae6aef69d",84,"b7f6052d-0089-4fbc-9663-f6b00e0b3116","benchmark/test/695_jpg.rf.b4249f42a29e3d3a81a471d38b51eaf0.jpg","test/695_jpg.rf.b4249f42a29e3d3a81a471d38b51eaf0",0,2,"healthy",0.516406,0.500781,0.789844,0.719531,77.750000,90.250000,583.250000,550.750000,1,0,2,"healthy",0.960807,76.226685,91.637985,584.397095,546.895752,508.170410,455.257751,231348.515625,0.983480
"2d519d16-339e-4d56-8218-aa9ae6aef69d",85,"56b63b17-0fd0-4495-9f86-1779da0b81e7","benchmark/train/1091_jpg.rf.ed3d89367781df3ff02a3de964c8b932.jpg","train/1091_jpg.rf.ed3d89367781df3ff02a3de964c8b932",0,1,"brown_eye_spot",0.504687,0.545313,0.919531,0.578906,28.750000,163.750015,617.250000,534.250000,1,0,1,"brown_eye_spot",0.957879,25.847351,160.688721,615.836853,534.643311,589.989502,373.954590,220629.281250,0.983554
"2d519d16-339e-4d56-8218-aa9ae6aef69d",86,"d6ae033f-7248-43c7-8c87-e3d62afb1e41","benchmark/train/IMG_2609_JPG.rf.b6c02ca9e0336db4592596a4a71b76a2.jpg","train/IMG_2609_JPG.rf.b6c02ca9e0336db4592596a4a71b76a2",0,3,"miner",0.432813,0.663281,0.452344,0.392188,132.250000,299.000000,421.750031,550.000000,1,0,3,"miner",0.947682,128.224396,300.502563,417.966736,544.192871,289.742340,243.690308,70607.398438,0.945426
"2d519d16-339e-4d56-8218-aa9ae6aef69d",87,"3557f7f2-27fb-4a49-87ba-ec61b9e5a5c2","benchmark/train/IMG_3511_1_JPG.rf.0b2c5cbb52213554d5a5a8af643ebb6c.jpg","train/IMG_3511_1_JPG.rf.0b2c5cbb52213554d5a5a8af643ebb6c",0,0,"algal_spot",0.595312,0.517187,0.581250,0.675000,194.999985,114.999985,567.000000,547.000000,1,0,0,"algal_spot",0.968685,195.684128,113.992569,571.804749,539.661987,376.120605,425.669434,160103.046875,0.966653
"2d519d16-339e-4d56-8218-aa9ae6aef69d",88,"1dd6f9fe-0aa7-4a33-a41b-0eea07c68750","benchmark/train/941_jpg.rf.59f70790a112f91a13818169ef61202e.jpg","train/941_jpg.rf.59f70790a112f91a13818169ef61202e",0,2,"healthy",0.487500,0.510156,0.834375,0.686719,45.000000,106.750015,579.000000,546.250000,1,0,2,"healthy",0.963052,44.788849,113.270340,579.725952,540.487061,534.937134,427.216736,228534.093750,0.970396
"2d519d16-339e-4d56-8218-aa9ae6aef69d",89,"cb7d6311-4643-4627-b3a8-a94ca6526b2c","benchmark/train/IMG_2336_2_JPG.rf.0c149efe688e5375542901eb4d8ed74b.jpg","train/IMG_2336_2_JPG.rf.0c149efe688e5375542901eb4d8ed74b",0,1,"brown_eye_spot",0.523438,0.488281,0.630469,0.870313,133.250000,33.999996,536.750000,591.000000,1,0,1,"brown_eye_spot",0.954393,131.757034,24.872284,539.095886,591.190308,407.338867,566.317993,230683.328125,0.974277
"2d519d16-339e-4d56-8218-aa9ae6aef69d",90,"593fc29f-3e27-4022-833a-0cd5266473a8","benchmark/train/IMG_2622_1_JPG.rf.0d9808061330f03b2688967a8180db20.jpg","train/IMG_2622_1_JPG.rf.0d9808061330f03b2688967a8180db20",0,1,"brown_eye_spot",0.489844,0.499219,0.554688,0.889063,136.000000,35.000000,491.000000,604.000000,1,0,1,"brown_eye_spot",0.973763,138.777725,41.982239,488.296051,616.727112,349.518311,574.744873,200883.859375,0.951522
"2d519d16-339e-4d56-8218-aa9ae6aef69d",91,"06733e31-c7f9-48bd-b6ce-fc766abfd2d2","benchmark/train/PXL_20240124_144056524_jpg.rf.86279c9f43c5b64b0a3e84cf352686c5.jpg","train/PXL_20240124_144056524_jpg.rf.86279c9f43c5b64b0a3e84cf352686c5",0,2,"healthy",0.579687,0.578906,0.581250,0.842188,184.999985,100.999985,557.000000,639.000000,1,0,2,"healthy",0.950894,185.207764,104.298309,564.636475,639.000000,379.428711,534.701660,202881.156250,0.973453
"2d519d16-339e-4d56-8218-aa9ae6aef69d",92,"a170046a-5f11-4989-a346-f5d6c8708cf4","benchmark/train/372_jpg.rf.595eeecf968895d381118f6032534d34.jpg","train/372_jpg.rf.595eeecf968895d381118f6032534d34",0,4,"phoma",0.518750,0.493750,0.815625,0.721875,71.000000,85.000000,593.000000,547.000000,1,0,4,"phoma",0.972877,72.473206,86.981049,602.649170,544.388306,530.175964,457.407257,242506.328125,0.969521
"2d519d16-339e-4d56-8218-aa9ae6aef69d",93,"1219c3ca-0616-4dc0-831d-34cad9071ff4","benchmark/valid/IMG_2599_2_JPG.rf.4624dc909eb7985196bc543c7943db03.jpg","valid/IMG_2599_2_JPG.rf.4624dc909eb7985196bc543c7943db03",0,1,"brown_eye_spot",0.614844,0.451562,0.557813,0.735156,214.999985,53.750000,572.000000,524.250000,1,0,1,"brown_eye_spot",0.968462,222.661621,52.300140,571.223450,518.633179,348.561829,466.333038,162545.890625,0.961814
"2d519d16-339e-4d56-8218-aa9ae6aef69d",94,"05b99b15-4a33-4e54-b1c5-87aa2e4b1703","benchmark/train/558_jpg.rf.cfc4ceaeb557f83abbb591bbb804ed57.jpg","train/558_jpg.rf.cfc4ceaeb557f83abbb591bbb804ed57",0,4,"phoma",0.478125,0.453906,0.710156,0.635938,78.750000,86.999985,533.250000,494.000000,1,0,4,"phoma",0.963147,94.923233,89.573746,517.973389,490.066772,423.050171,400.493042,169428.656250,0.915922
"2d519d16-339e-4d56-8218-aa9ae6aef69d",95,"5a91e9dc-25e5-4556-9537-7a8a1fd3df22","benchmark/train/IMG_2679_JPG.rf.f9f929f3fe575406bf25724d0b3b7aff.jpg","train/IMG_2679_JPG.rf.f9f929f3fe575406bf25724d0b3b7aff",0,0,"algal_spot",0.476563,0.518750,0.566406,0.617969,123.750000,134.250015,486.250000,529.750000,1,0,0,"algal_spot",0.940048,120.088959,142.301117,490.465637,551.911499,370.376678,409.610382,151710.125000,0.908307
"2d519d16-339e-4d56-8218-aa9ae6aef69d",96,"9d60414a-f629-4ede-869b-1969e228dbe9","benchmark/train/IMG_3185_2_JPG.rf.8372452b99690c0e69f8a5f222de8632.jpg","train/IMG_3185_2_JPG.rf.8372452b99690c0e69f8a5f222de8632",0,1,"brown_eye_spot",0.228125,0.502344,0.321875,0.557813,43.000000,143.000015,249.000015,500.000000,1,1,1,"brown_eye_spot",0.956766,42.944458,143.409592,251.696976,499.615173,208.752518,356.205566,74358.812500,0.984647
"2d519d16-339e-4d56-8218-aa9ae6aef69d",96,"9d60414a-f629-4ede-869b-1969e228dbe9","benchmark/train/IMG_3185_2_JPG.rf.8372452b99690c0e69f8a5f222de8632.jpg","train/IMG_3185_2_JPG.rf.8372452b99690c0e69f8a5f222de8632",1,3,"miner",0.673437,0.375000,0.480469,0.432031,277.250000,101.750000,584.750000,378.250000,1,0,3,"miner",0.962246,271.501129,103.439636,584.176514,378.745331,312.675385,275.305695,86081.312500,0.972200
"2d519d16-339e-4d56-8218-aa9ae6aef69d",97,"afc196a0-f2c8-421c-9029-d49ffc1c21ee","benchmark/valid/505_jpg.rf.976ac19145755fa169e93ca474314427.jpg","valid/505_jpg.rf.976ac19145755fa169e93ca474314427",0,4,"phoma",0.525000,0.495313,0.675000,0.591406,119.999985,127.750015,552.000000,506.250000,1,0,4,"phoma",0.971160,121.822632,129.141846,552.415710,507.162598,430.593079,378.020752,162773.125000,0.988795
"2d519d16-339e-4d56-8218-aa9ae6aef69d",98,"aa611f15-1970-4305-8fcb-6779a76608f7","benchmark/valid/IMG_3440_1_JPG.rf.c22db59c76cfcbef8ff5a98ddcd76f6f.jpg","valid/IMG_3440_1_JPG.rf.c22db59c76cfcbef8ff5a98ddcd76f6f",0,3,"miner",0.427344,0.529688,0.596094,0.552344,82.750000,162.250031,464.250031,515.750000,1,0,3,"miner",0.947762,77.208755,164.381744,473.822876,523.212524,396.614136,358.830780,142317.359375,0.936536
"2d519d16-339e-4d56-8218-aa9ae6aef69d",99,"dcea82f8-cf2c-4443-b5a3-20310311ef87","benchmark/train/IMG_3582_1_JPG.rf.a8ee7c55e9b258262e1bce47e4bee21d.jpg","train/IMG_3582_1_JPG.rf.a8ee7c55e9b258262e1bce47e4bee21d",0,0,"algal_spot",0.540625,0.502344,0.428125,0.517187,208.999969,156.000031,483.000000,487.000000,1,0,0,"algal_spot",0.951837,207.201904,153.011780,484.847290,489.616272,277.645386,336.604492,93456.687500,0.970439
"2d519d16-339e-4d56-8218-aa9ae6aef69d",100,"63079e00-786f-4a87-bcea-6ee788935923","benchmark/valid/IMG_3317_1_JPG.rf.278c8ba8ca59768a4863ffbb1e7ff34f.jpg","valid/IMG_3317_1_JPG.rf.278c8ba8ca59768a4863ffbb1e7ff34f",0,3,"miner",0.512500,0.473437,0.614844,0.565625,131.250000,121.999985,524.750000,484.000000,1,0,3,"miner",0.945951,130.299957,126.606293,526.474976,470.422485,396.175018,343.816193,136211.390625,0.943676
