run_id,rank,class_id,class_name,confidence,x1,y1,x2,y2,width,height,area
"f061a440-933d-4d85-a5c3-b571374ec48d",0,3,"miner",0.962105,112.693359,110.345154,401.582397,533.882751,288.889038,423.537598,122355.367188
"4fbb06f6-d970-41e4-afc9-2e67802a0717",0,1,"brown_eye_spot",0.976078,163.817230,59.546677,463.340027,442.730560,299.522797,383.183899,114772.312500
"c41a523a-6dfe-46ed-8240-f8978e1763fe",0,0,"algal_spot",0.971541,196.984238,101.469543,567.751953,530.641418,370.767700,429.171875,159123.062500
"03ad0aa6-cf97-43d1-acfe-ce9961d4c919",0,2,"healthy",0.973181,60.872803,91.358780,592.359680,515.351868,531.486877,423.993103,225346.765625
"23c227dc-3593-435d-9a36-86cf22400b44",0,2,"healthy",0.966060,53.038269,113.600189,581.818909,553.616089,528.780640,440.015900,232671.890625
"f44968fb-f751-4172-afdc-cbb723574443",0,3,"miner",0.953585,71.012329,125.223251,634.534790,382.818237,563.522461,257.594971,145160.546875
"ec477720-f8f5-4f0e-89e8-a307f31cc78c",0,0,"algal_spot",0.948775,70.059509,384.264343,473.342621,581.321655,403.283112,197.057312,79469.882813
"ec477720-f8f5-4f0e-89e8-a307f31cc78c",1,0,"algal_spot",0.941085,174.339432,64.595642,440.716797,372.500427,266.377380,307.904785,82018.867188
"aa0b36e5-23a6-45d3-9b1f-648ab10910e8",0,3,"miner",0.979027,52.662476,225.395752,639.000000,508.345520,586.337524,282.949768,165904.062500
"63044dc6-1ef9-49eb-ad55-90fff9772ecd",0,1,"brown_eye_spot",0.979881,147.405441,58.083801,547.992554,546.677673,400.587097,488.593872,195724.406250
"fa1c4ee0-d170-4344-b578-60501b50f13e",0,2,"healthy",0.963071,23.008606,135.116562,600.062134,533.530640,577.053528,398.414063,229906.234375
"8a8a7f98-73c2-49e6-8d72-c9a077bb3601",0,0,"algal_spot",0.967236,137.527313,130.195053,452.567749,486.304016,315.040436,356.108948,112188.718750
"ad965fff-bf27-4c49-862c-f51749fcf8e2",0,4,"phoma",0.953243,86.346619,117.248108,536.531372,521.136169,450.184753,403.888062,181824.250000
"97d3d1ec-e2be-4707-9e31-639bed0467e5",0,4,"phoma",0.979657,109.930954,101.105331,573.764099,516.619507,463.833130,415.514160,192729.234375
"2e09549d-7fc5-4010-b975-284d00faab99",0,1,"brown_eye_spot",0.871016,167.036346,100.819489,487.183014,494.484375,320.146667,393.664886,126030.500000
"d41a7dba-d7f2-480f-99bd-270f5b16f099",0,3,"miner",0.961113,157.977631,264.237976,496.394257,574.258179,338.416626,310.020203,104915.992188
"2e9baece-bfe0-4dab-857f-8c6279eabc9c",0,4,"phoma",0.954449,79.508575,97.018677,541.337769,555.778381,461.829193,458.759705,211868.625000
"20610051-ad43-449a-b1be-675e00ad328b",0,0,"algal_spot",0.651447,62.985123,149.592468,334.418823,410.132507,271.433716,260.540039,70719.351563
"9207934c-5a71-4e3b-ae5d-fe9570a25f83",0,0,"algal_spot",0.967776,175.619965,63.795288,475.698425,501.325775,300.078461,437.530487,131293.468750
"91d2b979-692e-4b7b-936e-9aa3f15c6ef5",0,4,"phoma",0.968619,58.137909,134.265320,584.466187,512.892822,526.328247,378.627502,199282.343750
"c7b5cc25-b63e-4898-83cf-4acf37b57fc8",0,1,"brown_eye_spot",0.981135,105.983719,236.719482,340.552765,574.771606,234.569046,338.052124,79296.562500
"c7b5cc25-b63e-4898-83cf-4acf37b57fc8",1,1,"brown_eye_spot",0.968168,342.302246,221.459167,603.503845,457.919891,261.201599,236.460724,61763.917969
"7cedf514-6a84-4d7e-9019-25120cbe4c25",0,4,"phoma",0.954941,71.154541,211.316284,582.369263,519.758972,511.214722,308.442688,157680.437500
"90854c05-36cf-4b3d-b78c-888d9cffc3f1",0,1,"brown_eye_spot",0.369526,173.823288,133.710297,519.272217,552.887817,345.448914,419.177521,144804.421875
"3eb4ddba-3ab3-4b85-87c7-0a8f383d33b6",0,4,"phoma",0.971733,76.558533,99.553650,588.065857,558.933899,511.507324,459.380249,234976.359375
"87298c29-e72c-47ef-bf30-4bb79747b257",0,0,"algal_spot",0.965673,132.308029,88.955170,489.008850,588.285095,356.700806,499.329926,178111.390625
"46732b79-3b63-4747-b5cd-dfa6fb86014b",0,0,"algal_spot",0.965704,103.385056,78.274780,531.094238,635.104919,427.709167,556.830139,238161.359375
"6969a004-9940-4462-9acb-65f8ff87fcc8",0,4,"phoma",0.966791,138.755783,118.900360,551.572327,526.212158,412.816528,407.311798,168145.046875
"60a5edcd-731a-49ea-88fd-083993e1cb6e",0,3,"miner",0.946790,77.152466,107.760925,573.625610,455.396637,496.473145,347.635712,172591.796875
"b085c7cb-eabc-4cf3-a411-405499016afc",0,3,"miner",0.977306,210.807190,91.907288,594.766357,554.610840,383.959167,462.703552,177659.265625
"a5779ad6-1a68-48f2-ba73-a87d2f8753f8",0,5,"powdery_mildew",0.946559,108.469147,97.177444,404.270844,546.763794,295.801697,449.586365,132988.406250
"d8e39dfd-302a-4627-98d5-608cada5af8f",0,4,"phoma",0.926353,74.945496,65.037704,576.918457,604.230042,501.972961,539.192322,270659.968750
"e5f27cce-e17c-4d28-a38c-30eb731c87e7",0,0,"algal_spot",0.969227,209.796906,155.829376,485.930725,485.742371,276.133820,329.912994,91100.132813
"37af95dc-8416-4cd2-a9ef-6ecc59d6c7ea",0,4,"phoma",0.972125,80.630798,72.918762,601.585815,546.404663,520.955017,473.485901,246664.859375
"b30ac30b-9b98-4ffa-92a3-9f63ff3c5c2f",0,3,"miner",0.964233,110.292099,135.370453,386.027954,621.797241,275.735840,486.426788,134125.296875
"25c2b068-7e95-4d0b-a463-e5f6fc5397fb",0,4,"phoma",0.966203,53.928772,147.915161,586.231567,535.002563,532.302795,387.087402,206047.703125
"6f15d8ba-f1ab-412f-b539-1a1b7e2ddd0c",0,4,"phoma",0.943417,2.974487,158.345886,562.972778,542.375793,559.998291,384.029907,215056.093750
"afb7a208-c3c7-4131-9e30-c711bc5b92be",0,3,"miner",0.952420,70.484924,176.772308,595.041870,468.603912,524.556946,291.831604,153082.296875
"71c0b3b0-c0f6-46e3-9fdb-5e500ce23919",0,3,"miner",0.899587,10.323425,142.951843,567.895264,581.964966,557.571838,439.013123,244781.359375
"5202db9f-0542-499f-b842-8ea0ac26c298",0,4,"phoma",0.972039,122.857620,129.147598,553.800903,508.697510,430.943298,379.549927,163564.500000
"48ef7f6d-5e31-48b9-bf74-fedad74e6356",0,0,"algal_spot",0.964339,165.390594,189.774445,500.139221,554.811768,334.748627,365.037323,122195.742188
"e1e563c4-19e3-4dcc-a5cf-cdeb3522d3e6",0,0,"algal_spot",0.975435,83.280807,90.368652,448.256134,549.259949,364.975342,458.891296,167484.000000
"a555a0e4-72bd-4fa6-9f63-179a78e7a47c",0,3,"miner",0.893618,24.624329,202.612900,571.336548,460.924225,546.712219,258.311340,141221.968750
"a3ff8e09-819d-45f5-a4ae-b0f3e06a4365",0,5,"powdery_mildew",0.853949,73.819397,191.622391,639.000000,408.622253,565.180603,216.999863,122644.109375
"a3ff8e09-819d-45f5-a4ae-b0f3e06a4365",1,5,"powdery_mildew",0.496737,329.956726,319.997284,639.000000,507.894470,309.043274,187.897186,58068.363281
"a3ff8e09-819d-45f5-a4ae-b0f3e06a4365",2,5,"powdery_mildew",0.421068,0.000000,0.000000,209.823273,276.428650,209.823273,276.428650,58001.164063
"9df5fe39-1ed0-4f8f-a123-d194c5718ad3",0,0,"algal_spot",0.965446,11.430389,124.245880,574.305908,514.706299,562.875488,390.460419,219780.593750
"f11b808b-76b4-4bc0-93a9-0634320f3d94",0,4,"phoma",0.957520,57.329529,113.115646,573.143433,498.447205,515.813904,385.331543,198759.375000
"6bf1f8df-b4ba-410a-bff5-59a4e8fe1377",0,2,"healthy",0.927253,235.636383,20.146011,599.132080,547.019592,363.495697,526.873596,191516.281250
"6bf1f8df-b4ba-410a-bff5-59a4e8fe1377",1,2,"healthy",0.913768,0.000000,0.000000,381.181030,230.113586,381.181030,230.113586,87714.937500
"639406d0-1287-439c-a401-589c1ac52278",0,3,"miner",0.962528,133.174438,103.370682,457.607788,539.350708,324.433350,435.980042,141446.468750
"fb85c2dc-789d-4a9c-81bf-27a41b45d174",0,1,"brown_eye_spot",0.982423,135.099106,138.297607,527.649292,489.257233,392.550171,350.959625,137769.265625
"023d12fe-451e-4871-901e-ea347f542b44",0,0,"algal_spot",0.976538,107.593903,81.778259,533.818420,537.099854,426.224518,455.321594,194069.234375
"25f389f5-e341-48a4-9102-1795a7991518",0,3,"miner",0.967698,140.322052,188.298523,526.615234,550.057068,386.293182,361.758545,139744.859375
"e70a2981-0c96-406a-aefc-a3e1520b2e76",0,2,"healthy",0.973810,43.390533,89.650391,593.013550,546.814697,549.623047,457.164307,251268.046875
"f8a1ec78-0fd4-4127-aeb9-9d5115b24b0c",0,4,"phoma",0.967975,48.872040,141.822922,599.971069,517.145630,551.098999,375.322693,206839.953125
"0a9e150a-f154-4742-8c33-89fd9a72f6a8",0,3,"miner",0.967300,80.889908,141.033813,571.226440,413.970459,490.336548,272.936646,133830.812500
"e24c69f5-da61-479a-b935-2bbabe7714fc",0,4,"phoma",0.972653,52.860413,117.146942,595.277344,562.759399,542.416931,445.612457,241707.734375
"b74f7097-e902-4bb3-9a85-59e6853db9d6",0,1,"brown_eye_spot",0.957917,110.330307,154.507034,536.183777,540.897095,425.853455,386.390076,164545.546875
"853d1bd6-a2f6-42a5-91b6-c9e83e9e2b3a",0,1,"brown_eye_spot",0.965738,107.168152,150.332855,608.125305,525.007813,500.957153,374.674957,187696.093750
"8859c6b7-b6e7-4baa-937e-53f38c64af9a",0,2,"healthy",0.963792,161.683762,94.654724,463.927795,630.696960,302.244019,536.042236,162015.562500
"98519bd5-fd7e-41a1-8e1a-69f4b3d52804",0,5,"powdery_mildew",0.933934,145.975662,75.992371,463.353577,520.963989,317.377930,444.971619,141224.171875
"b947eb5e-78e4-4aeb-b692-664dcfd66b41",0,3,"miner",0.961506,65.160950,183.150574,588.558105,403.971802,523.397156,220.821228,115577.203125
"48755b8f-9547-4eea-85be-28c85879a60f",0,0,"algal_spot",0.953900,179.791229,176.166946,436.243378,496.717163,256.452148,320.550232,82205.796875
"2f446234-688c-46cb-b72d-225bb7bd35bd",0,0,"algal_spot",0.975287,121.739166,102.593994,476.134155,534.774658,354.394989,432.180664,153162.656250
"5766fc7d-bb4a-4242-a9d1-d91093df488e",0,4,"phoma",0.966226,53.928894,147.914047,586.224121,535.007446,532.295227,387.093384,206047.953125
"39166002-2d37-49aa-aa02-97b4bc9fc1f0",0,2,"healthy",0.976826,52.370392,93.665039,562.069397,553.447266,509.699005,459.782227,234350.546875
"cbc04711-9f34-482e-a24e-ebc7cc778f1f",0,1,"brown_eye_spot",0.957655,103.103256,98.608429,559.261963,607.937317,456.158691,509.328888,232334.796875
"7a3b3461-06ce-40f8-9210-85c6eda62985",0,3,"miner",0.972268,11.644867,267.176270,604.848999,458.305450,593.204102,191.129181,113378.617188
"971e0a37-12b4-497b-a8e2-eef8c86295f0",0,0,"algal_spot",0.973705,100.496262,92.210663,414.690063,540.351379,314.193787,448.140717,140803.031250
"7575d15b-48b5-4196-a9ca-0cb2db5ab7a3",0,4,"phoma",0.971998,73.114044,144.086609,578.676392,512.254333,505.562347,368.167725,186131.734375
"575cd31a-b63f-4180-a7d9-2d7238a600e4",0,1,"brown_eye_spot",0.975418,110.961975,58.845245,519.039063,638.617676,408.077087,579.772461,236591.859375
"79dc37bf-a4f6-4138-99d9-4415ad65a5dd",0,0,"algal_spot",0.952867,72.228683,266.168976,548.959351,496.659790,476.730652,230.490814,109882.039063
"2410e594-09cb-4eaf-8c52-603f9e942282",0,4,"phoma",0.684108,76.082275,59.696045,599.073547,548.922668,522.991272,489.226624,255861.250000
"0d48450b-f115-4f68-9628-e8471e8bdd40",0,1,"brown_eye_spot",0.960775,184.819702,88.000137,598.235168,617.784546,413.415466,529.784424,219021.078125
"857e29bb-023e-4240-aff8-e8d0413ed8fc",0,4,"phoma",0.963838,74.057983,61.598480,602.289124,549.708130,528.231140,488.109650,257834.718750
"029a7452-44c5-4fb8-978b-f05ca6b7f13d",0,4,"phoma",0.885396,203.775558,146.021606,400.986786,538.116089,197.211227,392.094482,77325.437500
"45f56341-4cd8-4f29-8317-af76cbe1769e",0,0,"algal_spot",0.973717,117.806198,85.733154,417.816162,584.075378,300.009949,498.342224,149507.625000
"a7ec2f8c-d197-4731-9535-72a8d4ee9406",0,2,"healthy",0.940571,80.996429,7.763184,512.378540,612.621765,431.382111,604.858582,260925.171875
"a7ec2f8c-d197-4731-9535-72a8d4ee9406",1,2,"healthy",0.812339,261.208618,0.000000,558.688721,291.263489,297.480103,291.263489,86645.093750
"a7ec2f8c-d197-4731-9535-72a8d4ee9406",2,2,"healthy",0.703627,0.059746,0.000000,156.618134,302.214478,156.558380,302.214478,47314.210938
"7c6fe64b-3ca6-4b8e-8cae-c78b7290a0f4",0,2,"healthy",0.957456,54.661011,4.605652,456.164185,633.497070,401.503174,628.891418,252501.906250
"7c6fe64b-3ca6-4b8e-8cae-c78b7290a0f4",1,2,"healthy",0.326842,398.098022,0.000000,639.000000,390.269257,240.901978,390.269257,94016.632813
"a51e3baf-dd9c-495d-9d43-82393212d111",0,2,"healthy",0.960459,145.823593,113.052490,404.768585,574.193176,258.945007,461.140686,119410.078125
"ae00dcaa-8c86-4a7c-b6e5-718e7c8df7fe",0,2,"healthy",0.936146,43.556824,132.725143,621.597717,496.555176,578.040894,363.830017,210308.625000
"576df9eb-c9fd-494a-8266-bb29c9f23772",0,4,"phoma",0.970949,84.316666,123.589691,566.348694,542.833679,482.032043,419.243988,202089.031250
"e8b556f2-6e85-4a28-988c-0c42c5b673dd",0,2,"healthy",0.925777,108.431442,4.502472,494.588074,615.197815,386.156616,610.695313,235824.031250
"8f8903a0-2b9a-4777-8a6a-e95878305795",0,1,"brown_eye_spot",0.711047,22.115417,131.798355,639.000000,399.591461,616.884583,267.793091,165197.421875
"0cb28edc-82ac-4a01-8072-85a6119a173a",0,4,"phoma",0.970724,31.433960,104.512177,601.529968,549.393005,570.096008,444.880829,253624.781250
"8b340e28-31c8-4560-80af-d5d4159b5977",0,2,"healthy",0.941720,136.490005,51.683655,436.822510,591.818298,300.332520,540.134644,162220.000000
"89c84aa5-f597-42e9-a387-f8c688ffa304",0,0,"algal_spot",0.965148,79.736435,137.320450,489.427673,504.728210,409.691223,367.407776,150523.734375
"1d48fc1d-30cf-4305-8bf1-ad3ebcb536eb",0,4,"phoma",0.957284,36.716370,126.545715,573.480103,569.656250,536.763733,443.110535,237845.671875
"26c041eb-bbec-4eba-8eef-398768ff9376",0,0,"algal_spot",0.956059,146.019470,68.129913,531.854553,551.813354,385.835083,483.683441,186622.046875
"595b2a2d-21b6-40d1-b9a5-cbf0b125c14e",0,1,"brown_eye_spot",0.977934,192.487198,124.632889,522.924683,563.697510,330.437500,439.064636,145083.421875
"8a8a7e0e-e44f-4cff-9a46-cb05a1ae615d",0,5,"powdery_mildew",0.935343,219.548706,114.284058,572.944092,614.240234,353.395386,499.956177,176682.203125
"532ef765-a73c-4fe0-9f58-d3ee7b464fb6",0,4,"phoma",0.974076,120.874008,133.781555,588.853577,552.444275,467.979553,418.662720,195925.593750
"8062fc38-afda-4a2d-9041-8fbf828c016f",0,1,"brown_eye_spot",0.960241,142.515244,4.263672,548.999023,629.638794,406.483765,625.375122,254204.828125
"4ddfddff-5603-424a-ad84-ceb9cc339337",0,3,"miner",0.957024,63.334625,238.687820,589.539673,463.530853,526.205078,224.843033,118313.546875
"4d95e047-5c5b-45a6-8224-7dd3f2f77d6c",0,4,"phoma",0.968922,99.000565,99.152634,581.093811,504.766663,482.093262,405.614014,195543.781250
"73ba31b5-9bc0-4b15-a6e9-4ec0b4056243",0,3,"miner",0.957134,180.955093,181.198914,604.265747,515.165955,423.310669,333.967041,141371.812500
"346d3758-c8e1-4ca8-9a4c-7187e801864b",0,1,"brown_eye_spot",0.973966,124.263168,105.486282,524.667725,529.244385,400.404541,423.758118,169674.671875
"f1d5ec2a-a304-467c-8363-06da15c47087",0,5,"powdery_mildew",0.955626,86.301575,73.218964,535.339966,444.623657,449.038391,371.404694,166774.968750
"f1d5ec2a-a304-467c-8363-06da15c47087",1,5,"powdery_mildew",0.813789,74.784515,495.739319,334.668427,639.000000,259.883911,143.260681,37231.144531
"e05b3eb7-93ad-4ff8-a6ef-44e8ca10d23e",0,3,"miner",0.969690,136.708786,126.775482,464.149597,455.431732,327.440796,328.656250,107615.460938
"309e446f-e212-4587-94a1-0c997882df1e",0,4,"phoma",0.894344,68.212280,90.009781,545.436829,539.698608,477.224548,449.688843,214602.562500
"e7fd6e9e-535b-4c25-a5f1-60cc31537c4c",0,1,"brown_eye_spot",0.983037,117.067291,122.212936,448.508850,561.626160,331.441559,439.413208,145639.796875
"74b9a2af-c39f-41fb-991d-cdbefdb576c7",0,4,"phoma",0.972264,91.354095,137.860809,556.619263,508.583557,465.265167,370.722748,172484.375000
"cfdb795c-b994-4bdf-84cc-30b8b256bdda",0,3,"miner",0.966960,126.933594,30.671539,441.376099,534.720215,314.442505,504.048676,158494.328125
"cd4e10f0-69a4-42d2-a128-2f698f2cb951",0,1,"brown_eye_spot",0.979300,148.238770,48.979309,477.244415,587.888184,329.005646,538.908875,177304.062500
"b8246647-70d0-4595-8d41-575202cb0adc",0,0,"algal_spot",0.952159,151.339264,138.698486,517.907349,530.966003,366.568085,392.267517,143792.750000
"91be3221-abcd-4735-8440-6903b4d3b559",0,3,"miner",0.976304,117.029724,70.125061,523.590210,620.658813,406.560486,550.533752,223825.265625
"3e9ca1e3-ff7e-4f52-9bba-5bc5c5e25d16",0,4,"phoma",0.965333,58.144531,120.512375,589.658386,557.795532,531.513855,437.283142,232422.046875
"b2b70bd4-f154-4a30-b383-d763d2572271",0,4,"phoma",0.453007,57.328613,136.381714,584.540710,492.562531,527.212097,356.180817,187782.828125
"b2b70bd4-f154-4a30-b383-d763d2572271",1,2,"healthy",0.292550,57.328613,136.381714,584.540710,492.562531,527.212097,356.180817,187782.828125
"db2d5ec4-e836-4ef6-a6c9-b9e88dc9ffdb",0,4,"phoma",0.791953,51.030884,123.561951,603.560181,558.255737,552.529297,434.693787,240181.046875
"3eee09a7-54ce-4773-a372-8b90c012581d",0,1,"brown_eye_spot",0.979921,181.626984,117.765503,485.591217,541.252808,303.964233,423.487305,128724.992188
"44714538-78dc-435c-a776-4336ee23f467",0,4,"phoma",0.893066,420.717255,152.585022,639.000000,452.713257,218.282745,300.128235,65512.816406
"44714538-78dc-435c-a776-4336ee23f467",1,0,"algal_spot",0.874920,216.883881,51.336502,414.805847,475.688538,197.921967,424.352051,83988.593750
"873bd352-581f-468f-99b3-f1b29c5a2dbb",0,3,"miner",0.968269,126.665283,160.549377,548.485840,467.837494,421.820557,307.288116,129620.445313
"d3185f7c-1b57-4bdc-ac1e-671bba4fb8cb",0,4,"phoma",0.966465,137.193802,154.533325,560.153992,511.452148,422.960205,356.918823,150962.453125
"cd285cbd-5479-4071-8cce-c9d64bfe8e8d",0,3,"miner",0.970406,120.603897,94.537796,483.982941,546.737427,363.379028,452.199646,164319.875000
"0729ae1e-89e9-4381-aae1-1b1588a17dda",0,2,"healthy",0.983314,70.879669,103.157059,604.492004,533.348877,533.612305,430.191833,229555.656250
"00e3dcbe-3e5a-45e6-b37d-1f72a1c5b530",0,3,"miner",0.947097,101.270920,235.396027,518.604248,535.144165,417.333313,299.748138,125094.882813
"679f9053-ee31-4b15-bab4-773c67598ec5",0,3,"miner",0.922008,119.935364,174.185181,552.295654,527.353699,432.360291,353.168518,152696.046875
"53d198b1-7986-4a2f-981c-6c9a7aef1c93",0,2,"healthy",0.880228,122.511993,46.943848,507.269531,632.185181,384.757538,585.241333,225176.015625
"40b84b3d-05b3-470c-b15e-31f4e5078170",0,4,"phoma",0.972232,102.087891,138.857834,599.574890,532.661194,497.487000,393.803345,195912.046875
"97868a42-4c45-4d2a-afca-86b1da15b63c",0,1,"brown_eye_spot",0.970547,95.040390,112.568207,488.106201,543.956787,393.065796,431.388580,169564.093750
"cea523eb-6c34-4901-9494-7dee0929b67b",0,0,"algal_spot",0.963224,126.505188,61.343048,478.866364,511.456360,352.361176,450.113312,158602.453125
"d2aab2ac-e17d-4467-886d-3a74742ae5a2",0,0,"algal_spot",0.966171,107.452484,105.566635,365.439087,406.287262,257.986603,300.720642,77581.898438
"ed0e9f8d-0cd6-4c9e-9764-25f0b27e6d84",0,3,"miner",0.969120,169.181732,85.750656,491.063812,597.855713,321.882080,512.105042,164837.437500
"73a84da1-6add-449b-b00d-a1a1a710acae",0,3,"miner",0.956124,117.255981,21.540741,521.538391,573.919739,404.282410,552.379028,223317.125000
"c49a8d1b-b5aa-4745-9e7c-9624cc566d67",0,4,"phoma",0.935598,104.756882,55.903854,588.071838,545.804199,483.314941,489.900330,236776.156250
"beb6397a-cc0c-4358-82c2-6d8f70d013d1",0,3,"miner",0.961589,184.105179,125.710693,581.033142,531.640991,396.927979,405.930298,161125.093750
"ab8f1042-c2b5-4fa0-9fb3-58df49719f63",0,3,"miner",0.969434,83.159363,194.754745,586.275879,564.862549,503.116516,370.107788,186207.343750
"ab8f1042-c2b5-4fa0-9fb3-58df49719f63",1,1,"brown_eye_spot",0.957637,82.608978,63.004364,639.000000,236.806915,556.390991,173.802551,96702.171875
"29189940-6006-4ab2-bf8f-48392b90315a",0,3,"miner",0.981898,144.670685,51.290268,340.343933,522.971069,195.673248,471.680786,92295.312500
"29189940-6006-4ab2-bf8f-48392b90315a",1,1,"brown_eye_spot",0.965101,253.286819,354.677490,548.570251,609.151855,295.283447,254.474365,75142.070313
"fdbbd640-2a78-4c39-be87-4d243862c711",0,4,"phoma",0.968179,94.060852,96.232452,568.766724,507.710510,474.705872,411.478058,195331.046875
"20b72981-3680-443a-be0b-23770e0a02b6",0,3,"miner",0.974731,10.253815,183.938156,479.755066,525.690552,469.501251,341.752380,160453.171875
"6abb20bd-960d-47b6-a352-5704c8e8a77c",0,2,"healthy",0.956890,77.047241,149.313843,570.820923,556.139343,493.773682,406.825500,200879.718750
"31025306-c6cc-41dc-9468-aaae2af2418b",0,1,"brown_eye_spot",0.973992,12.275024,102.493134,587.843140,633.715515,575.568115,531.222412,305754.687500
"70970d84-55f7-4c70-8da4-8ff40f64b1dd",0,3,"miner",0.917473,59.595581,169.128998,618.305786,490.286926,558.710205,321.157928,179434.218750
"c6383ce5-464b-4189-83bf-ff5b4dd26967",0,2,"healthy",0.976352,96.246887,128.305115,595.023865,507.449829,498.776978,379.144714,189108.656250
"d77a4d3b-1518-4201-9167-e652faf4cd8b",0,4,"phoma",0.966785,82.219727,148.074066,556.824829,552.040649,474.605103,403.966583,191724.609375
"b7e058c5-c14d-4cc5-bdc1-6e996590d0c2",0,0,"algal_spot",0.979845,93.915390,114.182892,544.965637,483.245789,451.050232,369.062897,166465.906250
"403b0ece-6b92-40ee-bb1b-da39d0274d7f",0,3,"miner",0.964823,131.768890,61.710388,520.898987,576.454956,389.130096,514.744568,200302.609375
"60abdde6-2ba7-4b39-8dbd-dbd3506bd320",0,2,"healthy",0.974096,99.099670,113.075150,591.841064,537.453064,492.741394,424.377930,209108.578125
"cb8cf032-9e42-46a8-a0fd-617fbc287df3",0,1,"brown_eye_spot",0.960040,1.214355,226.592178,627.445923,486.279663,626.231567,259.687500,162624.515625
"87e30bb8-601e-4e47-9ed6-81905a1d7d82",0,0,"algal_spot",0.934778,104.427078,125.375496,553.770630,444.591187,449.343567,319.215698,143437.515625
"3e022cbb-9007-4163-96ed-9479ead47d39",0,0,"algal_spot",0.965462,51.665405,161.628433,533.042053,589.074951,481.376648,427.446533,205762.781250
"bdeadeea-1524-462f-b4cc-afdd6ada407e",0,4,"phoma",0.971307,34.492432,106.858047,597.251770,596.440063,562.759338,489.582031,275516.875000
"ee1f36f3-3ac2-4e3a-a3d4-dda5ad600ce5",0,1,"brown_eye_spot",0.864516,96.495361,85.339493,571.261108,549.445923,474.765747,464.106445,220341.843750
"6e590de4-e9a9-41bb-8813-aa7d216342f9",0,5,"powdery_mildew",0.963067,88.196472,158.268600,513.745667,499.484070,425.549194,341.215454,145203.968750
"bec9ecec-bfb1-4665-81ae-41377ae208ef",0,1,"brown_eye_spot",0.971445,195.758087,93.115768,476.819794,519.307007,281.061707,426.191223,119786.031250
"a3a6930f-657a-4e7a-971e-aa8d8f97e9b6",0,5,"powdery_mildew",0.910339,16.939087,144.636490,576.857422,439.376129,559.918335,294.739624,165030.125000
"a3a6930f-657a-4e7a-971e-aa8d8f97e9b6",1,5,"powdery_mildew",0.608113,433.237946,0.008152,639.000000,72.331184,205.762054,72.323029,14881.334961
"194b91bd-4afe-4cf0-b42e-08245f88bb17",0,4,"phoma",0.969252,58.442078,75.559509,603.556396,560.956299,545.114319,485.396790,264596.750000
"c03dabc6-b7b9-4d38-9b40-694af60e4326",0,4,"phoma",0.959494,26.067444,108.103546,590.153320,507.351807,564.085876,399.248260,225210.312500
"eb87f03f-7ce4-4b8e-af35-b598be401bf3",0,1,"brown_eye_spot",0.960671,168.667435,108.257416,550.659119,497.214203,381.991699,388.956787,148578.265625
"52249689-09cd-4ce2-9f93-b563cee6f9e5",0,4,"phoma",0.954941,71.154541,211.316284,582.369263,519.758972,511.214722,308.442688,157680.437500
"ddcced32-8c47-44dc-aa73-fb63c4af55ea",0,0,"algal_spot",0.966405,92.363815,206.706863,400.939819,493.090363,308.575989,286.383484,88371.070313
"585f244e-9897-4c50-bb56-602105094f77",0,0,"algal_spot",0.961603,178.578705,211.889832,515.510498,488.956543,336.931793,277.066711,93352.585938
"5a1826d3-722e-488e-a29e-3869fd175101",0,1,"brown_eye_spot",0.965042,200.812256,292.384827,519.865417,594.543823,319.053162,302.158997,96404.781250
"5a1826d3-722e-488e-a29e-3869fd175101",1,1,"brown_eye_spot",0.961308,49.749649,132.463791,492.980469,370.036377,443.230835,237.572586,105299.492188
"1556434b-51b0-43cc-90cc-d74f353796d0",0,3,"miner",0.961617,108.409775,133.969971,471.782654,505.531403,363.372864,371.561432,135015.343750
"c799d281-60fb-4e50-9e71-2c6124cd9228",0,3,"miner",0.974332,166.976151,130.369324,544.678528,451.809204,377.702393,321.439880,121408.609375
"0a66bfac-5d28-4203-8365-7034bab3cd84",0,3,"miner",0.963764,0.000000,143.754059,530.130920,395.442749,530.130920,251.688690,133427.953125
"bf4fd4c9-2f12-489d-a34f-8f061d69dd1c",0,1,"brown_eye_spot",0.970103,123.885162,124.790512,465.146759,495.973480,341.261597,371.182983,126670.500000
"ed524cab-7c01-47cc-a176-2e9d14278820",0,3,"miner",0.968055,150.138397,147.496353,557.739380,472.325500,407.600983,324.829163,132400.687500
"bed6d280-a88b-4ec6-bb30-80899921ea35",0,2,"healthy",0.988049,58.705688,127.516174,593.498352,547.098633,534.792664,419.582458,224389.625000
"e50e41c8-17eb-40c5-bf5b-12f971a2e3b7",0,0,"algal_spot",0.972177,53.651611,144.133347,420.941772,552.101440,367.290161,407.968079,149842.656250
"6d3fbaee-9c4a-4698-9e20-53d89becb05f",0,4,"phoma",0.939822,91.943008,109.282394,568.937622,502.217529,476.994629,392.935120,187427.937500
"f4d7ef23-4b41-4a27-b0a6-e29899afd8cd",0,4,"phoma",0.970946,111.873016,116.385132,578.412109,548.526855,466.539093,432.141724,201611.000000
"3c46c2e1-365e-4176-9cf8-497d9f36f26c",0,4,"phoma",0.978508,58.478638,131.713409,584.429199,538.211792,525.950562,406.498383,213798.046875
"ae2d5af2-b1a9-429c-ad39-27dee8c1c7fa",0,3,"miner",0.963887,207.306335,48.151443,451.541870,524.543823,244.235535,476.392395,116351.953125
"b439e3c5-8a03-4ec3-aa5f-f4f15053a549",0,0,"algal_spot",0.969765,66.665924,106.722656,490.283478,562.051880,423.617554,455.329224,192885.453125
"00ce07b3-baf4-4956-8e63-2b2a3314d1d7",0,1,"brown_eye_spot",0.938621,26.501526,280.359344,620.300354,494.790375,593.798828,214.431030,127328.890625
"a65cc467-a6b0-45ac-bf00-e4b59f9196be",0,4,"phoma",0.969400,50.501434,129.591034,578.204834,598.543030,527.703369,468.951996,247467.546875
"d0228331-108d-47b9-bc66-4eb6aacb6bf6",0,4,"phoma",0.907515,306.493530,185.126068,518.323181,440.393585,211.829651,255.267517,54073.230469
"d0228331-108d-47b9-bc66-4eb6aacb6bf6",1,4,"phoma",0.885328,87.571030,61.096619,322.999756,369.670959,235.428726,308.574341,72647.265625
"1cb0bc1f-64e6-4155-9a89-9dd679c310d7",0,3,"miner",0.968968,180.816513,35.680466,502.907104,594.971252,322.090576,559.290771,180142.281250
"126d56fb-c4e8-45ef-976f-cc527ba2c590",0,5,"powdery_mildew",0.958721,128.937134,143.319366,586.929321,531.496399,457.992188,388.177032,177782.046875
"7a3356ea-6098-42d0-ae12-abc12454e165",0,4,"phoma",0.966934,107.255524,104.869583,599.889893,496.383270,492.634369,391.513672,192873.093750
"8d0a706c-2066-47e9-9d53-c5a4ba96bc6e",0,3,"miner",0.960254,45.550812,120.130356,472.504944,564.278992,426.954132,444.148621,189631.093750
"29ba4f3d-c059-4093-92d2-111caf349f66",0,3,"miner",0.956810,36.243286,218.321381,594.303833,413.673706,558.060547,195.352325,109018.421875
"62d80d5c-3b9e-4a37-b06e-8f5c949492f1",0,1,"brown_eye_spot",0.965981,123.837280,36.079163,473.706787,582.481079,349.869507,546.401917,191169.375000
"08dc391a-c32c-48a6-9fdb-2bad1d0497e5",0,3,"miner",0.961503,9.320435,165.150803,587.525146,335.659302,578.204712,170.508499,98588.820313
"7b199757-56cf-43fa-976c-920c3e4a44ee",0,1,"brown_eye_spot",0.957224,90.580200,106.499741,419.011902,389.952026,328.431702,283.452271,93094.710938
"7b199757-56cf-43fa-976c-920c3e4a44ee",1,1,"brown_eye_spot",0.939430,133.433350,386.598938,513.582642,517.818054,380.149292,131.219116,49882.855469
"935890fe-77a9-4a61-93c8-2122b4d7eaef",0,4,"phoma",0.951263,33.789154,106.170471,633.828613,518.792725,600.039429,412.622253,247589.625000
"1a4e3076-fa3d-4ce3-80dc-57be7047ac1a",0,1,"brown_eye_spot",0.969171,91.537994,147.213364,592.059326,515.132385,500.521332,367.919006,184151.312500
"62057873-a47a-421d-807c-3817b60737be",0,1,"brown_eye_spot",0.974371,177.233643,15.252563,411.192261,636.158630,233.958618,620.906067,145266.328125
"ab3b9608-0156-4a85-9e77-cba8516a823e",0,4,"phoma",0.973146,106.699829,140.654327,575.177124,540.429077,468.477295,399.774750,187285.390625
"2940d4e3-519c-468c-9b3a-2b4bcee66b05",0,4,"phoma",0.834911,68.555420,53.835648,595.285706,553.024231,526.730286,499.188599,262937.750000
"199a2eb2-ddf1-41cd-a8c4-6a56127a798f",0,3,"miner",0.913768,29.657654,169.757172,583.673767,498.455261,554.016113,328.698090,182104.031250
"3c1ed217-adeb-4a08-94a0-a3d6e7c11285",0,0,"algal_spot",0.967040,108.096848,10.340302,533.502686,552.452454,425.405823,542.112183,230617.671875
"6858a358-12ab-4b9c-a832-af7dda92f320",0,3,"miner",0.916731,55.643188,196.696671,610.150574,420.288300,554.507385,223.591629,123983.210938
"f1980aa7-f8b1-4100-bc68-aedf1a82cdea",0,4,"phoma",0.965658,76.959473,79.958878,566.939392,562.902222,489.979919,482.943359,236632.546875
"8cba095d-9481-4a80-bc7a-2a478b2494d3",0,0,"algal_spot",0.939616,76.741699,253.630890,491.035706,435.675842,414.294006,182.044952,75420.132813
"f6d8eeae-5155-4320-8823-32dd0ebb2871",0,4,"phoma",0.972089,87.458923,122.807404,554.503784,497.758453,467.044861,374.951050,175118.953125
"e0d2f1db-a468-4427-baf4-0914725559d2",0,2,"healthy",0.969624,54.750061,103.852203,550.541382,532.224731,495.791321,428.372528,212383.375000
"e4ebe9f6-d983-4bea-a48b-098a38307f1b",0,1,"brown_eye_spot",0.977451,16.567566,142.545227,606.183838,421.656372,589.616272,279.111145,164568.468750
"a0ff02aa-cc97-41d1-8919-d55e38a9a33a",0,3,"miner",0.976095,81.478531,110.965149,419.934509,554.664795,338.455994,443.699646,150172.796875
"145e0431-1495-46af-9fc4-ab50cf493300",0,3,"miner",0.962961,139.524078,189.183044,465.530975,514.063232,326.006897,324.880188,105913.179688
"126c4863-89bf-4f11-81c1-0f64f508e2ec",0,0,"algal_spot",0.976978,157.825500,182.429825,434.302307,546.890747,276.476807,364.460938,100765.000000
"3fc812df-bda7-4044-aabf-ebe59dccb462",0,1,"brown_eye_spot",0.978292,56.594238,7.823441,622.668701,537.049927,566.074463,529.226501,299581.593750
"1c1d7154-575b-41a9-9440-275ff89dec42",0,3,"miner",0.922278,204.931015,118.239578,397.350586,604.783691,192.419571,486.544128,93620.609375
"3ee508ba-ff8f-478f-a9c7-44577c0624a9",0,1,"brown_eye_spot",0.959955,94.621735,113.197098,490.063263,612.409912,395.441528,499.212830,197409.484375
"e34f7202-f2e3-4c9a-8c82-3b6fc0c97cb1",0,3,"miner",0.964178,103.568710,309.080139,434.299988,542.602051,330.731262,233.521912,77233.000000
"e34f7202-f2e3-4c9a-8c82-3b6fc0c97cb1",1,1,"brown_eye_spot",0.914177,76.266403,112.556717,519.481506,311.294739,443.215088,198.738022,88083.687500
"c8cca149-3fb8-4263-bd85-dbcc1b15b58c",0,3,"miner",0.955022,76.767639,184.024277,547.947815,362.298218,471.180176,178.273941,83999.148438
"a5c032e6-73bf-4b07-a82a-a551920f4825",0,1,"brown_eye_spot",0.976575,133.884903,333.575928,520.159851,593.837952,386.274963,260.262024,100532.703125
"a5c032e6-73bf-4b07-a82a-a551920f4825",1,1,"brown_eye_spot",0.967344,109.227264,157.471451,601.279175,368.694000,492.051910,211.222549,103932.460938
"6795c9ad-6188-4221-b8ed-5b73a2fdc72a",0,0,"algal_spot",0.792216,63.650925,204.239502,597.787476,446.275787,534.136536,242.036285,129280.421875
"9d29d621-c25e-47d8-9eb3-d381a4c198d2",0,2,"healthy",0.981883,52.024017,123.794495,605.671570,554.025208,553.647583,430.230713,238196.187500
"7c736f50-e60c-420a-92b3-57a97110dbf6",0,0,"algal_spot",0.844884,113.331711,9.754181,487.347809,500.774719,374.016113,491.020538,183649.593750
"e7319438-cd13-41b1-b849-5a8d73c4045c",0,3,"miner",0.965686,132.791763,64.113678,524.082214,402.088684,391.290466,337.975006,132246.390625
"596c5aa2-6079-4b0e-9e93-4956bd95399e",0,2,"healthy",0.873434,28.827667,65.814545,601.199646,507.911072,572.371948,442.096527,253043.656250
"6e2efa43-e8b9-4cd7-a8ea-af16d987c9e4",0,4,"phoma",0.934691,91.228653,89.244812,575.666931,561.189148,484.438293,471.944336,228627.906250
"1d56249a-5089-4dee-9fc8-76c900f90f5e",0,4,"phoma",0.964181,71.965759,100.235291,570.531128,457.957794,498.565369,357.722504,178348.046875
"840deee7-039e-4066-b67f-526d0f1963fe",0,4,"phoma",0.958823,104.719177,123.572327,512.684692,510.698792,407.965515,387.126465,157934.250000
"0792cea0-40ce-42a6-a9d3-6523b19a1a81",0,3,"miner",0.925243,1.050110,63.326263,546.160767,539.882568,545.110657,476.556305,259775.921875
"5ede0599-dffc-4c4b-8e63-5f8aba8e5704",0,2,"healthy",0.932138,50.619415,104.055344,576.376953,536.823669,525.757568,432.768311,227531.218750
"882718fa-abfc-4fb2-8680-0cbeec959d74",0,3,"miner",0.399548,127.451477,51.626556,451.274475,603.429016,323.822998,551.802490,178686.343750
"ec4e87db-4342-4940-ba2c-2f13cb423703",0,1,"brown_eye_spot",0.922179,18.882751,132.654022,638.966919,396.608948,620.084167,263.954926,163674.265625
"00b1dce5-a132-485c-a2a9-99f89567cebc",0,1,"brown_eye_spot",0.744448,129.560562,48.598785,512.256653,606.058289,382.696106,557.459473,213337.562500
"a0c3e895-01ec-497f-bd5b-ab281b8e95a9",0,3,"miner",0.939357,126.484482,119.691162,434.828125,558.915344,308.343628,439.224182,135431.984375
"b74632c7-6d6e-4b38-98bf-06d87c3d567d",0,0,"algal_spot",0.935558,84.818512,205.102417,409.196014,490.095612,324.377502,284.993195,92445.382813
"9cf14f73-f620-4dc4-b47e-8eb3d6fa73ac",0,4,"phoma",0.971914,53.621948,72.106110,571.134949,480.021729,517.513000,407.915619,211101.640625
"d4a8cc29-2c5a-4576-b666-b1bd2f69ca30",0,1,"brown_eye_spot",0.855605,88.823334,11.794128,516.714111,527.613403,427.890778,515.819275,220714.312500
"f98f6981-2eb8-4ff1-98db-17511c748d30",0,0,"algal_spot",0.938082,62.401733,189.543411,556.571289,419.415863,494.169556,229.872452,113595.968750
"fcbabf62-e900-4272-81d0-88bc0d95d065",0,1,"brown_eye_spot",0.953407,164.342453,140.547821,546.908325,533.634399,382.565857,393.086578,150381.500000
"b44ae3d6-ac71-43ca-a927-10e91f0458eb",0,3,"miner",0.937071,197.456848,117.256531,463.150391,550.158386,265.693542,432.901855,115019.226563
"183be8dd-9775-4571-9bda-958e3319e603",0,0,"algal_spot",0.956952,89.616119,183.551285,458.155151,560.477417,368.539032,376.926147,138912.000000
"6a64d665-8a05-484c-8683-d763d593ca49",0,2,"healthy",0.947246,72.724213,135.997269,541.758423,542.514282,469.034210,406.517029,190670.390625
"f596d447-ebb3-40d3-9bde-6d2ee016fdd6",0,3,"miner",0.901827,0.000000,167.595505,575.900513,405.567749,575.900513,237.972244,137048.343750
"3e1da224-7dc6-4786-a1be-7e0425a8c020",0,3,"miner",0.909632,190.044128,11.678558,439.350220,617.692871,249.306091,606.014282,151083.046875
"804a1023-b1db-49e4-af19-bacaaccd684e",0,4,"phoma",0.968423,123.710754,138.723404,533.615540,540.453247,409.904785,401.729858,164670.984375
"ee1d7cc8-8e5f-493d-b0bf-9332ebc14126",0,5,"powdery_mildew",0.948562,103.474930,77.240540,563.217102,572.770630,459.742188,495.530090,227816.093750
"ef5f6d08-ea3a-418d-a87e-d829cb784a68",0,4,"phoma",0.951629,38.385101,108.963959,635.794067,447.540466,597.408936,338.576508,202268.625000
"e973f014-c89a-43dd-94fc-b9cf7a7ccba6",0,0,"algal_spot",0.957032,80.653320,79.216400,596.765015,469.963989,516.111694,390.747589,201669.406250
"b853f8d0-6865-4f1f-9d39-839043cbb9ab",0,2,"healthy",0.952112,63.379974,112.063187,591.867432,524.193726,528.487427,412.130554,217805.812500
"5a75fb97-638b-4660-b49b-2aeab9e4bf18",0,3,"miner",0.946488,237.385727,146.505554,591.741638,614.672485,354.355896,468.166931,165897.718750
"5dbc3369-9bfc-41b8-8819-e91857f11895",0,3,"miner",0.934529,130.802185,131.605789,480.090393,560.068970,349.288208,428.463196,149657.140625
"7761b30b-5f57-4914-af74-356e65409593",0,2,"healthy",0.951550,59.462097,102.959457,587.397827,537.048340,527.935730,434.088867,229171.015625
"c4c15f22-c80c-46e2-816d-2dff650dfcd8",0,1,"brown_eye_spot",0.557456,144.495148,85.158768,475.180145,606.382690,330.684998,521.223938,172360.937500
"a1a25a3f-b3e3-4fce-afab-b583ebab3265",0,2,"healthy",0.951037,173.199554,71.950745,432.143677,581.623962,258.944122,509.673218,131976.890625
"a1a25a3f-b3e3-4fce-afab-b583ebab3265",1,2,"healthy",0.368662,467.492615,0.000000,639.000000,334.668549,171.507385,334.668549,57398.128906
"f2cfbe92-d0bc-4c41-9717-89c4d4a14096",0,3,"miner",0.903194,168.327957,241.628296,602.082275,441.647736,433.754333,200.019440,86759.296875
"c144d580-3474-46e4-abb8-895295c3f971",0,0,"algal_spot",0.685204,276.791504,94.475540,477.009430,366.683838,200.217926,272.208313,54500.984375
"f00d9622-da23-4b13-962e-663735f912fd",0,3,"miner",0.917011,66.289703,210.998886,600.270508,478.466125,533.980835,267.467224,142822.375000
"b3212b61-3036-4c61-b1ce-0f6afcf7339c",0,1,"brown_eye_spot",0.934944,141.123779,41.964172,417.175598,634.054199,276.051819,592.090027,163447.531250
"b73fbaf7-15e7-42ee-9dd0-209b2bd23dc7",0,3,"miner",0.919064,75.619629,13.479889,500.598419,562.380005,424.978790,548.900146,233270.921875
"8c65b77b-001a-4fbb-a8b1-d1775880ced0",0,1,"brown_eye_spot",0.924454,128.300186,53.818497,495.159668,300.738525,366.859497,246.920029,90584.960938
"8c65b77b-001a-4fbb-a8b1-d1775880ced0",1,1,"brown_eye_spot",0.903096,36.665649,271.732147,526.624512,482.035706,489.958862,210.303558,103040.093750
"023cd810-023e-4660-9a86-d40a3bdd1e4f",0,0,"algal_spot",0.928338,109.683350,195.055756,574.559692,467.239899,464.876343,272.184143,126531.968750
"1ea5f088-6f58-4f9f-89db-d10a87f7c9e2",0,3,"miner",0.911711,61.101990,233.865906,598.570679,461.784515,537.468689,227.918610,122499.117188
"bdd14d77-f3a9-4070-8f88-dda21e483234",0,1,"brown_eye_spot",0.942806,181.080658,39.453430,549.152344,544.834595,368.071686,505.381165,186016.500000
"f3c6f904-05b7-4d80-b161-2779236ac8fa",0,3,"miner",0.921313,49.660767,194.981628,607.608032,410.997406,557.947266,216.015778,120525.414063
"5fa909d1-a6bc-4536-aa8b-bc3d0507176b",0,1,"brown_eye_spot",0.939233,204.947403,164.099152,552.158447,637.692749,347.211060,473.593597,164436.937500
"d9be0588-121b-40a3-9c20-adc720dc0ddc",0,2,"healthy",0.952870,33.566071,118.463715,605.128296,525.747070,571.562256,407.283356,232787.796875
"6fef8e48-d1ff-419a-b968-285771363a20",0,1,"brown_eye_spot",0.922711,32.818848,158.215912,587.185364,435.141541,554.366516,276.925629,153518.296875
"ec8a5f91-096c-4c8c-b6d4-f73bf14848dd",0,1,"brown_eye_spot",0.932251,17.556580,263.983093,605.312012,463.227844,587.755432,199.244751,117107.187500
"ec8a5f91-096c-4c8c-b6d4-f73bf14848dd",1,1,"brown_eye_spot",0.827794,1.432037,406.687622,350.303528,638.081787,348.871490,231.394165,80726.828125
"763cdf0d-cd4e-42fd-8f77-597e68189a97",0,3,"miner",0.913933,100.680252,307.047455,434.316986,532.910034,333.636719,225.862579,75356.046875
"6e87ccb7-188c-44f5-9f06-2ca00463f206",0,0,"algal_spot",0.950568,160.421066,39.303925,433.915680,358.046448,273.494629,318.742523,87174.367188
"6e87ccb7-188c-44f5-9f06-2ca00463f206",1,0,"algal_spot",0.924751,109.194962,368.361816,563.587830,596.562073,454.392883,228.200256,103692.570313
"d7527eaf-2c4c-4247-9f11-4cbf8adee9ff",0,1,"brown_eye_spot",0.953884,80.508423,66.207581,435.021179,531.318420,354.512756,465.110840,164887.718750
"67610c12-6374-46a4-a268-8d1af9cb8e8f",0,2,"healthy",0.953475,79.632568,112.124252,615.128662,553.088745,535.496094,440.964478,236134.750000
"15a56ef8-924d-487b-9c25-e56f25a39830",0,1,"brown_eye_spot",0.951269,82.853516,132.210510,577.125183,486.851440,494.271667,354.640930,175288.968750
"f0a66e7d-e373-4780-a476-12189a92b035",0,1,"brown_eye_spot",0.929114,44.208649,143.582504,538.193848,525.561584,493.985199,381.979065,188692.000000
"cb2f3495-271c-4eed-a8e8-761e7b4e5fde",0,4,"phoma",0.965207,151.195358,163.306091,553.879761,492.564636,402.684387,329.258545,132587.281250
"76fb7c44-c943-40c8-9408-bb76f9a6a0dd",0,3,"miner",0.951620,160.342834,87.466965,518.510620,538.158936,358.167786,450.691956,161423.343750
"88ff0552-d6e4-44d0-b462-2cd006f480bc",0,0,"algal_spot",0.945996,77.978271,218.240631,579.810181,448.209961,501.831909,229.969330,115405.945313
"e6cac249-61a5-4bba-b2f2-a873d8871bc3",0,3,"miner",0.923330,80.956009,80.107880,487.372192,471.895264,406.416199,391.787384,159228.734375
"1d817a69-2447-436e-8be8-7caf6f8f60eb",0,0,"algal_spot",0.948530,346.190613,275.123047,576.303406,600.861450,230.112793,325.738403,74956.570313
"1d817a69-2447-436e-8be8-7caf6f8f60eb",1,0,"algal_spot",0.919438,53.581635,158.156403,407.307922,365.292175,353.726288,207.135773,73269.367188
"68cb9fc9-e211-49f9-9527-8ab9a2fb7ba4",0,0,"algal_spot",0.951092,129.668121,131.321167,466.441162,547.707275,336.773041,416.386108,140227.609375
"1c34dbbc-f2b8-4fc1-ae04-2996893f7e69",0,3,"miner",0.890683,100.146667,112.023834,502.661560,469.336823,402.514893,357.312988,143823.796875
"058a039b-be55-4193-9b97-537369a342ab",0,0,"algal_spot",0.949512,221.468811,116.620758,424.445801,490.243652,202.976990,373.622894,75836.851563
"058a039b-be55-4193-9b97-537369a342ab",1,1,"brown_eye_spot",0.909159,66.231293,0.000000,328.431763,228.136856,262.200470,228.136856,59817.589844
"058a039b-be55-4193-9b97-537369a342ab",2,0,"algal_spot",0.349546,0.274246,423.928650,129.397461,639.000000,129.123215,215.071350,27770.705078
"0322726f-f77f-48a8-a7a0-5b3260eb003b",0,3,"miner",0.929185,146.833405,171.434601,504.158936,497.000458,357.325531,325.565857,116332.992188
"19310164-fc50-476d-892e-bef3b8987475",0,1,"brown_eye_spot",0.879795,90.649216,69.662354,436.114105,598.227234,345.464905,528.564880,182600.609375
"f6bbd160-a6ae-496c-a73f-cc76434520a4",0,3,"miner",0.911037,218.936188,94.740265,483.772064,514.347107,264.835876,419.606842,111126.945313
"07ea5133-5eca-4f60-8230-88020cd2e5da",0,3,"miner",0.955384,132.402451,73.926605,532.454407,579.087158,400.051941,505.160553,202090.453125
"268535fb-837e-4cce-819d-00797336837b",0,3,"miner",0.917733,172.576355,197.939423,487.803162,508.869293,315.226807,310.929871,98013.429688
"01049d9c-bbb9-4dc9-b647-69745d01f56d",0,1,"brown_eye_spot",0.830876,124.289276,127.304474,422.767487,606.524963,298.478210,479.220490,143036.875000
"2fd0911b-16dd-4d6c-9f76-471673f5f272",0,0,"algal_spot",0.933410,141.618469,157.180496,600.229614,468.040161,458.611145,310.859680,142563.718750
"9d1beff2-81c7-4fbb-91ab-7c1231c243fc",0,3,"miner",0.884453,40.872467,233.451736,638.402466,414.693573,597.530029,181.241837,108297.437500
"bfdfafd1-811f-4e43-8d51-419e723e939e",0,4,"phoma",0.943911,60.999146,94.509262,547.574829,582.978394,486.575684,488.469116,237677.187500
"174fd6be-aca3-436f-bf75-4d7fa378dcf1",0,3,"miner",0.872050,0.000000,239.853867,538.813354,457.330811,538.813354,217.476944,117179.484375
"3970ccf6-dc0a-4b0e-911c-a8c4197fe4fd",0,3,"miner",0.935405,130.662735,53.495483,477.255310,591.646362,346.592590,538.150879,186519.109375
"05c71900-df1c-4faf-af74-1ba3aefbfa4e",0,2,"healthy",0.945055,84.447525,0.000000,599.202026,639.000000,514.754517,639.000000,328928.125000
"2d7ead90-2a31-4e48-8274-09f1242abc78",0,3,"miner",0.943611,57.318527,27.718933,400.839325,555.091614,343.520813,527.372681,181163.484375
"eddd33d5-fb53-489f-aa8e-cabb4ad97de6",0,0,"algal_spot",0.950913,205.718964,180.811005,483.666626,533.770386,277.947662,352.959381,98104.234375
"d8862c0f-d2be-4029-a820-a7fcf170f89b",0,4,"phoma",0.955070,179.471375,64.621399,475.321350,565.181274,295.849976,500.559875,148090.625000
"db1dac17-a40b-4fb4-b1e8-cc75c20086f8",0,3,"miner",0.942155,198.323532,94.582016,463.028931,526.112183,264.705383,431.530151,114228.351563
"7d45dc00-415c-4205-9a85-fe35ba3979f7",0,3,"miner",0.891582,47.300720,229.619186,639.000000,469.703979,591.699280,240.084793,142058.000000
"efb582a6-a2c0-495b-97e2-c75f0cb4f3d1",0,2,"healthy",0.953006,95.698273,24.234497,453.070740,582.104553,357.372467,557.870056,199367.390625
"243208e0-63fb-4a82-9a2f-e6de5c3088ff",0,4,"phoma",0.967718,77.520142,84.136963,569.596008,506.360168,492.075867,422.223206,207765.843750
"6151e6f8-e5d3-4ad9-b786-7072b566b302",0,3,"miner",0.926569,124.303299,111.070313,498.375732,489.518127,374.072449,378.447815,141566.906250
"64dd9732-ff95-4842-b416-5b183cb19e5a",0,3,"miner",0.907979,159.239075,38.644669,428.375793,448.714508,269.136719,410.069824,110364.843750
"64dd9732-ff95-4842-b416-5b183cb19e5a",1,1,"brown_eye_spot",0.343486,104.962708,464.714264,310.766876,639.000000,205.804169,174.285736,35868.730469
"b6c546dc-7730-419d-828e-98bea59a3293",0,3,"miner",0.914520,0.000000,281.078430,639.000000,475.452454,639.000000,194.374023,124205.000000
"d063062f-bf0b-47ab-81e4-f2816da7e860",0,4,"phoma",0.966891,52.137756,74.294434,593.287903,510.452209,541.150146,436.157776,236026.843750
"11aa6682-080e-45a6-b802-ad313a23a3bc",0,2,"healthy",0.938940,50.644440,0.000000,561.876099,603.779541,511.231659,603.779541,308671.218750
"dabdfea0-fe4e-4db9-9d26-42dd3496788c",0,0,"algal_spot",0.920366,166.626251,89.891632,507.673401,619.478210,341.047150,529.586548,180613.984375
"e80e79c4-5c7d-416f-a542-75d8d6ff428d",0,3,"miner",0.910079,55.236389,174.674896,580.908142,465.470581,525.671753,290.795685,152863.078125
"bc97b57c-5732-4125-86ea-538b2b7f785d",0,4,"phoma",0.951629,59.446167,112.575363,566.537598,514.289429,507.091431,401.714050,203705.750000
"95e420c0-3b28-4c02-884f-1875f3fb4338",0,4,"phoma",0.963892,88.197357,100.756332,543.693237,547.772156,455.495880,447.015808,203613.859375
"876b5f19-f1f0-4688-bf43-1d0b3371ee65",0,0,"algal_spot",0.937633,76.931458,230.117004,581.447998,484.067505,504.516541,253.950500,128122.226563
"876b5f19-f1f0-4688-bf43-1d0b3371ee65",1,0,"algal_spot",0.724638,56.163391,0.000000,418.736511,172.866302,362.573120,172.866302,62676.675781
"ffd13f1a-c6a3-4e13-ab83-6f523716031e",0,1,"brown_eye_spot",0.931580,74.999954,227.604431,535.512817,508.551941,460.512878,280.947510,129379.945313
"1bd15090-9839-4117-802b-373f82e65bfa",0,1,"brown_eye_spot",0.941096,123.338470,56.280991,550.299316,576.586548,426.960846,520.305542,222150.093750
"90947e64-03dd-4645-8dbe-9c919c78f4fb",0,4,"phoma",0.961654,42.007385,126.000381,578.614929,519.515442,536.607544,393.515076,211163.156250
"5dc8802a-8b39-4a07-805b-a8db1c82e238",0,3,"miner",0.921930,96.817932,102.926010,580.457275,445.897064,483.639343,342.971069,165874.296875
"aef5d47e-e8c9-4ce7-919f-3e48c630e7ad",0,3,"miner",0.928123,238.238907,38.592117,437.330627,528.678528,199.091721,490.086426,97572.148438
"8434463e-ba16-4934-8997-1c8d4abf98d6",0,1,"brown_eye_spot",0.937646,30.774231,181.314346,603.192261,397.499481,572.418030,216.185135,123748.265625
"c3e7e6d1-16ca-4e6d-a1b7-fedbfb72d5dd",0,2,"healthy",0.941769,42.501953,43.020721,632.402954,562.679199,589.901001,519.658447,306547.031250
"be6ee9a7-8601-4de9-ae83-4e47f8be154b",0,2,"healthy",0.968692,91.457214,182.073242,528.268860,451.058228,436.811646,268.984985,117495.773438
"be6ee9a7-8601-4de9-ae83-4e47f8be154b",1,2,"healthy",0.549124,484.013397,66.942444,639.000000,341.262177,154.986603,274.319733,42515.882813
"be6ee9a7-8601-4de9-ae83-4e47f8be154b",2,2,"healthy",0.464024,18.174194,0.000000,353.604706,62.318546,335.430511,62.318546,20903.541016
"119c75d7-0957-4026-9d28-2b7b958be65d",0,3,"miner",0.890355,143.977295,6.564178,277.827271,212.576019,133.849976,206.011841,27574.679688
"119c75d7-0957-4026-9d28-2b7b958be65d",1,3,"miner",0.863721,271.689209,47.238419,475.174316,208.495483,203.485107,161.257065,32813.410156
"119c75d7-0957-4026-9d28-2b7b958be65d",2,1,"brown_eye_spot",0.863568,259.144409,295.612305,610.557922,421.362366,351.413513,125.750061,44190.269531
"962af72a-e431-4adc-bead-80012174a63f",0,1,"brown_eye_spot",0.942924,45.076675,19.869934,482.961731,629.834961,437.885071,609.965027,267094.593750
"6b7b8a7e-2748-4804-804d-dea74de38e07",0,1,"brown_eye_spot",0.442168,39.465851,262.141846,575.194214,459.237030,535.728394,197.095184,105589.484375
"6b7b8a7e-2748-4804-804d-dea74de38e07",1,0,"algal_spot",0.381270,39.465851,262.141846,575.194214,459.237030,535.728394,197.095184,105589.484375
"bbf65c4e-412c-47d3-b8e7-4cbba7c6d624",0,1,"brown_eye_spot",0.690431,35.558350,173.524536,636.295776,551.305054,600.737427,377.780518,226946.890625
"58cda403-0e9d-44cf-9152-00375fcf6fba",0,3,"miner",0.936939,32.352448,170.813324,639.000000,414.403748,606.647583,243.590424,147773.546875
"7689221c-4a7b-4cf2-9bbf-b19d48fdb7e4",0,0,"algal_spot",0.941648,111.322952,34.698593,525.242065,337.795990,413.919128,303.097412,125457.820313
"0d479fe3-8638-4898-8892-b459b3c9a158",0,4,"phoma",0.968681,105.091644,30.988586,564.426514,551.851013,459.334869,520.862427,239250.281250
"88adbf81-ecc8-429e-9ced-3928e722eeb8",0,2,"healthy",0.956610,28.015808,110.921158,610.958984,527.723022,582.943176,416.801880,242971.812500
"a6ee4507-f8ab-4091-bdc2-225e817b0597",0,0,"algal_spot",0.935114,126.001282,149.560303,577.692810,417.963348,451.691528,268.403046,121235.382813
"29058b72-297a-4ad7-a453-d7b0e074b480",0,3,"miner",0.920722,168.849182,41.754623,503.596924,506.365173,334.747742,464.610535,155527.328125
"29058b72-297a-4ad7-a453-d7b0e074b480",1,3,"miner",0.260756,166.160339,565.862549,579.071777,639.000000,412.911438,73.137451,30199.291016
"ebfee0d8-e7c8-4dca-aed1-5a42e3c0d230",0,1,"brown_eye_spot",0.923852,148.680481,114.171890,483.939758,629.078979,335.259277,514.907104,172627.390625
"ebfee0d8-e7c8-4dca-aed1-5a42e3c0d230",1,1,"brown_eye_spot",0.413581,434.115356,108.378113,638.701599,503.964722,204.586243,395.586609,80931.578125
"030133b7-7864-4153-a0c4-6829aed07184",0,0,"algal_spot",0.955309,109.583588,122.410965,392.827179,474.154175,283.243591,351.743225,99629.015625
"030133b7-7864-4153-a0c4-6829aed07184",1,4,"phoma",0.592626,396.012970,0.000000,639.000000,320.452606,242.987030,320.452606,77865.828125
"f8afa552-1724-420b-aaf2-60c099d169a1",0,3,"miner",0.924254,159.698303,113.668411,478.438019,543.202393,318.739716,429.533997,136909.546875
"23766ead-46b8-4ec5-b1ec-a20ac0ba146e",0,3,"miner",0.928412,91.581482,109.647293,502.604370,577.743591,411.022888,468.096313,192398.296875
"01ebda14-aeaf-403f-b8aa-5f00724e3bb3",0,4,"phoma",0.960220,47.807312,101.734619,608.258789,578.921814,560.451477,477.187195,267440.281250
"202671e7-f47c-4e88-878c-61bbf3a44699",0,0,"algal_spot",0.950420,276.656006,102.471497,540.013428,401.636932,263.357422,299.165436,78787.437500
"6e4df205-c0b2-44a3-8283-621623143960",0,1,"brown_eye_spot",0.939209,179.578827,69.210312,513.885376,560.394409,334.306549,491.184082,164206.062500
"3c9f3969-b69a-454a-b30f-d1471d715246",0,1,"brown_eye_spot",0.934210,63.806335,202.419510,639.000000,410.616028,575.193665,208.196518,119753.320313
"17f4e453-829a-404e-ac25-3d0486b8084d",0,1,"brown_eye_spot",0.954090,126.103210,101.278214,483.780457,584.836304,357.677246,483.558105,172957.734375
"d73a6703-6c5c-4517-9481-8bf9d7abd514",0,1,"brown_eye_spot",0.501903,67.904800,205.470184,345.068481,617.445984,277.163696,411.975800,114184.734375
"6ff0c06a-6a1c-4a81-9b63-033a93601c81",0,0,"algal_spot",0.951530,178.730728,157.243988,511.681000,541.859375,332.950256,384.615387,128057.789063
"06e4e992-63a7-4b68-9b18-5694a0a75db5",0,0,"algal_spot",0.955183,124.984940,20.390060,478.836700,509.847473,353.851746,489.457397,173195.359375
"dc564d78-0231-47e1-8586-0f4640384bd6",0,4,"phoma",0.967823,74.142578,125.874161,588.177246,527.951050,514.034668,402.076904,206681.468750
"dad98acf-b3b9-4a43-ba08-1a2dd8d3f927",0,4,"phoma",0.940938,112.813416,146.620911,580.576843,572.320374,467.763428,425.699463,199126.640625
"9dacc222-d601-45c4-b632-bde8ebfaa52a",0,0,"algal_spot",0.941078,138.506577,193.537643,565.675842,448.142975,427.169250,254.605331,108759.570313
"9729876d-94a4-4820-9ff0-d08d544db4ac",0,2,"healthy",0.942192,139.714737,39.757751,433.883728,549.689087,294.169006,509.931335,150006.000000
"9729876d-94a4-4820-9ff0-d08d544db4ac",1,2,"healthy",0.865408,372.877625,5.568420,639.000000,527.213867,266.122375,521.645447,138821.531250
"64950d51-b45b-402c-9aa9-fe28d8b5b124",0,4,"phoma",0.945792,0.000000,109.134430,636.486511,480.320007,636.486511,371.185577,236254.609375
"a5da60a9-fd57-4a25-a10b-0e1b4b4f8b29",0,4,"phoma",0.962055,106.230331,95.439255,552.687134,534.592163,446.456787,439.152893,196062.796875
"9151c567-d7c7-40c6-a297-077251a8b20f",0,1,"brown_eye_spot",0.920632,81.757462,98.563721,535.857239,610.090820,454.099792,511.527100,232284.343750
"3fdad809-645c-452d-a91e-a030d2cb2f59",0,3,"miner",0.935463,89.583893,0.000000,508.413422,614.696106,418.829529,614.696106,257452.875000
"5aa4f2e4-5f99-40c0-bd22-5c2ba881d58f",0,5,"powdery_mildew",0.907373,209.126663,107.301239,562.846008,611.043518,353.719360,503.742279,178183.390625
"5aa4f2e4-5f99-40c0-bd22-5c2ba881d58f",1,5,"powdery_mildew",0.860621,1.210861,0.000000,370.771759,121.546883,369.560913,121.546883,44918.976563
"09bed6b0-494a-4b8b-a9e7-6970b8865a37",0,3,"miner",0.913575,207.377197,105.526642,536.543091,331.758606,329.165894,226.231964,74467.843750
"09bed6b0-494a-4b8b-a9e7-6970b8865a37",1,1,"brown_eye_spot",0.583415,111.648315,325.940338,563.883545,523.239075,452.235229,197.298737,89225.437500
"9e192ce0-9344-4abf-86c0-56da01f80659",0,3,"miner",0.920324,99.985855,87.504822,584.565552,472.498444,484.579712,384.993622,186560.093750
"72a9ad85-73a9-47aa-9f46-6b4b73f3f1ad",0,4,"phoma",0.966730,61.951904,128.309464,575.058350,534.912354,513.106445,406.602905,208630.578125
"4ced21a1-17a0-41a6-8785-631c62b1ef15",0,0,"algal_spot",0.939489,126.337219,79.889786,562.239258,484.969299,435.902039,405.079529,176575.000000
"fc5f250b-414f-4bfa-aca0-fc7648fcd9a9",0,3,"miner",0.901462,81.810715,152.374283,581.697449,377.903564,499.886719,225.529282,112739.093750
"2855f72e-36cb-4221-902e-42e8ab8a1fdf",0,2,"healthy",0.933224,25.587921,91.127060,605.044373,534.895203,579.456421,443.768127,257144.296875
"a32f4d8e-7139-4064-b3ae-912b8100edd2",0,0,"algal_spot",0.950962,79.383591,162.670975,492.678894,517.244385,413.295288,354.573425,146543.531250
"926e0142-8462-49ee-bdb3-874ed7f9faeb",0,3,"miner",0.926918,30.644073,212.830902,567.944031,423.313202,537.299927,210.482300,113092.125000
"02b371aa-846b-4b57-96fd-49b600d8c85d",0,4,"phoma",0.926923,20.694611,80.484863,625.277222,500.842468,604.582642,420.357605,254140.906250
"10bd72fe-5550-4108-a6ef-9aeecf33deaf",0,3,"miner",0.826139,101.150269,234.169296,516.430786,531.344971,415.280518,297.175659,123411.257813
"d37cd12f-abba-4111-8af2-6bd9e95f99cf",0,0,"algal_spot",0.943402,199.924515,108.917221,504.248291,472.849701,304.323792,363.932495,110753.320313
"4d39b29c-307e-49b9-a22e-d67affce7cfe",0,1,"brown_eye_spot",0.928570,151.840378,59.939651,535.513916,467.377747,383.673523,407.438110,156323.218750
"36da0d9c-cc76-4495-97b8-a997d8304a30",0,5,"powdery_mildew",0.930368,100.283142,168.546295,356.608826,494.331665,256.325684,325.785370,83507.156250
"36da0d9c-cc76-4495-97b8-a997d8304a30",1,5,"powdery_mildew",0.914253,327.393158,105.051056,553.566345,478.974609,226.173187,373.923553,84571.484375
"8c6736e0-a536-47d3-a018-92e466155480",0,3,"miner",0.936765,162.934616,114.510742,606.651428,427.381836,443.716797,312.871094,138826.156250
"8c6736e0-a536-47d3-a018-92e466155480",1,3,"miner",0.391165,247.714767,530.717468,634.573669,639.000000,386.858887,108.282532,41890.058594
"e91caf66-d6fc-4d4b-93ec-f063553213a7",0,0,"algal_spot",0.960413,157.932281,184.725677,432.856232,532.958496,274.923950,348.232819,95737.539063
"b14481e9-95cb-4a95-9be0-e37eb29da712",0,3,"miner",0.934306,108.630676,45.063660,479.795776,613.229553,371.165100,568.165894,210883.343750
"33672433-6e2f-4c76-8411-5ffec85e0f2a",0,1,"brown_eye_spot",0.944421,107.677078,77.155853,470.925446,537.020935,363.248352,459.865082,167045.234375
"684bfa90-e913-4b65-959d-df25239d1c91",0,4,"phoma",0.682460,70.302246,123.027496,622.863770,556.642578,552.561523,433.615082,239599.015625
"e2510aeb-4c82-4bff-b358-b2ef7f4ea18f",0,0,"algal_spot",0.915597,63.502258,135.469849,560.086731,352.445679,496.584473,216.975830,107746.828125
"eb5073d7-7d25-4a1a-9e4f-e27272864d03",0,4,"phoma",0.939979,134.551697,60.054749,566.192383,614.143799,431.640686,554.089050,239167.375000
"6d43b8ab-b8ff-4acd-a3c9-64ecd71d6062",0,3,"miner",0.872050,0.000000,239.853867,538.813354,457.330811,538.813354,217.476944,117179.484375
"965913eb-950d-49b2-bbf0-45335d19b79d",0,1,"brown_eye_spot",0.944886,203.877777,196.265076,439.072388,582.468933,235.194611,386.203857,90833.062500
"9680af94-a27f-4af5-af00-0ac1ad9b8a83",0,2,"healthy",0.950190,0.000000,0.000000,396.000519,591.563354,396.000519,591.563354,234259.390625
"9680af94-a27f-4af5-af00-0ac1ad9b8a83",1,2,"healthy",0.374916,321.287018,0.127762,576.873474,447.009979,255.586456,446.882202,114217.039063
"8e838b77-c457-4ec5-9323-a5daf3a03597",0,1,"brown_eye_spot",0.944396,180.658691,80.201447,514.471375,563.080322,333.812683,482.878876,161191.093750
"29b19b53-9a8e-4966-9718-5876da962333",0,4,"phoma",0.962058,36.054932,111.363281,585.930298,505.423004,549.875366,394.059723,216683.734375
"334d45c5-c3c0-42d5-8738-9d466549fb13",0,2,"healthy",0.936597,162.988190,81.352722,427.074219,528.585938,264.086029,447.233215,118108.046875
"334d45c5-c3c0-42d5-8738-9d466549fb13",1,2,"healthy",0.282975,82.728378,564.421570,367.320862,639.000000,284.592468,74.578430,21224.458984
"3b935256-b19a-4044-8a1f-963900518e8f",0,1,"brown_eye_spot",0.468261,267.750732,66.910767,526.469604,555.748169,258.718872,488.837402,126471.460938
"3b935256-b19a-4044-8a1f-963900518e8f",1,4,"phoma",0.459129,267.750732,66.910767,526.469604,555.748169,258.718872,488.837402,126471.460938
"7873cbec-702f-4d4a-99a8-1da4f1de0544",0,0,"algal_spot",0.590512,138.276001,68.050049,462.975922,598.334839,324.699921,530.284790,172183.421875
"7873cbec-702f-4d4a-99a8-1da4f1de0544",1,1,"brown_eye_spot",0.421445,138.276001,68.050049,462.975922,598.334839,324.699921,530.284790,172183.421875
"f325bab8-633e-4173-a36a-c276d4be511d",0,0,"algal_spot",0.942510,16.430389,96.530167,526.911133,363.559265,510.480743,267.029114,136313.218750
"df7673e9-433e-4cf9-a0bb-59555fceda82",0,4,"phoma",0.970635,54.922913,130.095428,575.741455,587.734741,520.818542,457.639313,238347.046875
"6979b311-08e8-45ff-8fc5-49f78e4fd9c7",0,1,"brown_eye_spot",0.931251,123.789978,25.116211,455.996735,580.626038,332.206757,555.509827,184544.125000
"646c772b-918d-4721-9583-c8abb5f4c2a7",0,1,"brown_eye_spot",0.836037,208.288620,70.922165,625.829468,541.842590,417.540833,470.920410,196628.500000
"e6739209-ec97-4b4f-87a2-084120f2225a",0,0,"algal_spot",0.957654,92.870255,101.106934,452.804260,600.384521,359.934021,499.277588,179706.984375
"2bc4d7b5-8fb3-46a1-b354-368fc5064324",0,3,"miner",0.838310,36.659302,299.076721,557.748169,456.480347,521.088867,157.403625,82021.273438
"2bc4d7b5-8fb3-46a1-b354-368fc5064324",1,3,"miner",0.344445,19.131561,499.791229,520.284058,638.369202,501.152496,138.577972,69448.695313
"5b95f9cf-6533-4ddd-9dde-c3a3e2673aac",0,5,"powdery_mildew",0.957624,65.169220,169.663635,564.395630,503.025757,499.226410,333.362122,166423.171875
"5ae49831-73e1-4a46-8741-91cc2513017b",0,2,"healthy",0.898965,18.517883,183.893219,632.744873,575.512634,614.226990,391.619415,240543.218750
"abdf2011-5c6d-4d6b-982a-28e2a7f826fd",0,3,"miner",0.918667,199.402710,20.816223,449.264771,613.567993,249.862061,592.751770,148106.171875
"e3e99d4b-78c4-424d-99f1-43db8423794b",0,0,"algal_spot",0.939195,52.110413,266.537842,572.076294,492.014832,519.965881,225.476990,117240.343750
"2a3c0aa4-bbe2-4cad-b8cc-28c0e0ceef49",0,1,"brown_eye_spot",0.852628,232.293472,114.455856,604.103638,526.507446,371.810181,412.051575,153204.968750
"c000dfd9-3d77-4883-a03e-09ae03d257c4",0,5,"powdery_mildew",0.929981,105.164627,168.998962,575.988159,474.140991,470.823547,305.142029,143668.046875
"68cae095-4879-4edc-b8ba-474b4e87c72c",0,1,"brown_eye_spot",0.946568,106.290710,163.183472,541.333984,530.124023,435.043274,366.940552,159635.015625
"169cca92-598b-4414-ad8c-0217356fcc8b",0,4,"phoma",0.960902,131.194672,133.947357,451.715576,612.244019,320.520905,478.296661,153304.078125
"9612837f-1993-4f5c-b6d8-af7d491adb53",0,3,"miner",0.902364,135.897842,61.706604,399.812256,617.239868,263.914429,555.533264,146613.250000
"30db3c00-2b9d-48a5-abe4-3bb338fa00fd",0,0,"algal_spot",0.942099,65.437286,151.592926,592.428101,384.682312,526.990845,233.089386,122835.968750
"c2e503d9-4725-4a1b-9b02-f16c5756d675",0,0,"algal_spot",0.916248,33.779602,198.609558,594.574463,429.231934,560.794861,230.622375,129331.843750
"46140387-6cfc-4205-8f69-759ce53d752b",0,1,"brown_eye_spot",0.944559,149.802551,52.332123,550.632690,534.275208,400.830139,481.943085,193177.312500
"46bd2840-df80-48a8-ba4a-4d31582b1ea5",0,0,"algal_spot",0.923657,114.687592,90.225052,553.729004,587.321838,439.041412,497.096802,218246.078125
"11015a47-b1eb-4eed-981c-b483b3f7a364",0,3,"miner",0.929332,146.839279,128.668350,489.563293,592.927063,342.723999,464.258728,159112.609375
"be3d7a3b-c2cd-41e8-b7f1-5999dc72dbf8",0,3,"miner",0.923815,30.563782,163.094269,639.000000,327.791595,608.436218,164.697327,100207.820313
"3476a3fd-6913-47d6-8b32-09dddbd9ebb5",0,1,"brown_eye_spot",0.930734,166.123978,212.581573,538.731567,515.394470,372.607605,302.812897,112830.390625
"6f4b2ae0-963d-4210-bd5f-dab94d556ee0",0,2,"healthy",0.956583,108.003067,117.317154,572.714966,536.763977,464.711914,419.446838,194921.937500
"aa6dec9f-f913-4ed9-87ba-34dd885c7549",0,1,"brown_eye_spot",0.915649,115.730362,54.752411,510.503662,583.362183,394.773315,528.609741,208681.015625
"1c5a88b1-8ca8-4c27-a13b-80fdf1d1fd1e",0,4,"phoma",0.877053,86.585571,154.766266,583.562439,466.624023,496.976868,311.857758,154986.093750
"5d92a0d7-6173-46d8-aacf-25d6a082d3c5",0,4,"phoma",0.964329,103.967010,123.306946,551.569214,509.784546,447.602203,386.477600,172988.218750
"45ee9ead-1b76-4ef8-9886-b7b86c97f85c",0,2,"healthy",0.931896,45.526123,72.523132,634.753174,592.592773,589.227051,520.069641,306439.093750
"39a6b3cf-1614-4ec3-9182-bd34b6af0279",0,3,"miner",0.909519,18.192337,86.211914,435.013062,632.852661,416.820740,546.640747,227851.203125
"8eae87f2-d23f-4e79-a9be-cc38dc977de9",0,4,"phoma",0.967662,142.735321,145.580688,534.697388,533.343628,391.962067,387.762939,151988.359375
"577148c8-4cc4-418d-98b3-8cabfff84150",0,1,"brown_eye_spot",0.928067,110.604874,110.878540,510.126678,614.463501,399.521790,503.584961,201193.171875
"0bd34b3d-1a38-4f93-8e3d-9831b54998e2",0,0,"algal_spot",0.935050,77.635010,200.820114,482.643219,390.404114,405.008209,189.584000,76783.078125
"f843d407-29fb-4532-bc72-e90415391bde",0,3,"miner",0.855323,161.973419,258.250000,492.091370,565.465088,330.117950,307.215088,101417.218750
"4a3072d7-fa62-48e6-8233-b9cc6fb243f4",0,0,"algal_spot",0.949707,87.500793,163.738998,414.432068,459.249969,326.931274,295.510986,96611.781250
"3401bdf5-3a28-4dc9-ba32-034f7abc989a",0,4,"phoma",0.955916,13.969543,129.974411,617.818115,592.881348,603.848572,462.906921,279525.687500
"2043c074-e8b1-41bc-847c-acddfa430365",0,3,"miner",0.924819,143.831253,58.403473,549.811279,535.011414,405.980042,476.607941,193493.312500
"6e024487-570d-484c-a902-3b7e69e7fa22",0,0,"algal_spot",0.953133,64.428467,136.979263,600.466980,510.537170,536.038513,373.557922,200241.437500
"39ba4ac0-0a51-4fa3-9e61-7ad4fd4be91d",0,0,"algal_spot",0.939009,169.748840,60.125504,466.166840,493.528809,296.417999,433.403320,128468.546875
"8946fee5-0fb1-421f-a667-fdec6317c88d",0,2,"healthy",0.955184,59.622559,116.790009,571.078979,548.263916,511.456421,431.473907,220680.093750
"c2d678b6-9e4d-4184-ad15-5e387f3f2849",0,2,"healthy",0.949080,66.607605,82.997711,586.818665,543.447632,520.211060,460.449921,239531.140625
"3c2af20e-8102-4b18-959b-271e9a25ef6d",0,4,"phoma",0.961631,37.599030,5.524994,559.488403,526.146729,521.889404,520.621704,271706.937500
"bd03771a-2e72-42aa-9eb4-2177aaef84e2",0,3,"miner",0.935434,108.245941,57.122360,574.754761,468.610107,466.508820,411.487732,191962.656250
"33c81a0c-07a9-4b8e-b358-606479d76bc7",0,2,"healthy",0.939772,98.641052,119.816406,587.887756,525.704346,489.246704,405.887939,198579.343750
"a2bba69d-2bc9-407d-9ad4-232e643b5317",0,1,"brown_eye_spot",0.716138,32.434967,175.418457,578.950806,378.951233,546.515869,203.532776,111233.890625
"f7dba2c1-8ec7-434f-8056-f142de491c7d",0,0,"algal_spot",0.958584,141.005844,133.730927,497.723663,570.875977,356.717834,437.145050,155937.437500
"388bf285-c816-4c38-bec9-b02dd8a38374",0,0,"algal_spot",0.955317,54.744537,133.407715,386.392395,456.479858,331.647858,323.072144,107146.187500
"66cc0309-0b3f-47c3-92c4-281e69973615",0,0,"algal_spot",0.953794,98.595428,169.814072,429.004059,419.514587,330.408630,249.700516,82503.203125
"66cc0309-0b3f-47c3-92c4-281e69973615",1,3,"miner",0.482021,134.922333,580.883972,513.080139,639.000000,378.157806,58.116028,21977.029297
"92883d66-8c6d-4005-a8d0-a5c65dabbd8c",0,1,"brown_eye_spot",0.958951,164.472198,145.165527,488.861664,530.374329,324.389465,385.208801,124957.679688
"401f50a7-936b-47ed-9c0c-31dee58203cd",0,4,"phoma",0.947342,80.498672,184.552597,471.182129,626.552795,390.683472,442.000183,172682.171875
"d3edb645-048a-481c-aad7-8a3f23ad0b50",0,0,"algal_spot",0.892600,110.893219,111.820404,497.086609,612.149048,386.193390,500.328644,193223.609375
"a223fd2e-a182-4290-a8a8-c535fd866830",0,4,"phoma",0.621194,46.605957,77.122375,570.745361,531.807800,524.139404,454.685425,238318.546875
"47782dec-d67e-41dc-a36c-e9cf21448bf4",0,3,"miner",0.937363,145.975815,142.147049,467.738190,451.908569,321.762390,309.761536,99669.609375
"2fa88c05-cf52-4eca-bb06-5b5fd898e0d2",0,3,"miner",0.938867,46.689499,75.556793,480.192841,436.853363,433.503357,361.296570,156623.281250
"22716fb3-4698-4bf6-8ebc-e2c2b2934ca0",0,4,"phoma",0.965132,141.141541,112.573761,538.857422,538.223816,397.715881,425.650055,169287.781250
"e02627cb-1282-408b-8b11-966692c7c6a8",0,3,"miner",0.950932,24.886597,146.690125,637.537354,401.316986,612.650757,254.626862,155997.343750
"eccb941b-1c57-4222-a7af-4729fb1d21ad",0,1,"brown_eye_spot",0.947180,135.260803,138.463654,416.334991,479.295776,281.074188,340.832123,95799.109375
"06aa8312-f04e-40e3-bebd-e4b2da69bb76",0,3,"miner",0.756979,108.119568,186.814758,463.955627,542.341187,355.836060,355.526428,126509.125000
"396fb5e1-e9b2-484e-90d4-4784060ff60e",0,5,"powdery_mildew",0.956569,63.212189,191.989563,609.136353,547.903625,545.924194,355.914063,194302.093750
"396fb5e1-e9b2-484e-90d4-4784060ff60e",1,5,"powdery_mildew",0.721282,52.093872,0.000000,592.769409,102.716431,540.675537,102.716431,55536.261719
"4a5ac5fb-7c0e-40d9-84b5-ec1ff539485e",0,4,"phoma",0.972780,44.910889,123.862854,565.892883,571.558594,520.981995,447.695740,233241.421875
"0408d664-9c8f-44d2-b66d-a2a9041cc459",0,3,"miner",0.961109,11.582855,96.089035,525.940674,514.216797,514.357788,418.127747,215067.265625
"44358ab5-3311-4cd0-b2a6-0556ea1b636e",0,4,"phoma",0.977319,135.305725,154.853287,553.054810,509.550293,417.749084,354.697021,148174.359375
"b77b32eb-da03-4443-92d2-b0ee77e1a0ca",0,3,"miner",0.908444,138.998581,94.871994,462.427673,583.283203,323.429077,488.411194,157966.375000
"a8b23f54-f79b-42eb-9587-81bbb4e96d78",0,3,"miner",0.950335,126.879074,111.253433,555.020630,553.034363,428.141541,441.780945,189144.781250
"b6c4fc95-0c50-4c97-a2d3-39fa725d9b23",0,2,"healthy",0.930218,82.963013,116.998291,566.693420,529.677124,483.730408,412.678833,199625.296875
"19c67645-5dd4-4c6b-a9ce-6c06b9db7560",0,4,"phoma",0.970324,54.464783,159.653687,608.686523,552.828430,554.221741,393.174744,217905.984375
"944ab141-9599-43d5-8a0d-a2aec9b4d594",0,1,"brown_eye_spot",0.960570,144.915405,59.666199,464.292511,478.111877,319.377106,418.445679,133641.968750
"692814ab-efec-41b0-bdea-949f8099f841",0,1,"brown_eye_spot",0.907340,77.753052,102.600342,370.275818,335.442535,292.522766,232.842194,68111.640625
"692814ab-efec-41b0-bdea-949f8099f841",1,3,"miner",0.898462,287.781036,184.241913,472.028290,609.368042,184.247253,425.126129,78328.320313
"d2bfbf1a-8dae-436b-b5ed-56a5e1363cd5",0,4,"phoma",0.965500,68.016785,155.317871,572.462097,531.080688,504.445313,375.762817,189551.796875
"23d5d24a-2253-47cb-9b6f-b12457d65240",0,3,"miner",0.949094,106.328201,137.945709,550.014038,389.582458,443.685852,251.636749,111647.664063
"247339df-0256-4b3e-823a-bf07a86fda90",0,2,"healthy",0.971739,23.489685,90.541855,605.274048,552.800232,581.784363,462.258362,268934.687500
"5d97fd9a-7a0f-49b1-ae3b-cbbc5d7ad8ac",0,2,"healthy",0.970011,32.840363,90.432861,589.284790,513.693787,556.444458,423.260925,235521.203125
"176358c9-e851-4afe-9556-e464de4846b6",0,5,"powdery_mildew",0.950825,161.906876,103.182587,469.848297,529.006348,307.941406,425.823761,131128.765625
"ca6cf225-f771-4d1f-853a-f8361a8ef10d",0,3,"miner",0.952708,60.538223,121.558380,458.417511,518.040955,397.879272,396.482574,157752.203125
"e5159f91-ccc8-44a9-87f0-a98ccc4a8dee",0,1,"brown_eye_spot",0.896188,125.702209,150.975677,480.425049,376.652283,354.722839,225.676605,80052.648438
"e5159f91-ccc8-44a9-87f0-a98ccc4a8dee",1,1,"brown_eye_spot",0.715948,158.724213,395.156342,468.795288,497.663727,310.071075,102.507385,31784.574219
"04a0414a-78d9-4c67-80e7-fd435e33f211",0,5,"powdery_mildew",0.933693,45.366089,144.899063,539.999268,444.713440,494.633179,299.814392,148298.140625
"10c5a2c2-8770-4c20-b33e-4aa688979539",0,4,"phoma",0.969948,101.594696,125.307312,557.045715,509.839294,455.451019,384.531982,175135.484375
"8d0ebec4-6364-47ad-ba52-1121d3da7d05",0,4,"phoma",0.937923,57.434387,85.323273,554.926697,524.247314,497.492310,438.924042,218361.328125
"63c1bf77-3dcf-4182-9cb2-a250f5fb829b",0,0,"algal_spot",0.865161,115.804489,78.668442,556.541321,553.717468,440.736816,475.049011,209371.593750
"e6148ef2-b3a8-425b-b365-7cc365be3d02",0,4,"phoma",0.969668,86.692108,147.074249,562.208374,528.136658,475.516266,381.062408,181201.375000
"69ecf948-cbd8-4a50-a96a-1b866730b995",0,1,"brown_eye_spot",0.950570,178.707718,30.780136,408.425354,634.586304,229.717636,603.806152,138704.921875
"82ccaedc-d695-4192-ba85-cebb734708f2",0,3,"miner",0.637960,92.121185,165.218262,414.043121,572.737000,321.921936,407.518738,131189.218750
"82ccaedc-d695-4192-ba85-cebb734708f2",1,0,"algal_spot",0.400855,92.121185,165.218262,414.043121,572.737000,321.921936,407.518738,131189.218750
"6dbacc1f-0c2a-497e-9cb0-acc2f966aa24",0,3,"miner",0.929036,189.337677,161.901825,505.630310,553.160034,316.292633,391.258209,123752.085938
"6e9761a6-52b0-4b95-8789-2063b06d47c8",0,4,"phoma",0.956699,133.163330,136.928375,450.551910,613.359863,317.388580,476.431488,151213.906250
"0e48d565-6996-49a3-a90e-408e4915726b",0,2,"healthy",0.959592,111.300079,2.346130,483.168640,596.511658,371.868561,594.165527,220951.484375
"0e48d565-6996-49a3-a90e-408e4915726b",1,2,"healthy",0.359689,382.420410,0.610222,639.000000,279.181549,256.579590,278.571320,71475.718750
"0e48d565-6996-49a3-a90e-408e4915726b",2,2,"healthy",0.271499,0.000000,22.858459,220.064468,381.851288,220.064468,358.992828,79001.562500
"ba86ada5-357f-4aba-9d89-879d895701b1",0,4,"phoma",0.969507,56.449524,102.889969,597.875061,524.451355,541.425537,421.561401,228244.109375
"2b5467f3-f0e7-4e43-9885-a9aeb1640dbc",0,4,"phoma",0.963827,184.705322,206.654114,489.303833,515.597412,304.598511,308.943298,94103.671875
"31222731-9161-412c-aa67-0b5c8a378391",0,4,"phoma",0.962927,66.843872,124.003662,562.986877,479.117798,496.143005,355.114136,176187.390625
"8070dd6b-dc50-40da-818c-a853c2ec9d3f",0,0,"algal_spot",0.951755,43.902313,154.066498,554.413025,587.076111,510.510712,433.009613,221056.046875
"fe335b55-4664-48c1-942d-e49eecf5db5c",0,2,"healthy",0.910831,9.909546,90.149170,604.424194,606.324097,594.514648,516.174927,306873.562500
"b26cd7cc-54d5-4a41-8d81-25d02c5783f0",0,0,"algal_spot",0.938513,40.230438,284.826447,536.360596,495.105255,496.130157,210.278809,104325.656250
"b26cd7cc-54d5-4a41-8d81-25d02c5783f0",1,0,"algal_spot",0.915223,71.776550,499.318604,585.730591,639.000000,513.954041,139.681396,71789.820313
"50c22f7a-e26a-4a80-ab85-0a9c16ca759a",0,4,"phoma",0.965555,42.190735,133.133057,532.040161,573.141724,489.849426,440.008667,215538.000000
"a8b27c14-74d6-4bb5-9992-a76071261649",0,0,"algal_spot",0.959415,116.083359,227.685272,570.325439,560.606079,454.242065,332.920807,151226.640625
"54db6ad4-bf1c-4d2d-b3ba-f7c108ca00ca",0,3,"miner",0.815208,98.973236,177.843155,393.679413,622.922546,294.706177,445.079407,131167.656250
"aac9798d-3e2e-418f-a746-ff626a96d312",0,0,"algal_spot",0.911030,165.153549,285.480286,361.627319,547.696655,196.473770,262.216370,51518.640625
"73d143de-5993-4e88-9005-6f47a02baa7e",0,1,"brown_eye_spot",0.940899,156.679123,87.957916,583.189758,629.323608,426.510620,541.365723,230898.234375
"f113b376-ed05-453e-a405-78f8baa47211",0,1,"brown_eye_spot",0.965057,145.170715,96.126343,523.594360,603.530518,378.423645,507.404175,192013.734375
"3334c463-4b6e-48fd-a25a-bbae63352a46",0,3,"miner",0.943657,240.035507,76.346359,501.084900,562.861328,261.049377,486.514954,127004.421875
"1c372647-7937-4c62-b7e4-4a75f123b49f",0,1,"brown_eye_spot",0.943517,114.525162,138.849884,545.201355,488.055115,430.676208,349.205231,150394.390625
"ca4e20ed-aa2d-40a6-a5d7-053d2e7ba9f7",0,4,"phoma",0.955708,84.592606,128.817017,562.273193,496.676575,477.680603,367.859558,175719.375000
"fe92c65c-9558-4040-851f-f161e98f80e9",0,4,"phoma",0.963488,82.567612,138.768341,557.986694,502.068909,475.419067,363.300568,172720.015625
"22837c47-7e06-4105-b31b-f832b5cb622b",0,5,"powdery_mildew",0.948724,103.964783,169.235489,577.773376,482.790710,473.808594,313.555237,148565.171875
"f8ed9f9c-449f-4c6a-8a16-f4aae69ff861",0,3,"miner",0.927979,143.990143,434.185730,277.381378,638.664185,133.391235,204.478455,27275.632813
"f8ed9f9c-449f-4c6a-8a16-f4aae69ff861",1,3,"miner",0.835397,265.579102,427.493439,477.670715,592.843079,212.091614,165.349640,35069.273438
"f8ed9f9c-449f-4c6a-8a16-f4aae69ff861",2,1,"brown_eye_spot",0.291993,260.624207,219.944504,616.424927,343.548431,355.800720,123.603928,43978.367188
"010317c2-9c98-4537-b39b-530755be886b",0,1,"brown_eye_spot",0.929577,6.484314,168.765472,603.432861,484.914124,596.948547,316.148651,188724.484375
"1e7c4da2-69a9-4adf-a109-90bad483298a",0,1,"brown_eye_spot",0.944392,32.930084,86.134079,506.666687,637.797363,473.736603,551.663269,261343.078125
"d48a4778-d148-454f-92a3-453a2989b01d",0,4,"phoma",0.955774,53.191406,103.533569,571.267029,511.500702,518.075623,407.967133,211357.828125
"7870d156-361c-4345-b89f-313aaa6adb48",0,2,"healthy",0.933959,0.000000,114.158875,533.192993,491.728027,533.192993,377.569153,201317.234375
"b3759a8c-8c5f-41fe-9919-bdbea8a11b3e",0,5,"powdery_mildew",0.955729,53.007446,189.833435,639.000000,445.934082,585.992554,256.100647,150073.078125
"b3759a8c-8c5f-41fe-9919-bdbea8a11b3e",1,5,"powdery_mildew",0.701403,38.947662,0.951180,574.494385,163.410629,535.546753,162.459442,87004.625000
"b3759a8c-8c5f-41fe-9919-bdbea8a11b3e",2,5,"powdery_mildew",0.680721,0.000000,374.653198,234.246124,532.274780,234.246124,157.621582,36922.246094
"5a005873-dec9-4a2b-805a-90248cb70b99",0,3,"miner",0.951195,148.301758,125.162872,469.148376,547.387451,320.846619,422.224579,135469.328125
"4fba4f8c-4b50-4a6d-a41d-cfb065a31b4d",0,4,"phoma",0.970050,91.623230,109.856766,564.758484,504.642334,473.135254,394.785583,186786.984375
"9deec9aa-57d3-418e-aefb-d52a89224a32",0,1,"brown_eye_spot",0.929667,181.078918,137.058228,563.029663,489.025757,381.950745,351.967529,134434.265625
"78c75206-1822-4b74-ae52-140382a2513b",0,1,"brown_eye_spot",0.943710,26.571564,109.985184,586.249084,518.415527,559.677490,408.430359,228589.281250
"e91a508a-257a-464e-9934-4305cf058dcd",0,4,"phoma",0.963709,114.885742,115.222473,541.613098,549.617432,426.727356,434.394958,185368.218750
"4fa18953-3632-4e55-b69c-3b4e8cce1476",0,1,"brown_eye_spot",0.948154,153.256927,33.046692,502.169769,639.000000,348.912842,605.953308,211424.890625
"a65dfa08-0e22-4cd1-a784-122e912b5d42",0,0,"algal_spot",0.968471,76.093079,175.261124,605.692261,492.583069,529.599182,317.321960,168053.453125
"c0e255a7-96db-44f7-beac-81820a4f7efe",0,0,"algal_spot",0.961739,98.114395,165.867264,507.281250,414.741943,409.166870,248.874680,101831.273438
"c0e255a7-96db-44f7-beac-81820a4f7efe",1,0,"algal_spot",0.381519,219.345795,441.586884,639.000000,639.000000,419.654205,197.413116,82845.242188
"7c25c125-a074-4a8f-9580-95d39be0a7f8",0,2,"healthy",0.953305,17.732513,84.731323,560.027161,537.345581,542.294678,452.614258,245450.296875
"ac150419-d8f1-4c5c-98ba-0c8e1b52bc78",0,4,"phoma",0.958995,54.077271,121.752106,595.427917,555.877136,541.350647,434.125031,235013.859375
"a66156fe-3907-4492-a6d9-2cb8b7e5214e",0,2,"healthy",0.964046,63.073975,103.531830,619.747253,557.389771,556.673279,453.857941,252650.593750
"ef3a7200-df9d-4004-9c39-b59383c47232",0,3,"miner",0.945829,33.158478,211.166107,567.039795,485.508728,533.881348,274.342621,146466.406250
"efd6f04c-6a57-4b5a-a0da-6252ace10f0d",0,4,"phoma",0.973580,78.241028,108.428528,591.982849,501.464294,513.741821,393.035767,201918.906250
"af48798f-8e4f-4cf5-b6ee-a7a69ccb8b70",0,3,"miner",0.939116,78.320541,145.384338,510.734680,502.807922,432.414124,357.423584,154555.000000
"aa8fe38d-8d1c-4881-9f07-1ec675baf8b6",0,4,"phoma",0.956080,21.909546,94.000763,594.697144,499.952759,572.787598,405.951996,232524.265625
"1a836452-ff7d-45fb-9487-4459d3a3d892",0,3,"miner",0.878253,74.623047,269.145111,621.987305,531.257629,547.364258,262.112518,143471.031250
"10d45f75-fc26-4495-a011-a305bd2d8099",0,3,"miner",0.950926,151.284134,276.754242,483.413086,579.671387,332.128967,302.917145,100607.554688
"10d45f75-fc26-4495-a011-a305bd2d8099",1,1,"brown_eye_spot",0.778411,474.179596,260.071960,639.000000,534.144287,164.820404,274.072327,45172.710938
"f94c42e6-1703-4561-96bf-c0a99cc1311f",0,0,"algal_spot",0.956673,157.024506,96.827087,503.790436,585.291016,346.765930,488.463928,169382.640625
"1bed9bdf-d1cd-4de2-9798-7e256d6f743f",0,1,"brown_eye_spot",0.928448,28.238770,240.029968,599.944885,461.757446,571.706116,221.727478,126762.953125
"1bed9bdf-d1cd-4de2-9798-7e256d6f743f",1,1,"brown_eye_spot",0.797948,125.220367,445.280334,623.193726,639.000000,497.973358,193.719666,96467.234375
"cbb616c3-bf99-4900-a6f7-56001460f0bc",0,1,"brown_eye_spot",0.921966,111.727173,150.600143,605.689392,359.677704,493.962219,209.077560,103276.414063
"2765b3b7-f134-40b8-a1b8-72cbe5e25206",0,4,"phoma",0.970518,65.420044,132.807587,541.487610,508.901978,476.067566,376.094391,179046.343750
"0f4f427a-2679-4e7e-95ad-ccbe868fd238",0,4,"phoma",0.959904,71.458374,100.252701,545.419312,506.046478,473.960938,405.793762,192330.390625
"07a10c54-69b3-4f9c-90a3-48501282efa7",0,4,"phoma",0.959642,89.949692,134.095856,562.804504,537.362305,472.854797,403.266449,190686.468750
"b32c2565-dfdb-480c-94e8-ffe2054a8fff",0,2,"healthy",0.915379,96.351471,101.451111,405.673309,591.836914,309.321838,490.385803,151687.031250
"b32c2565-dfdb-480c-94e8-ffe2054a8fff",1,2,"healthy",0.820241,295.783752,57.894196,639.000000,382.211060,343.216248,324.316864,111310.820313
"4b50814d-e974-4e48-96ae-86294720e956",0,2,"healthy",0.879045,2.474548,154.896194,533.944702,526.713379,531.470154,371.817200,197609.750000
"c11fdf97-6f3e-49f1-be39-da9fd82839d8",0,3,"miner",0.949608,75.306702,209.564987,634.946899,456.234344,559.640198,246.669357,138046.093750
"b3ae7819-4f3c-4643-a8a3-2da60d0b047a",0,0,"algal_spot",0.949030,154.056717,188.568954,450.244019,511.796997,296.187317,323.228027,95736.039063
"0debdab2-2832-43e1-8c81-b438fbad91fb",0,4,"phoma",0.969650,74.904724,84.501328,595.591309,546.386230,520.686584,461.884888,240497.265625
"0f9daaaf-55cc-4f6f-95e9-7bcb61d1258d",0,1,"brown_eye_spot",0.733979,78.768463,180.967178,394.491699,637.236084,315.723236,456.268921,144054.703125
"0f9daaaf-55cc-4f6f-95e9-7bcb61d1258d",1,0,"algal_spot",0.251050,78.768463,180.967178,394.491699,637.236084,315.723236,456.268921,144054.703125
"b3340b78-9dca-4cd4-aea7-864ae4ca53fb",0,0,"algal_spot",0.958901,172.687973,62.337128,542.830444,478.427856,370.142456,416.090729,154012.843750
"3c9cd028-bafa-4a12-b106-1090b4b378a3",0,3,"miner",0.958812,150.497345,52.912689,487.839783,559.449097,337.342438,506.536407,170876.218750
"eae43f20-6950-4f54-9009-047a658a9d83",0,2,"healthy",0.938691,167.801849,98.528351,463.178589,637.282227,295.376740,538.753906,159135.375000
"eae43f20-6950-4f54-9009-047a658a9d83",1,2,"healthy",0.714769,0.614700,63.033310,232.098267,553.741089,231.483566,490.707764,113590.781250
"eae43f20-6950-4f54-9009-047a658a9d83",2,2,"healthy",0.695663,479.001099,113.849152,638.548706,614.287231,159.547607,500.438080,79843.695313
"8e838583-aacf-4c31-8b44-12714a796dc0",0,0,"algal_spot",0.956846,154.395142,360.153320,386.684204,608.526489,232.289063,248.373169,57694.371094
"8e838583-aacf-4c31-8b44-12714a796dc0",1,0,"algal_spot",0.953426,300.715759,55.784546,508.565338,286.943146,207.849579,231.158600,48046.218750
"3e98adc7-93f8-4147-8a19-798939bebf68",0,0,"algal_spot",0.946966,13.818100,247.516449,338.992004,410.285614,325.173889,162.769165,52928.281250
"3e98adc7-93f8-4147-8a19-798939bebf68",1,0,"algal_spot",0.913285,356.170868,213.703079,590.498352,452.219360,234.327484,238.516281,55890.921875
"3e98adc7-93f8-4147-8a19-798939bebf68",2,0,"algal_spot",0.847210,0.209785,478.714508,155.186752,639.000000,154.976959,160.285492,24840.558594
"37517940-456e-4dc3-a11d-6933006d39fb",0,0,"algal_spot",0.948751,69.245102,85.939850,470.658142,393.650513,401.413025,307.710663,123519.070313
"4214c844-5ae1-41d4-aecf-b84fffb777ae",0,5,"powdery_mildew",0.971951,124.283752,246.379089,633.402893,489.382629,509.119141,243.003540,123717.750000
"4214c844-5ae1-41d4-aecf-b84fffb777ae",1,3,"miner",0.377481,75.719849,0.000000,478.924255,72.615097,403.204407,72.615097,29278.726563
"1b642f02-5759-464e-bf72-a1bad0b6c0eb",0,4,"phoma",0.967228,38.651550,151.075745,561.412415,565.948853,522.760864,414.873108,216879.421875
"46f2cdd5-67d6-4577-a8c8-90c32e063305",0,3,"miner",0.905027,216.053925,125.653595,506.994995,449.307739,290.941071,323.654144,94164.281250
"abcef5b2-8640-4a93-9fb0-ebe13fc71a9c",0,1,"brown_eye_spot",0.962267,221.178284,99.239471,516.306335,579.129578,295.128052,479.890106,141629.031250
"61275be8-9233-433e-84fc-e429607a8949",0,4,"phoma",0.970134,95.570877,94.273651,568.538696,508.075348,472.967834,413.801697,195714.890625
"39bd413e-ebad-4342-b109-55748defd620",0,1,"brown_eye_spot",0.937931,32.143127,218.679535,619.290771,468.272858,587.147644,249.593323,146548.125000
"894aa28b-82a5-4b00-b598-17104b074429",0,3,"miner",0.943758,126.636200,179.389404,475.097229,539.552429,348.461029,360.163025,125502.781250
"261ad2f6-51f4-45b3-87d5-774e0be12d6a",0,2,"healthy",0.904319,82.060013,108.727478,562.838440,517.864868,480.778442,409.137390,196704.437500
"1a30d31e-6f5d-470c-bfee-b7ad67f31806",0,3,"miner",0.951530,131.866562,72.736816,529.840027,523.934265,397.973450,451.197449,179564.609375
"43e77c01-7825-4bd2-b6c4-d262af75e9f8",0,3,"miner",0.950356,48.609924,206.842102,610.305298,422.859009,561.695374,216.016907,121335.695313
"8885184a-f388-4c88-9370-f8e034485b7b",0,1,"brown_eye_spot",0.943380,140.656937,146.710052,541.307251,488.870056,400.650330,342.160004,137086.515625
"3c656196-7e56-454c-8073-1df4c1c4e133",0,1,"brown_eye_spot",0.706134,145.203033,109.297729,404.008789,499.331421,258.805756,390.033691,100942.960938
"d4593b3b-b86a-4b9b-a485-772fe64096fc",0,1,"brown_eye_spot",0.956718,85.711365,157.124603,432.019531,638.660828,346.308167,481.536224,166759.921875
"21d2c946-32d3-4ea1-b35f-d8761e80ca74",0,4,"phoma",0.977307,135.308258,154.853333,553.049866,509.550171,417.741608,354.696838,148171.625000
"2988d0c8-86e6-485b-bb57-f47c0b411c2d",0,2,"healthy",0.947008,159.956253,7.551331,449.866272,621.032349,289.910034,613.481018,177854.296875
"2988d0c8-86e6-485b-bb57-f47c0b411c2d",1,2,"healthy",0.691570,2.288513,28.910339,248.014801,493.182861,245.726288,464.272522,114083.960938
"44daa62a-c0a6-4e95-941e-52af10e1f909",0,3,"miner",0.962376,60.611267,162.107544,554.234375,424.405731,493.623108,262.298187,129476.445313
"5fb36991-fb3a-460b-855b-74c31510ea5e",0,3,"miner",0.948661,6.935059,224.117661,612.735291,470.410156,605.800232,246.292496,149204.046875
"0e3bb9f6-e82a-4a79-9cd3-9414dcf1a959",0,0,"algal_spot",0.960132,275.894226,98.281418,539.629456,405.133057,263.735229,306.851624,80927.585938
"aec241f9-7053-499b-a8f1-82ac2f57fe40",0,4,"phoma",0.970205,85.470673,113.149780,564.688965,526.018555,479.218292,412.868774,197854.265625
"7f866e9f-fdcf-4f13-b138-a9d1080ca9b0",0,3,"miner",0.918784,274.020142,100.974487,428.621460,639.000000,154.601318,538.025513,83179.453125
"6a35fe71-3adf-4003-9a0b-81fc4a4b1271",0,1,"brown_eye_spot",0.942068,123.382324,8.987289,486.771423,552.178528,363.389099,543.191223,197389.765625
"1c629fec-5f76-4b2c-9117-b0fc65d82501",0,2,"healthy",0.959574,42.839905,85.299927,608.370972,574.648560,565.531067,489.348633,276741.843750
"b79bea53-57e1-4e1b-b457-9a7d9e32d126",0,3,"miner",0.945933,74.578857,180.437103,617.102722,419.007507,542.523865,238.570404,129430.140625
"fd474df8-28bb-4378-bdd2-b06bf743c081",0,3,"miner",0.727118,121.627167,14.993408,450.054871,536.512573,328.427704,521.519165,171281.343750
"32652cd4-c8f0-45bc-8159-2e7bb0ed604a",0,3,"miner",0.917784,152.999878,158.101074,406.676910,509.977570,253.677032,351.876495,89262.984375
"85663aa4-eea5-4d7f-b647-31865942430a",0,1,"brown_eye_spot",0.955755,69.482910,76.252472,412.886230,501.268433,343.403320,425.015961,145951.890625
"85663aa4-eea5-4d7f-b647-31865942430a",1,1,"brown_eye_spot",0.455460,311.838989,1.934761,639.000000,216.007675,327.161011,214.072906,70036.304688
"93466f3a-d7b9-492f-983b-dc5989e3654f",0,2,"healthy",0.969542,91.561981,126.542297,592.661743,509.701935,501.099762,383.159637,192001.203125
"06eae4dd-8007-4625-8606-6b8ecf2e8980",0,4,"phoma",0.581747,71.049820,85.593811,551.922974,510.890625,480.873169,425.296814,204513.828125
"62d1ebd6-0da6-4bfe-89b4-e4a7cbe2b764",0,2,"healthy",0.968499,53.422241,88.583099,607.393921,531.220093,553.971680,442.636993,245208.359375
"98fb0580-070d-4cda-ac2b-d1739c04e913",0,2,"healthy",0.949046,154.843933,136.933670,412.488190,578.844543,257.644257,441.910889,113855.804688
"98fb0580-070d-4cda-ac2b-d1739c04e913",1,2,"healthy",0.616650,0.955231,173.071381,140.501297,575.225342,139.546066,402.153961,56119.003906
"98fb0580-070d-4cda-ac2b-d1739c04e913",2,2,"healthy",0.288131,0.000000,0.168198,372.605286,96.945984,372.605286,96.777786,36059.914063
"98fb0580-070d-4cda-ac2b-d1739c04e913",3,2,"healthy",0.281367,239.158813,532.769775,602.618347,639.000000,363.459534,106.230225,38610.386719
"0fed681b-173d-4469-b8cd-4c5d79355432",0,2,"healthy",0.941995,167.977448,74.462326,497.179291,638.726074,329.201843,564.263733,185756.656250
"7947dc56-d351-49e1-b117-f3e05b61d264",0,4,"phoma",0.967484,79.552490,122.328217,574.749146,529.685303,495.196655,407.357086,201721.859375
"60d6b240-e2fb-46d3-81d8-1e6010fbabf4",0,0,"algal_spot",0.947026,45.031342,268.188904,517.395691,565.398560,472.364349,297.209656,140391.250000
"f354033c-9862-4ac6-9991-f5d30c8f4146",0,1,"brown_eye_spot",0.892747,124.913589,121.870255,534.070801,468.346863,409.157227,346.476624,141763.421875
"45afff2b-bca1-453d-822c-7d0913c5f8ae",0,0,"algal_spot",0.961430,30.570099,142.574921,639.000000,430.762329,608.429932,288.187408,175341.843750
"04085121-3574-4e42-8a9e-0eb850e91548",0,4,"phoma",0.963161,103.693283,116.806488,547.202393,523.262695,443.509094,406.456207,180267.031250
"5f4bd726-6d08-47e1-8078-298459b311d7",0,0,"algal_spot",0.951130,207.525787,171.664902,483.709900,544.229248,276.184113,372.564331,102896.351563
"5f4bd726-6d08-47e1-8078-298459b311d7",1,0,"algal_spot",0.250348,120.731094,0.000000,423.545319,122.987930,302.814209,122.987930,37242.492188
"20f1da7d-7143-4339-9863-b01c2f75ebed",0,1,"brown_eye_spot",0.941280,76.719543,206.431839,572.240234,516.619019,495.520691,310.187195,153704.171875
"da82be4e-86c7-428a-b3ee-89e3627ac653",0,4,"phoma",0.953064,123.262497,115.042175,389.739777,560.830383,266.477295,445.788208,118792.437500
"05a5ba6e-a540-4c86-a95f-828d8fd7c5d0",0,4,"phoma",0.964236,60.210449,122.211456,576.993164,504.699402,516.782715,382.487946,197663.156250
"d63b3774-0a28-4917-8cab-afd91260dbd0",0,4,"phoma",0.963073,78.409424,79.768555,578.695313,536.442932,500.285889,456.674377,228467.750000
"1e9b1a51-fd3b-4f73-a96f-3ab7e9a25489",0,3,"miner",0.960741,56.493469,59.461884,571.025574,528.007690,514.532104,468.545807,241081.859375
"14236e7e-7c12-4626-83ba-6ad1eb2cfdb4",0,0,"algal_spot",0.957803,112.371765,120.404083,393.464813,475.339478,281.093048,354.935394,99769.875000
"14236e7e-7c12-4626-83ba-6ad1eb2cfdb4",1,4,"phoma",0.852879,408.955688,17.103317,639.000000,338.604706,230.044312,321.501404,73959.570313
"d51654df-1c92-4dd0-9d71-5662217d9ddc",0,3,"miner",0.945465,85.240768,4.028564,512.637695,609.748962,427.396912,605.720398,258883.031250
"209ade40-8897-4542-8ebc-8eee776cd775",0,0,"algal_spot",0.949949,206.340454,189.911682,452.161224,476.368958,245.820770,286.457275,70417.148438
"cb44b7a1-cc62-473d-a02c-e4b75de9ab47",0,0,"algal_spot",0.959277,98.054810,135.155792,545.380554,482.359924,447.325745,347.204132,155313.343750
"369f0580-3e76-42b7-acc2-6aecc87b56de",0,3,"miner",0.950955,210.532928,42.225052,447.494873,524.011597,236.961945,481.786560,114165.078125
"345f85bb-3546-49b7-b8f7-ce5255352dd6",0,1,"brown_eye_spot",0.943688,134.591156,55.096542,448.144165,606.580322,313.553009,551.483765,172919.390625
"99c74dc9-298a-4bf0-b3a2-0a247b00a465",0,0,"algal_spot",0.951442,189.187561,159.110168,435.244751,448.895538,246.057190,289.785370,71303.773438
"5e86d47c-5967-4c8f-920a-2ccd062ff4c7",0,2,"healthy",0.961564,28.714966,81.099411,625.217590,538.475525,596.502625,457.376099,272826.031250
"078828c4-5937-4f8b-9d1c-3e00453acd03",0,0,"algal_spot",0.958356,44.279175,168.003113,609.477905,477.192322,565.198730,309.189209,174753.343750
"6b3a42cf-e705-44eb-bebd-2c4fb5950390",0,1,"brown_eye_spot",0.952681,128.983612,38.814941,512.411133,583.928467,383.427521,545.113525,209011.531250
"24645332-bab4-4fa0-a91a-8abdf29a4225",0,3,"miner",0.964985,185.420898,56.303314,494.593933,579.418640,309.173035,523.115356,161733.156250
"889804fa-a411-4e29-b3a3-5eb93260354f",0,4,"phoma",0.972695,123.967392,107.914398,511.122681,507.107788,387.155273,399.193390,154549.828125
"da010e39-c88d-422c-a173-348f90acccad",0,4,"phoma",0.969177,67.671158,78.728210,529.755798,610.491577,462.084656,531.763367,245719.687500
"1233a802-b344-4785-a443-fd0a6cbb74da",0,3,"miner",0.947932,101.262360,186.201752,484.451477,449.588501,383.189117,263.386749,100926.937500
"53241759-35b6-444d-a691-49047907ce22",0,0,"algal_spot",0.964595,29.487183,206.128616,623.369568,497.082855,593.882385,290.954224,172792.593750
"94f6886d-92fc-47b4-ab1f-90977780f65e",0,0,"algal_spot",0.945121,98.408981,115.545929,400.437012,524.941833,302.028015,409.395905,123649.031250
"6045fe20-1c2e-49c7-8e66-e355a97a63d6",0,0,"algal_spot",0.967254,134.963043,159.542542,572.650269,519.503723,437.687225,359.961182,157550.406250
"a887feda-1317-474d-908c-ed57105c9505",0,4,"phoma",0.968895,78.743774,126.785278,571.221497,552.837830,492.477722,426.052551,209821.390625
"12c9624a-1289-45e7-9dcd-c9366576f980",0,5,"powdery_mildew",0.964620,70.870270,123.472931,514.836426,482.614960,443.966156,359.142029,159446.906250
"e82ea375-b975-4153-896b-c5ad8ea55e4e",0,1,"brown_eye_spot",0.939686,100.144836,80.548767,465.893433,605.068237,365.748596,524.519470,191842.265625
"c57b624a-bfd6-4571-bd37-5e8c08ea7834",0,4,"phoma",0.967691,149.532074,176.383682,505.429230,457.224976,355.897156,280.841309,99950.625000
"6ca7df08-7d87-49b9-9069-2a31561fd8f6",0,0,"algal_spot",0.959736,170.887421,132.683594,515.022522,556.019653,344.135101,423.336060,145684.796875
"148ec06e-8030-4c56-bcd4-ae815796f0dc",0,3,"miner",0.938152,65.432556,72.697815,639.000000,459.617859,573.567444,386.920044,221924.734375
"a313042e-fa27-4347-8e0c-bad5cdab319d",0,2,"healthy",0.950679,191.114594,102.115799,560.211121,639.000000,369.096527,536.884216,198162.093750
"1272e1aa-9acf-44b0-985b-2a2d9c226df7",0,3,"miner",0.949481,37.652466,144.556656,529.304932,437.216492,491.652466,292.659851,143886.937500
"08ddd49f-626a-474e-8810-f1283e7b495d",0,2,"healthy",0.901144,190.921799,41.977386,496.095154,599.014587,305.173340,557.037231,169992.906250
"08ddd49f-626a-474e-8810-f1283e7b495d",1,2,"healthy",0.303325,357.186157,0.000000,639.000000,409.092010,281.813843,409.092010,115287.789063
"5f5fb213-43cf-4707-8a75-0eec0ea36c04",0,2,"healthy",0.963516,37.027374,95.194733,558.900208,551.671448,521.872803,456.476715,238222.781250
"afce4436-23b4-4c05-a59b-96707dcbcb64",0,3,"miner",0.940983,249.216522,183.252716,473.500061,478.387939,224.283539,295.135223,66193.968750
"16130b58-4039-4f18-9fee-480d2a9e6bf3",0,1,"brown_eye_spot",0.955176,97.659821,28.556274,433.231812,575.067749,335.571991,546.511475,183393.937500
"04fe4a40-a1d3-4ebd-9ef4-fe77dc078131",0,0,"algal_spot",0.967934,125.959106,120.015472,629.668457,495.349243,503.709351,375.333771,189059.125000
"346965d3-eb48-4eed-99f5-3cf1c52e9ac8",0,0,"algal_spot",0.959903,152.287903,178.524475,492.327484,615.699585,340.039581,437.175110,148656.843750
"a3d65163-5494-4b90-980d-ab2ff8cf7562",0,3,"miner",0.956076,61.788528,102.882568,493.550110,584.208862,431.761597,481.326294,207818.203125
"fe453601-aeab-4124-b330-fa37b586b1ba",0,4,"phoma",0.971933,81.199677,90.796173,597.880127,567.549133,516.680420,476.752960,246328.921875
"7f5a4d23-d52b-49de-aff6-a955d75032bf",0,2,"healthy",0.963274,53.704422,12.121658,452.467133,639.000000,398.762695,626.878357,249975.703125
"7f5a4d23-d52b-49de-aff6-a955d75032bf",1,2,"healthy",0.635915,222.309982,0.000000,638.259155,297.306335,415.949158,297.306335,123664.320313
"7f5a4d23-d52b-49de-aff6-a955d75032bf",2,2,"healthy",0.470384,1.018055,6.775116,110.562317,457.355713,109.544266,450.580597,49358.519531
"09879e42-e664-4fd3-842f-898c4a3bd4b6",0,4,"phoma",0.963762,80.548035,146.601486,552.404968,497.876953,471.856934,351.275452,165751.750000
"f2cd2357-2d9f-4372-8d3c-49cddaa1ec1c",0,1,"brown_eye_spot",0.912904,203.328125,245.830582,553.175537,578.992554,349.847412,333.161987,116555.859375
"72790bda-a063-4d73-8fa5-40166ea037ef",0,3,"miner",0.955421,137.762955,49.870575,474.338440,528.379028,336.575500,478.508453,161054.218750
"b8053f70-9e73-43c0-95dc-af228c28abb4",0,1,"brown_eye_spot",0.940680,161.826660,117.646118,483.747528,488.717194,321.920868,371.071075,119455.523438
"46fa4d6c-79c4-4568-8150-3b2e776a0273",0,1,"brown_eye_spot",0.954864,87.775818,104.936386,378.286133,541.145874,290.510315,436.209473,126723.351563
"257a17fc-c802-462a-844f-2b38a19c7466",0,2,"healthy",0.959657,93.772614,134.979141,586.969177,518.690796,493.196564,383.711670,189245.281250
"1361d80d-08b0-4b82-bcc6-a4a89c15dfb7",0,4,"phoma",0.915074,87.708313,171.412369,582.606506,486.203033,494.898193,314.790649,155789.328125
"20962b08-228a-4b31-9acc-8b191dbbf1f2",0,0,"algal_spot",0.950830,71.161972,238.664749,527.006592,472.415039,455.844604,233.750290,106553.804688
"20962b08-228a-4b31-9acc-8b191dbbf1f2",1,0,"algal_spot",0.900602,236.515259,37.152786,567.806641,170.001221,331.291382,132.848434,44011.542969
"20962b08-228a-4b31-9acc-8b191dbbf1f2",2,0,"algal_spot",0.516116,541.223999,520.159607,639.000000,639.000000,97.776001,118.840393,11619.738281
"4251303c-f533-4a54-914e-f81c1ec93a1f",0,2,"healthy",0.668127,86.112305,114.694824,610.331665,553.579346,524.219360,438.884521,230071.765625
"4251303c-f533-4a54-914e-f81c1ec93a1f",1,4,"phoma",0.537172,86.112305,114.694824,610.331665,553.579346,524.219360,438.884521,230071.765625
"3016ec5c-b25a-488a-be5f-8016d6070c5d",0,0,"algal_spot",0.547821,69.946838,103.370270,629.373901,373.675720,559.427063,270.305450,151216.187500
"3016ec5c-b25a-488a-be5f-8016d6070c5d",1,1,"brown_eye_spot",0.544193,69.946838,103.370270,629.373901,373.675720,559.427063,270.305450,151216.187500
"d6ac0e5f-b335-46c4-8216-e04be8f5b3d9",0,0,"algal_spot",0.969624,127.752289,134.305984,567.697571,541.508789,439.945282,407.202820,179146.953125
"37684987-0b65-4ad7-8b27-70ad78875039",0,3,"miner",0.856537,86.651642,106.317734,423.295502,547.406799,336.643860,441.089050,148489.921875
"5630a968-e745-4410-ab1d-bbaf4d8cb78c",0,4,"phoma",0.966538,54.082520,145.035767,583.200073,536.616577,529.117554,391.580811,207192.281250
"78f9f9cf-6c5d-4021-8dc0-9b31cdfe07be",0,1,"brown_eye_spot",0.955762,134.814972,25.052765,537.017761,592.342773,402.202789,567.290039,228165.640625
"ced74921-b32c-4e4f-a7d1-6c5b7115ccaf",0,1,"brown_eye_spot",0.958393,148.867676,113.685303,545.320923,604.793640,396.453247,491.108337,194701.500000
"3ee1d583-77a2-4b67-9512-c53518177869",0,4,"phoma",0.967954,76.290100,136.017151,591.667969,528.688049,515.377869,392.670898,202373.890625
"ccee2fce-1ff4-46a7-9ba8-b255359cc94d",0,3,"miner",0.745825,267.469727,74.190216,441.926941,473.786774,174.457214,399.596558,69712.500000
"569ac4f5-ad3b-41f3-a1ca-b378865bc048",0,1,"brown_eye_spot",0.843520,90.204453,107.010925,566.856995,567.592773,476.652527,460.581848,219537.500000
"dc51d7c1-9e7c-4c7c-9010-18d9642fc5a6",0,4,"phoma",0.965549,118.025131,114.993042,568.241638,547.301086,450.216492,432.308044,194632.218750
"041f0fcc-23c3-4852-9b95-95860d17272f",0,1,"brown_eye_spot",0.936978,60.350189,173.892578,612.431274,399.789520,552.081055,225.896942,124713.421875
"041f0fcc-23c3-4852-9b95-95860d17272f",1,1,"brown_eye_spot",0.365743,198.944809,388.151764,639.000000,639.000000,440.055176,250.848236,110387.062500
"f27311dc-0133-4d39-b8cd-7fa9a0286c69",0,3,"miner",0.949435,275.368835,51.971756,470.694611,546.056091,195.325775,494.084351,96507.406250
"a48f20ba-58bf-444b-b18f-c3bc89926f39",0,0,"algal_spot",0.950973,107.173676,96.112915,564.259399,489.819000,457.085724,393.706085,179957.437500
"5a008e71-0920-425d-a7e0-3dc30c796ea4",0,3,"miner",0.934416,46.348724,223.727386,481.308899,516.943359,434.960175,293.215973,127537.273438
"852b7ff3-f360-4ac4-8081-3076bb62d080",0,3,"miner",0.808385,189.865067,198.057831,549.865234,632.984009,360.000183,434.926178,156573.500000
"f47a0e14-5f86-4d46-8c78-6e8edae7d9e1",0,3,"miner",0.945215,143.558563,178.395294,560.781860,500.497253,417.223297,322.101959,134388.437500
"24b2404e-506e-4000-8fa8-6f223c032ad2",0,2,"healthy",0.964536,50.558472,70.546219,591.855713,535.680664,541.297241,465.134460,251776.000000
"df2c3017-5e99-489b-a127-5849d8481924",0,0,"algal_spot",0.967617,117.700928,77.633041,450.134491,567.867920,332.433563,490.234863,162970.515625
"3ecdab01-f8ac-4817-9575-dba642f621bf",0,5,"powdery_mildew",0.953058,125.904602,233.662979,505.486938,466.008240,379.582336,232.345261,88194.156250
"3ecdab01-f8ac-4817-9575-dba642f621bf",1,5,"powdery_mildew",0.932479,96.365654,0.540138,270.567841,164.261002,174.202179,163.720856,28520.529297
"3ecdab01-f8ac-4817-9575-dba642f621bf",2,5,"powdery_mildew",0.890598,489.661041,216.261627,639.000000,421.807068,149.338959,205.545441,30695.941406
"3ecdab01-f8ac-4817-9575-dba642f621bf",3,5,"powdery_mildew",0.584831,108.386169,434.161072,378.264893,638.174500,269.878723,204.013428,55058.882813
"3ecdab01-f8ac-4817-9575-dba642f621bf",4,5,"powdery_mildew",0.368003,0.000000,308.873352,122.213364,639.000000,122.213364,330.126648,40345.886719
"3ecdab01-f8ac-4817-9575-dba642f621bf",5,5,"powdery_mildew",0.348344,0.892124,54.831116,95.449806,196.506683,94.557678,141.675568,13396.512695
"cae93b0a-63da-49aa-8b50-b5c3b11c640f",0,2,"healthy",0.961258,177.122681,103.839691,426.974243,598.723328,249.851563,494.883636,123647.453125
"cae93b0a-63da-49aa-8b50-b5c3b11c640f",1,2,"healthy",0.864750,366.945190,112.363251,639.000000,423.122742,272.054810,310.759491,84543.617188
"4ff78ca6-84bf-4bea-83bb-516e93270086",0,3,"miner",0.949094,106.328201,137.945709,550.014038,389.582458,443.685852,251.636749,111647.664063
"4c174944-235e-4d3b-86ee-8dddc5f5427e",0,1,"brown_eye_spot",0.934360,198.890518,87.742035,490.090942,420.010315,291.200439,332.268280,96756.671875
"32532fee-101c-4daa-a870-0ff00ccde477",0,0,"algal_spot",0.969547,60.812393,171.742584,609.918518,479.840729,549.106140,308.098145,169178.578125
"ea21a07d-d645-49a0-b8e0-844ca48988fb",0,3,"miner",0.947762,77.208755,164.381744,473.822876,523.212524,396.614136,358.830780,142317.359375
"372a6df3-de13-427f-ae09-a4ea9884e929",0,1,"brown_eye_spot",0.969038,240.780334,171.703522,564.884705,425.520996,324.104370,253.817474,82263.351563
"372a6df3-de13-427f-ae09-a4ea9884e929",1,1,"brown_eye_spot",0.945524,40.492538,187.036591,214.775681,473.968231,174.283142,286.931641,50007.347656
"3d9ff2a8-927b-41fe-a505-8e72e0b6b0cf",0,5,"powdery_mildew",0.954942,70.868195,160.864456,541.761841,610.819031,470.893646,449.954590,211880.750000
"aefa52f3-8383-481a-9cbb-1ae9c53e8ac8",0,3,"miner",0.967380,91.910583,167.918320,412.625580,571.820740,320.714996,403.902405,129537.554688
"befbd88e-5828-4865-93a3-4b9039837207",0,0,"algal_spot",0.964836,121.549866,102.163040,478.660431,530.634766,357.110565,428.471741,153011.781250
"ca6a5933-5588-47cd-8a0f-398c9fb1864e",0,4,"phoma",0.964990,60.352356,156.081299,573.980713,531.812622,513.628357,375.731323,192986.265625
"fc6a4998-14b6-4414-ac71-9a7ee6f85515",0,1,"brown_eye_spot",0.963616,36.715332,148.823486,535.031677,521.773621,498.316345,372.950134,185847.140625
"7fbd3d94-d7fc-41e6-837c-b9cf1f5ad64c",0,4,"phoma",0.967867,37.355621,172.506592,600.623657,513.983398,563.268066,341.476807,192342.984375
"28cef2f3-3777-41e7-b2b1-404d764e81f2",0,1,"brown_eye_spot",0.961357,3.734009,95.814835,543.472473,578.749695,539.738464,482.934875,260658.531250
"26f3f82b-692f-4758-a49d-ec3a8b8c6681",0,4,"phoma",0.967570,121.489166,133.421875,585.978516,552.437317,464.489349,419.015442,194628.203125
"87166d91-530e-4a40-a49f-7bde13258a58",0,2,"healthy",0.961942,17.081390,97.371643,604.032654,570.728027,586.951294,473.356384,277837.156250
"89a1c0b9-7cca-4686-a094-33fbaec50376",0,1,"brown_eye_spot",0.967737,151.546707,63.784210,366.856384,639.000000,215.309677,575.215820,123849.531250
"3d05bc6a-2d24-48bb-bc50-a8d393f78e2a",0,4,"phoma",0.918956,89.183243,174.779327,581.426147,483.091217,492.242920,308.311890,151764.343750
"4b0c1ede-2d67-4d11-8aea-7cdbae576dba",0,1,"brown_eye_spot",0.947273,161.901062,132.441940,533.712219,527.227966,371.811157,394.786011,146785.843750
"0bcc8284-150a-4943-ba3f-9629a8c74b3e",0,3,"miner",0.951090,127.164383,72.685333,539.764160,586.772400,412.599792,514.087036,212112.203125
"ccfe891a-732f-448e-8aad-d8c11628f8ae",0,1,"brown_eye_spot",0.953050,170.018951,98.699127,479.930115,465.335205,309.911163,366.636078,113624.617188
"ce2fd2cb-6f92-45f0-8ac9-d87ba7882bee",0,4,"phoma",0.965191,100.996338,127.923218,555.234009,509.950745,454.237671,382.027527,173531.296875
"574f30f1-7cd8-4706-9f1f-656cc79a9234",0,2,"healthy",0.955516,58.933105,85.751816,598.903320,546.225220,539.970215,460.473389,248641.921875
"c0867a68-603f-4133-b49a-49d9695a9c9f",0,0,"algal_spot",0.952522,147.452179,205.412445,564.355591,402.693481,416.903412,197.281036,82247.140625
"c0867a68-603f-4133-b49a-49d9695a9c9f",1,4,"phoma",0.946739,90.372986,457.005890,538.888672,639.000000,448.515686,181.994110,81627.210938
"eb09b8df-8881-45e6-8f8e-c5be91ff4898",0,3,"miner",0.954398,176.145325,103.664185,504.105469,584.513306,327.960144,480.849121,157699.343750
"d0bfaccb-f94a-46b8-8cff-7e5185a6157d",0,2,"healthy",0.963908,30.564026,100.162537,590.881836,550.805054,560.317810,450.642517,252503.031250
"312bcf45-181f-4f5b-aca0-220672a196f5",0,0,"algal_spot",0.938915,325.996155,273.021118,584.240723,542.974670,258.244568,269.953552,69714.039063
"312bcf45-181f-4f5b-aca0-220672a196f5",1,0,"algal_spot",0.920601,27.047836,126.865181,470.849365,297.158844,443.801514,170.293671,75576.585938
"8ef2bd84-e85a-45cb-9137-4837c7edb8a4",0,3,"miner",0.932770,64.042114,130.335938,630.266296,413.834961,566.224182,283.499023,160524.000000
"a3d2107e-aaa2-49a3-b6f5-2bb8637a3b0a",0,1,"brown_eye_spot",0.964847,94.637268,44.415894,439.549500,565.315491,344.912231,520.899597,179664.640625
"f9d31b31-a322-48d1-acec-3e5c21621634",0,4,"phoma",0.969361,79.676346,105.879532,535.653198,469.579163,455.976868,363.699646,165838.625000
"bf0a3346-e53c-412c-927e-ae3b06ce6d68",0,3,"miner",0.959255,140.035187,92.957245,542.487061,501.479218,402.451874,408.521973,164410.437500
"64d43d39-b1a7-4f96-b5be-fb24acba2234",0,1,"brown_eye_spot",0.884734,50.718918,217.052917,455.306580,496.920746,404.587646,279.867828,113231.062500
"7f7a9fbe-5f95-4e55-a7d2-eb20bfc1b574",0,4,"phoma",0.962717,45.241455,151.206207,574.408997,508.835144,529.167542,357.628937,189245.625000
"2fe093eb-1a31-4fd3-bdf3-89683265da56",0,3,"miner",0.912231,199.059387,115.514679,498.571228,532.299011,299.511841,416.784332,124831.843750
"7a8dc01e-94ec-4102-9cf1-c310a06aea78",0,0,"algal_spot",0.895440,60.900269,194.973969,528.753784,464.604797,467.853516,269.630829,126147.734375
"b2bee750-53cb-411f-a789-f8b0da184cc0",0,1,"brown_eye_spot",0.948574,109.046204,104.293243,558.101563,483.129089,449.055359,378.835846,170118.265625
"fd04edc4-7ba1-47a6-ae80-efbdc7373715",0,1,"brown_eye_spot",0.862649,50.561829,191.530655,629.208679,542.935303,578.646851,351.404663,203339.203125
"a896248f-f4ab-4a75-a3fd-17eaa6e07f0a",0,2,"healthy",0.931981,113.022614,55.352112,503.177551,568.069458,390.154938,512.717346,200039.203125
"a896248f-f4ab-4a75-a3fd-17eaa6e07f0a",1,2,"healthy",0.736479,0.000000,27.369263,164.454025,555.816040,164.454025,528.446777,86905.203125
"a896248f-f4ab-4a75-a3fd-17eaa6e07f0a",2,2,"healthy",0.402241,330.246826,0.000000,639.000000,509.856567,308.753174,509.856567,157419.828125
"fd3e08f2-17aa-49ee-b5f0-603e2fb7882b",0,2,"healthy",0.946390,103.109848,1.659119,500.966187,612.300049,397.856323,610.640930,242947.359375
"7f8b77d1-7525-47b7-b434-c77ac32bbcdb",0,1,"brown_eye_spot",0.964174,154.199188,64.609589,476.431732,610.766968,322.232544,546.157349,175989.671875
"3bcf19bd-f2b2-4a1f-9bc9-d31795ae669e",0,4,"phoma",0.971246,24.397980,91.318893,597.874146,543.116089,573.476196,451.797180,259094.921875
"cc5e84ba-6065-42b3-8270-dbe079f1f294",0,3,"miner",0.971294,110.915298,79.415802,448.043701,542.342529,337.128418,462.926727,156065.750000
"c8e638a5-6dca-452c-ac17-4f1ea3ae4e3e",0,2,"healthy",0.966174,42.747437,102.109253,605.902954,527.644836,563.155518,425.535583,239642.718750
"387c6506-f012-4ac6-ad0f-f9bd9026f5d7",0,1,"brown_eye_spot",0.965135,90.308029,147.379456,639.000000,388.962402,548.691956,241.582947,132554.625000
"fb763766-e0c6-4cd1-a544-98ae55df9b55",0,1,"brown_eye_spot",0.932861,84.939041,163.055969,596.450989,391.951965,511.511963,228.895996,117083.039063
"f0fbea60-8f55-46cf-b5f9-28875a4e0cfc",0,0,"algal_spot",0.955195,82.267883,185.102432,509.618317,409.116882,427.350433,224.014450,95732.671875
"75c3a4b6-5157-462d-bcf6-2b32225239a7",0,4,"phoma",0.973514,134.606125,155.741379,561.966797,510.266357,427.360657,354.524963,151510.015625
"b255d7bf-1967-46cc-924f-a51093a708c4",0,3,"miner",0.914453,156.912857,208.362579,531.256226,406.904816,374.343384,198.542236,74322.968750
"77fcc8fd-ea90-4679-8c85-def9fe8ef2d9",0,5,"powdery_mildew",0.946864,74.177582,28.709839,573.159973,549.223450,498.982391,520.513611,259727.125000
"f5d6aa9e-91b1-44b7-a7d5-1207a9a18df6",0,0,"algal_spot",0.949646,141.128662,127.147583,466.269653,540.641418,325.140991,413.493835,134443.796875
"0d4cbd6f-e41b-49b6-b7a6-9715c3893620",0,4,"phoma",0.942667,0.000000,397.995697,373.523987,639.000000,373.523987,241.004303,90020.890625
"0d4cbd6f-e41b-49b6-b7a6-9715c3893620",1,0,"algal_spot",0.942344,139.914307,194.212509,582.204529,416.514465,442.290222,222.301956,98321.984375
"22bc83c5-3ad6-41c6-94bc-a1da4189e006",0,3,"miner",0.946563,89.526855,37.020813,543.380005,573.684937,453.853149,536.664124,243566.703125
"7046a9be-6def-42d4-9a2b-5386e94267fc",0,1,"brown_eye_spot",0.969562,0.000000,180.585266,591.727539,552.922729,591.727539,372.337463,220322.328125
"e775534a-dc44-4678-a49f-d9fb77f0d444",0,1,"brown_eye_spot",0.966930,121.860352,171.969421,531.473145,511.720490,409.612793,339.751068,139166.390625
"302d402b-432e-4e7d-b2ba-f828dfbc1da8",0,3,"miner",0.958151,136.583618,100.928329,465.034088,580.526367,328.450470,479.598022,157524.203125
"2fbb0f78-1451-44f9-85fa-be08cc39d698",0,4,"phoma",0.962498,119.510330,111.157959,521.002258,504.114624,401.491943,392.956665,157768.937500
"061646f8-37a0-4d8a-90fc-5a4c71e7e3e8",0,4,"phoma",0.966457,58.261383,110.397736,568.041260,493.755066,509.779877,383.357330,195427.859375
"5ff12ba3-8855-4e19-b244-eb32b5b6a95f",0,1,"brown_eye_spot",0.949982,169.319214,137.932556,510.515961,564.862427,341.196747,426.929871,145667.078125
"d3b0cda4-2ec5-4aca-b189-517255e66d3c",0,3,"miner",0.952260,83.189285,195.781006,506.995667,546.983704,423.806396,351.202698,148841.953125
"fa833f90-d9c2-46d5-95aa-d6202cb6a43f",0,0,"algal_spot",0.964531,46.226959,46.017426,407.213257,536.254028,360.986298,490.236603,176968.703125
"ea34bc02-62be-4039-893f-2ba92ac5439d",0,4,"phoma",0.961960,76.397858,166.914749,583.488403,552.267212,507.090546,385.352478,195408.593750
"2606d1ad-6bbe-4c7a-b3b7-418a4c33b25f",0,1,"brown_eye_spot",0.949020,123.849121,98.295273,459.381348,560.557007,335.532227,462.261719,155103.703125
"16157a00-8c13-4493-869b-de6f85a20976",0,1,"brown_eye_spot",0.965083,111.452362,78.562561,528.066284,567.963684,416.613922,489.401123,203891.328125
"9ac08d8b-4ce2-41c4-8b18-5dcece9462d2",0,4,"phoma",0.962429,68.353806,134.929108,549.958252,535.177551,481.604431,400.248444,192761.421875
"b9396ee1-9037-485f-8ab4-a8a3704af2d1",0,2,"healthy",0.962372,25.029205,67.458710,598.793091,556.645264,573.763916,489.186554,280677.593750
"955e1bd8-5c4b-469d-ac4f-cea6928f0334",0,1,"brown_eye_spot",0.954450,18.143280,280.534912,619.077637,493.212341,600.934326,212.677429,127805.164063
"3c6bcdc4-ef17-4ba1-b4b2-182f42855a63",0,1,"brown_eye_spot",0.958506,47.112915,131.549683,608.146301,616.139343,561.033386,484.589661,271870.968750
"4529e4a5-5297-40b1-9af4-8cf9c5b0afe3",0,1,"brown_eye_spot",0.957571,145.571198,37.249329,456.426575,575.592285,310.855377,538.342957,167346.796875
"6b07397c-4970-48d0-92ba-22c935c74450",0,1,"brown_eye_spot",0.974683,36.185913,211.282639,630.022705,502.086792,593.836792,290.804138,172690.203125
"6de65b90-6684-4158-bd8b-69d1f7f5f96f",0,3,"miner",0.937219,182.902863,43.846497,598.445435,636.668762,415.542572,592.822266,246342.890625
"41741697-0111-4fdb-b25a-70d9b66d3847",0,1,"brown_eye_spot",0.837075,127.225403,121.315979,529.056763,472.358215,401.831360,351.042236,141059.781250
"c07c6812-44e4-4633-a92b-bde5cd9c4e31",0,2,"healthy",0.959486,91.610504,0.000000,451.525452,639.000000,359.914948,639.000000,229985.656250
"c07c6812-44e4-4633-a92b-bde5cd9c4e31",1,2,"healthy",0.929834,393.799011,51.590820,639.000000,639.000000,245.200989,587.409180,144033.312500
"4f083a36-d9a4-416a-9d0c-9d9b8516baf5",0,4,"phoma",0.972345,61.411270,135.218323,585.069885,537.183594,523.658630,401.965271,210492.578125
"5c66faf1-0ea5-4341-8e35-11a12e323370",0,0,"algal_spot",0.937394,143.422913,181.232010,490.014648,416.314178,346.591736,235.082169,81477.539063
"566b1ac9-30a2-4f62-b148-7e06783c9859",0,4,"phoma",0.966677,144.639313,157.426315,556.521606,491.317627,411.882294,333.891296,137523.906250
"e801a845-b489-4528-b1fb-2da6c7b4ecc1",0,4,"phoma",0.960543,68.384781,19.376709,508.768616,563.013184,440.383850,543.636475,239408.718750
"29a99853-64db-4a23-8643-5ac26461c23d",0,5,"powdery_mildew",0.963394,108.110748,72.762466,556.726257,443.809448,448.615509,371.046997,166457.437500
"33b76816-870c-4c17-aee5-d4ae0181ab1d",0,1,"brown_eye_spot",0.936464,165.754822,97.392639,550.244141,430.582886,384.489319,333.190247,128108.093750
"d5fb694a-6b97-46ba-a9c6-538e6f38424f",0,4,"phoma",0.968134,105.999115,154.876953,567.216431,486.201508,461.217316,331.324554,152812.625000
"2d381857-0507-4d51-8c5e-af2a1c235f7f",0,1,"brown_eye_spot",0.945875,260.033691,295.004303,616.386108,419.948578,356.352417,124.944275,44524.195313
"2d381857-0507-4d51-8c5e-af2a1c235f7f",1,3,"miner",0.944405,145.567535,1.984131,275.879089,215.110641,130.311554,213.126511,27772.847656
"2d381857-0507-4d51-8c5e-af2a1c235f7f",2,3,"miner",0.916077,268.666016,45.980530,480.333496,216.022705,211.667480,170.042175,35992.398438
"879b06ba-216b-45bc-bf32-19c8481adda5",0,4,"phoma",0.953409,60.621048,161.099014,569.304443,510.734375,508.683411,349.635376,177853.718750
"a9086636-fa78-4f76-9b3a-5b3374366911",0,1,"brown_eye_spot",0.952340,272.508148,7.761108,487.213806,587.148499,214.705658,579.387390,124397.750000
"c851b0a1-c7b6-45d7-b4f9-d3c775e73fb4",0,2,"healthy",0.955933,31.120361,101.677002,565.363464,547.016174,534.243103,445.339172,237919.375000
"fe5a251f-5afd-4419-bafc-a3606b0259c8",0,1,"brown_eye_spot",0.967464,111.045837,67.740173,315.107117,389.275574,204.061279,321.535400,65612.921875
"fe5a251f-5afd-4419-bafc-a3606b0259c8",1,1,"brown_eye_spot",0.929244,264.241180,256.936798,575.960449,424.146729,311.719269,167.209930,52122.558594
"106e97ef-0730-4a7d-bc01-794d4a4e9cd1",0,4,"phoma",0.980215,62.656265,78.818222,585.438110,517.993835,522.781860,439.175598,229593.031250
"11752cad-e300-4857-bd8d-ecc451fddc0e",0,4,"phoma",0.972281,84.985657,191.455063,568.798889,543.175354,483.813232,351.720276,170166.921875
"b0afff52-1b00-43d9-8478-dfb591f5fc28",0,1,"brown_eye_spot",0.964182,82.703781,155.513428,594.932251,481.122528,512.228455,325.609100,166786.250000
"950095df-c544-41d2-a1b9-0b1c4ff8cd86",0,0,"algal_spot",0.950249,154.415390,180.654266,435.599487,538.656128,281.184082,358.001862,100664.421875
"a1548b8c-0a5a-41f8-bc7d-152d4000c19d",0,4,"phoma",0.925438,318.054749,270.974335,552.409058,577.416626,234.354309,306.442291,71816.070313
"a1548b8c-0a5a-41f8-bc7d-152d4000c19d",1,4,"phoma",0.920647,119.771255,200.772003,332.725189,454.714447,212.953934,253.942444,54078.042969
"ae6edafb-ce02-402c-b59d-b32532897975",0,0,"algal_spot",0.955971,354.935730,184.701324,591.820313,425.061584,236.884583,240.360260,56937.640625
"ae6edafb-ce02-402c-b59d-b32532897975",1,0,"algal_spot",0.937980,7.391754,231.105682,339.699219,394.406708,332.307465,163.301025,54266.148438
"ae6edafb-ce02-402c-b59d-b32532897975",2,0,"algal_spot",0.840210,0.000000,0.000000,152.415466,166.846069,152.415466,166.846069,25429.921875
"9331b4d2-79c6-4cf1-b099-93920fbe892f",0,1,"brown_eye_spot",0.964617,194.189774,94.975998,474.187927,520.663757,279.998169,425.687744,119191.789063
"4ac33f09-31c7-4179-8ba6-44428ed63001",0,4,"phoma",0.976046,151.799149,163.524597,561.569458,497.871887,409.770325,334.347290,137005.593750
"fd415e2f-198b-4200-9bf8-c2c9ecb499ce",0,4,"phoma",0.804136,26.999695,77.032257,625.139526,578.861145,598.139832,501.828888,300163.843750
"d2f261b8-9eae-4fa6-b2d6-6723a7280f3c",0,3,"miner",0.941681,4.725128,164.674149,574.035767,410.033417,569.310669,245.359268,139685.656250
"60e6c019-0bbd-4cb8-b1b1-bcd4e6e11a7f",0,3,"miner",0.958260,69.895538,196.897034,549.973755,562.661011,480.078217,365.763977,175595.312500
"60e6c019-0bbd-4cb8-b1b1-bcd4e6e11a7f",1,1,"brown_eye_spot",0.845374,2.403168,63.087891,537.756714,233.748260,535.353516,170.660370,91363.632813
"7883d9ba-5f47-438b-be38-1d5b028482f4",0,3,"miner",0.962302,142.977661,108.220154,439.632050,523.026123,296.654388,414.805969,123054.007813
"07b6d57c-9eb5-4c53-aca4-fc8806795322",0,1,"brown_eye_spot",0.971569,122.710358,25.521286,505.114746,482.177765,382.404388,456.656494,174627.453125
"251c6853-8621-46de-b2b2-0d8aca9d44a1",0,4,"phoma",0.957037,84.075485,123.442215,574.458374,528.924561,490.382874,405.482361,198841.609375
"55e1b6f3-47d8-458a-9863-46123deb371b",0,3,"miner",0.947204,134.805405,138.790863,440.455536,531.298706,305.650146,392.507843,119970.078125
"14a90b77-ceb9-4b0c-b116-0166f0c8b99c",0,0,"algal_spot",0.943074,75.774597,44.554092,482.247131,458.923248,406.472534,414.369141,168429.671875
"b953e11c-8bdb-4f2b-b117-bef94cd18f0e",0,5,"powdery_mildew",0.958264,157.473557,386.835022,564.964111,630.974304,407.490540,244.139282,99484.445313
"b953e11c-8bdb-4f2b-b117-bef94cd18f0e",1,5,"powdery_mildew",0.943800,0.000000,199.855835,555.092834,366.568481,555.092834,166.712646,92540.992188
"33c3bf81-5589-44f4-9aef-bf657f926ec3",0,4,"phoma",0.966993,63.550598,139.428345,625.414124,560.695862,561.863525,421.267517,236694.859375
"f99c1958-c2da-4457-aa4d-9b6b94d38535",0,5,"powdery_mildew",0.967524,129.978165,145.175476,587.443665,528.741455,457.465515,383.565979,175468.203125
"3eee8325-5d2e-46eb-911f-a9166a2b4510",0,3,"miner",0.967708,134.602905,37.266602,401.266083,502.931335,266.663177,465.664734,124175.640625
"f872d061-bd30-49f0-9638-fb2f0244ec0a",0,2,"healthy",0.743259,127.587952,57.653351,465.709045,575.241638,338.121094,517.588257,175007.500000
"bce967e7-137f-40d5-9048-9fe354c638ff",0,1,"brown_eye_spot",0.951124,180.802841,146.845642,561.967163,505.425354,381.164307,358.579712,136677.781250
"ea501558-5fef-4a92-a44b-aea3c6e775b1",0,5,"powdery_mildew",0.960359,18.300720,168.065674,615.201538,427.620300,596.900818,259.554626,154928.375000
"9df086ec-ec9c-4fba-8411-6974f887e16c",0,3,"miner",0.910416,10.294067,242.201172,612.172852,444.037659,601.878784,201.836487,121481.101563
"1cc6fcdf-6f7c-44da-910c-c9ad983bd48f",0,3,"miner",0.952022,105.733429,87.984818,482.864166,544.154175,377.130737,456.169373,172035.484375
"f97195a6-e1b5-4aae-9fcc-74f4f42d35ee",0,3,"miner",0.963810,119.875595,164.632324,414.419098,592.777832,294.543518,428.145508,126107.484375
"a7246ae4-befb-4d0f-a845-fb0f6f498ed5",0,3,"miner",0.928099,353.964111,93.287186,545.563965,480.789307,191.599854,387.502136,74245.351563
"c6f84632-1443-45cd-9b5b-dece1391797d",0,2,"healthy",0.966561,0.000000,137.225342,639.000000,543.376343,639.000000,406.151001,259530.484375
"039071d1-12d2-4aaa-afb8-16112fbcef14",0,4,"phoma",0.968922,76.152832,108.956116,600.250244,500.415588,524.097412,391.459473,205162.890625
"cd9e415a-57de-4125-8167-f7a6df4cb622",0,0,"algal_spot",0.954161,29.058716,200.028595,587.286377,511.000732,558.227661,310.972137,173593.250000
"33020733-19cb-4b8e-a99a-d4ab14ce5ccd",0,1,"brown_eye_spot",0.966080,103.314087,146.155396,639.000000,452.265320,535.685913,306.109924,163978.781250
"75b3860c-5d9e-40e0-b853-7436412b0d28",0,3,"miner",0.948084,190.127167,184.001434,578.060791,507.136688,387.933624,323.135254,125355.031250
"fea8c425-6a1f-421e-8043-c6dc316d7828",0,4,"phoma",0.971638,34.828918,124.482346,602.532776,550.917297,567.703857,426.434937,242088.765625
"2ee2e3a9-5c04-4917-b5ba-ac7c16463a55",0,1,"brown_eye_spot",0.967401,101.153793,61.850037,501.270386,613.705200,400.116577,551.855164,220806.406250
"3def572c-103b-4aab-8ed9-dd6533964259",0,3,"miner",0.960176,197.985657,115.102081,463.368561,547.827942,265.382904,432.725861,114838.046875
"eec311e2-6d8c-41fe-b3b2-50a32316d8cc",0,4,"phoma",0.469453,96.378052,155.638916,546.594727,528.435913,450.216675,372.796997,167839.421875
"58b038de-3597-4e5c-a290-5ea341999aa5",0,4,"phoma",0.970073,64.152603,98.207352,512.076965,534.693604,447.924377,436.486267,195512.843750
"a825cdec-c09e-460b-9633-fae276ca806b",0,3,"miner",0.930195,1.370300,188.108337,553.138428,433.200745,551.768127,245.092407,135234.171875
"79cb66fe-8a23-4bca-8289-a213c0dd8bbf",0,4,"phoma",0.972395,53.725006,140.260284,607.310730,562.193298,553.585693,421.933014,233576.078125
"d82fd828-a292-4fdd-b05a-bdec549eb9a3",0,0,"algal_spot",0.934529,119.567307,228.567154,604.469666,470.887299,484.902344,242.320145,117501.609375
"094ee91b-f109-4702-9093-0c3b6c4db0d5",0,1,"brown_eye_spot",0.971089,77.098511,66.235214,598.557739,529.963013,521.459229,463.727783,241815.125000
"86b35cce-5b71-4fa2-a661-581ff1db0119",0,3,"miner",0.956048,143.724945,114.452545,441.886353,527.752808,298.161407,413.300262,123230.187500
"fb394d19-420a-44b5-b3e6-ac4765590f99",0,3,"miner",0.926704,146.977127,64.124619,557.011841,505.566681,410.034729,441.442078,181006.578125
"efba226e-adff-4f1e-9b5a-f6ffc3362ae4",0,3,"miner",0.931119,197.036575,7.790192,444.589172,617.742737,247.552597,609.952515,150995.328125
"9a38ba41-2a98-45ff-a275-59b80dd45d2e",0,3,"miner",0.935246,73.509216,177.109299,590.739868,469.922180,517.230652,292.812866,151451.796875
"41070d0f-2bba-4f06-aa67-6634baf7c0e6",0,0,"algal_spot",0.965699,85.860565,226.781662,460.028778,483.322845,374.168213,256.541199,95989.562500
"a6d44e2a-40b0-421b-a210-fd8f34534d02",0,4,"phoma",0.965377,51.762222,126.591110,600.716370,555.201172,548.954163,428.610046,235287.265625
"d70db200-67ff-4e00-9296-274aa3b9b823",0,5,"powdery_mildew",0.972326,37.473694,228.181854,626.598022,490.360474,589.124329,262.178619,154455.796875
"e7f96a82-ef98-4aea-8dfc-350b389254e3",0,3,"miner",0.942413,129.482971,113.310837,518.615112,483.971863,389.132141,370.661011,144236.109375
"ec48b54b-a084-459b-b445-b162062066d9",0,4,"phoma",0.804136,26.999695,77.032257,625.139526,578.861145,598.139832,501.828888,300163.843750
"a3b333fa-626a-42fa-9ab1-37fabfd69a59",0,5,"powdery_mildew",0.950880,160.193039,2.096252,590.765076,570.933228,430.572021,568.836975,244925.281250
"78833e37-9b13-41fa-bf1b-7f0d6216cf24",0,0,"algal_spot",0.954584,207.117477,219.549759,540.210571,471.334198,333.093079,251.784439,83867.656250
"1bc7e51c-dfa6-4b26-90a0-87f48c3d8dd4",0,3,"miner",0.945334,175.247345,189.303650,506.003967,516.184143,330.756622,326.880493,108117.890625
"66722883-ba72-4c2d-8ef8-b7b1f45fe6dc",0,1,"brown_eye_spot",0.959514,21.853516,195.852631,610.557617,436.717743,588.704102,240.865112,141798.281250
"76a8fbb1-a1fc-43ba-a32e-4cd71e5aab77",0,5,"powdery_mildew",0.963223,161.988083,97.012039,497.151184,524.772034,335.163086,427.760010,143369.359375
"d3377078-635a-46cd-9a8f-d5f03059f747",0,2,"healthy",0.970427,41.033203,102.788147,583.256165,547.400940,542.222961,444.612793,241079.265625
"f237cfa6-3b23-4b14-9ffb-dd2ea7962776",0,3,"miner",0.935767,191.633179,114.821426,411.255310,502.346680,219.622131,387.525269,85109.125000
"ab9c5fc0-ecdf-4eaa-b13a-5dc9eb333ae7",0,2,"healthy",0.967518,35.940796,128.786636,593.304932,548.825806,557.364136,420.039185,234114.781250
"435d0ffe-73ec-4ccf-8418-b41b157030de",0,3,"miner",0.951070,61.039001,226.903732,633.675781,474.018158,572.636780,247.114426,141506.812500
"30f24127-652a-44bc-bfc4-4e63a411b552",0,1,"brown_eye_spot",0.969519,136.432922,21.729309,503.278290,593.384155,366.845367,571.654846,209708.937500
"30f24127-652a-44bc-bfc4-4e63a411b552",1,1,"brown_eye_spot",0.723229,0.000000,5.434937,114.261505,561.182556,114.261505,555.747620,63500.558594
"822c9b4f-a881-4d7e-b016-9d2bfa3934f4",0,2,"healthy",0.971187,7.214996,87.921616,618.365723,532.480713,611.150757,444.559082,271692.625000
"49f21ea3-ef78-477e-9b2c-cdf2dbf6982e",0,0,"algal_spot",0.959100,103.906357,143.633453,579.187134,376.320892,475.280762,232.687439,110591.859375
"3066193f-89a4-484b-be2c-740ba6de8d47",0,3,"miner",0.958681,53.828018,268.448730,370.085388,538.364868,316.257385,269.916138,85362.968750
"3066193f-89a4-484b-be2c-740ba6de8d47",1,1,"brown_eye_spot",0.957560,389.600708,142.693237,599.913208,493.541077,210.312500,350.847839,73787.687500
"3a2043be-0e5a-4186-86ee-bcd6ec6152db",0,4,"phoma",0.971597,33.727417,117.461426,597.986694,498.521820,564.259277,381.060394,215016.859375
"0eb6a2fa-b1e5-422f-8a95-74e49294b50c",0,0,"algal_spot",0.954756,173.475342,17.173706,428.506653,590.879272,255.031311,573.705566,146312.875000
"7c266e84-3be9-48a7-bc31-7253433867f5",0,2,"healthy",0.956772,38.264465,17.922546,425.161194,631.691772,386.896729,613.769226,237465.312500
"7c266e84-3be9-48a7-bc31-7253433867f5",1,2,"healthy",0.910643,397.284668,184.460617,639.000000,557.315613,241.715332,372.854980,90124.765625
"fc240685-7ed3-458f-91d7-864550f41d06",0,4,"phoma",0.972774,49.528885,79.289124,582.164795,517.781128,532.635925,438.492004,233556.593750
"b0001bb2-e3a8-4ae7-9b87-55b23296314c",0,2,"healthy",0.958563,163.425858,101.161316,465.919739,626.556946,302.493896,525.395630,158928.968750
"156a9e5c-15a2-4870-b382-c721266613e6",0,1,"brown_eye_spot",0.957880,64.634766,8.949493,626.121399,531.735291,561.486633,522.785767,293537.218750
"38087a6b-1142-4223-a3d4-4a8b4c30dc29",0,4,"phoma",0.892277,35.815552,111.290390,634.336426,449.575195,598.520874,338.284790,202470.515625
"3cc13776-6d3d-41ff-8c0b-50ff4f5d8599",0,5,"powdery_mildew",0.970822,27.758240,126.581482,607.789795,529.480591,580.031555,402.899109,233694.203125
"5178b668-fba2-43b1-9cac-1a9b0e6df330",0,5,"powdery_mildew",0.954942,70.868195,160.864456,541.761841,610.819031,470.893646,449.954590,211880.750000
"d7e05eb2-b7eb-4b70-93f8-5cb38607491e",0,1,"brown_eye_spot",0.971358,236.477875,58.058517,544.473022,533.704651,307.995148,475.646118,146496.703125
"a4daad2e-1c10-45ac-bf15-02ab1eaa611a",0,0,"algal_spot",0.963805,250.101547,180.258545,586.223877,504.619293,336.122314,324.360748,109024.882813
"4213092b-c58b-4adb-85e2-88d631eb127a",0,0,"algal_spot",0.928535,100.243164,78.094543,491.528198,567.856445,391.285034,489.761902,191636.500000
"dcbdd0db-2072-436f-86b9-055e4224f92b",0,0,"algal_spot",0.959834,71.056992,98.613831,507.964539,500.403412,436.907532,401.789581,175544.890625
"5310e1e6-2306-4340-b538-c00c17fc4b87",0,4,"phoma",0.980585,52.722961,126.044510,597.654480,512.274231,544.931519,386.229736,210468.750000
"869fb102-04c4-4af3-abba-f0a813ac3c7f",0,4,"phoma",0.972381,53.635559,140.261871,607.305542,562.177368,553.669983,421.915497,233601.953125
"35cb4d91-c502-4b97-a7d9-40207e4c2007",0,1,"brown_eye_spot",0.965522,134.181458,136.003128,497.073669,579.526245,362.892212,443.523132,160951.093750
"af0ec98d-47bf-49ab-92e1-43b26544810a",0,4,"phoma",0.962977,51.106064,70.187683,554.097595,546.594849,502.991516,476.407166,239628.765625
"b6662473-f722-41bd-8577-442930d1f2f3",0,2,"healthy",0.963908,30.564026,100.162537,590.881836,550.805054,560.317810,450.642517,252503.031250
"9d725949-aab0-4a7f-a93c-4f29158e71a5",0,0,"algal_spot",0.961710,94.939148,169.317032,432.307770,422.802063,337.368622,253.485031,85517.898438
"301979de-264a-47d2-8d92-baa1e663622d",0,0,"algal_spot",0.951676,132.966019,79.176361,567.272827,492.759186,434.306824,413.582825,179621.843750
"c7ac9bb4-4b59-48aa-81e4-9f476fe0a235",0,1,"brown_eye_spot",0.960537,152.393295,7.234314,365.643005,587.184448,213.249710,579.950134,123674.195313
"0419106b-7285-4a9c-ad28-4f01a753fa76",0,3,"miner",0.961581,218.277405,111.237549,475.839417,459.409607,257.562012,348.172058,89675.898438
"6469c49b-9d26-47e6-8888-28111d177146",0,1,"brown_eye_spot",0.958665,241.058533,137.424500,567.837769,552.854919,326.779236,415.430420,135754.031250
"be53da75-2ab5-42f0-ae23-9e5b36e9a885",0,4,"phoma",0.973832,119.871826,77.492676,555.544495,556.632507,435.672668,479.139832,208748.125000
"bcd4881e-21ba-492a-a544-b6048bbc51e5",0,3,"miner",0.953787,232.687683,101.004105,563.884827,479.505310,331.197144,378.501221,125358.523438
"a8b2d0f2-ac69-428c-b5c1-7538829ebba7",0,1,"brown_eye_spot",0.956567,77.538834,188.757263,559.035095,453.384521,481.496277,264.627258,127417.039063
"aa314144-5d4f-4881-ad5a-d6910af8bf06",0,4,"phoma",0.968065,54.477753,89.609650,618.664612,534.227722,564.186890,444.618073,250847.687500
"b14fffca-5b07-45e2-89d2-9e1dc885d350",0,0,"algal_spot",0.953460,99.343079,116.925766,400.384796,523.048462,301.041718,406.122681,122259.867188
"b24298c5-7f3a-41d2-b7e6-4070a5ef44d9",0,3,"miner",0.951938,80.714890,178.847382,572.650085,449.569366,491.935181,270.721985,133177.671875
"f13a8b99-6218-4aac-b6fd-57db41c6081f",0,0,"algal_spot",0.896085,89.274475,79.653687,468.152954,586.492676,378.878479,506.838989,192030.390625
"7d7a119d-1894-4a8c-ac9a-b6441ab765fd",0,1,"brown_eye_spot",0.963780,117.596619,61.977203,552.657227,578.502686,435.060608,516.525513,224719.906250
"8941f1de-b984-48d1-924f-9db0be20e527",0,1,"brown_eye_spot",0.961359,27.710571,127.929352,569.826172,511.639954,542.115601,383.710602,208015.500000
"c9796eca-fcd2-4cbd-aed0-3169bee9cc82",0,2,"healthy",0.967372,68.426300,87.218674,609.506042,554.607056,541.079712,467.388367,252894.359375
"095aa4d6-57d7-492a-89de-c90746da6f5a",0,2,"healthy",0.966174,42.747437,102.109253,605.902954,527.644836,563.155518,425.535583,239642.718750
"677fad64-b159-4f37-a294-06b12f6707c5",0,4,"phoma",0.973391,63.900436,123.807831,576.104370,484.902710,512.203918,361.094879,184954.218750
"49421796-d3df-448c-a31f-c15c71d4dd43",0,0,"algal_spot",0.951475,0.722778,143.061890,603.041992,427.998383,602.319214,284.936493,171622.718750
"1d0b074e-eba8-47db-bf72-0d55ac753ade",0,3,"miner",0.916929,196.025360,23.983093,442.134552,630.569946,246.109192,606.586853,149286.593750
"a6cc32a3-0079-431f-bf4f-42d4b30d28ec",0,3,"miner",0.961535,101.519913,146.512253,429.670227,580.523682,328.150330,434.011414,142420.984375
"92a391a2-af7b-457f-883f-2e64a894e441",0,4,"phoma",0.969963,62.241821,132.290710,589.165466,594.737732,526.923645,462.447021,243674.265625
"b7f6052d-0089-4fbc-9663-f6b00e0b3116",0,2,"healthy",0.960807,76.226685,91.637985,584.397095,546.895752,508.170410,455.257751,231348.515625
"56b63b17-0fd0-4495-9f86-1779da0b81e7",0,1,"brown_eye_spot",0.957879,25.847351,160.688721,615.836853,534.643311,589.989502,373.954590,220629.281250
"d6ae033f-7248-43c7-8c87-e3d62afb1e41",0,3,"miner",0.947682,128.224396,300.502563,417.966736,544.192871,289.742340,243.690308,70607.398438
"3557f7f2-27fb-4a49-87ba-ec61b9e5a5c2",0,0,"algal_spot",0.968685,195.684128,113.992569,571.804749,539.661987,376.120605,425.669434,160103.046875
"1dd6f9fe-0aa7-4a33-a41b-0eea07c68750",0,2,"healthy",0.963052,44.788849,113.270340,579.725952,540.487061,534.937134,427.216736,228534.093750
"cb7d6311-4643-4627-b3a8-a94ca6526b2c",0,1,"brown_eye_spot",0.954393,131.757034,24.872284,539.095886,591.190308,407.338867,566.317993,230683.328125
"593fc29f-3e27-4022-833a-0cd5266473a8",0,1,"brown_eye_spot",0.973763,138.777725,41.982239,488.296051,616.727112,349.518311,574.744873,200883.859375
"06733e31-c7f9-48bd-b6ce-fc766abfd2d2",0,2,"healthy",0.950894,185.207764,104.298309,564.636475,639.000000,379.428711,534.701660,202881.156250
"a170046a-5f11-4989-a346-f5d6c8708cf4",0,4,"phoma",0.972877,72.473206,86.981049,602.649170,544.388306,530.175964,457.407257,242506.328125
"1219c3ca-0616-4dc0-831d-34cad9071ff4",0,1,"brown_eye_spot",0.968462,222.661621,52.300140,571.223450,518.633179,348.561829,466.333038,162545.890625
"05b99b15-4a33-4e54-b1c5-87aa2e4b1703",0,4,"phoma",0.963147,94.923233,89.573746,517.973389,490.066772,423.050171,400.493042,169428.656250
"5a91e9dc-25e5-4556-9537-7a8a1fd3df22",0,0,"algal_spot",0.940048,120.088959,142.301117,490.465637,551.911499,370.376678,409.610382,151710.125000
"9d60414a-f629-4ede-869b-1969e228dbe9",0,3,"miner",0.962246,271.501129,103.439636,584.176514,378.745331,312.675385,275.305695,86081.312500
"9d60414a-f629-4ede-869b-1969e228dbe9",1,1,"brown_eye_spot",0.956766,42.944458,143.409592,251.696976,499.615173,208.752518,356.205566,74358.812500
"afc196a0-f2c8-421c-9029-d49ffc1c21ee",0,4,"phoma",0.971160,121.822632,129.141846,552.415710,507.162598,430.593079,378.020752,162773.125000
"aa611f15-1970-4305-8fcb-6779a76608f7",0,3,"miner",0.947762,77.208755,164.381744,473.822876,523.212524,396.614136,358.830780,142317.359375
"dcea82f8-cf2c-4443-b5a3-20310311ef87",0,0,"algal_spot",0.951837,207.201904,153.011780,484.847290,489.616272,277.645386,336.604492,93456.687500
"63079e00-786f-4a87-bcea-6ee788935923",0,3,"miner",0.945951,130.299957,126.606293,526.474976,470.422485,396.175018,343.816193,136211.390625
