run_id,timestamp,model_id,model_name,image_label,image_width,image_height,input_width,input_height,confidence_threshold,nms_iou_threshold,preprocess_ms,inference_ms,postprocess_ms,total_ms,detection_count,device
"f061a440-933d-4d85-a5c3-b571374ec48d","2026-05-26T14:55:01.405430Z","01_yolo26n_base","YOLO26n base","benchmark/valid/IMG_2568_1_JPG.rf.47ad92518038de0f8f5900370538a104.jpg",640,640,640,640,0.250000,0.700000,36.589011,87.563854,1.019583,129.616094,1,"Xiaomi 23127PN0CC"
"4fbb06f6-d970-41e4-afc9-2e67802a0717","2026-05-26T14:55:01.526022Z","01_yolo26n_base","YOLO26n base","benchmark/train/IMG_2596_2_JPG.rf.89d2fae4979d4b021215cffa7669e30f.jpg",640,640,640,640,0.250000,0.700000,6.147917,100.560886,0.461302,109.279792,1,"Xiaomi 23127PN0CC"
"c41a523a-6dfe-46ed-8240-f8978e1763fe","2026-05-26T14:55:01.629713Z","01_yolo26n_base","YOLO26n base","benchmark/test/IMG_3511_JPG.rf.cf0a8fe82d784424f51dd045436f2234.jpg",640,640,640,640,0.250000,0.700000,6.449480,89.479740,0.411823,98.707240,1,"Xiaomi 23127PN0CC"
"03ad0aa6-cf97-43d1-acfe-ce9961d4c919","2026-05-26T14:55:01.707547Z","01_yolo26n_base","YOLO26n base","benchmark/train/999_jpg.rf.a58ef896fea62aadc101c6146a5239a5.jpg",640,640,640,640,0.250000,0.700000,6.183281,64.447708,0.407865,73.356042,1,"Xiaomi 23127PN0CC"
"23c227dc-3593-435d-9a36-86cf22400b44","2026-05-26T14:55:01.790186Z","01_yolo26n_base","YOLO26n base","benchmark/test/724_jpg.rf.0122a7a4cc50926b3b0054ae0ab0a78b.jpg",640,640,640,640,0.250000,0.700000,6.435886,68.835313,0.508437,78.002552,1,"Xiaomi 23127PN0CC"
"f44968fb-f751-4172-afdc-cbb723574443","2026-05-26T14:55:01.876416Z","01_yolo26n_base","YOLO26n base","benchmark/valid/IMG_3480_2_JPG.rf.f01378f79b0abf7779905f5dff19ff00.jpg",640,640,640,640,0.250000,0.700000,6.600208,71.580677,0.399010,80.976458,1,"Xiaomi 23127PN0CC"
"ec477720-f8f5-4f0e-89e8-a307f31cc78c","2026-05-26T14:55:01.957213Z","01_yolo26n_base","YOLO26n base","benchmark/train/IMG_3634_1_JPG.rf.a14df164ebed20313810382f34725c70.jpg",640,640,640,640,0.250000,0.700000,6.417448,65.444062,0.465469,74.764636,2,"Xiaomi 23127PN0CC"
"aa0b36e5-23a6-45d3-9b1f-648ab10910e8","2026-05-26T14:55:02.038070Z","01_yolo26n_base","YOLO26n base","benchmark/train/IMG_2369_1_JPG.rf.8590161d1d76d3433261006099aeea4f.jpg",640,640,640,640,0.250000,0.700000,6.207083,65.746145,0.452396,74.790781,1,"Xiaomi 23127PN0CC"
"63044dc6-1ef9-49eb-ad55-90fff9772ecd","2026-05-26T14:55:02.117044Z","01_yolo26n_base","YOLO26n base","benchmark/valid/IMG_3199_1_JPG.rf.bd5c0d144686752da749f957932d0e49.jpg",640,640,640,640,0.250000,0.700000,6.295261,64.668594,0.397083,73.750052,1,"Xiaomi 23127PN0CC"
"fa1c4ee0-d170-4344-b578-60501b50f13e","2026-05-26T14:55:02.197097Z","01_yolo26n_base","YOLO26n base","benchmark/valid/1397_jpg.rf.c5cec1f58f26a585fd44211e46c41e25.jpg",640,640,640,640,0.250000,0.700000,6.492552,65.785990,0.394635,75.259791,1,"Xiaomi 23127PN0CC"
"8a8a7f98-73c2-49e6-8d72-c9a077bb3601","2026-05-26T14:55:02.276290Z","01_yolo26n_base","YOLO26n base","benchmark/train/IMG_3564_1_JPG.rf.8b8053725e7354df1ca77332aa657a66.jpg",640,640,640,640,0.250000,0.700000,6.379531,64.506459,0.395208,73.726979,1,"Xiaomi 23127PN0CC"
"ad965fff-bf27-4c49-862c-f51749fcf8e2","2026-05-26T14:55:02.354371Z","01_yolo26n_base","YOLO26n base","benchmark/train/482_jpg.rf.b36272efddae90b0d0e37b199e528f25.jpg",640,640,640,640,0.250000,0.700000,6.218907,64.546510,0.421511,73.413438,1,"Xiaomi 23127PN0CC"
"97d3d1ec-e2be-4707-9e31-639bed0467e5","2026-05-26T14:55:02.432377Z","01_yolo26n_base","YOLO26n base","benchmark/train/306_jpg.rf.3e5662f35411b0ef45750afd37cb9a90.jpg",640,640,640,640,0.250000,0.700000,5.822604,64.902240,0.403646,73.344896,1,"Xiaomi 23127PN0CC"
"2e09549d-7fc5-4010-b975-284d00faab99","2026-05-26T14:55:02.511620Z","01_yolo26n_base","YOLO26n base","benchmark/train/IMG_3042_JPG.rf.ee72dd9dc6fe8d54d5e8063c40c5e7b8.jpg",640,640,640,640,0.250000,0.700000,6.295469,64.690104,0.392552,73.773125,1,"Xiaomi 23127PN0CC"
"d41a7dba-d7f2-480f-99bd-270f5b16f099","2026-05-26T14:55:02.590794Z","01_yolo26n_base","YOLO26n base","benchmark/train/IMG_3240_1_JPG.rf.8fda625fcbb1c15c082cfd0e836ef473.jpg",640,640,640,640,0.250000,0.700000,6.658750,64.097917,0.420052,73.754062,1,"Xiaomi 23127PN0CC"
"2e9baece-bfe0-4dab-857f-8c6279eabc9c","2026-05-26T14:55:02.669356Z","01_yolo26n_base","YOLO26n base","benchmark/train/513_jpg.rf.8b36c5472981337a4abe1b09bf7da740.jpg",640,640,640,640,0.250000,0.700000,6.313021,64.682396,0.400833,73.632812,1,"Xiaomi 23127PN0CC"
"20610051-ad43-449a-b1be-675e00ad328b","2026-05-26T14:55:02.748121Z","01_yolo26n_base","YOLO26n base","benchmark/train/IMG_3663_JPG.rf.ada17c5cf963891333845a202723d36c.jpg",640,640,640,640,0.250000,0.700000,6.385260,64.305260,0.396927,73.478906,1,"Xiaomi 23127PN0CC"
"9207934c-5a71-4e3b-ae5d-fe9570a25f83","2026-05-26T14:55:02.826799Z","01_yolo26n_base","YOLO26n base","benchmark/valid/IMG_2382_2_JPG.rf.20dab35fc7e2f386e411f0d1b49b9adc.jpg",640,640,640,640,0.250000,0.700000,6.373386,64.471406,0.388855,73.561928,1,"Xiaomi 23127PN0CC"
"91d2b979-692e-4b7b-936e-9aa3f15c6ef5","2026-05-26T14:55:02.905063Z","01_yolo26n_base","YOLO26n base","benchmark/train/298_jpg.rf.f4c02af82d35d6249d5726429f27e1c2.jpg",640,640,640,640,0.250000,0.700000,6.359531,64.582031,0.389948,73.524531,1,"Xiaomi 23127PN0CC"
"c7b5cc25-b63e-4898-83cf-4acf37b57fc8","2026-05-26T14:55:02.983863Z","01_yolo26n_base","YOLO26n base","benchmark/valid/IMG_3332_JPG.rf.863f1daa0174c65f127b83ff0a09c7f1.jpg",640,640,640,640,0.250000,0.700000,6.105625,64.440208,0.409844,73.468177,2,"Xiaomi 23127PN0CC"
"7cedf514-6a84-4d7e-9019-25120cbe4c25","2026-05-26T14:55:03.062780Z","01_yolo26n_base","YOLO26n base","benchmark/train/342_jpg.rf.d3e6f80fe1ee0e137001b3ea9245142c.jpg",640,640,640,640,0.250000,0.700000,6.560052,64.371458,0.389531,73.748021,1,"Xiaomi 23127PN0CC"
"90854c05-36cf-4b3d-b78c-888d9cffc3f1","2026-05-26T14:55:03.142274Z","01_yolo26n_base","YOLO26n base","benchmark/valid/IMG_2913_JPG.rf.5b94e199c1495fe4a4a9ec9f12a6a263.jpg",640,640,640,640,0.250000,0.700000,6.741250,64.658646,0.392239,74.322396,1,"Xiaomi 23127PN0CC"
"3eb4ddba-3ab3-4b85-87c7-0a8f383d33b6","2026-05-26T14:55:03.220608Z","01_yolo26n_base","YOLO26n base","benchmark/train/416_jpg.rf.87527d4230acbea4b34dc378c57a8dce.jpg",640,640,640,640,0.250000,0.700000,6.409010,64.510833,0.403230,73.505521,1,"Xiaomi 23127PN0CC"
"87298c29-e72c-47ef-bf30-4bb79747b257","2026-05-26T14:55:03.302093Z","01_yolo26n_base","YOLO26n base","benchmark/test/IMG_2629_2_JPG.rf.90fa247aee97024a7bf57b79a4b84708.jpg",640,640,640,640,0.250000,0.700000,6.654531,66.416510,0.464635,76.174739,1,"Xiaomi 23127PN0CC"
"46732b79-3b63-4747-b5cd-dfa6fb86014b","2026-05-26T14:55:03.382434Z","01_yolo26n_base","YOLO26n base","benchmark/valid/IMG_3546_2_JPG.rf.eaf14eb7ddeef27f6282d1d35b74c54e.jpg",640,640,640,640,0.250000,0.700000,6.466823,65.733697,0.392448,74.982968,1,"Xiaomi 23127PN0CC"
"6969a004-9940-4462-9acb-65f8ff87fcc8","2026-05-26T14:55:03.461924Z","01_yolo26n_base","YOLO26n base","benchmark/train/281_jpg.rf.2a20e6f03d0c34d239e63f76d6fadc2f.jpg",640,640,640,640,0.250000,0.700000,6.545260,65.220990,0.450416,74.934791,1,"Xiaomi 23127PN0CC"
"60a5edcd-731a-49ea-88fd-083993e1cb6e","2026-05-26T14:55:03.541479Z","01_yolo26n_base","YOLO26n base","benchmark/train/IMG_3470_1_JPG.rf.d4d87c0bace82e907081273cc688efd1.jpg",640,640,640,640,0.250000,0.700000,5.915521,65.753021,0.395312,74.565208,1,"Xiaomi 23127PN0CC"
"b085c7cb-eabc-4cf3-a411-405499016afc","2026-05-26T14:55:03.622804Z","01_yolo26n_base","YOLO26n base","benchmark/valid/IMG_2903_2_JPG.rf.e9adbe2bd89ff5727e7e47eb004b692c.jpg",640,640,640,640,0.250000,0.700000,6.330937,66.837500,0.384844,75.901510,1,"Xiaomi 23127PN0CC"
"a5779ad6-1a68-48f2-ba73-a87d2f8753f8","2026-05-26T14:55:03.702123Z","01_yolo26n_base","YOLO26n base","benchmark/train/IMG_2841_2_JPG.rf.830c974d61f61a2208ed5769bf7e852e.jpg",640,640,640,640,0.250000,0.700000,6.306458,65.248437,0.452917,74.234323,1,"Xiaomi 23127PN0CC"
"d8e39dfd-302a-4627-98d5-608cada5af8f","2026-05-26T14:55:03.781203Z","01_yolo26n_base","YOLO26n base","benchmark/train/612_jpg.rf.718d5ae4deae7556c0af0f3b335952fb.jpg",640,640,640,640,0.250000,0.700000,6.268958,65.410313,0.399218,74.474166,1,"Xiaomi 23127PN0CC"
"e5f27cce-e17c-4d28-a38c-30eb731c87e7","2026-05-26T14:55:03.861467Z","01_yolo26n_base","YOLO26n base","benchmark/train/IMG_3582_1_JPG.rf.a8ee7c55e9b258262e1bce47e4bee21d.jpg",640,640,640,640,0.250000,0.700000,6.352396,65.660052,0.387031,74.769479,1,"Xiaomi 23127PN0CC"
"37af95dc-8416-4cd2-a9ef-6ecc59d6c7ea","2026-05-26T14:55:03.940007Z","01_yolo26n_base","YOLO26n base","benchmark/test/397_jpg.rf.37eab2be52218dc5c4f32ea5cbbda0b1.jpg",640,640,640,640,0.250000,0.700000,6.386563,64.487083,0.416771,73.675417,1,"Xiaomi 23127PN0CC"
"b30ac30b-9b98-4ffa-92a3-9f63ff3c5c2f","2026-05-26T14:55:04.019005Z","01_yolo26n_base","YOLO26n base","benchmark/train/IMG_3222_1_JPG.rf.9c6f292747e236f8cae1d0781ded6c0a.jpg",640,640,640,640,0.250000,0.700000,6.419167,64.927604,0.390000,73.696250,1,"Xiaomi 23127PN0CC"
"25c2b068-7e95-4d0b-a463-e5f6fc5397fb","2026-05-26T14:55:04.097161Z","01_yolo26n_base","YOLO26n base","benchmark/train/676_jpg.rf.29870ade49626154aacc985bb7e499a9.jpg",640,640,640,640,0.250000,0.700000,6.243437,64.452344,0.398125,73.434427,1,"Xiaomi 23127PN0CC"
"6f15d8ba-f1ab-412f-b539-1a1b7e2ddd0c","2026-05-26T14:55:04.177086Z","01_yolo26n_base","YOLO26n base","benchmark/valid/IMG_3131_2_JPG.rf.4c20ac101675390b048e6320740a7fbf.jpg",640,640,640,640,0.250000,0.700000,6.597917,64.635417,0.393958,74.505156,1,"Xiaomi 23127PN0CC"
"afb7a208-c3c7-4131-9e30-c711bc5b92be","2026-05-26T14:55:04.257730Z","01_yolo26n_base","YOLO26n base","benchmark/train/IMG_3411_JPG.rf.96e877f0bfbf7f8b59d332d99483f75a.jpg",640,640,640,640,0.250000,0.700000,6.706511,65.505938,0.402760,75.222604,1,"Xiaomi 23127PN0CC"
"71c0b3b0-c0f6-46e3-9fdb-5e500ce23919","2026-05-26T14:55:04.337302Z","01_yolo26n_base","YOLO26n base","benchmark/train/IMG_2400_1_JPG.rf.e527170e1b5a6aa2221412209d2a1e75.jpg",640,640,640,640,0.250000,0.700000,6.791979,64.243333,0.401510,73.883854,1,"Xiaomi 23127PN0CC"
"5202db9f-0542-499f-b842-8ea0ac26c298","2026-05-26T14:55:04.415173Z","01_yolo26n_base","YOLO26n base","benchmark/train/405_jpg.rf.adb36e0ba14c95d679767c4ebc005eeb.jpg",640,640,640,640,0.250000,0.700000,6.119896,64.006146,0.442292,73.004948,1,"Xiaomi 23127PN0CC"
"48ef7f6d-5e31-48b9-bf74-fedad74e6356","2026-05-26T14:55:04.494295Z","01_yolo26n_base","YOLO26n base","benchmark/valid/IMG_3613_JPG.rf.18644f48e1d61f8fe630a1c437c94ae4.jpg",640,640,640,640,0.250000,0.700000,6.545885,64.830989,0.211771,74.061406,1,"Xiaomi 23127PN0CC"
"e1e563c4-19e3-4dcc-a5cf-cdeb3522d3e6","2026-05-26T14:55:04.572835Z","01_yolo26n_base","YOLO26n base","benchmark/train/IMG_2735_2_JPG.rf.7d62e7a09fa6e7fb6b473408bbd23a48.jpg",640,640,640,640,0.250000,0.700000,6.329166,64.683281,0.204063,73.491875,1,"Xiaomi 23127PN0CC"
"a555a0e4-72bd-4fa6-9f63-179a78e7a47c","2026-05-26T14:55:04.652232Z","01_yolo26n_base","YOLO26n base","benchmark/valid/IMG_2339_2_JPG.rf.995b1247a2d2d5a57c0127fca589fc7e.jpg",640,640,640,640,0.250000,0.700000,6.468906,64.978646,0.215052,73.919218,1,"Xiaomi 23127PN0CC"
"a3ff8e09-819d-45f5-a4ae-b0f3e06a4365","2026-05-26T14:55:04.731456Z","01_yolo26n_base","YOLO26n base","benchmark/valid/IMG_2844_1_JPG.rf.63b938fcb8482f51f7d01a5ebc2e3e32.jpg",640,640,640,640,0.250000,0.700000,6.474896,64.826822,0.222552,73.862395,3,"Xiaomi 23127PN0CC"
"9df5fe39-1ed0-4f8f-a123-d194c5718ad3","2026-05-26T14:55:04.810876Z","01_yolo26n_base","YOLO26n base","benchmark/train/IMG_2274_JPG.rf.36619ada1e4fdb3169f4808a211ee8a0.jpg",640,640,640,640,0.250000,0.700000,6.485105,64.265468,0.207344,73.329219,1,"Xiaomi 23127PN0CC"
"f11b808b-76b4-4bc0-93a9-0634320f3d94","2026-05-26T14:55:04.891962Z","01_yolo26n_base","YOLO26n base","benchmark/train/652_jpg.rf.15e3cbba407cdf777f0d6f23c483edae.jpg",640,640,640,640,0.250000,0.700000,6.746614,66.617292,0.215208,76.333958,1,"Xiaomi 23127PN0CC"
"6bf1f8df-b4ba-410a-bff5-59a4e8fe1377","2026-05-26T14:55:04.971107Z","01_yolo26n_base","YOLO26n base","benchmark/train/PXL_20240125_083949268_jpg.rf.a2c6cc4e68b7c1a6e03b8c73a09e41e6.jpg",640,640,640,640,0.250000,0.700000,6.463542,64.585261,0.224010,73.753542,2,"Xiaomi 23127PN0CC"
"639406d0-1287-439c-a401-589c1ac52278","2026-05-26T14:55:05.050999Z","01_yolo26n_base","YOLO26n base","benchmark/valid/IMG_3407_1_JPG.rf.87368a1c829fcf7e9f6a943966971aed.jpg",640,640,640,640,0.250000,0.700000,6.561094,64.765364,0.204896,73.873021,1,"Xiaomi 23127PN0CC"
"fb85c2dc-789d-4a9c-81bf-27a41b45d174","2026-05-26T14:55:05.129778Z","01_yolo26n_base","YOLO26n base","benchmark/valid/IMG_3296_JPG.rf.7465512368f7410d8e54db168c73f39f.jpg",640,640,640,640,0.250000,0.700000,6.478490,64.620729,0.242448,73.639115,1,"Xiaomi 23127PN0CC"
"023d12fe-451e-4871-901e-ea347f542b44","2026-05-26T14:55:05.208263Z","01_yolo26n_base","YOLO26n base","benchmark/train/IMG_3513_2_JPG.rf.5fe7ea6458e2ba1bee4984e1a1e5c5c5.jpg",640,640,640,640,0.250000,0.700000,5.949531,64.774219,0.212864,73.352604,1,"Xiaomi 23127PN0CC"
"25f389f5-e341-48a4-9102-1795a7991518","2026-05-26T14:55:05.288003Z","01_yolo26n_base","YOLO26n base","benchmark/train/IMG_3247_2_JPG.rf.ba3b24d53b80bf4e91b4ecd64f6cdceb.jpg",640,640,640,640,0.250000,0.700000,6.618437,65.220156,0.203906,74.498958,1,"Xiaomi 23127PN0CC"
"e70a2981-0c96-406a-aefc-a3e1520b2e76","2026-05-26T14:55:05.366847Z","01_yolo26n_base","YOLO26n base","benchmark/train/740_jpg.rf.fc2bdfa01d59f7ddd7cd9973da64b5f1.jpg",640,640,640,640,0.250000,0.700000,6.634479,64.666042,0.203802,73.967135,1,"Xiaomi 23127PN0CC"
"f8a1ec78-0fd4-4127-aeb9-9d5115b24b0c","2026-05-26T14:55:05.444997Z","01_yolo26n_base","YOLO26n base","benchmark/test/531_jpg.rf.e1be1acf818ea82f9956b97f1eaed26d.jpg",640,640,640,640,0.250000,0.700000,6.280677,64.760156,0.215885,73.628437,1,"Xiaomi 23127PN0CC"
"0a9e150a-f154-4742-8c33-89fd9a72f6a8","2026-05-26T14:55:05.523841Z","01_yolo26n_base","YOLO26n base","benchmark/train/IMG_3313_1_JPG.rf.af062f076c027e280992e825b82b5e0d.jpg",640,640,640,640,0.250000,0.700000,6.360260,64.592188,0.203177,73.633333,1,"Xiaomi 23127PN0CC"
"e24c69f5-da61-479a-b935-2bbabe7714fc","2026-05-26T14:55:05.602681Z","01_yolo26n_base","YOLO26n base","benchmark/train/610_jpg.rf.c2a7e6866df6913e81213f429557c563.jpg",640,640,640,640,0.250000,0.700000,6.435365,65.123594,0.191197,74.031510,1,"Xiaomi 23127PN0CC"
"b74f7097-e902-4bb3-9a85-59e6853db9d6","2026-05-26T14:55:05.680522Z","01_yolo26n_base","YOLO26n base","benchmark/train/IMG_2635_JPG.rf.26f0a03ca571f3aa6047eed35b872449.jpg",640,640,640,640,0.250000,0.700000,6.158698,64.339531,0.230417,72.809115,1,"Xiaomi 23127PN0CC"
"853d1bd6-a2f6-42a5-91b6-c9e83e9e2b3a","2026-05-26T14:55:05.759276Z","01_yolo26n_base","YOLO26n base","benchmark/train/IMG_2315_JPG.rf.fb115a934b740005e64810f5b08c8544.jpg",640,640,640,640,0.250000,0.700000,5.906823,64.934062,0.212344,73.353177,1,"Xiaomi 23127PN0CC"
"8859c6b7-b6e7-4baa-937e-53f38c64af9a","2026-05-26T14:55:05.838511Z","01_yolo26n_base","YOLO26n base","benchmark/train/PXL_20240125_124946063_jpg.rf.4cac3d339724f58eba7367f9bc7959c4.jpg",640,640,640,640,0.250000,0.700000,6.498906,64.436927,0.206927,73.652552,1,"Xiaomi 23127PN0CC"
"98519bd5-fd7e-41a1-8e1a-69f4b3d52804","2026-05-26T14:55:05.916933Z","01_yolo26n_base","YOLO26n base","benchmark/train/IMG_3138_JPG.rf.edf6ab171f78f403e24bbca08f8df4bf.jpg",640,640,640,640,0.250000,0.700000,6.438542,64.061198,0.204323,72.999063,1,"Xiaomi 23127PN0CC"
"b947eb5e-78e4-4aeb-b692-664dcfd66b41","2026-05-26T14:55:05.996358Z","01_yolo26n_base","YOLO26n base","benchmark/valid/IMG_3233_JPG.rf.2b48c437966e29f4a7fcb4b299c44719.jpg",640,640,640,640,0.250000,0.700000,6.348177,64.678646,0.214792,73.500208,1,"Xiaomi 23127PN0CC"
"48755b8f-9547-4eea-85be-28c85879a60f","2026-05-26T14:55:06.075844Z","01_yolo26n_base","YOLO26n base","benchmark/train/IMG_3647_JPG.rf.4e8f8d1824b36cf7e35dbb5009d5feae.jpg",640,640,640,640,0.250000,0.700000,6.755625,64.607917,0.205052,74.215677,1,"Xiaomi 23127PN0CC"
"2f446234-688c-46cb-b72d-225bb7bd35bd","2026-05-26T14:55:06.156170Z","01_yolo26n_base","YOLO26n base","benchmark/train/IMG_2745_1_JPG.rf.9616df33638f8206d1e9142dade7caf2.jpg",640,640,640,640,0.250000,0.700000,6.967344,65.211042,0.201719,74.828490,1,"Xiaomi 23127PN0CC"
"5766fc7d-bb4a-4242-a9d1-d91093df488e","2026-05-26T14:55:06.234858Z","01_yolo26n_base","YOLO26n base","benchmark/train/556_jpg.rf.f1a0b961cac75baaca99be3507a1a63f.jpg",640,640,640,640,0.250000,0.700000,6.733646,64.578802,0.213802,73.942083,1,"Xiaomi 23127PN0CC"
"39166002-2d37-49aa-aa02-97b4bc9fc1f0","2026-05-26T14:55:06.334584Z","01_yolo26n_base","YOLO26n base","benchmark/test/692_jpg.rf.e26ad28e5a9aa62d240020f7b2a55e45.jpg",640,640,640,640,0.250000,0.700000,5.893021,87.085834,0.214635,95.404375,1,"Xiaomi 23127PN0CC"
"cbc04711-9f34-482e-a24e-ebc7cc778f1f","2026-05-26T14:55:06.414618Z","01_yolo26n_base","YOLO26n base","benchmark/train/IMG_2627_JPG.rf.891cf3803e365cfd2a9f24512972f4f5.jpg",640,640,640,640,0.250000,0.700000,6.082761,66.961979,0.205573,75.501407,1,"Xiaomi 23127PN0CC"
"7a3b3461-06ce-40f8-9210-85c6eda62985","2026-05-26T14:55:06.496676Z","01_yolo26n_base","YOLO26n base","benchmark/train/IMG_2564_JPG.rf.3b9259927ec42fa298036e1e72807777.jpg",640,640,640,640,0.250000,0.700000,6.015365,68.982500,0.205677,77.459323,1,"Xiaomi 23127PN0CC"
"971e0a37-12b4-497b-a8e2-eef8c86295f0","2026-05-26T14:55:06.581191Z","01_yolo26n_base","YOLO26n base","benchmark/train/IMG_3060_JPG.rf.a0a72ae1bd9a38492e92ef2880af0812.jpg",640,640,640,640,0.250000,0.700000,6.546614,70.815834,0.212968,79.862864,1,"Xiaomi 23127PN0CC"
"7575d15b-48b5-4196-a9ca-0cb2db5ab7a3","2026-05-26T14:55:06.660221Z","01_yolo26n_base","YOLO26n base","benchmark/train/403_jpg.rf.70251c363c6fd7d2e2f4a4d16486e267.jpg",640,640,640,640,0.250000,0.700000,6.361979,65.931823,0.206875,74.842604,1,"Xiaomi 23127PN0CC"
"575cd31a-b63f-4180-a7d9-2d7238a600e4","2026-05-26T14:55:06.738599Z","01_yolo26n_base","YOLO26n base","benchmark/train/IMG_2585_JPG.rf.f69156a1030d8ab56b82ce9c49fae119.jpg",640,640,640,640,0.250000,0.700000,6.305677,64.421615,0.207135,73.290833,1,"Xiaomi 23127PN0CC"
"79dc37bf-a4f6-4138-99d9-4415ad65a5dd","2026-05-26T14:55:06.818393Z","01_yolo26n_base","YOLO26n base","benchmark/valid/IMG_3604_1_JPG.rf.6627f0edd4919077f1a407ef05d02862.jpg",640,640,640,640,0.250000,0.700000,6.635209,65.384271,0.198021,74.938334,1,"Xiaomi 23127PN0CC"
"2410e594-09cb-4eaf-8c52-603f9e942282","2026-05-26T14:55:06.895577Z","01_yolo26n_base","YOLO26n base","benchmark/valid/454_jpg.rf.0542091902e7474d0bd8ee7bf12a86f5.jpg",640,640,640,640,0.250000,0.700000,6.320416,64.041979,0.220573,73.034791,1,"Xiaomi 23127PN0CC"
"0d48450b-f115-4f68-9628-e8471e8bdd40","2026-05-26T14:55:06.974145Z","01_yolo26n_base","YOLO26n base","benchmark/train/IMG_2314_JPG.rf.a31db8315590c64eec4001764bf8fa8e.jpg",640,640,640,640,0.250000,0.700000,6.353645,64.434687,0.204896,73.363333,1,"Xiaomi 23127PN0CC"
"857e29bb-023e-4240-aff8-e8d0413ed8fc","2026-05-26T14:55:07.052130Z","01_yolo26n_base","YOLO26n base","benchmark/test/377_jpg.rf.09bf17ede89e3d6f1aa9ae3b0ad4e1bf.jpg",640,640,640,640,0.250000,0.700000,6.454167,64.022448,0.204375,73.038594,1,"Xiaomi 23127PN0CC"
"029a7452-44c5-4fb8-978b-f05ca6b7f13d","2026-05-26T14:55:07.132076Z","01_yolo26n_base","YOLO26n base","benchmark/train/IMG_3210_JPG.rf.7342a019800635c63ea57de88224111e.jpg",640,640,640,640,0.250000,0.700000,6.671875,65.347656,0.210729,74.620156,1,"Xiaomi 23127PN0CC"
"45f56341-4cd8-4f29-8317-af76cbe1769e","2026-05-26T14:55:07.211861Z","01_yolo26n_base","YOLO26n base","benchmark/train/IMG_2351_JPG.rf.c61d0e4c5b94738c65c9a1dfb11edad9.jpg",640,640,640,640,0.250000,0.700000,6.745469,64.910313,0.205677,74.510105,1,"Xiaomi 23127PN0CC"
"a7ec2f8c-d197-4731-9535-72a8d4ee9406","2026-05-26T14:55:07.289983Z","01_yolo26n_base","YOLO26n base","benchmark/train/IMG_20240125_120637_576_jpg.rf.95e349a3e7d7b43a60317ac2673c184d.jpg",640,640,640,640,0.250000,0.700000,6.505416,63.890520,0.225678,72.926771,3,"Xiaomi 23127PN0CC"
"7c6fe64b-3ca6-4b8e-8cae-c78b7290a0f4","2026-05-26T14:55:07.368875Z","01_yolo26n_base","YOLO26n base","benchmark/train/PXL_20240125_083655558_jpg.rf.547605b22878bda0075381a3264cb0d4.jpg",640,640,640,640,0.250000,0.700000,6.127240,64.354896,0.213125,72.774896,2,"Xiaomi 23127PN0CC"
"a51e3baf-dd9c-495d-9d43-82393212d111","2026-05-26T14:55:07.451969Z","01_yolo26n_base","YOLO26n base","benchmark/train/PXL_20240125_090651503_jpg.rf.0797a95e93f1dbd215ccbc2855371b7f.jpg",640,640,640,640,0.250000,0.700000,6.427083,68.240000,0.209896,77.461042,1,"Xiaomi 23127PN0CC"
"ae00dcaa-8c86-4a7c-b6e5-718e7c8df7fe","2026-05-26T14:55:07.531067Z","01_yolo26n_base","YOLO26n base","benchmark/test/1395_jpg.rf.47d7f51a872ce57b1e449c1cac5c88f6.jpg",640,640,640,640,0.250000,0.700000,6.854375,64.472448,0.206458,74.289792,1,"Xiaomi 23127PN0CC"
"576df9eb-c9fd-494a-8266-bb29c9f23772","2026-05-26T14:55:07.608991Z","01_yolo26n_base","YOLO26n base","benchmark/train/411_jpg.rf.ba2bb7500f579170edeb0ec18c8c9378.jpg",640,640,640,640,0.250000,0.700000,6.413229,64.142813,0.208541,73.016979,1,"Xiaomi 23127PN0CC"
"e8b556f2-6e85-4a28-988c-0c42c5b673dd","2026-05-26T14:55:07.693396Z","01_yolo26n_base","YOLO26n base","benchmark/train/PXL_20240125_064311604_jpg.rf.84b69aa25380188b9db512a1557bcd0d.jpg",640,640,640,640,0.250000,0.700000,6.194740,70.036770,0.210521,78.924479,1,"Xiaomi 23127PN0CC"
"8f8903a0-2b9a-4777-8a6a-e95878305795","2026-05-26T14:55:07.771244Z","01_yolo26n_base","YOLO26n base","benchmark/train/IMG_2316_JPG.rf.b67130187302fdea96b606a66bb26326.jpg",640,640,640,640,0.250000,0.700000,6.192239,63.710209,0.202239,72.443385,1,"Xiaomi 23127PN0CC"
"0cb28edc-82ac-4a01-8072-85a6119a173a","2026-05-26T14:55:07.850017Z","01_yolo26n_base","YOLO26n base","benchmark/train/888_jpg.rf.0dd27be3a84076135a06f12de14b3d84.jpg",640,640,640,640,0.250000,0.700000,6.379375,65.224167,0.211146,74.127604,1,"Xiaomi 23127PN0CC"
"8b340e28-31c8-4560-80af-d5d4159b5977","2026-05-26T14:55:07.929973Z","01_yolo26n_base","YOLO26n base","benchmark/train/PXL_20240125_115342754_jpg.rf.ae9127fa4175bb83fdba651b27e397f5.jpg",640,640,640,640,0.250000,0.700000,6.745260,65.138020,0.210105,74.612500,1,"Xiaomi 23127PN0CC"
"89c84aa5-f597-42e9-a387-f8c688ffa304","2026-05-26T14:55:08.010351Z","01_yolo26n_base","YOLO26n base","benchmark/valid/IMG_2754_JPG.rf.e202d72a4d81327d6ec72c2b4ca7cc5f.jpg",640,640,640,640,0.250000,0.700000,6.168645,66.037917,0.210990,74.963229,1,"Xiaomi 23127PN0CC"
"1d48fc1d-30cf-4305-8bf1-ad3ebcb536eb","2026-05-26T14:55:08.089215Z","01_yolo26n_base","YOLO26n base","benchmark/train/470_jpg.rf.998a71ebdeffd211441471a4ccfee1ef.jpg",640,640,640,640,0.250000,0.700000,6.688230,64.621771,0.206563,74.020209,1,"Xiaomi 23127PN0CC"
"26c041eb-bbec-4eba-8eef-398768ff9376","2026-05-26T14:55:08.167365Z","01_yolo26n_base","YOLO26n base","benchmark/train/IMG_3628_2_JPG.rf.09dfacffc8a09d970a6076d745d3e3af.jpg",640,640,640,640,0.250000,0.700000,6.307656,63.960834,0.204010,72.847864,1,"Xiaomi 23127PN0CC"
"595b2a2d-21b6-40d1-b9a5-cbf0b125c14e","2026-05-26T14:55:08.246249Z","01_yolo26n_base","YOLO26n base","benchmark/train/IMG_3201_JPG.rf.e8e72c1f3352b572fc42283227c99cc3.jpg",640,640,640,640,0.250000,0.700000,6.503334,64.560364,0.213386,73.560417,1,"Xiaomi 23127PN0CC"
"8a8a7e0e-e44f-4cff-9a46-cb05a1ae615d","2026-05-26T14:55:08.324768Z","01_yolo26n_base","YOLO26n base","benchmark/train/IMG_2877_1_JPG.rf.be20566b0ea6bd24871c54d78c02ffa3.jpg",640,640,640,640,0.250000,0.700000,6.467396,63.963437,0.202604,72.896614,1,"Xiaomi 23127PN0CC"
"532ef765-a73c-4fe0-9f58-d3ee7b464fb6","2026-05-26T14:55:08.402854Z","01_yolo26n_base","YOLO26n base","benchmark/train/240_jpg.rf.492dd6b5bfba66437cdec1c73979ec35.jpg",640,640,640,640,0.250000,0.700000,6.433437,64.522239,0.204427,73.646562,1,"Xiaomi 23127PN0CC"
"8062fc38-afda-4a2d-9041-8fbf828c016f","2026-05-26T14:55:08.480887Z","01_yolo26n_base","YOLO26n base","benchmark/valid/IMG_2422_2_JPG.rf.f8c30ce08ffd5825c701872677486196.jpg",640,640,640,640,0.250000,0.700000,6.159844,64.382865,0.200729,72.994271,1,"Xiaomi 23127PN0CC"
"4ddfddff-5603-424a-ad84-ceb9cc339337","2026-05-26T14:55:08.559828Z","01_yolo26n_base","YOLO26n base","benchmark/test/IMG_3233_1_JPG.rf.fa9b0309a26d414492086a71ce6c19d7.jpg",640,640,640,640,0.250000,0.700000,6.567031,64.413958,0.213646,73.489271,1,"Xiaomi 23127PN0CC"
"4d95e047-5c5b-45a6-8224-7dd3f2f77d6c","2026-05-26T14:55:08.638538Z","01_yolo26n_base","YOLO26n base","benchmark/train/520_jpg.rf.77e19a6219d8b685203cc5c9d938999d.jpg",640,640,640,640,0.250000,0.700000,6.487917,64.746198,0.209791,73.801458,1,"Xiaomi 23127PN0CC"
"73ba31b5-9bc0-4b15-a6e9-4ec0b4056243","2026-05-26T14:55:08.717109Z","01_yolo26n_base","YOLO26n base","benchmark/train/IMG_2541_2_JPG.rf.568505da1c780d8fd25bfdc0f748a7be.jpg",640,640,640,640,0.250000,0.700000,6.404636,64.531406,0.202760,73.419948,1,"Xiaomi 23127PN0CC"
"346d3758-c8e1-4ca8-9a4c-7187e801864b","2026-05-26T14:55:08.795673Z","01_yolo26n_base","YOLO26n base","benchmark/train/IMG_2884_JPG.rf.1a631f1468afd89bd439962fd89e8e05.jpg",640,640,640,640,0.250000,0.700000,6.289063,64.391667,0.215469,73.293334,1,"Xiaomi 23127PN0CC"
"f1d5ec2a-a304-467c-8363-06da15c47087","2026-05-26T14:55:08.875043Z","01_yolo26n_base","YOLO26n base","benchmark/train/IMG_2878_2_JPG.rf.0928e0f62539fee0c8bf0593e20e3aad.jpg",640,640,640,640,0.250000,0.700000,6.441094,64.846927,0.216354,73.829323,2,"Xiaomi 23127PN0CC"
"e05b3eb7-93ad-4ff8-a6ef-44e8ca10d23e","2026-05-26T14:55:08.954295Z","01_yolo26n_base","YOLO26n base","benchmark/train/IMG_3335_1_JPG.rf.5f925cc9818f147f0251fbd743d59555.jpg",640,640,640,640,0.250000,0.700000,6.386146,64.853489,0.206667,73.692136,1,"Xiaomi 23127PN0CC"
"309e446f-e212-4587-94a1-0c997882df1e","2026-05-26T14:55:09.032908Z","01_yolo26n_base","YOLO26n base","benchmark/train/535_jpg.rf.ec6562ae14a0071f40546519c4b1fb17.jpg",640,640,640,640,0.250000,0.700000,6.394219,65.037136,0.203125,73.940105,1,"Xiaomi 23127PN0CC"
"e7fd6e9e-535b-4c25-a5f1-60cc31537c4c","2026-05-26T14:55:09.111686Z","01_yolo26n_base","YOLO26n base","benchmark/valid/IMG_3201_2_JPG.rf.c08d91b6d473e1739b9ad3bc8077d39d.jpg",640,640,640,640,0.250000,0.700000,6.395781,64.326459,0.215937,73.304583,1,"Xiaomi 23127PN0CC"
"74b9a2af-c39f-41fb-991d-cdbefdb576c7","2026-05-26T14:55:09.191646Z","01_yolo26n_base","YOLO26n base","benchmark/train/247_jpg.rf.d18eee361c8d946f87700a595ae4d53a.jpg",640,640,640,640,0.250000,0.700000,6.598125,65.917708,0.209323,75.272448,1,"Xiaomi 23127PN0CC"
"cfdb795c-b994-4bdf-84cc-30b8b256bdda","2026-05-26T14:55:09.270921Z","01_yolo26n_base","YOLO26n base","benchmark/train/IMG_2508_2_JPG.rf.10ddaaf57f53fefba449dbeabcda2c20.jpg",640,640,640,640,0.250000,0.700000,6.734635,64.454063,0.204635,74.035312,1,"Xiaomi 23127PN0CC"
"cd4e10f0-69a4-42d2-a128-2f698f2cb951","2026-05-26T14:55:09.349617Z","01_yolo26n_base","YOLO26n base","benchmark/train/IMG_2498_JPG.rf.090550633277e88ee9613bd4b2db10c2.jpg",640,640,640,640,0.250000,0.700000,6.366771,64.514739,0.212917,73.398802,1,"Xiaomi 23127PN0CC"
"b8246647-70d0-4595-8d41-575202cb0adc","2026-05-26T14:55:10.579725Z","01_yolo26n_base","YOLO26n base","benchmark/train/IMG_2679_2_JPG.rf.f983f1882fdfbf3898ac98db16d8ff77.jpg",640,640,640,640,0.250000,0.700000,7.159375,71.855833,0.279479,82.487239,1,"Xiaomi 23127PN0CC"
"91be3221-abcd-4735-8440-6903b4d3b559","2026-05-26T14:55:10.664322Z","01_yolo26n_base","YOLO26n base","benchmark/train/IMG_2956_1_JPG.rf.1f6324a52e9913fdbf67c0c7a3ca6852.jpg",640,640,640,640,0.250000,0.700000,6.317343,69.953438,0.205156,79.027031,1,"Xiaomi 23127PN0CC"
"3e9ca1e3-ff7e-4f52-9bba-5bc5c5e25d16","2026-05-26T14:55:10.746206Z","01_yolo26n_base","YOLO26n base","benchmark/valid/563_jpg.rf.a63b3c481ba47f49e0671f656db2ca37.jpg",640,640,640,640,0.250000,0.700000,6.256302,68.777396,0.202864,77.280104,1,"Xiaomi 23127PN0CC"
"b2b70bd4-f154-4a30-b383-d763d2572271","2026-05-26T14:55:10.827507Z","01_yolo26n_base","YOLO26n base","benchmark/test/700_jpg.rf.0fb12b644df9af7148b8968da698454c.jpg",640,640,640,640,0.250000,0.700000,6.689740,67.704427,0.227552,76.897187,2,"Xiaomi 23127PN0CC"
"db2d5ec4-e836-4ef6-a6c9-b9e88dc9ffdb","2026-05-26T14:55:10.908464Z","01_yolo26n_base","YOLO26n base","benchmark/valid/783_jpg.rf.30c912f349381e8922723289146935b4.jpg",640,640,640,640,0.250000,0.700000,6.602292,65.930000,0.204167,75.103125,1,"Xiaomi 23127PN0CC"
"3eee09a7-54ce-4773-a372-8b90c012581d","2026-05-26T14:55:10.992028Z","01_yolo26n_base","YOLO26n base","benchmark/valid/IMG_2473_JPG.rf.9826c3fbac76d568952c41c1b38f8deb.jpg",640,640,640,640,0.250000,0.700000,6.288854,69.232500,0.207864,78.260312,1,"Xiaomi 23127PN0CC"
"44714538-78dc-435c-a776-4336ee23f467","2026-05-26T14:55:11.072054Z","01_yolo26n_base","YOLO26n base","benchmark/train/IMG_3573_1_JPG.rf.881f5a2ceb24d91cf6abc12c6b931f09.jpg",640,640,640,640,0.250000,0.700000,6.235052,66.199583,0.224739,74.926666,2,"Xiaomi 23127PN0CC"
"873bd352-581f-468f-99b3-f1b29c5a2dbb","2026-05-26T14:55:11.155781Z","01_yolo26n_base","YOLO26n base","benchmark/valid/IMG_2487_1_JPG.rf.e615f6b4a3071c15da3a27231d72c9e2.jpg",640,640,640,640,0.250000,0.700000,6.607708,68.807604,0.203542,78.115938,1,"Xiaomi 23127PN0CC"
"d3185f7c-1b57-4bdc-ac1e-671bba4fb8cb","2026-05-26T14:55:11.235180Z","01_yolo26n_base","YOLO26n base","benchmark/train/440_jpg.rf.78f89faa0ed116405b157cc478f3003c.jpg",640,640,640,640,0.250000,0.700000,6.473073,66.464114,0.205208,75.065104,1,"Xiaomi 23127PN0CC"
"cd285cbd-5479-4071-8cce-c9d64bfe8e8d","2026-05-26T14:55:11.317909Z","01_yolo26n_base","YOLO26n base","benchmark/train/IMG_2291_2_JPG.rf.294339d52c70cd12c6cd3705593e9729.jpg",640,640,640,640,0.250000,0.700000,6.361614,68.346407,0.296823,77.249323,1,"Xiaomi 23127PN0CC"
"0729ae1e-89e9-4381-aae1-1b1588a17dda","2026-05-26T14:55:11.398867Z","01_yolo26n_base","YOLO26n base","benchmark/train/835_jpg.rf.a140bf03c25615f968e527e2c9f671d6.jpg",640,640,640,640,0.250000,0.700000,5.873698,67.421510,0.257708,75.622864,1,"Xiaomi 23127PN0CC"
"00e3dcbe-3e5a-45e6-b37d-1f72a1c5b530","2026-05-26T14:55:11.477290Z","01_yolo26n_base","YOLO26n base","benchmark/valid/IMG_3013_1_JPG.rf.a6fe89e8b31a233af226ba34afe2f47d.jpg",640,640,640,640,0.250000,0.700000,5.610000,65.508750,0.122396,73.545885,1,"Xiaomi 23127PN0CC"
"679f9053-ee31-4b15-bab4-773c67598ec5","2026-05-26T14:55:11.556769Z","01_yolo26n_base","YOLO26n base","benchmark/valid/IMG_3319_2_JPG.rf.b5f769df21ea7a011b585a9d923a3fe9.jpg",640,640,640,640,0.250000,0.700000,6.195365,65.819635,0.127136,74.100417,1,"Xiaomi 23127PN0CC"
"53d198b1-7986-4a2f-981c-6c9a7aef1c93","2026-05-26T14:55:11.635574Z","01_yolo26n_base","YOLO26n base","benchmark/train/IMG_20240124_171702_203_jpg.rf.befdcb1675f04bf8174ff6ee4908450e.jpg",640,640,640,640,0.250000,0.700000,6.362552,65.414115,0.132083,74.086718,1,"Xiaomi 23127PN0CC"
"40b84b3d-05b3-470c-b15e-31f4e5078170","2026-05-26T14:55:11.716449Z","01_yolo26n_base","YOLO26n base","benchmark/train/285_jpg.rf.3595b9dc78226fac14ec921e924fc8ed.jpg",640,640,640,640,0.250000,0.700000,6.376458,66.179167,0.123594,75.011250,1,"Xiaomi 23127PN0CC"
"97868a42-4c45-4d2a-afca-86b1da15b63c","2026-05-26T14:55:11.795169Z","01_yolo26n_base","YOLO26n base","benchmark/valid/IMG_2986_JPG.rf.b1732a51429aebe1acb1a3fd12e951f7.jpg",640,640,640,640,0.250000,0.700000,6.068542,65.109323,0.120156,73.527552,1,"Xiaomi 23127PN0CC"
"cea523eb-6c34-4901-9494-7dee0929b67b","2026-05-26T14:55:11.874510Z","01_yolo26n_base","YOLO26n base","benchmark/train/IMG_2721_JPG.rf.292421e7ee30f9a810134b13ed4f97e2.jpg",640,640,640,640,0.250000,0.700000,6.287448,65.726927,0.122500,74.258698,1,"Xiaomi 23127PN0CC"
"d2aab2ac-e17d-4467-886d-3a74742ae5a2","2026-05-26T14:55:11.952807Z","01_yolo26n_base","YOLO26n base","benchmark/valid/IMG_3593_JPG.rf.bb6ef3055e81eeb1829310eeb3b80d18.jpg",640,640,640,640,0.250000,0.700000,5.620364,65.258646,0.129948,73.166146,1,"Xiaomi 23127PN0CC"
"ed0e9f8d-0cd6-4c9e-9764-25f0b27e6d84","2026-05-26T14:55:12.033565Z","01_yolo26n_base","YOLO26n base","benchmark/train/IMG_3259_1_JPG.rf.4a5145ea768664e7e46a33655d52934b.jpg",640,640,640,640,0.250000,0.700000,6.529791,66.357031,0.123021,75.340729,1,"Xiaomi 23127PN0CC"
"73a84da1-6add-449b-b00d-a1a1a710acae","2026-05-26T14:55:12.112341Z","01_yolo26n_base","YOLO26n base","benchmark/train/IMG_2956_2_JPG.rf.61032b9a95be23174d4e1eb820e1b678.jpg",640,640,640,640,0.250000,0.700000,6.192500,64.981719,0.122292,73.359219,1,"Xiaomi 23127PN0CC"
"c49a8d1b-b5aa-4745-9e7c-9624cc566d67","2026-05-26T14:55:12.192023Z","01_yolo26n_base","YOLO26n base","benchmark/train/429_jpg.rf.3ae1c70213906b1a09de7e5730bf5113.jpg",640,640,640,640,0.250000,0.700000,6.388021,66.371822,0.137448,75.021250,1,"Xiaomi 23127PN0CC"
"beb6397a-cc0c-4358-82c2-6d8f70d013d1","2026-05-26T14:55:12.272924Z","01_yolo26n_base","YOLO26n base","benchmark/valid/IMG_3458_2_JPG.rf.6c1045ba0f7d8015d899683c2cfed995.jpg",640,640,640,640,0.250000,0.700000,6.679166,66.139948,0.144219,75.579479,1,"Xiaomi 23127PN0CC"
"ab8f1042-c2b5-4fa0-9fb3-58df49719f63","2026-05-26T14:55:12.353702Z","01_yolo26n_base","YOLO26n base","benchmark/train/IMG_3477_2_JPG.rf.e2a2f1ecb3ffa0a9f2b715d3f7a48b03.jpg",640,640,640,640,0.250000,0.700000,6.526719,66.248542,0.131093,75.265156,2,"Xiaomi 23127PN0CC"
"29189940-6006-4ab2-bf8f-48392b90315a","2026-05-26T14:55:12.433084Z","01_yolo26n_base","YOLO26n base","benchmark/train/IMG_3344_1_JPG.rf.cbbb3bfe23e1a51679d683bd51b1c9c4.jpg",640,640,640,640,0.250000,0.700000,6.399584,65.003385,0.132500,73.707917,2,"Xiaomi 23127PN0CC"
"fdbbd640-2a78-4c39-be87-4d243862c711","2026-05-26T14:55:12.513857Z","01_yolo26n_base","YOLO26n base","benchmark/valid/328_jpg.rf.7f7f46ab00762497b9135fa541912dc7.jpg",640,640,640,640,0.250000,0.700000,5.819115,67.220312,0.172709,75.538334,1,"Xiaomi 23127PN0CC"
"20b72981-3680-443a-be0b-23770e0a02b6","2026-05-26T14:55:12.593550Z","01_yolo26n_base","YOLO26n base","benchmark/train/IMG_3474_1_JPG.rf.40aa28e2027fb25619f37e57da224069.jpg",640,640,640,640,0.250000,0.700000,6.492500,65.485729,0.121980,74.509636,1,"Xiaomi 23127PN0CC"
"6abb20bd-960d-47b6-a352-5704c8e8a77c","2026-05-26T14:55:12.671996Z","01_yolo26n_base","YOLO26n base","benchmark/test/193_jpg.rf.35dd911971c776010298c662f5e9273c.jpg",640,640,640,640,0.250000,0.700000,6.374063,64.958646,0.123698,73.777188,1,"Xiaomi 23127PN0CC"
"31025306-c6cc-41dc-9468-aaae2af2418b","2026-05-26T14:55:12.750914Z","01_yolo26n_base","YOLO26n base","benchmark/train/IMG_2891_1_JPG.rf.380b95f13e5d0d13d8e029c65225353f.jpg",640,640,640,640,0.250000,0.700000,5.966354,65.648750,0.132396,73.917136,1,"Xiaomi 23127PN0CC"
"70970d84-55f7-4c70-8da4-8ff40f64b1dd","2026-05-26T14:55:12.832863Z","01_yolo26n_base","YOLO26n base","benchmark/train/IMG_3256_JPG.rf.7e3de325bf21e1c49bdf5a280b536242.jpg",640,640,640,640,0.250000,0.700000,6.554844,67.689167,0.121458,76.705261,1,"Xiaomi 23127PN0CC"
"c6383ce5-464b-4189-83bf-ff5b4dd26967","2026-05-26T14:55:12.912254Z","01_yolo26n_base","YOLO26n base","benchmark/train/862_jpg.rf.06301c5e7e103ba01a0f3b86dbeecfaa.jpg",640,640,640,640,0.250000,0.700000,6.718594,65.571354,0.124011,74.695469,1,"Xiaomi 23127PN0CC"
"d77a4d3b-1518-4201-9167-e652faf4cd8b","2026-05-26T14:55:12.991572Z","01_yolo26n_base","YOLO26n base","benchmark/train/557_jpg.rf.087f3b6137a2ba3deabd10a9420252e4.jpg",640,640,640,640,0.250000,0.700000,6.594271,65.663386,0.123125,74.687709,1,"Xiaomi 23127PN0CC"
"b7e058c5-c14d-4cc5-bdc1-6e996590d0c2","2026-05-26T14:55:13.072228Z","01_yolo26n_base","YOLO26n base","benchmark/test/IMG_3555_2_JPG.rf.7e9633f1acd7430b461ad9cc8f314d5a.jpg",640,640,640,640,0.250000,0.700000,6.357344,66.687604,0.129584,75.509115,1,"Xiaomi 23127PN0CC"
"403b0ece-6b92-40ee-bb1b-da39d0274d7f","2026-05-26T14:55:13.151889Z","01_yolo26n_base","YOLO26n base","benchmark/train/IMG_3088_1_JPG.rf.986f6da029edef4ab877f67de991bee8.jpg",640,640,640,640,0.250000,0.700000,6.403281,65.608907,0.130573,74.538177,1,"Xiaomi 23127PN0CC"
"60abdde6-2ba7-4b39-8dbd-dbd3506bd320","2026-05-26T14:55:13.231766Z","01_yolo26n_base","YOLO26n base","benchmark/test/1014_jpg.rf.070bc5e87ddf8d1d8f23e2957fee8954.jpg",640,640,640,640,0.250000,0.700000,6.462448,66.702604,0.120416,75.580260,1,"Xiaomi 23127PN0CC"
"cb8cf032-9e42-46a8-a0fd-617fbc287df3","2026-05-26T14:55:13.310965Z","01_yolo26n_base","YOLO26n base","benchmark/train/IMG_2796_JPG.rf.6bf4320fe74a12aeeff936f8b9f9f97c.jpg",640,640,640,640,0.250000,0.700000,6.342032,65.487656,0.134010,73.951302,1,"Xiaomi 23127PN0CC"
"87e30bb8-601e-4e47-9ed6-81905a1d7d82","2026-05-26T14:55:13.389561Z","01_yolo26n_base","YOLO26n base","benchmark/train/IMG_2751_2_JPG.rf.d41a3c7b52fc95a55a6ed3b2ff0511ec.jpg",640,640,640,640,0.250000,0.700000,6.516198,64.280312,0.122917,73.160729,1,"Xiaomi 23127PN0CC"
"3e022cbb-9007-4163-96ed-9479ead47d39","2026-05-26T14:55:13.468701Z","01_yolo26n_base","YOLO26n base","benchmark/train/IMG_3496_JPG.rf.66a31d680a623ec55cf4b4848fb7f018.jpg",640,640,640,640,0.250000,0.700000,6.479635,65.150468,0.128646,73.876145,1,"Xiaomi 23127PN0CC"
"bdeadeea-1524-462f-b4cc-afdd6ada407e","2026-05-26T14:55:13.548651Z","01_yolo26n_base","YOLO26n base","benchmark/valid/434_jpg.rf.8d636dbc938567a6e223d6480e1d93cb.jpg",640,640,640,640,0.250000,0.700000,6.312083,66.207969,0.125104,75.198750,1,"Xiaomi 23127PN0CC"
"ee1f36f3-3ac2-4e3a-a3d4-dda5ad600ce5","2026-05-26T14:55:13.629140Z","01_yolo26n_base","YOLO26n base","benchmark/test/IMG_2894_1_JPG.rf.378df9c1f1dd92346f29a74206891af4.jpg",640,640,640,640,0.250000,0.700000,6.733021,66.115729,0.144948,75.455000,1,"Xiaomi 23127PN0CC"
"6e590de4-e9a9-41bb-8813-aa7d216342f9","2026-05-26T14:55:13.708996Z","01_yolo26n_base","YOLO26n base","benchmark/train/IMG_2813_1_JPG.rf.94b732fe921c0725cf99d2e15d6f5353.jpg",640,640,640,640,0.250000,0.700000,6.413854,65.457031,0.122865,74.428854,1,"Xiaomi 23127PN0CC"
"bec9ecec-bfb1-4665-81ae-41377ae208ef","2026-05-26T14:55:13.787933Z","01_yolo26n_base","YOLO26n base","benchmark/valid/IMG_2465_2_JPG.rf.56ad801a27a894fab397cbf000418bdc.jpg",640,640,640,640,0.250000,0.700000,6.171459,65.646823,0.122396,74.046980,1,"Xiaomi 23127PN0CC"
"a3a6930f-657a-4e7a-971e-aa8d8f97e9b6","2026-05-26T14:55:13.867391Z","01_yolo26n_base","YOLO26n base","benchmark/train/IMG_2817_JPG.rf.181039fc4672ff0ce7a7cd5d3f64df73.jpg",640,640,640,640,0.250000,0.700000,6.146667,65.595833,0.142865,74.171511,2,"Xiaomi 23127PN0CC"
"194b91bd-4afe-4cf0-b42e-08245f88bb17","2026-05-26T14:55:13.946522Z","01_yolo26n_base","YOLO26n base","benchmark/train/1501_jpg.rf.5ec23c86b3f159a39cdd4adf97803c24.jpg",640,640,640,640,0.250000,0.700000,6.385365,65.690208,0.120938,74.446719,1,"Xiaomi 23127PN0CC"
"c03dabc6-b7b9-4d38-9b40-694af60e4326","2026-05-26T14:55:14.026171Z","01_yolo26n_base","YOLO26n base","benchmark/train/666_jpg.rf.cdafd26cd1a6bbdb3a468d08ec4449b4.jpg",640,640,640,640,0.250000,0.700000,5.835052,67.465729,0.123177,75.551927,1,"Xiaomi 23127PN0CC"
"eb87f03f-7ce4-4b8e-af35-b598be401bf3","2026-05-26T14:55:14.103695Z","01_yolo26n_base","YOLO26n base","benchmark/train/IMG_3351_JPG.rf.ae83ecf2c2db80743db5bb8e86e047f6.jpg",640,640,640,640,0.250000,0.700000,6.112396,64.643281,0.117240,73.074063,1,"Xiaomi 23127PN0CC"
"52249689-09cd-4ce2-9f93-b563cee6f9e5","2026-05-26T14:55:14.183476Z","01_yolo26n_base","YOLO26n base","benchmark/train/342_jpg.rf.d3e6f80fe1ee0e137001b3ea9245142c.jpg",640,640,640,640,0.250000,0.700000,5.559479,67.824323,0.127812,75.583072,1,"Xiaomi 23127PN0CC"
"ddcced32-8c47-44dc-aa73-fb63c4af55ea","2026-05-26T14:55:14.263430Z","01_yolo26n_base","YOLO26n base","benchmark/train/IMG_2384_JPG.rf.d0e614df7ab53e75d3f2e98c2f99170a.jpg",640,640,640,640,0.250000,0.700000,6.356250,65.749896,0.124271,74.736094,1,"Xiaomi 23127PN0CC"
"585f244e-9897-4c50-bb56-602105094f77","2026-05-26T14:55:14.341358Z","01_yolo26n_base","YOLO26n base","benchmark/train/IMG_2708_JPG.rf.5ec39c37b6bdf648372c4abe2f4bcde0.jpg",640,640,640,640,0.250000,0.700000,5.914688,64.686771,0.118489,72.977448,1,"Xiaomi 23127PN0CC"
"5a1826d3-722e-488e-a29e-3869fd175101","2026-05-26T14:55:14.421786Z","01_yolo26n_base","YOLO26n base","benchmark/train/IMG_2485_JPG.rf.63093c8aed80b32d178b5e76dbecd362.jpg",640,640,640,640,0.250000,0.700000,5.893073,67.386094,0.178489,75.580260,2,"Xiaomi 23127PN0CC"
"1556434b-51b0-43cc-90cc-d74f353796d0","2026-05-26T14:55:14.501966Z","01_yolo26n_base","YOLO26n base","benchmark/train/IMG_3214_1_JPG.rf.b941994975766a297a0a331e150f87be.jpg",640,640,640,640,0.250000,0.700000,6.206927,66.055365,0.118906,74.769010,1,"Xiaomi 23127PN0CC"
"c799d281-60fb-4e50-9e71-2c6124cd9228","2026-05-26T14:55:14.580644Z","01_yolo26n_base","YOLO26n base","benchmark/valid/IMG_2241_2_JPG.rf.1c53be20b2f77559a6f12379a76c1c2b.jpg",640,640,640,640,0.250000,0.700000,6.011980,65.518386,0.122395,73.869323,1,"Xiaomi 23127PN0CC"
"0a66bfac-5d28-4203-8365-7034bab3cd84","2026-05-26T14:55:14.660489Z","01_yolo26n_base","YOLO26n base","benchmark/train/IMG_2613_2_JPG.rf.74fab2b6daf061274d70a8376bfd27f2.jpg",640,640,640,640,0.250000,0.700000,6.416927,66.201094,0.122813,75.010261,1,"Xiaomi 23127PN0CC"
"bf4fd4c9-2f12-489d-a34f-8f061d69dd1c","2026-05-26T14:55:14.742038Z","01_yolo26n_base","YOLO26n base","benchmark/train/IMG_2649_JPG.rf.78422e54a4912a65037c8519d4ca84c7.jpg",640,640,640,640,0.250000,0.700000,6.037760,67.919583,0.130573,76.244531,1,"Xiaomi 23127PN0CC"
"ed524cab-7c01-47cc-a176-2e9d14278820","2026-05-26T14:55:14.821680Z","01_yolo26n_base","YOLO26n base","benchmark/train/IMG_2936_JPG.rf.07b58e22b09e6d57a97b3e71608935c7.jpg",640,640,640,640,0.250000,0.700000,6.289218,65.884427,0.119688,74.658125,1,"Xiaomi 23127PN0CC"
"bed6d280-a88b-4ec6-bb30-80899921ea35","2026-05-26T14:55:14.900023Z","01_yolo26n_base","YOLO26n base","benchmark/valid/998_jpg.rf.7a60de0fe17e23fd07852420c127efcc.jpg",640,640,640,640,0.250000,0.700000,6.818489,65.016250,0.125469,74.222864,1,"Xiaomi 23127PN0CC"
"e50e41c8-17eb-40c5-bf5b-12f971a2e3b7","2026-05-26T14:55:14.980850Z","01_yolo26n_base","YOLO26n base","benchmark/train/IMG_3524_1_JPG.rf.61a3c108dea80f5a0fa8c00e23396f8c.jpg",640,640,640,640,0.250000,0.700000,6.488333,66.687812,0.130365,75.829375,1,"Xiaomi 23127PN0CC"
"6d3fbaee-9c4a-4698-9e20-53d89becb05f","2026-05-26T14:55:15.059598Z","01_yolo26n_base","YOLO26n base","benchmark/train/492_jpg.rf.1b5bab7239232806e245722fc2f78b1d.jpg",640,640,640,640,0.250000,0.700000,6.590833,65.535052,0.126563,74.630729,1,"Xiaomi 23127PN0CC"
"f4d7ef23-4b41-4a27-b0a6-e29899afd8cd","2026-05-26T14:55:15.139975Z","01_yolo26n_base","YOLO26n base","benchmark/train/541_jpg.rf.a329f56f3da018af01c9bc6f55a3673b.jpg",640,640,640,640,0.250000,0.700000,6.376718,67.452813,0.122031,76.086562,1,"Xiaomi 23127PN0CC"
"3c46c2e1-365e-4176-9cf8-497d9f36f26c","2026-05-26T14:55:15.220616Z","01_yolo26n_base","YOLO26n base","benchmark/test/522_jpg.rf.3ca54d4dec9fb701a4c8563772855cf6.jpg",640,640,640,640,0.250000,0.700000,6.251198,67.835521,0.122395,76.441822,1,"Xiaomi 23127PN0CC"
"ae2d5af2-b1a9-429c-ad39-27dee8c1c7fa","2026-05-26T14:55:15.303083Z","01_yolo26n_base","YOLO26n base","benchmark/valid/IMG_3245_1_JPG.rf.adfb9c55f4b70d15687c4381f51e9b0f.jpg",640,640,640,640,0.250000,0.700000,5.752709,69.467708,0.126719,77.911667,1,"Xiaomi 23127PN0CC"
"b439e3c5-8a03-4ec3-aa5f-f4f15053a549","2026-05-26T14:55:15.387490Z","01_yolo26n_base","YOLO26n base","benchmark/valid/IMG_2711_2_JPG.rf.306d36d8093043f9157e16a68f7ed2b7.jpg",640,640,640,640,0.250000,0.700000,6.395209,70.328177,0.119323,79.346042,1,"Xiaomi 23127PN0CC"
"00ce07b3-baf4-4956-8e63-2b2a3314d1d7","2026-05-26T14:55:15.467587Z","01_yolo26n_base","YOLO26n base","benchmark/train/IMG_2376_JPG.rf.471117cfbf0de5cac724dcc490a625e0.jpg",640,640,640,640,0.250000,0.700000,5.896771,67.101927,0.119219,75.370052,1,"Xiaomi 23127PN0CC"
"a65cc467-a6b0-45ac-bf00-e4b59f9196be","2026-05-26T14:55:15.546704Z","01_yolo26n_base","YOLO26n base","benchmark/valid/246_jpg.rf.ff90b08f55bcd4d634903725e7400164.jpg",640,640,640,640,0.250000,0.700000,6.299531,66.216303,0.130729,74.927344,1,"Xiaomi 23127PN0CC"
"d0228331-108d-47b9-bc66-4eb6aacb6bf6","2026-05-26T14:55:15.627939Z","01_yolo26n_base","YOLO26n base","benchmark/train/IMG_2563_1_JPG.rf.ce345b8c18c10769ff0b883a40e67806.jpg",640,640,640,640,0.250000,0.700000,6.557656,66.532552,0.133386,76.161875,2,"Xiaomi 23127PN0CC"
"1cb0bc1f-64e6-4155-9a89-9dd679c310d7","2026-05-26T14:55:15.710669Z","01_yolo26n_base","YOLO26n base","benchmark/train/IMG_2906_1_JPG.rf.94d42ae1b5827e8962d3f84788bea16a.jpg",640,640,640,640,0.250000,0.700000,6.246875,68.889896,0.120729,77.075625,1,"Xiaomi 23127PN0CC"
"126d56fb-c4e8-45ef-976f-cc527ba2c590","2026-05-26T14:55:15.792275Z","01_yolo26n_base","YOLO26n base","benchmark/valid/IMG_3139_1_JPG.rf.45bd5dfd2c7490d68f8e75aa25f7c687.jpg",640,640,640,640,0.250000,0.700000,6.480885,67.718542,0.122760,76.677500,1,"Xiaomi 23127PN0CC"
"7a3356ea-6098-42d0-ae12-abc12454e165","2026-05-26T14:55:15.877046Z","01_yolo26n_base","YOLO26n base","benchmark/train/321_jpg.rf.a2afb9d33bc683f6624184b8485d7186.jpg",640,640,640,640,0.250000,0.700000,6.462812,71.260938,0.126406,80.353229,1,"Xiaomi 23127PN0CC"
"8d0a706c-2066-47e9-9d53-c5a4ba96bc6e","2026-05-26T14:55:15.958423Z","01_yolo26n_base","YOLO26n base","benchmark/train/IMG_2503_JPG.rf.fff936232d7cb914b873ba28ea1e0baf.jpg",640,640,640,640,0.250000,0.700000,6.342656,67.664844,0.114375,76.443333,1,"Xiaomi 23127PN0CC"
"29ba4f3d-c059-4093-92d2-111caf349f66","2026-05-26T14:55:16.036621Z","01_yolo26n_base","YOLO26n base","benchmark/train/IMG_3252_JPG.rf.0f802754c1c0c69d66ad70f984917d2a.jpg",640,640,640,640,0.250000,0.700000,6.192656,64.835989,0.122552,73.172656,1,"Xiaomi 23127PN0CC"
"62d80d5c-3b9e-4a37-b06e-8f5c949492f1","2026-05-26T14:55:16.117609Z","01_yolo26n_base","YOLO26n base","benchmark/valid/IMG_3023_1_JPG.rf.47677a46330665ce68b821689a009a32.jpg",640,640,640,640,0.250000,0.700000,6.726302,66.439792,0.128333,75.944739,1,"Xiaomi 23127PN0CC"
"08dc391a-c32c-48a6-9fdb-2bad1d0497e5","2026-05-26T14:55:16.197762Z","01_yolo26n_base","YOLO26n base","benchmark/valid/IMG_3238_2_JPG.rf.e8fa5856fd98cffe3ab5428252f34fb8.jpg",640,640,640,640,0.250000,0.700000,6.376406,65.905469,0.154792,74.767500,1,"Xiaomi 23127PN0CC"
"7b199757-56cf-43fa-976c-920c3e4a44ee","2026-05-26T14:55:16.277279Z","01_yolo26n_base","YOLO26n base","benchmark/valid/IMG_3321_1_JPG.rf.ec4469a6e06178a4a7143dd2fbbe4389.jpg",640,640,640,640,0.250000,0.700000,6.282916,65.409323,0.128593,74.143645,2,"Xiaomi 23127PN0CC"
"935890fe-77a9-4a61-93c8-2122b4d7eaef","2026-05-26T14:55:16.357559Z","01_yolo26n_base","YOLO26n base","benchmark/train/996_jpg.rf.c206eedd7f163d0f81b9b83119df995d.jpg",640,640,640,640,0.250000,0.700000,6.499011,65.902917,0.119323,74.889011,1,"Xiaomi 23127PN0CC"
"1a4e3076-fa3d-4ce3-80dc-57be7047ac1a","2026-05-26T14:55:16.440867Z","01_yolo26n_base","YOLO26n base","benchmark/train/IMG_3114_2_JPG.rf.97cbfb54b30774863c6a6bfee0ff2f32.jpg",640,640,640,640,0.250000,0.700000,6.208229,70.063646,0.125208,78.798229,1,"Xiaomi 23127PN0CC"
"62057873-a47a-421d-807c-3817b60737be","2026-05-26T14:55:16.519902Z","01_yolo26n_base","YOLO26n base","benchmark/train/IMG_2644_JPG.rf.62322de683fda52f9acc66c550178d5f.jpg",640,640,640,640,0.250000,0.700000,6.122760,65.431302,0.118281,74.098021,1,"Xiaomi 23127PN0CC"
"ab3b9608-0156-4a85-9e77-cba8516a823e","2026-05-26T14:55:16.597785Z","01_yolo26n_base","YOLO26n base","benchmark/valid/487_jpg.rf.23b0d4834c5fb4fb2f21acd271cb6b03.jpg",640,640,640,640,0.250000,0.700000,6.352083,64.715833,0.155261,73.513594,1,"Xiaomi 23127PN0CC"
"2940d4e3-519c-468c-9b3a-2b4bcee66b05","2026-05-26T14:55:16.678345Z","01_yolo26n_base","YOLO26n base","benchmark/train/668_jpg.rf.44718bfee13e365d3afb90ba864356be.jpg",640,640,640,640,0.250000,0.700000,6.212760,67.081979,0.122812,75.740208,1,"Xiaomi 23127PN0CC"
"199a2eb2-ddf1-41cd-a8c4-6a56127a798f","2026-05-26T14:55:16.757998Z","01_yolo26n_base","YOLO26n base","benchmark/train/IMG_3256_2_JPG.rf.6cfca153f318805e4f7ff328f7c06d47.jpg",640,640,640,640,0.250000,0.700000,6.167343,65.745990,0.115468,74.413541,1,"Xiaomi 23127PN0CC"
"3c1ed217-adeb-4a08-94a0-a3d6e7c11285","2026-05-26T14:55:16.837712Z","01_yolo26n_base","YOLO26n base","benchmark/valid/IMG_3546_1_JPG.rf.0787ac656a5bf40eada920a3fe7279c1.jpg",640,640,640,640,0.250000,0.700000,6.303073,65.485781,0.119114,74.427552,1,"Xiaomi 23127PN0CC"
"6858a358-12ab-4b9c-a832-af7dda92f320","2026-05-26T14:55:16.917947Z","01_yolo26n_base","YOLO26n base","benchmark/valid/IMG_3069_1_JPG.rf.3de38710edd07bd0cfa2771afa257bef.jpg",640,640,640,640,0.250000,0.700000,6.509687,65.932708,0.124010,74.877343,1,"Xiaomi 23127PN0CC"
"f1980aa7-f8b1-4100-bc68-aedf1a82cdea","2026-05-26T14:55:16.996331Z","01_yolo26n_base","YOLO26n base","benchmark/train/234_jpg.rf.92e033657a0d678c0c7b7374e50e7c02.jpg",640,640,640,640,0.250000,0.700000,6.419427,64.607760,0.124792,73.636562,1,"Xiaomi 23127PN0CC"
"8cba095d-9481-4a80-bc7a-2a478b2494d3","2026-05-26T14:55:17.075462Z","01_yolo26n_base","YOLO26n base","benchmark/train/IMG_3580_1_JPG.rf.fc962ea599474f3db3c5dd27c2a96b48.jpg",640,640,640,640,0.250000,0.700000,6.386146,65.210937,0.118282,74.062709,1,"Xiaomi 23127PN0CC"
"f6d8eeae-5155-4320-8823-32dd0ebb2871","2026-05-26T14:55:17.154719Z","01_yolo26n_base","YOLO26n base","benchmark/train/550_jpg.rf.96d50eafd389f8bc71077d2b87588aa2.jpg",640,640,640,640,0.250000,0.700000,6.484427,65.624167,0.117760,74.547343,1,"Xiaomi 23127PN0CC"
"e0d2f1db-a468-4427-baf4-0914725559d2","2026-05-26T14:55:17.235582Z","01_yolo26n_base","YOLO26n base","benchmark/train/933_jpg.rf.b1c68bb1eabb9916e5d69c4865c5f4aa.jpg",640,640,640,640,0.250000,0.700000,6.564375,67.268125,0.131042,76.257708,1,"Xiaomi 23127PN0CC"
"e4ebe9f6-d983-4bea-a48b-098a38307f1b","2026-05-26T14:55:17.316494Z","01_yolo26n_base","YOLO26n base","benchmark/train/IMG_2973_1_JPG.rf.7258d5cbc205df3c9129519fb7346885.jpg",640,640,640,640,0.250000,0.700000,6.540104,66.873020,0.119844,75.801354,1,"Xiaomi 23127PN0CC"
"a0ff02aa-cc97-41d1-8919-d55e38a9a33a","2026-05-26T14:55:17.396521Z","01_yolo26n_base","YOLO26n base","benchmark/train/IMG_3316_JPG.rf.c2c38a20bd60a487fdcbb591edd19def.jpg",640,640,640,640,0.250000,0.700000,6.360104,66.138177,0.116510,74.902552,1,"Xiaomi 23127PN0CC"
"145e0431-1495-46af-9fc4-ab50cf493300","2026-05-26T14:55:17.476019Z","01_yolo26n_base","YOLO26n base","benchmark/train/IMG_3335_JPG.rf.81a378a5b0b70a7c0e29d98233de8ada.jpg",640,640,640,640,0.250000,0.700000,6.248333,65.688021,0.117135,74.385625,1,"Xiaomi 23127PN0CC"
"126c4863-89bf-4f11-81c1-0f64f508e2ec","2026-05-26T14:55:17.555555Z","01_yolo26n_base","YOLO26n base","benchmark/train/IMG_2381_2_JPG.rf.0c880fbb24514ea59ae6d470a95d3e89.jpg",640,640,640,640,0.250000,0.700000,6.317604,65.625469,0.131354,74.420833,1,"Xiaomi 23127PN0CC"
"3fc812df-bda7-4044-aabf-ebe59dccb462","2026-05-26T14:55:17.636274Z","01_yolo26n_base","YOLO26n base","benchmark/train/IMG_2891_2_JPG.rf.196f0eb43ecb7604b82c0a23fe1da008.jpg",640,640,640,640,0.250000,0.700000,6.741094,65.852291,0.121146,75.449167,1,"Xiaomi 23127PN0CC"
"1c1d7154-575b-41a9-9440-275ff89dec42","2026-05-26T14:55:17.717424Z","01_yolo26n_base","YOLO26n base","benchmark/train/IMG_3159_1_JPG.rf.15d905de7aec1b8dbaca440dd67c3509.jpg",640,640,640,640,0.250000,0.700000,6.555990,66.760416,0.120157,75.889740,1,"Xiaomi 23127PN0CC"
"3ee508ba-ff8f-478f-a9c7-44577c0624a9","2026-05-26T14:55:17.796355Z","01_yolo26n_base","YOLO26n base","benchmark/train/IMG_3126_JPG.rf.29d2747c12b0f30fa67e90dbdb3bf452.jpg",640,640,640,640,0.250000,0.700000,6.411146,64.457708,0.124166,73.428489,1,"Xiaomi 23127PN0CC"
"e34f7202-f2e3-4c9a-8c82-3b6fc0c97cb1","2026-05-26T14:55:17.875655Z","01_yolo26n_base","YOLO26n base","benchmark/valid/IMG_2403_2_JPG.rf.7a7dda3ecce9710eb4b3cdd975c242d7.jpg",640,640,640,640,0.250000,0.700000,6.286458,65.671094,0.122240,74.437188,2,"Xiaomi 23127PN0CC"
"c8cca149-3fb8-4263-bd85-dbcc1b15b58c","2026-05-26T14:55:17.956260Z","01_yolo26n_base","YOLO26n base","benchmark/train/IMG_3422_2_JPG.rf.9daeb9b9526ed143eec4d9190c44e135.jpg",640,640,640,640,0.250000,0.700000,6.566928,65.924375,0.122240,74.993855,1,"Xiaomi 23127PN0CC"
"a5c032e6-73bf-4b07-a82a-a551920f4825","2026-05-26T14:55:18.035868Z","01_yolo26n_base","YOLO26n base","benchmark/train/IMG_2484_2_JPG.rf.d350746467cb54db1edf23c0a4b50b64.jpg",640,640,640,640,0.250000,0.700000,6.380782,65.429479,0.127865,74.339219,2,"Xiaomi 23127PN0CC"
"6795c9ad-6188-4221-b8ed-5b73a2fdc72a","2026-05-26T14:55:18.117806Z","01_yolo26n_base","YOLO26n base","benchmark/train/IMG_3539_1_JPG.rf.71e14eb12359115f66fcd0675fa56725.jpg",640,640,640,640,0.250000,0.700000,6.482969,67.276563,0.163021,76.355521,1,"Xiaomi 23127PN0CC"
"9d29d621-c25e-47d8-9eb3-d381a4c198d2","2026-05-26T14:55:18.195493Z","01_yolo26n_base","YOLO26n base","benchmark/test/1067_jpg.rf.8010e1d5963020c4a33c045798c0bfac.jpg",640,640,640,640,0.250000,0.700000,6.437239,64.272553,0.119791,73.146458,1,"Xiaomi 23127PN0CC"
"7c736f50-e60c-420a-92b3-57a97110dbf6","2026-05-26T14:55:18.275269Z","01_yolo26n_base","YOLO26n base","benchmark/train/IMG_2267_1_JPG.rf.f319c01e7a90371f8b71ba3fb87a73e8.jpg",640,640,640,640,0.250000,0.700000,6.388959,65.604531,0.127448,74.406094,1,"Xiaomi 23127PN0CC"
"e7319438-cd13-41b1-b849-5a8d73c4045c","2026-05-26T14:55:18.355545Z","01_yolo26n_base","YOLO26n base","benchmark/train/IMG_2961_1_JPG.rf.9bb9b4135483da3e381444f00db404a5.jpg",640,640,640,640,0.250000,0.700000,6.374791,66.116042,0.127239,74.842395,1,"Xiaomi 23127PN0CC"
"596c5aa2-6079-4b0e-9e93-4956bd95399e","2026-05-26T14:55:18.434366Z","01_yolo26n_base","YOLO26n base","benchmark/valid/1410_jpg.rf.ed27d594e4ba1e223bd7e8bc968a394b.jpg",640,640,640,640,0.250000,0.700000,6.468386,65.106563,0.117760,74.034948,1,"Xiaomi 23127PN0CC"
"6e2efa43-e8b9-4cd7-a8ea-af16d987c9e4","2026-05-26T14:55:18.514946Z","01_yolo26n_base","YOLO26n base","benchmark/train/350_jpg.rf.29612c99bf461f492ec2472e84cf791f.jpg",640,640,640,640,0.250000,0.700000,6.401979,66.822188,0.118385,75.904062,1,"Xiaomi 23127PN0CC"
"1d56249a-5089-4dee-9fc8-76c900f90f5e","2026-05-26T14:55:21.737625Z","02_yolo26n_edgelite","YOLO26n EdgeLite","benchmark/valid/235_jpg.rf.8d38bad40e317fb3b177eb8991070243.jpg",640,640,640,640,0.250000,0.700000,6.682135,72.344323,0.117604,81.344687,1,"Xiaomi 23127PN0CC"
"840deee7-039e-4066-b67f-526d0f1963fe","2026-05-26T14:55:21.816906Z","02_yolo26n_edgelite","YOLO26n EdgeLite","benchmark/train/558_jpg.rf.562779a2f3b499c9729f3f4d719c5569.jpg",640,640,640,640,0.250000,0.700000,6.219740,65.903386,0.147656,74.372865,1,"Xiaomi 23127PN0CC"
"0792cea0-40ce-42a6-a9d3-6523b19a1a81","2026-05-26T14:55:21.890129Z","02_yolo26n_edgelite","YOLO26n EdgeLite","benchmark/train/IMG_2305_JPG.rf.cdb2d6fca6da1ca30fd0e243f0ee2063.jpg",640,640,640,640,0.250000,0.700000,6.169531,59.202552,0.141354,67.913177,1,"Xiaomi 23127PN0CC"
"5ede0599-dffc-4c4b-8e63-5f8aba8e5704","2026-05-26T14:55:21.965747Z","02_yolo26n_edgelite","YOLO26n EdgeLite","benchmark/test/745_jpg.rf.a17b622a38d32eae0201c0c7a1ee8105.jpg",640,640,640,640,0.250000,0.700000,6.091510,62.702240,0.177187,70.893229,1,"Xiaomi 23127PN0CC"
"882718fa-abfc-4fb2-8680-0cbeec959d74","2026-05-26T14:55:22.044276Z","02_yolo26n_edgelite","YOLO26n EdgeLite","benchmark/test/IMG_2210_JPG.rf.565cde82f22328be8424b40dc40749cd.jpg",640,640,640,640,0.250000,0.700000,5.818698,65.350000,0.126927,73.528385,1,"Xiaomi 23127PN0CC"
"ec4e87db-4342-4940-ba2c-2f13cb423703","2026-05-26T14:55:22.117469Z","02_yolo26n_edgelite","YOLO26n EdgeLite","benchmark/train/IMG_2316_JPG.rf.b67130187302fdea96b606a66bb26326.jpg",640,640,640,640,0.250000,0.700000,6.576562,59.222865,0.115885,68.261302,1,"Xiaomi 23127PN0CC"
"00b1dce5-a132-485c-a2a9-99f89567cebc","2026-05-26T14:55:22.192917Z","02_yolo26n_edgelite","YOLO26n EdgeLite","benchmark/train/IMG_2897_2_JPG.rf.e6b5ffd31910ad8abdcac8bb03b7596d.jpg",640,640,640,640,0.250000,0.700000,6.327343,61.654219,0.118854,70.480364,1,"Xiaomi 23127PN0CC"
"a0c3e895-01ec-497f-bd5b-ab281b8e95a9","2026-05-26T14:55:22.268369Z","02_yolo26n_edgelite","YOLO26n EdgeLite","benchmark/train/IMG_3133_2_JPG.rf.452be46366c8a1fcbe70d5d841111080.jpg",640,640,640,640,0.250000,0.700000,6.255833,61.704114,0.114948,70.272864,1,"Xiaomi 23127PN0CC"
"b74632c7-6d6e-4b38-98bf-06d87c3d567d","2026-05-26T14:55:22.345069Z","02_yolo26n_edgelite","YOLO26n EdgeLite","benchmark/train/IMG_2384_JPG.rf.d0e614df7ab53e75d3f2e98c2f99170a.jpg",640,640,640,640,0.250000,0.700000,6.276302,62.896146,0.125729,71.761979,1,"Xiaomi 23127PN0CC"
"9cf14f73-f620-4dc4-b47e-8eb3d6fa73ac","2026-05-26T14:55:22.417125Z","02_yolo26n_edgelite","YOLO26n EdgeLite","benchmark/train/445_jpg.rf.84465db04879e444af290627167b8148.jpg",640,640,640,640,0.250000,0.700000,6.574740,58.502864,0.115105,67.538438,1,"Xiaomi 23127PN0CC"
"d4a8cc29-2c5a-4576-b666-b1bd2f69ca30","2026-05-26T14:55:22.490911Z","02_yolo26n_edgelite","YOLO26n EdgeLite","benchmark/valid/IMG_2639_1_JPG.rf.703f1ce6ea6fe89566a5ced926e8ed66.jpg",640,640,640,640,0.250000,0.700000,6.375834,59.774740,0.122969,68.617657,1,"Xiaomi 23127PN0CC"
"f98f6981-2eb8-4ff1-98db-17511c748d30","2026-05-26T14:55:22.566699Z","02_yolo26n_edgelite","YOLO26n EdgeLite","benchmark/train/IMG_3062_2_JPG.rf.acd6207fe316d3c4c88b1c100717e843.jpg",640,640,640,640,0.250000,0.700000,6.337292,61.876406,0.142083,70.662448,1,"Xiaomi 23127PN0CC"
"fcbabf62-e900-4272-81d0-88bc0d95d065","2026-05-26T14:55:22.639303Z","02_yolo26n_edgelite","YOLO26n EdgeLite","benchmark/train/IMG_3351_1_JPG.rf.92d871143391366b4c8d2445cfcf19bf.jpg",640,640,640,640,0.250000,0.700000,6.118438,58.885990,0.133229,67.366146,1,"Xiaomi 23127PN0CC"
"b44ae3d6-ac71-43ca-a927-10e91f0458eb","2026-05-26T14:55:22.712994Z","02_yolo26n_edgelite","YOLO26n EdgeLite","benchmark/valid/IMG_3008_1_JPG.rf.7e587df3e09091fcadfbcacd5dc88cb6.jpg",640,640,640,640,0.250000,0.700000,6.111458,60.091667,0.137761,68.521875,1,"Xiaomi 23127PN0CC"
"183be8dd-9775-4571-9bda-958e3319e603","2026-05-26T14:55:22.785438Z","02_yolo26n_edgelite","YOLO26n EdgeLite","benchmark/train/IMG_3536_1_JPG.rf.a0455a6c2e126cdebaaa0a038d1f0a45.jpg",640,640,640,640,0.250000,0.700000,6.226355,58.720990,0.110416,67.313073,1,"Xiaomi 23127PN0CC"
"6a64d665-8a05-484c-8683-d763d593ca49","2026-05-26T14:55:22.862742Z","02_yolo26n_edgelite","YOLO26n EdgeLite","benchmark/valid/924_jpg.rf.a5e8b72e3fdb8bbfbbb6b6298f5aac99.jpg",640,640,640,640,0.250000,0.700000,6.089115,64.410052,0.127448,72.927656,1,"Xiaomi 23127PN0CC"
"f596d447-ebb3-40d3-9bde-6d2ee016fdd6","2026-05-26T14:55:22.935595Z","02_yolo26n_edgelite","YOLO26n EdgeLite","benchmark/train/IMG_2783_2_JPG.rf.db7a6b0892882229810c4e42664210fb.jpg",640,640,640,640,0.250000,0.700000,6.339948,58.529375,0.115937,67.262396,1,"Xiaomi 23127PN0CC"
"3e1da224-7dc6-4786-a1be-7e0425a8c020","2026-05-26T14:55:23.009428Z","02_yolo26n_edgelite","YOLO26n EdgeLite","benchmark/train/IMG_3424_2_JPG.rf.bd3918342d1ef4f78ed42b61c085c1ed.jpg",640,640,640,640,0.250000,0.700000,6.613907,59.679271,0.117760,68.673125,1,"Xiaomi 23127PN0CC"
"804a1023-b1db-49e4-af19-bacaaccd684e","2026-05-26T14:55:23.082396Z","02_yolo26n_edgelite","YOLO26n EdgeLite","benchmark/train/380_jpg.rf.2a853f820613be7c8e47843d88a9321c.jpg",640,640,640,640,0.250000,0.700000,6.252865,59.525833,0.123177,68.252396,1,"Xiaomi 23127PN0CC"
"ee1d7cc8-8e5f-493d-b0bf-9332ebc14126","2026-05-26T14:55:23.155623Z","02_yolo26n_edgelite","YOLO26n EdgeLite","benchmark/train/IMG_2816_2_JPG.rf.c65b4ac3bc854d4e96da2d88f9e9876a.jpg",640,640,640,640,0.250000,0.700000,6.632083,58.969271,0.120937,68.015208,1,"Xiaomi 23127PN0CC"
"ef5f6d08-ea3a-418d-a87e-d829cb784a68","2026-05-26T14:55:23.228072Z","02_yolo26n_edgelite","YOLO26n EdgeLite","benchmark/valid/1714_jpg.rf.50ea84b1cd2a757d13a71adab1aeed85.jpg",640,640,640,640,0.250000,0.700000,6.644166,58.848021,0.125209,67.861146,1,"Xiaomi 23127PN0CC"
"e973f014-c89a-43dd-94fc-b9cf7a7ccba6","2026-05-26T14:55:23.301720Z","02_yolo26n_edgelite","YOLO26n EdgeLite","benchmark/train/IMG_3492_JPG.rf.09dfa7b983b750c2cb477a7fcb35c4f3.jpg",640,640,640,640,0.250000,0.700000,6.513021,59.354218,0.119740,68.361354,1,"Xiaomi 23127PN0CC"
"b853f8d0-6865-4f1f-9d39-839043cbb9ab","2026-05-26T14:55:23.373086Z","02_yolo26n_edgelite","YOLO26n EdgeLite","benchmark/test/690_jpg.rf.0f06220db3d5ca5630e771fdcb6ac08f.jpg",640,640,640,640,0.250000,0.700000,6.032135,58.357291,0.128073,66.610885,1,"Xiaomi 23127PN0CC"
"5a75fb97-638b-4660-b49b-2aeab9e4bf18","2026-05-26T14:55:23.444794Z","02_yolo26n_edgelite","YOLO26n EdgeLite","benchmark/train/IMG_2270_2_JPG.rf.3253f5f44ea8e97b04c6ff62321fc46d.jpg",640,640,640,640,0.250000,0.700000,6.483542,57.433594,0.118489,66.370781,1,"Xiaomi 23127PN0CC"
"5dbc3369-9bfc-41b8-8819-e91857f11895","2026-05-26T14:55:23.517721Z","02_yolo26n_edgelite","YOLO26n EdgeLite","benchmark/train/IMG_2208_1_JPG.rf.77dce388a23b5ede8a729b4734e46bf1.jpg",640,640,640,640,0.250000,0.700000,6.313698,58.674896,0.119948,67.545365,1,"Xiaomi 23127PN0CC"
"7761b30b-5f57-4914-af74-356e65409593","2026-05-26T14:55:23.590552Z","02_yolo26n_edgelite","YOLO26n EdgeLite","benchmark/train/747_jpg.rf.a0b9277cd4c021758b4a1d04cf12031b.jpg",640,640,640,640,0.250000,0.700000,6.297344,59.324167,0.127968,68.060729,1,"Xiaomi 23127PN0CC"
"c4c15f22-c80c-46e2-816d-2dff650dfcd8","2026-05-26T14:55:23.663007Z","02_yolo26n_edgelite","YOLO26n EdgeLite","benchmark/train/IMG_3029_2_JPG.rf.2840cd755c9d43f97121b6304ea31d66.jpg",640,640,640,640,0.250000,0.700000,6.513229,58.453177,0.127031,67.394531,1,"Xiaomi 23127PN0CC"
"a1a25a3f-b3e3-4fce-afab-b583ebab3265","2026-05-26T14:55:23.736046Z","02_yolo26n_edgelite","YOLO26n EdgeLite","benchmark/train/PXL_20240125_125002207_jpg.rf.e71816443632c954b8fc0dc1a248a983.jpg",640,640,640,640,0.250000,0.700000,6.412344,59.120208,0.133125,67.940885,2,"Xiaomi 23127PN0CC"
"f2cfbe92-d0bc-4c41-9717-89c4d4a14096","2026-05-26T14:55:23.808508Z","02_yolo26n_edgelite","YOLO26n EdgeLite","benchmark/test/IMG_3094_2_JPG.rf.f3024c074511abfbc43fd419ed29db58.jpg",640,640,640,640,0.250000,0.700000,6.599270,57.923021,0.117188,67.039375,1,"Xiaomi 23127PN0CC"
"c144d580-3474-46e4-abb8-895295c3f971","2026-05-26T14:55:23.881540Z","02_yolo26n_edgelite","YOLO26n EdgeLite","benchmark/valid/IMG_3664_2_JPG.rf.cc985451ab5999657e5f7eceeea3698f.jpg",640,640,640,640,0.250000,0.700000,6.471042,59.050833,0.125782,68.094532,1,"Xiaomi 23127PN0CC"
"f00d9622-da23-4b13-962e-663735f912fd","2026-05-26T14:55:23.955201Z","02_yolo26n_edgelite","YOLO26n EdgeLite","benchmark/train/IMG_2289_2_JPG.rf.65215a499f168a9773b3f061f8855e0e.jpg",640,640,640,640,0.250000,0.700000,6.613333,58.956041,0.121771,68.273698,1,"Xiaomi 23127PN0CC"
"b3212b61-3036-4c61-b1ce-0f6afcf7339c","2026-05-26T14:55:24.026662Z","02_yolo26n_edgelite","YOLO26n EdgeLite","benchmark/train/IMG_3273_2_JPG.rf.95d815d5e87553713ec4cbe152915c50.jpg",640,640,640,640,0.250000,0.700000,6.545312,57.446563,0.117448,66.398125,1,"Xiaomi 23127PN0CC"
"b73fbaf7-15e7-42ee-9dd0-209b2bd23dc7","2026-05-26T14:55:24.101950Z","02_yolo26n_edgelite","YOLO26n EdgeLite","benchmark/valid/IMG_2604_1_JPG.rf.4f865d4a8a247ae3e11534f2a6d97614.jpg",640,640,640,640,0.250000,0.700000,6.389323,61.200156,0.131094,70.054219,1,"Xiaomi 23127PN0CC"
"8c65b77b-001a-4fbb-a8b1-d1775880ced0","2026-05-26T14:55:24.174308Z","02_yolo26n_edgelite","YOLO26n EdgeLite","benchmark/train/IMG_2484_1_JPG.rf.8c2430adf6d749cf6c7fa141ab1cd6c3.jpg",640,640,640,640,0.250000,0.700000,6.483177,58.209323,0.123437,67.189427,2,"Xiaomi 23127PN0CC"
"023cd810-023e-4660-9a86-d40a3bdd1e4f","2026-05-26T14:55:24.247232Z","02_yolo26n_edgelite","YOLO26n EdgeLite","benchmark/train/IMG_3596_JPG.rf.76098ba51d51aefec74defaf078d0bf1.jpg",640,640,640,640,0.250000,0.700000,6.478437,58.391510,0.122188,67.306667,1,"Xiaomi 23127PN0CC"
"1ea5f088-6f58-4f9f-89db-d10a87f7c9e2","2026-05-26T14:55:24.320647Z","02_yolo26n_edgelite","YOLO26n EdgeLite","benchmark/train/IMG_3232_JPG.rf.52c2d463a4a381881f993ded534e115f.jpg",640,640,640,640,0.250000,0.700000,6.602917,59.066407,0.121718,68.149479,1,"Xiaomi 23127PN0CC"
"bdd14d77-f3a9-4070-8f88-dda21e483234","2026-05-26T14:55:24.394751Z","02_yolo26n_edgelite","YOLO26n EdgeLite","benchmark/valid/IMG_3279_1_JPG.rf.a3e995f2f312b5e88de55f2e106e3fb0.jpg",640,640,640,640,0.250000,0.700000,6.252083,60.377604,0.127865,68.836823,1,"Xiaomi 23127PN0CC"
"f3c6f904-05b7-4d80-b161-2779236ac8fa","2026-05-26T14:55:24.467307Z","02_yolo26n_edgelite","YOLO26n EdgeLite","benchmark/train/IMG_3312_JPG.rf.41ee920f32bac568498fd10c409e0de2.jpg",640,640,640,640,0.250000,0.700000,6.423333,58.641302,0.113802,67.449895,1,"Xiaomi 23127PN0CC"
"5fa909d1-a6bc-4536-aa8b-bc3d0507176b","2026-05-26T14:55:24.541022Z","02_yolo26n_edgelite","YOLO26n EdgeLite","benchmark/train/IMG_2332_2_JPG.rf.967ed8f22a2f46d52ca690d4fab893a7.jpg",640,640,640,640,0.250000,0.700000,6.478490,59.526718,0.120417,68.411250,1,"Xiaomi 23127PN0CC"
"d9be0588-121b-40a3-9c20-adc720dc0ddc","2026-05-26T14:55:24.613757Z","02_yolo26n_edgelite","YOLO26n EdgeLite","benchmark/train/905_jpg.rf.56811ec44d1e76f56d07643ef70e3b1d.jpg",640,640,640,640,0.250000,0.700000,6.504844,59.209010,0.157344,68.251406,1,"Xiaomi 23127PN0CC"
"6fef8e48-d1ff-419a-b968-285771363a20","2026-05-26T14:55:24.686970Z","02_yolo26n_edgelite","YOLO26n EdgeLite","benchmark/train/IMG_2650_JPG.rf.77ee1413b8167b3f9f2cc2c9b8722922.jpg",640,640,640,640,0.250000,0.700000,6.723959,58.487083,0.116719,67.906615,1,"Xiaomi 23127PN0CC"
"ec8a5f91-096c-4c8c-b6d4-f73bf14848dd","2026-05-26T14:55:24.759527Z","02_yolo26n_edgelite","YOLO26n EdgeLite","benchmark/train/IMG_3031_1_JPG.rf.e9f598b7dcf8195f853e27405a8ba531.jpg",640,640,640,640,0.250000,0.700000,6.696823,58.148230,0.130208,67.244219,2,"Xiaomi 23127PN0CC"
"763cdf0d-cd4e-42fd-8f77-597e68189a97","2026-05-26T14:55:24.832304Z","02_yolo26n_edgelite","YOLO26n EdgeLite","benchmark/valid/IMG_2403_2_JPG.rf.7a7dda3ecce9710eb4b3cdd975c242d7.jpg",640,640,640,640,0.250000,0.700000,6.488125,57.937968,0.120104,66.989218,1,"Xiaomi 23127PN0CC"
"6e87ccb7-188c-44f5-9f06-2ca00463f206","2026-05-26T14:55:24.907635Z","02_yolo26n_edgelite","YOLO26n EdgeLite","benchmark/train/IMG_3629_JPG.rf.51c100d743efb85b401fe50f25639068.jpg",640,640,640,640,0.250000,0.700000,6.167188,60.797292,0.139010,69.414844,2,"Xiaomi 23127PN0CC"
"d7527eaf-2c4c-4247-9f11-4cbf8adee9ff","2026-05-26T14:55:24.981727Z","02_yolo26n_edgelite","YOLO26n EdgeLite","benchmark/train/IMG_3202_2_JPG.rf.64a256341a1409676478979cde83926a.jpg",640,640,640,640,0.250000,0.700000,6.798802,58.869323,0.117709,68.423073,1,"Xiaomi 23127PN0CC"
"67610c12-6374-46a4-a268-8d1af9cb8e8f","2026-05-26T14:55:25.055533Z","02_yolo26n_edgelite","YOLO26n EdgeLite","benchmark/test/206_jpg.rf.6f21994db835936fb34cdc6b40db7eee.jpg",640,640,640,640,0.250000,0.700000,6.562552,59.730625,0.114948,69.125365,1,"Xiaomi 23127PN0CC"
"15a56ef8-924d-487b-9c25-e56f25a39830","2026-05-26T14:55:25.128244Z","02_yolo26n_edgelite","YOLO26n EdgeLite","benchmark/test/IMG_3293_1_JPG.rf.106bbc5eb066beaf80a0b19f76bcbf00.jpg",640,640,640,640,0.250000,0.700000,6.437083,58.805260,0.129427,67.666614,1,"Xiaomi 23127PN0CC"
"f0a66e7d-e373-4780-a476-12189a92b035","2026-05-26T14:55:25.201232Z","02_yolo26n_edgelite","YOLO26n EdgeLite","benchmark/train/IMG_2315_2_JPG.rf.8c7ac5e137f4d35c3d9a01bfa8c1cd34.jpg",640,640,640,640,0.250000,0.700000,6.606041,58.687291,0.115105,67.781250,1,"Xiaomi 23127PN0CC"
"cb2f3495-271c-4eed-a8e8-761e7b4e5fde","2026-05-26T14:55:25.274212Z","02_yolo26n_edgelite","YOLO26n EdgeLite","benchmark/train/534_jpg.rf.b643b1c385d78756c63179c876bc52e1.jpg",640,640,640,640,0.250000,0.700000,6.220052,59.775885,0.117448,68.422604,1,"Xiaomi 23127PN0CC"
"76fb7c44-c943-40c8-9408-bb76f9a6a0dd","2026-05-26T14:55:25.348680Z","02_yolo26n_edgelite","YOLO26n EdgeLite","benchmark/valid/IMG_2291_JPG.rf.d04d6a758471bac94e2a80f2066747ae.jpg",640,640,640,640,0.250000,0.700000,6.869532,59.991875,0.120521,69.232188,1,"Xiaomi 23127PN0CC"
"88ff0552-d6e4-44d0-b462-2cd006f480bc","2026-05-26T14:55:25.420695Z","02_yolo26n_edgelite","YOLO26n EdgeLite","benchmark/train/IMG_3062_1_JPG.rf.dd70fe95f5f0e53d67c7fc318eefb18c.jpg",640,640,640,640,0.250000,0.700000,6.144687,58.281042,0.126666,66.770468,1,"Xiaomi 23127PN0CC"
"e6cac249-61a5-4bba-b2f2-a873d8871bc3","2026-05-26T14:55:25.492762Z","02_yolo26n_edgelite","YOLO26n EdgeLite","benchmark/train/IMG_2570_JPG.rf.591b477af57c20ff36249b8a70c7701e.jpg",640,640,640,640,0.250000,0.700000,6.458646,57.914167,0.117031,66.864844,1,"Xiaomi 23127PN0CC"
"1d817a69-2447-436e-8be8-7caf6f8f60eb","2026-05-26T14:55:25.565059Z","02_yolo26n_edgelite","YOLO26n EdgeLite","benchmark/train/IMG_3636_1_JPG.rf.90485c15b4cefd5bda71731317014324.jpg",640,640,640,640,0.250000,0.700000,6.470469,57.897240,0.136458,66.939948,2,"Xiaomi 23127PN0CC"
"68cb9fc9-e211-49f9-9527-8ab9a2fb7ba4","2026-05-26T14:55:25.639693Z","02_yolo26n_edgelite","YOLO26n EdgeLite","benchmark/train/IMG_2672_JPG.rf.0f7a67359b9654c5bb5409d693e94617.jpg",640,640,640,640,0.250000,0.700000,6.425781,60.080364,0.127031,68.928958,1,"Xiaomi 23127PN0CC"
"1c34dbbc-f2b8-4fc1-ae04-2996893f7e69","2026-05-26T14:55:25.711965Z","02_yolo26n_edgelite","YOLO26n EdgeLite","benchmark/valid/IMG_2960_1_JPG.rf.909ab6e64610074e1531c58dfa1c4624.jpg",640,640,640,640,0.250000,0.700000,6.357604,58.526771,0.117656,67.289271,1,"Xiaomi 23127PN0CC"
"058a039b-be55-4193-9b97-537369a342ab","2026-05-26T14:55:25.783734Z","02_yolo26n_edgelite","YOLO26n EdgeLite","benchmark/train/IMG_2757_JPG.rf.bc9148586372fc8b066da88142bb07d6.jpg",640,640,640,640,0.250000,0.700000,6.413177,57.491562,0.131927,66.316770,3,"Xiaomi 23127PN0CC"
"0322726f-f77f-48a8-a7a0-5b3260eb003b","2026-05-26T14:55:25.857365Z","02_yolo26n_edgelite","YOLO26n EdgeLite","benchmark/valid/IMG_3078_JPG.rf.9458708a4cc2d5b43f78d588224e9b8d.jpg",640,640,640,640,0.250000,0.700000,6.926511,57.779635,0.120000,67.543385,1,"Xiaomi 23127PN0CC"
"19310164-fc50-476d-892e-bef3b8987475","2026-05-26T14:55:25.932167Z","02_yolo26n_edgelite","YOLO26n EdgeLite","benchmark/train/IMG_2481_JPG.rf.0c89659caa3badcf157d7501a38fa10d.jpg",640,640,640,640,0.250000,0.700000,6.544791,60.374115,0.124531,69.568385,1,"Xiaomi 23127PN0CC"
"f6bbd160-a6ae-496c-a73f-cc76434520a4","2026-05-26T14:55:26.004429Z","02_yolo26n_edgelite","YOLO26n EdgeLite","benchmark/train/IMG_3244_1_JPG.rf.d605a66dce87cdc319308908631d4015.jpg",640,640,640,640,0.250000,0.700000,6.431562,58.345052,0.115885,67.175520,1,"Xiaomi 23127PN0CC"
"07ea5133-5eca-4f60-8230-88020cd2e5da","2026-05-26T14:55:26.076198Z","02_yolo26n_edgelite","YOLO26n EdgeLite","benchmark/valid/IMG_2777_JPG.rf.a31c148a33ccf9b9671ee94db1349f3c.jpg",640,640,640,640,0.250000,0.700000,6.293125,57.706145,0.120938,66.533438,1,"Xiaomi 23127PN0CC"
"268535fb-837e-4cce-819d-00797336837b","2026-05-26T14:55:26.151459Z","02_yolo26n_edgelite","YOLO26n EdgeLite","benchmark/train/IMG_3337_1_JPG.rf.e719b1c151a03d8a763e7701dfd28d90.jpg",640,640,640,640,0.250000,0.700000,6.475833,60.726303,0.125156,69.677969,1,"Xiaomi 23127PN0CC"
"01049d9c-bbb9-4dc9-b647-69745d01f56d","2026-05-26T14:55:26.221985Z","02_yolo26n_edgelite","YOLO26n EdgeLite","benchmark/valid/IMG_2881_JPG.rf.e061b55e639d7a6d85f729b19b618094.jpg",640,640,640,640,0.250000,0.700000,6.299063,56.993750,0.113958,65.714531,1,"Xiaomi 23127PN0CC"
"2fd0911b-16dd-4d6c-9f76-471673f5f272","2026-05-26T14:55:26.293477Z","02_yolo26n_edgelite","YOLO26n EdgeLite","benchmark/train/IMG_2324_2_JPG.rf.6d4f555080661e5ff249d968cea85f57.jpg",640,640,640,640,0.250000,0.700000,6.270260,57.491667,0.119270,66.211562,1,"Xiaomi 23127PN0CC"
"9d1beff2-81c7-4fbb-91ab-7c1231c243fc","2026-05-26T14:55:26.368290Z","02_yolo26n_edgelite","YOLO26n EdgeLite","benchmark/train/IMG_2540_2_JPG.rf.60cab24af21e00880249955b4705ff2c.jpg",640,640,640,640,0.250000,0.700000,6.468542,60.689323,0.117448,69.649167,1,"Xiaomi 23127PN0CC"
"bfdfafd1-811f-4e43-8d51-419e723e939e","2026-05-26T14:55:26.446596Z","02_yolo26n_edgelite","YOLO26n EdgeLite","benchmark/train/851_jpg.rf.64e3705d032fe4f91d9401611a7a5e4b.jpg",640,640,640,640,0.250000,0.700000,6.366094,64.627865,0.124062,73.608229,1,"Xiaomi 23127PN0CC"
"174fd6be-aca3-436f-bf75-4d7fa378dcf1","2026-05-26T14:55:26.522355Z","02_yolo26n_edgelite","YOLO26n EdgeLite","benchmark/train/IMG_2432_JPG.rf.a74af9b0c11d74219baf6243b92e7c05.jpg",640,640,640,640,0.250000,0.700000,6.646615,61.291250,0.121927,70.699427,1,"Xiaomi 23127PN0CC"
"3970ccf6-dc0a-4b0e-911c-a8c4197fe4fd","2026-05-26T14:55:26.594285Z","02_yolo26n_edgelite","YOLO26n EdgeLite","benchmark/train/IMG_3145_JPG.rf.72b30542367f7f3654adc791a3b91b0d.jpg",640,640,640,640,0.250000,0.700000,6.823437,57.565000,0.114896,66.776875,1,"Xiaomi 23127PN0CC"
"05c71900-df1c-4faf-af74-1ba3aefbfa4e","2026-05-26T14:55:26.666961Z","02_yolo26n_edgelite","YOLO26n EdgeLite","benchmark/train/PXL_20240124_142827828_jpg.rf.afee431f082783d8115ed23efcaa14ac.jpg",640,640,640,640,0.250000,0.700000,6.570052,58.433125,0.125365,67.501563,1,"Xiaomi 23127PN0CC"
"2d7ead90-2a31-4e48-8274-09f1242abc78","2026-05-26T14:55:26.740856Z","02_yolo26n_edgelite","YOLO26n EdgeLite","benchmark/train/IMG_2304_JPG.rf.3ca05e19b1a273579262834cf88cd4f1.jpg",640,640,640,640,0.250000,0.700000,6.768645,59.201875,0.114739,68.738020,1,"Xiaomi 23127PN0CC"
"eddd33d5-fb53-489f-aa8e-cabb4ad97de6","2026-05-26T14:55:26.814125Z","02_yolo26n_edgelite","YOLO26n EdgeLite","benchmark/train/IMG_2381_JPG.rf.54029ad1a48cdef4d2c6aa19dc6dde50.jpg",640,640,640,640,0.250000,0.700000,6.582396,58.744740,0.118489,67.840104,1,"Xiaomi 23127PN0CC"
"d8862c0f-d2be-4029-a820-a7fcf170f89b","2026-05-26T14:55:26.887278Z","02_yolo26n_edgelite","YOLO26n EdgeLite","benchmark/train/IMG_2931_1_JPG.rf.6ef31ac5571752733d8fbd546a3b267c.jpg",640,640,640,640,0.250000,0.700000,6.785156,58.667709,0.117864,68.012760,1,"Xiaomi 23127PN0CC"
"db1dac17-a40b-4fb4-b1e8-cc75c20086f8","2026-05-26T14:55:26.960204Z","02_yolo26n_edgelite","YOLO26n EdgeLite","benchmark/valid/IMG_3008_JPG.rf.f2cd0e05e1b61d523a3d73ffacf0d010.jpg",640,640,640,640,0.250000,0.700000,6.347448,58.825208,0.128073,67.726458,1,"Xiaomi 23127PN0CC"
"7d45dc00-415c-4205-9a85-fe35ba3979f7","2026-05-26T14:55:27.035122Z","02_yolo26n_edgelite","YOLO26n EdgeLite","benchmark/train/IMG_2783_1_JPG.rf.008e6ddc425f580561a7428058579439.jpg",640,640,640,640,0.250000,0.700000,6.638594,60.428385,0.116459,69.612553,1,"Xiaomi 23127PN0CC"
"efb582a6-a2c0-495b-97e2-c75f0cb4f3d1","2026-05-26T14:55:27.107346Z","02_yolo26n_edgelite","YOLO26n EdgeLite","benchmark/train/PXL_20240125_121705781_jpg.rf.f1e77041eec51ae5def02fdcbe51e92d.jpg",640,640,640,640,0.250000,0.700000,6.375781,58.422657,0.116875,67.189167,1,"Xiaomi 23127PN0CC"
"243208e0-63fb-4a82-9a2f-e6de5c3088ff","2026-05-26T14:55:27.179685Z","02_yolo26n_edgelite","YOLO26n EdgeLite","benchmark/train/621_jpg.rf.dccd8c21a977385a3a78ae24689c5330.jpg",640,640,640,640,0.250000,0.700000,6.560000,58.496406,0.128594,67.482136,1,"Xiaomi 23127PN0CC"
"6151e6f8-e5d3-4ad9-b786-7072b566b302","2026-05-26T14:55:27.252849Z","02_yolo26n_edgelite","YOLO26n EdgeLite","benchmark/train/IMG_3064_2_JPG.rf.943aee618f4411e37cfb56b3ce580d08.jpg",640,640,640,640,0.250000,0.700000,6.802344,58.236822,0.117292,67.801198,1,"Xiaomi 23127PN0CC"
"64dd9732-ff95-4842-b416-5b183cb19e5a","2026-05-26T14:55:27.325845Z","02_yolo26n_edgelite","YOLO26n EdgeLite","benchmark/train/IMG_3457_1_JPG.rf.b470e33095c4a27b7ee81486b900f060.jpg",640,640,640,640,0.250000,0.700000,6.279895,58.831042,0.168072,67.654947,2,"Xiaomi 23127PN0CC"
"b6c546dc-7730-419d-828e-98bea59a3293","2026-05-26T14:55:27.399806Z","02_yolo26n_edgelite","YOLO26n EdgeLite","benchmark/train/IMG_3486_1_JPG.rf.842855b00b37982a90c689f59fd440a3.jpg",640,640,640,640,0.250000,0.700000,6.548802,59.344739,0.117657,68.300365,1,"Xiaomi 23127PN0CC"
"d063062f-bf0b-47ab-81e4-f2816da7e860","2026-05-26T14:55:27.472975Z","02_yolo26n_edgelite","YOLO26n EdgeLite","benchmark/train/387_jpg.rf.bacd47a28e82997ca52f2f10e787375b.jpg",640,640,640,640,0.250000,0.700000,6.345052,59.525208,0.128959,68.435209,1,"Xiaomi 23127PN0CC"
"11aa6682-080e-45a6-b802-ad313a23a3bc","2026-05-26T14:55:27.547545Z","02_yolo26n_edgelite","YOLO26n EdgeLite","benchmark/train/PXL_20240125_085318127_jpg.rf.9065fa8cd9db9949f90453dea4fc582e.jpg",640,640,640,640,0.250000,0.700000,6.874010,59.663385,0.117656,69.263333,1,"Xiaomi 23127PN0CC"
"dabdfea0-fe4e-4db9-9d26-42dd3496788c","2026-05-26T14:55:27.619262Z","02_yolo26n_edgelite","YOLO26n EdgeLite","benchmark/train/IMG_2334_1_JPG.rf.7eaf2f9b624e224fd7d4f9a238c1a63c.jpg",640,640,640,640,0.250000,0.700000,6.439271,57.669948,0.119166,66.552968,1,"Xiaomi 23127PN0CC"
"e80e79c4-5c7d-416f-a542-75d8d6ff428d","2026-05-26T14:55:27.695698Z","02_yolo26n_edgelite","YOLO26n EdgeLite","benchmark/train/IMG_3251_JPG.rf.50e59f5263449faddc96e215528b261f.jpg",640,640,640,640,0.250000,0.700000,6.411719,61.948125,0.127917,70.794219,1,"Xiaomi 23127PN0CC"
"bc97b57c-5732-4125-86ea-538b2b7f785d","2026-05-26T14:55:27.770890Z","02_yolo26n_edgelite","YOLO26n EdgeLite","benchmark/train/609_jpg.rf.c20cfee42ddb2c9826424821831e190a.jpg",640,640,640,640,0.250000,0.700000,6.508959,61.430677,0.117656,70.443542,1,"Xiaomi 23127PN0CC"
"95e420c0-3b28-4c02-884f-1875f3fb4338","2026-05-26T14:55:27.843288Z","02_yolo26n_edgelite","YOLO26n EdgeLite","benchmark/train/823_jpg.rf.7913d57a0093037219801e3171d10f4f.jpg",640,640,640,640,0.250000,0.700000,6.646042,58.702760,0.117396,67.814271,1,"Xiaomi 23127PN0CC"
"876b5f19-f1f0-4688-bf43-1d0b3371ee65","2026-05-26T14:55:27.918297Z","02_yolo26n_edgelite","YOLO26n EdgeLite","benchmark/train/IMG_3540_1_JPG.rf.7d94dc11d086ffea3120fb085f02361f.jpg",640,640,640,640,0.250000,0.700000,6.604636,60.851146,0.128333,69.843490,2,"Xiaomi 23127PN0CC"
"ffd13f1a-c6a3-4e13-ab83-6f523716031e","2026-05-26T14:55:27.992095Z","02_yolo26n_edgelite","YOLO26n EdgeLite","benchmark/train/IMG_2636_JPG.rf.fea05ff1a77e34a57cfd09462892c3c2.jpg",640,640,640,640,0.250000,0.700000,6.313594,59.629531,0.126979,68.475677,1,"Xiaomi 23127PN0CC"
"1bd15090-9839-4117-802b-373f82e65bfa","2026-05-26T14:55:28.065956Z","02_yolo26n_edgelite","YOLO26n EdgeLite","benchmark/train/IMG_2378_2_JPG.rf.25c9e1c18ece80ad7b5af9e7e69184fb.jpg",640,640,640,640,0.250000,0.700000,6.780469,59.131406,0.148177,68.639323,1,"Xiaomi 23127PN0CC"
"90947e64-03dd-4645-8dbe-9c919c78f4fb","2026-05-26T14:55:28.138215Z","02_yolo26n_edgelite","YOLO26n EdgeLite","benchmark/train/638_jpg.rf.3c4070921ef54859744dd3f0ee823a2c.jpg",640,640,640,640,0.250000,0.700000,6.407657,58.663282,0.120833,67.636615,1,"Xiaomi 23127PN0CC"
"5dc8802a-8b39-4a07-805b-a8db1c82e238","2026-05-26T14:55:28.213126Z","02_yolo26n_edgelite","YOLO26n EdgeLite","benchmark/train/IMG_3470_1_JPG.rf.d4d87c0bace82e907081273cc688efd1.jpg",640,640,640,640,0.250000,0.700000,6.673229,60.494739,0.126198,69.798177,1,"Xiaomi 23127PN0CC"
"aef5d47e-e8c9-4ce7-919f-3e48c630e7ad","2026-05-26T14:55:28.285935Z","02_yolo26n_edgelite","YOLO26n EdgeLite","benchmark/valid/IMG_3159_2_JPG.rf.0eb790d8d62fa4a32acabb6cf7ee361b.jpg",640,640,640,640,0.250000,0.700000,6.507135,58.431927,0.131563,67.593073,1,"Xiaomi 23127PN0CC"
"8434463e-ba16-4934-8997-1c8d4abf98d6","2026-05-26T14:55:28.359226Z","02_yolo26n_edgelite","YOLO26n EdgeLite","benchmark/train/IMG_2969_2_JPG.rf.03a3e6016a4c69b9a51663d2d91141bd.jpg",640,640,640,640,0.250000,0.700000,6.512656,59.140052,0.122032,68.141302,1,"Xiaomi 23127PN0CC"
"c3e7e6d1-16ca-4e6d-a1b7-fedbfb72d5dd","2026-05-26T14:55:28.430829Z","02_yolo26n_edgelite","YOLO26n EdgeLite","benchmark/test/1430_jpg.rf.2058580e8be93585f38d39609cc15d33.jpg",640,640,640,640,0.250000,0.700000,6.523854,57.826146,0.117969,66.829792,1,"Xiaomi 23127PN0CC"
"be6ee9a7-8601-4de9-ae83-4e47f8be154b","2026-05-26T14:55:28.504560Z","02_yolo26n_edgelite","YOLO26n EdgeLite","benchmark/train/IMG_20240125_121528_583_jpg.rf.ee46fd7a700c8d5793ff76289f5f08e3.jpg",640,640,640,640,0.250000,0.700000,6.691042,58.800885,0.147760,68.287552,3,"Xiaomi 23127PN0CC"
"119c75d7-0957-4026-9d28-2b7b958be65d","2026-05-26T14:55:28.580686Z","02_yolo26n_edgelite","YOLO26n EdgeLite","benchmark/train/IMG_3142_1_JPG.rf.ccf59c0bda945691e66b58f2651d4dc4.jpg",640,640,640,640,0.250000,0.700000,6.558229,60.655729,0.127239,69.716718,3,"Xiaomi 23127PN0CC"
"962af72a-e431-4adc-bead-80012174a63f","2026-05-26T14:55:28.654621Z","02_yolo26n_edgelite","YOLO26n EdgeLite","benchmark/valid/IMG_2335_2_JPG.rf.5930ea82d6b4e2f03ec76f669e3a6a24.jpg",640,640,640,640,0.250000,0.700000,6.473593,58.653489,0.115365,67.735625,1,"Xiaomi 23127PN0CC"
"6b7b8a7e-2748-4804-804d-dea74de38e07","2026-05-26T14:55:28.726670Z","02_yolo26n_edgelite","YOLO26n EdgeLite","benchmark/valid/IMG_3358_JPG.rf.843353e0b3c13ffa95512657528266b7.jpg",640,640,640,640,0.250000,0.700000,6.482708,57.975677,0.131563,66.940938,2,"Xiaomi 23127PN0CC"
"bbf65c4e-412c-47d3-b8e7-4cbba7c6d624","2026-05-26T14:55:28.800085Z","02_yolo26n_edgelite","YOLO26n EdgeLite","benchmark/train/IMG_2624_JPG.rf.15d9f9dc3c3827b09453e756960ebeac.jpg",640,640,640,640,0.250000,0.700000,6.624375,58.891667,0.119740,68.295157,1,"Xiaomi 23127PN0CC"
"58cda403-0e9d-44cf-9152-00375fcf6fba","2026-05-26T14:55:28.873024Z","02_yolo26n_edgelite","YOLO26n EdgeLite","benchmark/train/IMG_2420_2_JPG.rf.d1820e19c0234bb374f98be6fc421fb0.jpg",640,640,640,640,0.250000,0.700000,6.634635,58.674584,0.121146,67.776875,1,"Xiaomi 23127PN0CC"
"7689221c-4a7b-4cf2-9bbf-b19d48fdb7e4","2026-05-26T14:55:28.946319Z","02_yolo26n_edgelite","YOLO26n EdgeLite","benchmark/train/IMG_2388_JPG.rf.31d5e6f710bf83d0460f2ce06fd6f701.jpg",640,640,640,640,0.250000,0.700000,6.475520,59.263333,0.116719,68.159114,1,"Xiaomi 23127PN0CC"
"0d479fe3-8638-4898-8892-b459b3c9a158","2026-05-26T14:55:29.018355Z","02_yolo26n_edgelite","YOLO26n EdgeLite","benchmark/train/301_jpg.rf.de9eda237901b483c77f1bdfec461dec.jpg",640,640,640,640,0.250000,0.700000,6.303177,58.271354,0.123542,67.188438,1,"Xiaomi 23127PN0CC"
"88adbf81-ecc8-429e-9ced-3928e722eeb8","2026-05-26T14:55:29.937164Z","02_yolo26n_edgelite","YOLO26n EdgeLite","benchmark/valid/1383_jpg.rf.34cee478b8856b25ce51c56431aecf56.jpg",640,640,640,640,0.250000,0.700000,12.297761,72.444062,0.109792,88.018386,1,"Xiaomi 23127PN0CC"
"a6ee4507-f8ab-4091-bdc2-225e817b0597","2026-05-26T14:55:30.013889Z","02_yolo26n_edgelite","YOLO26n EdgeLite","benchmark/train/IMG_3550_2_JPG.rf.eb5afe68fda58fc85915ea4a70536f3c.jpg",640,640,640,640,0.250000,0.700000,6.561875,62.793125,0.121771,71.742552,1,"Xiaomi 23127PN0CC"
"29058b72-297a-4ad7-a453-d7b0e074b480","2026-05-26T14:55:30.091451Z","02_yolo26n_edgelite","YOLO26n EdgeLite","benchmark/train/IMG_3223_JPG.rf.a181160b44a1a0ba9f3c611627e08fb0.jpg",640,640,640,640,0.250000,0.700000,6.249531,63.196823,0.134323,71.885521,2,"Xiaomi 23127PN0CC"
"ebfee0d8-e7c8-4dca-aed1-5a42e3c0d230","2026-05-26T14:55:30.172279Z","02_yolo26n_edgelite","YOLO26n EdgeLite","benchmark/train/IMG_2919_JPG.rf.f6a9737ad615c04d90cea66cd0f5f871.jpg",640,640,640,640,0.250000,0.700000,6.297552,67.087448,0.125416,75.808802,2,"Xiaomi 23127PN0CC"
"030133b7-7864-4153-a0c4-6829aed07184","2026-05-26T14:55:30.246954Z","02_yolo26n_edgelite","YOLO26n EdgeLite","benchmark/valid/IMG_3563_1_JPG.rf.0eafe0e33bcdc858523be0b59b1f7425.jpg",640,640,640,640,0.250000,0.700000,6.565937,60.124219,0.123437,69.310364,2,"Xiaomi 23127PN0CC"
"f8afa552-1724-420b-aaf2-60c099d169a1","2026-05-26T14:55:30.325767Z","02_yolo26n_edgelite","YOLO26n EdgeLite","benchmark/train/IMG_2288_2_JPG.rf.2106d3b05b2bb866e0855a6bb231b8fb.jpg",640,640,640,640,0.250000,0.700000,6.357083,64.435573,0.154844,73.209844,1,"Xiaomi 23127PN0CC"
"23766ead-46b8-4ec5-b1ec-a20ac0ba146e","2026-05-26T14:55:30.399358Z","02_yolo26n_edgelite","YOLO26n EdgeLite","benchmark/train/IMG_2172_JPG.rf.b2c6c364c12a10d102a5920eef688f2d.jpg",640,640,640,640,0.250000,0.700000,6.643281,59.279635,0.128386,68.566667,1,"Xiaomi 23127PN0CC"
"01ebda14-aeaf-403f-b8aa-5f00724e3bb3","2026-05-26T14:55:30.472927Z","02_yolo26n_edgelite","YOLO26n EdgeLite","benchmark/train/430_jpg.rf.4597dbe56c1afae9b67ed9a903cd08f4.jpg",640,640,640,640,0.250000,0.700000,6.603594,59.588489,0.118750,68.621719,1,"Xiaomi 23127PN0CC"
"202671e7-f47c-4e88-878c-61bbf3a44699","2026-05-26T14:55:30.549427Z","02_yolo26n_edgelite","YOLO26n EdgeLite","benchmark/train/IMG_3593_2_JPG.rf.3c31aac58b9c2f2962e30eb10c6e1975.jpg",640,640,640,640,0.250000,0.700000,6.332709,62.450156,0.116510,71.301198,1,"Xiaomi 23127PN0CC"
"6e4df205-c0b2-44a3-8283-621623143960","2026-05-26T14:55:30.623764Z","02_yolo26n_edgelite","YOLO26n EdgeLite","benchmark/test/IMG_2391_1_JPG.rf.b1e85585530393f1f0e7cad0fc9c3809.jpg",640,640,640,640,0.250000,0.700000,6.579480,59.080000,0.130312,68.033802,1,"Xiaomi 23127PN0CC"
"3c9f3969-b69a-454a-b30f-d1471d715246","2026-05-26T14:55:30.697706Z","02_yolo26n_edgelite","YOLO26n EdgeLite","benchmark/valid/IMG_2601_JPG.rf.e1fd9dabcfd3751536ce2e84b93b197d.jpg",640,640,640,640,0.250000,0.700000,6.381458,60.098021,0.117760,68.869739,1,"Xiaomi 23127PN0CC"
"17f4e453-829a-404e-ac25-3d0486b8084d","2026-05-26T14:55:30.771447Z","02_yolo26n_edgelite","YOLO26n EdgeLite","benchmark/train/IMG_3278_JPG.rf.e8d9700bbd5a7916c1dd853d9c0c5241.jpg",640,640,640,640,0.250000,0.700000,6.366093,60.305468,0.118177,69.173645,1,"Xiaomi 23127PN0CC"
"d73a6703-6c5c-4517-9481-8bf9d7abd514","2026-05-26T14:55:30.844285Z","02_yolo26n_edgelite","YOLO26n EdgeLite","benchmark/test/IMG_3384_JPG.rf.63ecc9ef40808ccfd57323d1c4f8d59c.jpg",640,640,640,640,0.250000,0.700000,6.260885,59.347864,0.115052,67.969791,1,"Xiaomi 23127PN0CC"
"6ff0c06a-6a1c-4a81-9b63-033a93601c81","2026-05-26T14:55:30.917351Z","02_yolo26n_edgelite","YOLO26n EdgeLite","benchmark/train/IMG_2671_2_JPG.rf.5ff66ea5c04f7c29db4de7920c1d7b46.jpg",640,640,640,640,0.250000,0.700000,6.456146,58.788594,0.125885,67.834739,1,"Xiaomi 23127PN0CC"
"06e4e992-63a7-4b68-9b18-5694a0a75db5","2026-05-26T14:55:30.991917Z","02_yolo26n_edgelite","YOLO26n EdgeLite","benchmark/train/IMG_2633_1_JPG.rf.b06936dbb44b23078884c1947ea76d2f.jpg",640,640,640,640,0.250000,0.700000,6.251042,60.271354,0.114010,69.051823,1,"Xiaomi 23127PN0CC"
"dc564d78-0231-47e1-8586-0f4640384bd6","2026-05-26T14:55:31.065531Z","02_yolo26n_edgelite","YOLO26n EdgeLite","benchmark/train/272_jpg.rf.ed4e1a4b53aaa888aba5832f70272c20.jpg",640,640,640,640,0.250000,0.700000,6.312604,59.473281,0.122136,68.201563,1,"Xiaomi 23127PN0CC"
"dad98acf-b3b9-4a43-ba08-1a2dd8d3f927","2026-05-26T14:55:31.144064Z","02_yolo26n_edgelite","YOLO26n EdgeLite","benchmark/train/317_jpg.rf.edb21119cbe8cf3b462135f660802331.jpg",640,640,640,640,0.250000,0.700000,6.318645,65.254583,0.124739,73.976197,1,"Xiaomi 23127PN0CC"
"9dacc222-d601-45c4-b632-bde8ebfaa52a","2026-05-26T14:55:31.217132Z","02_yolo26n_edgelite","YOLO26n EdgeLite","benchmark/train/IMG_3584_2_JPG.rf.02d7fc910241180ad69b3c6079ab49b1.jpg",640,640,640,640,0.250000,0.700000,6.374896,59.022292,0.123020,67.875260,1,"Xiaomi 23127PN0CC"
"9729876d-94a4-4820-9ff0-d08d544db4ac","2026-05-26T14:55:31.290616Z","02_yolo26n_edgelite","YOLO26n EdgeLite","benchmark/train/PXL_20240125_123055282_jpg.rf.2b912bc046486469b3065812c9e63a42.jpg",640,640,640,640,0.250000,0.700000,6.158437,59.533281,0.130469,68.080416,2,"Xiaomi 23127PN0CC"
"64950d51-b45b-402c-9aa9-fe28d8b5b124","2026-05-26T14:55:31.362567Z","02_yolo26n_edgelite","YOLO26n EdgeLite","benchmark/train/1736_jpg.rf.f8441d3107a6ef9d688f73ee288701eb.jpg",640,640,640,640,0.250000,0.700000,6.340990,58.252864,0.144011,66.987396,1,"Xiaomi 23127PN0CC"
"a5da60a9-fd57-4a25-a10b-0e1b4b4f8b29","2026-05-26T14:55:31.441343Z","02_yolo26n_edgelite","YOLO26n EdgeLite","benchmark/valid/677_jpg.rf.a9c1b9e63174178b69dfb8a009df7f75.jpg",640,640,640,640,0.250000,0.700000,6.169063,65.337604,0.127604,73.841719,1,"Xiaomi 23127PN0CC"
"9151c567-d7c7-40c6-a297-077251a8b20f","2026-05-26T14:55:31.514216Z","02_yolo26n_edgelite","YOLO26n EdgeLite","benchmark/train/IMG_2627_2_JPG.rf.069cc0d5b0386ae544a2393dd462d283.jpg",640,640,640,640,0.250000,0.700000,6.433333,58.851406,0.113490,67.690260,1,"Xiaomi 23127PN0CC"
"3fdad809-645c-452d-a91e-a030d2cb2f59","2026-05-26T14:55:31.586879Z","02_yolo26n_edgelite","YOLO26n EdgeLite","benchmark/valid/IMG_2247_JPG.rf.13f2a63ea77e3331ffb1ebadbe010308.jpg",640,640,640,640,0.250000,0.700000,6.394219,59.007447,0.116615,67.821250,1,"Xiaomi 23127PN0CC"
"5aa4f2e4-5f99-40c0-bd22-5c2ba881d58f","2026-05-26T14:55:31.659748Z","02_yolo26n_edgelite","YOLO26n EdgeLite","benchmark/valid/IMG_2805_2_JPG.rf.644bfd8d659e1571888ece1a23d9f4a6.jpg",640,640,640,640,0.250000,0.700000,6.610000,58.328177,0.133802,67.480990,2,"Xiaomi 23127PN0CC"
"09bed6b0-494a-4b8b-a9e7-6970b8865a37","2026-05-26T14:55:31.733206Z","02_yolo26n_edgelite","YOLO26n EdgeLite","benchmark/train/IMG_2403_1_JPG.rf.dde70f55dba1b4b83951b3292c0022b4.jpg",640,640,640,640,0.250000,0.700000,6.606355,58.840625,0.119740,67.955782,2,"Xiaomi 23127PN0CC"
"9e192ce0-9344-4abf-86c0-56da01f80659","2026-05-26T14:55:31.806953Z","02_yolo26n_edgelite","YOLO26n EdgeLite","benchmark/train/IMG_3409_JPG.rf.ef0ad4fd0ae909f6415e15bc8e63077b.jpg",640,640,640,640,0.250000,0.700000,6.391562,59.513281,0.117136,68.355104,1,"Xiaomi 23127PN0CC"
"72a9ad85-73a9-47aa-9f46-6b4b73f3f1ad","2026-05-26T14:55:31.878631Z","02_yolo26n_edgelite","YOLO26n EdgeLite","benchmark/train/412_jpg.rf.dc09806da436f24fcb55de8ded5f9bc8.jpg",640,640,640,640,0.250000,0.700000,6.381563,58.345313,0.115052,67.018698,1,"Xiaomi 23127PN0CC"
"4ced21a1-17a0-41a6-8785-631c62b1ef15","2026-05-26T14:55:31.950863Z","02_yolo26n_edgelite","YOLO26n EdgeLite","benchmark/train/IMG_3622_2_JPG.rf.c24c2668e918966945249cf8a31a79ad.jpg",640,640,640,640,0.250000,0.700000,6.405885,58.374531,0.128229,66.973698,1,"Xiaomi 23127PN0CC"
"fc5f250b-414f-4bfa-aca0-fc7648fcd9a9","2026-05-26T14:55:32.023224Z","02_yolo26n_edgelite","YOLO26n EdgeLite","benchmark/train/IMG_3431_2_JPG.rf.668e451559d6597b7666c0b57dfc09ff.jpg",640,640,640,640,0.250000,0.700000,6.619532,58.194740,0.117760,67.319375,1,"Xiaomi 23127PN0CC"
"2855f72e-36cb-4221-902e-42e8ab8a1fdf","2026-05-26T14:55:32.095015Z","02_yolo26n_edgelite","YOLO26n EdgeLite","benchmark/train/1324_jpg.rf.6e4d5541125a232fa6c8973f89fff59d.jpg",640,640,640,640,0.250000,0.700000,6.588594,57.943750,0.119271,66.977604,1,"Xiaomi 23127PN0CC"
"a32f4d8e-7139-4064-b3ae-912b8100edd2","2026-05-26T14:55:32.168674Z","02_yolo26n_edgelite","YOLO26n EdgeLite","benchmark/train/IMG_2717_JPG.rf.bb6bfd47039860a7aeb5e4dd5981dc43.jpg",640,640,640,640,0.250000,0.700000,6.659115,58.652865,0.122656,68.070521,1,"Xiaomi 23127PN0CC"
"926e0142-8462-49ee-bdb3-874ed7f9faeb","2026-05-26T14:55:32.241193Z","02_yolo26n_edgelite","YOLO26n EdgeLite","benchmark/train/IMG_3450_2_JPG.rf.bb129aa13c657a8eb0347089468bbb43.jpg",640,640,640,640,0.250000,0.700000,6.623177,57.801354,0.115573,67.163802,1,"Xiaomi 23127PN0CC"
"02b371aa-846b-4b57-96fd-49b600d8c85d","2026-05-26T14:55:32.314938Z","02_yolo26n_edgelite","YOLO26n EdgeLite","benchmark/valid/1005_jpg.rf.02dd7b869b76135ce889744b49d9927d.jpg",640,640,640,640,0.250000,0.700000,6.459011,59.993021,0.120885,68.891979,1,"Xiaomi 23127PN0CC"
"10bd72fe-5550-4108-a6ef-9aeecf33deaf","2026-05-26T14:55:32.388729Z","02_yolo26n_edgelite","YOLO26n EdgeLite","benchmark/valid/IMG_3013_1_JPG.rf.a6fe89e8b31a233af226ba34afe2f47d.jpg",640,640,640,640,0.250000,0.700000,6.825365,58.845625,0.134740,68.461511,1,"Xiaomi 23127PN0CC"
"d37cd12f-abba-4111-8af2-6bd9e95f99cf","2026-05-26T14:55:32.462720Z","02_yolo26n_edgelite","YOLO26n EdgeLite","benchmark/train/IMG_2723_JPG.rf.b555c84e60eab3edc2daadce05b4d0ad.jpg",640,640,640,640,0.250000,0.700000,6.180521,60.217344,0.127864,69.047031,1,"Xiaomi 23127PN0CC"
"4d39b29c-307e-49b9-a22e-d67affce7cfe","2026-05-26T14:55:32.535471Z","02_yolo26n_edgelite","YOLO26n EdgeLite","benchmark/train/IMG_3299_2_JPG.rf.f8700547182ea431d778403f9b690453.jpg",640,640,640,640,0.250000,0.700000,6.569688,58.537344,0.117760,67.520417,1,"Xiaomi 23127PN0CC"
"36da0d9c-cc76-4495-97b8-a997d8304a30","2026-05-26T14:55:32.608629Z","02_yolo26n_edgelite","YOLO26n EdgeLite","benchmark/train/IMG_2469_2_JPG.rf.69c3a911ec76207154985b26558895cf.jpg",640,640,640,640,0.250000,0.700000,6.442135,59.078177,0.125729,67.904323,2,"Xiaomi 23127PN0CC"
"8c6736e0-a536-47d3-a018-92e466155480","2026-05-26T14:55:32.682320Z","02_yolo26n_edgelite","YOLO26n EdgeLite","benchmark/valid/IMG_2239_2_JPG.rf.21d8aad54649f9b76bb3e1ba27c58809.jpg",640,640,640,640,0.250000,0.700000,6.523177,58.411146,0.135208,67.753645,2,"Xiaomi 23127PN0CC"
"e91caf66-d6fc-4d4b-93ec-f063553213a7","2026-05-26T14:55:32.756474Z","02_yolo26n_edgelite","YOLO26n EdgeLite","benchmark/train/IMG_2381_2_JPG.rf.0c880fbb24514ea59ae6d470a95d3e89.jpg",640,640,640,640,0.250000,0.700000,6.631510,59.236666,0.120678,68.634375,1,"Xiaomi 23127PN0CC"
"b14481e9-95cb-4a95-9be0-e37eb29da712","2026-05-26T14:55:32.828870Z","02_yolo26n_edgelite","YOLO26n EdgeLite","benchmark/train/IMG_2345_JPG.rf.660cf4c38c9b2b2c4f09c3eb99823089.jpg",640,640,640,640,0.250000,0.700000,6.554427,58.092656,0.118958,67.219114,1,"Xiaomi 23127PN0CC"
"33672433-6e2f-4c76-8411-5ffec85e0f2a","2026-05-26T14:55:32.901316Z","02_yolo26n_edgelite","YOLO26n EdgeLite","benchmark/train/IMG_2927_2_JPG.rf.0103abb3cacaa745632dd8de3b269275.jpg",640,640,640,640,0.250000,0.700000,6.588334,57.736875,0.118802,67.080469,1,"Xiaomi 23127PN0CC"
"684bfa90-e913-4b65-959d-df25239d1c91","2026-05-26T14:55:32.974396Z","02_yolo26n_edgelite","YOLO26n EdgeLite","benchmark/train/IMG_3105_JPG.rf.9e6969a6f53a066982e0c37458f03c82.jpg",640,640,640,640,0.250000,0.700000,6.227708,59.495990,0.127083,68.110573,1,"Xiaomi 23127PN0CC"
"e2510aeb-4c82-4bff-b358-b2ef7f4ea18f","2026-05-26T14:55:33.048329Z","02_yolo26n_edgelite","YOLO26n EdgeLite","benchmark/train/IMG_3605_JPG.rf.7e9075652d20675db92e9a6c4efc504c.jpg",640,640,640,640,0.250000,0.700000,6.438802,59.820573,0.119011,68.616094,1,"Xiaomi 23127PN0CC"
"eb5073d7-7d25-4a1a-9e4f-e27272864d03","2026-05-26T14:55:33.120496Z","02_yolo26n_edgelite","YOLO26n EdgeLite","benchmark/train/IMG_3095_2_JPG.rf.4201f4d0417320f87ef24e9d4bffd55a.jpg",640,640,640,640,0.250000,0.700000,6.568854,57.700834,0.119687,66.880833,1,"Xiaomi 23127PN0CC"
"6d43b8ab-b8ff-4acd-a3c9-64ecd71d6062","2026-05-26T14:55:33.195634Z","02_yolo26n_edgelite","YOLO26n EdgeLite","benchmark/train/IMG_2432_JPG.rf.a74af9b0c11d74219baf6243b92e7c05.jpg",640,640,640,640,0.250000,0.700000,6.606771,61.009427,0.136823,70.056302,1,"Xiaomi 23127PN0CC"
"965913eb-950d-49b2-bbf0-45335d19b79d","2026-05-26T14:55:33.269589Z","02_yolo26n_edgelite","YOLO26n EdgeLite","benchmark/train/IMG_3353_1_JPG.rf.211b3b80a2b07b4c0158e09ec1294101.jpg",640,640,640,640,0.250000,0.700000,6.810104,59.009740,0.118021,68.840521,1,"Xiaomi 23127PN0CC"
"9680af94-a27f-4af5-af00-0ac1ad9b8a83","2026-05-26T14:55:33.341810Z","02_yolo26n_edgelite","YOLO26n EdgeLite","benchmark/train/PXL_20240124_142813589_jpg.rf.ffa27c752f77f1e4307ab827c922cc4e.jpg",640,640,640,640,0.250000,0.700000,6.418229,58.034010,0.164167,67.018542,2,"Xiaomi 23127PN0CC"
"8e838b77-c457-4ec5-9323-a5daf3a03597","2026-05-26T14:55:33.417380Z","02_yolo26n_edgelite","YOLO26n EdgeLite","benchmark/valid/IMG_2391_JPG.rf.b6e499fd6ef6e99ed8f24722bc2823c8.jpg",640,640,640,640,0.250000,0.700000,6.597240,61.084583,0.119271,70.050157,1,"Xiaomi 23127PN0CC"
"29b19b53-9a8e-4966-9718-5876da962333","2026-05-26T14:55:33.489937Z","02_yolo26n_edgelite","YOLO26n EdgeLite","benchmark/train/724_jpg.rf.596abb38ae7e3e09aeaada33ec2f8cb4.jpg",640,640,640,640,0.250000,0.700000,6.414427,59.229687,0.175209,67.983021,1,"Xiaomi 23127PN0CC"
"334d45c5-c3c0-42d5-8738-9d466549fb13","2026-05-26T14:55:33.563728Z","02_yolo26n_edgelite","YOLO26n EdgeLite","benchmark/train/IMG_20240125_121523_437_jpg.rf.4d791c30eaa949fa5f256e4d550c7edf.jpg",640,640,640,640,0.250000,0.700000,6.483698,59.291563,0.131614,68.275260,2,"Xiaomi 23127PN0CC"
"3b935256-b19a-4044-8a1f-963900518e8f","2026-05-26T14:55:33.638267Z","02_yolo26n_edgelite","YOLO26n EdgeLite","benchmark/test/IMG_2299_2_JPG.rf.d1d12829b3692de5cb686b9d1555c6fb.jpg",640,640,640,640,0.250000,0.700000,6.567917,59.901979,0.123959,68.985834,2,"Xiaomi 23127PN0CC"
"7873cbec-702f-4d4a-99a8-1da4f1de0544","2026-05-26T14:55:33.711147Z","02_yolo26n_edgelite","YOLO26n EdgeLite","benchmark/train/IMG_2912_1_JPG.rf.c99221ecc2a2d9f3a706346edf13a9bf.jpg",640,640,640,640,0.250000,0.700000,6.557188,58.804375,0.132396,67.667604,2,"Xiaomi 23127PN0CC"
"f325bab8-633e-4173-a36a-c276d4be511d","2026-05-26T14:55:33.784396Z","02_yolo26n_edgelite","YOLO26n EdgeLite","benchmark/train/IMG_2766_1_JPG.rf.7af3d0eeb818c0f9c890a6741ce63e14.jpg",640,640,640,640,0.250000,0.700000,6.407552,58.674791,0.170990,67.547813,1,"Xiaomi 23127PN0CC"
"df7673e9-433e-4cf9-a0bb-59555fceda82","2026-05-26T14:55:33.857350Z","02_yolo26n_edgelite","YOLO26n EdgeLite","benchmark/valid/246_jpg.rf.ff90b08f55bcd4d634903725e7400164.jpg",640,640,640,640,0.250000,0.700000,6.585886,59.301198,0.120937,68.421875,1,"Xiaomi 23127PN0CC"
"6979b311-08e8-45ff-8fc5-49f78e4fd9c7","2026-05-26T14:55:33.929838Z","02_yolo26n_edgelite","YOLO26n EdgeLite","benchmark/train/IMG_3158_JPG.rf.97d9ead9633c92417bbb7f914f15c65c.jpg",640,640,640,640,0.250000,0.700000,6.627344,58.030364,0.154115,67.352813,1,"Xiaomi 23127PN0CC"
"646c772b-918d-4721-9583-c8abb5f4c2a7","2026-05-26T14:55:34.002677Z","02_yolo26n_edgelite","YOLO26n EdgeLite","benchmark/valid/IMG_3375_2_JPG.rf.179b80b3883728049164befcaa60c688.jpg",640,640,640,640,0.250000,0.700000,6.389895,58.935364,0.125521,67.933385,1,"Xiaomi 23127PN0CC"
"e6739209-ec97-4b4f-87a2-084120f2225a","2026-05-26T14:55:34.077351Z","02_yolo26n_edgelite","YOLO26n EdgeLite","benchmark/train/IMG_2632_2_JPG.rf.fe79d5f01b193654d30e19b1b7872499.jpg",640,640,640,640,0.250000,0.700000,6.510208,60.529635,0.120209,69.423125,1,"Xiaomi 23127PN0CC"
"2bc4d7b5-8fb3-46a1-b354-368fc5064324","2026-05-26T14:55:34.150758Z","02_yolo26n_edgelite","YOLO26n EdgeLite","benchmark/train/IMG_3404_2_JPG.rf.8ba1522b16b72bc5e9d22ce806875124.jpg",640,640,640,640,0.250000,0.700000,6.485729,59.110625,0.141510,68.242760,2,"Xiaomi 23127PN0CC"
"5b95f9cf-6533-4ddd-9dde-c3a3e2673aac","2026-05-26T14:55:34.224686Z","02_yolo26n_edgelite","YOLO26n EdgeLite","benchmark/train/IMG_2823_1_JPG.rf.fad110d83d33b69932af43ef875d316d.jpg",640,640,640,640,0.250000,0.700000,6.845625,58.654896,0.128489,68.206666,1,"Xiaomi 23127PN0CC"
"5ae49831-73e1-4a46-8741-91cc2513017b","2026-05-26T14:55:34.299305Z","02_yolo26n_edgelite","YOLO26n EdgeLite","benchmark/test/1417_jpg.rf.b8b351c59ee52b6dbdcd7074f13305ca.jpg",640,640,640,640,0.250000,0.700000,6.756979,60.169844,0.120625,69.649635,1,"Xiaomi 23127PN0CC"
"abdf2011-5c6d-4d6b-982a-28e2a7f826fd","2026-05-26T14:55:34.371714Z","02_yolo26n_edgelite","YOLO26n EdgeLite","benchmark/test/IMG_2790_1_JPG.rf.6bd20f1bc5761ab522d6e50d6026bdd6.jpg",640,640,640,640,0.250000,0.700000,6.633906,58.512396,0.119427,67.547552,1,"Xiaomi 23127PN0CC"
"e3e99d4b-78c4-424d-99f1-43db8423794b","2026-05-26T14:55:34.446131Z","02_yolo26n_edgelite","YOLO26n EdgeLite","benchmark/train/IMG_3600_2_JPG.rf.27596eb9712902c4a15683e0045fd286.jpg",640,640,640,640,0.250000,0.700000,6.353229,60.664114,0.115938,69.355052,1,"Xiaomi 23127PN0CC"
"2a3c0aa4-bbe2-4cad-b8cc-28c0e0ceef49","2026-05-26T14:55:34.518105Z","02_yolo26n_edgelite","YOLO26n EdgeLite","benchmark/train/IMG_2637_2_JPG.rf.e9349f8b6acd570134e06ee1b6a03018.jpg",640,640,640,640,0.250000,0.700000,6.321563,58.520417,0.135312,67.253229,1,"Xiaomi 23127PN0CC"
"c000dfd9-3d77-4883-a03e-09ae03d257c4","2026-05-26T14:55:34.590423Z","02_yolo26n_edgelite","YOLO26n EdgeLite","benchmark/train/IMG_2842_JPG.rf.23b1cc7d6d381ac98ab0b4edf6b2058a.jpg",640,640,640,640,0.250000,0.700000,6.282136,57.925313,0.117291,67.096979,1,"Xiaomi 23127PN0CC"
"68cae095-4879-4edc-b8ba-474b4e87c72c","2026-05-26T14:55:34.663373Z","02_yolo26n_edgelite","YOLO26n EdgeLite","benchmark/train/IMG_2635_JPG.rf.26f0a03ca571f3aa6047eed35b872449.jpg",640,640,640,640,0.250000,0.700000,6.722343,58.348594,0.118437,67.740312,1,"Xiaomi 23127PN0CC"
"169cca92-598b-4414-ad8c-0217356fcc8b","2026-05-26T14:55:34.736349Z","02_yolo26n_edgelite","YOLO26n EdgeLite","benchmark/valid/IMG_3103_2_JPG.rf.4d57f16adaaccf32f37410460525fb0c.jpg",640,640,640,640,0.250000,0.700000,6.563229,59.323333,0.126771,68.197708,1,"Xiaomi 23127PN0CC"
"9612837f-1993-4f5c-b6d8-af7d491adb53","2026-05-26T14:55:34.809144Z","02_yolo26n_edgelite","YOLO26n EdgeLite","benchmark/valid/IMG_2478_2_JPG.rf.2239506ef1063050778e3284aa911c75.jpg",640,640,640,640,0.250000,0.700000,6.497917,58.794010,0.115782,67.761511,1,"Xiaomi 23127PN0CC"
"30db3c00-2b9d-48a5-abe4-3bb338fa00fd","2026-05-26T14:55:34.881476Z","02_yolo26n_edgelite","YOLO26n EdgeLite","benchmark/valid/IMG_2765_1_JPG.rf.ee0fb442db264270f724d5dfe73add89.jpg",640,640,640,640,0.250000,0.700000,6.351198,58.549896,0.116094,67.368855,1,"Xiaomi 23127PN0CC"
"c2e503d9-4725-4a1b-9b02-f16c5756d675","2026-05-26T14:55:34.953102Z","02_yolo26n_edgelite","YOLO26n EdgeLite","benchmark/train/IMG_2366_1_JPG.rf.00bd3405a8891cecabc569af161f5b73.jpg",640,640,640,640,0.250000,0.700000,6.211719,57.779583,0.117864,66.492916,1,"Xiaomi 23127PN0CC"
"46140387-6cfc-4205-8f69-759ce53d752b","2026-05-26T14:55:35.028227Z","02_yolo26n_edgelite","YOLO26n EdgeLite","benchmark/valid/IMG_3199_1_JPG.rf.bd5c0d144686752da749f957932d0e49.jpg",640,640,640,640,0.250000,0.700000,6.419740,61.023542,0.125833,70.142240,1,"Xiaomi 23127PN0CC"
"46bd2840-df80-48a8-ba4a-4d31582b1ea5","2026-05-26T14:55:35.099809Z","02_yolo26n_edgelite","YOLO26n EdgeLite","benchmark/train/IMG_2630_1_JPG.rf.a748c71783b729c5afa50aedc63fd963.jpg",640,640,640,640,0.250000,0.700000,6.216979,58.024532,0.112708,66.605885,1,"Xiaomi 23127PN0CC"
"11015a47-b1eb-4eed-981c-b483b3f7a364","2026-05-26T14:55:35.174919Z","02_yolo26n_edgelite","YOLO26n EdgeLite","benchmark/train/IMG_2693_JPG.rf.9473ced0e50db2d729cf73fba83932c8.jpg",640,640,640,640,0.250000,0.700000,6.826458,60.411719,0.121458,69.912083,1,"Xiaomi 23127PN0CC"
"be3d7a3b-c2cd-41e8-b7f1-5999dc72dbf8","2026-05-26T14:55:35.249357Z","02_yolo26n_edgelite","YOLO26n EdgeLite","benchmark/train/IMG_3238_JPG.rf.f5ee5ab852956f12250318768364639e.jpg",640,640,640,640,0.250000,0.700000,6.884791,59.307969,0.125781,68.915208,1,"Xiaomi 23127PN0CC"
"3476a3fd-6913-47d6-8b32-09dddbd9ebb5","2026-05-26T14:55:35.321751Z","02_yolo26n_edgelite","YOLO26n EdgeLite","benchmark/train/IMG_3355_1_JPG.rf.019be5777d1a73a9d4defc2d5621c8bd.jpg",640,640,640,640,0.250000,0.700000,6.395156,58.365677,0.155416,67.205468,1,"Xiaomi 23127PN0CC"
"6f4b2ae0-963d-4210-bd5f-dab94d556ee0","2026-05-26T14:55:35.392514Z","02_yolo26n_edgelite","YOLO26n EdgeLite","benchmark/test/1019_jpg.rf.460fb87063cdb884063d77539ba50253.jpg",640,640,640,640,0.250000,0.700000,6.854063,56.779375,0.116406,66.182917,1,"Xiaomi 23127PN0CC"
"aa6dec9f-f913-4ed9-87ba-34dd885c7549","2026-05-26T14:55:35.464709Z","02_yolo26n_edgelite","YOLO26n EdgeLite","benchmark/train/IMG_2914_JPG.rf.fb0a19c6b64253eefedd5da30c50f0b2.jpg",640,640,640,640,0.250000,0.700000,6.462552,58.120052,0.117656,67.019010,1,"Xiaomi 23127PN0CC"
"1c5a88b1-8ca8-4c27-a13b-80fdf1d1fd1e","2026-05-26T14:55:35.538537Z","02_yolo26n_edgelite","YOLO26n EdgeLite","benchmark/test/750_jpg.rf.fe5679e3a06257fe58b5e810e7172731.jpg",640,640,640,640,0.250000,0.700000,6.578750,59.909219,0.123437,69.136875,1,"Xiaomi 23127PN0CC"
"5d92a0d7-6173-46d8-aacf-25d6a082d3c5","2026-05-26T14:55:35.609266Z","02_yolo26n_edgelite","YOLO26n EdgeLite","benchmark/train/269_jpg.rf.03b57fcba14ab87894ddf6221c61ae06.jpg",640,640,640,640,0.250000,0.700000,6.423854,57.308855,0.119218,66.125781,1,"Xiaomi 23127PN0CC"
"45ee9ead-1b76-4ef8-9886-b7b86c97f85c","2026-05-26T14:55:35.681733Z","02_yolo26n_edgelite","YOLO26n EdgeLite","benchmark/test/1431_jpg.rf.c6e6115ec0856c0e3a44b5351343a4a9.jpg",640,640,640,640,0.250000,0.700000,6.468385,58.479063,0.117292,67.475365,1,"Xiaomi 23127PN0CC"
"39a6b3cf-1614-4ec3-9182-bd34b6af0279","2026-05-26T14:55:35.755133Z","02_yolo26n_edgelite","YOLO26n EdgeLite","benchmark/valid/IMG_2903_1_JPG.rf.622f00a5efd4e91dcbd1a00fcf456542.jpg",640,640,640,640,0.250000,0.700000,6.498438,58.894219,0.253959,68.198907,1,"Xiaomi 23127PN0CC"
"8eae87f2-d23f-4e79-a9be-cc38dc977de9","2026-05-26T14:55:35.827027Z","02_yolo26n_edgelite","YOLO26n EdgeLite","benchmark/train/484_jpg.rf.4024e04e71e8e939dc4bf41e6145b830.jpg",640,640,640,640,0.250000,0.700000,6.484427,58.704479,0.119219,67.644427,1,"Xiaomi 23127PN0CC"
"577148c8-4cc4-418d-98b3-8cabfff84150","2026-05-26T14:55:35.900726Z","02_yolo26n_edgelite","YOLO26n EdgeLite","benchmark/train/IMG_2374_JPG.rf.48bf9a7791556e44008f65cb965ad01f.jpg",640,640,640,640,0.250000,0.700000,6.331875,59.817187,0.121511,68.498646,1,"Xiaomi 23127PN0CC"
"0bd34b3d-1a38-4f93-8e3d-9831b54998e2","2026-05-26T14:55:35.973313Z","02_yolo26n_edgelite","YOLO26n EdgeLite","benchmark/train/IMG_3580_JPG.rf.64a9f80f8eac44c288ce879efa221093.jpg",640,640,640,640,0.250000,0.700000,6.407761,58.507135,0.116042,67.362136,1,"Xiaomi 23127PN0CC"
"f843d407-29fb-4532-bc72-e90415391bde","2026-05-26T14:55:36.046010Z","02_yolo26n_edgelite","YOLO26n EdgeLite","benchmark/train/IMG_3240_1_JPG.rf.8fda625fcbb1c15c082cfd0e836ef473.jpg",640,640,640,640,0.250000,0.700000,6.270000,58.587188,0.127448,67.220156,1,"Xiaomi 23127PN0CC"
"4a3072d7-fa62-48e6-8233-b9cc6fb243f4","2026-05-26T14:55:36.122464Z","02_yolo26n_edgelite","YOLO26n EdgeLite","benchmark/train/IMG_3595_1_JPG.rf.690201fc3e74e27fdb505afa4fe7e6d5.jpg",640,640,640,640,0.250000,0.700000,6.546510,62.321198,0.114427,71.230312,1,"Xiaomi 23127PN0CC"
"3401bdf5-3a28-4dc9-ba32-034f7abc989a","2026-05-26T14:55:36.195139Z","02_yolo26n_edgelite","YOLO26n EdgeLite","benchmark/valid/521_jpg.rf.a7dd707322211be9927e99bfd0f21487.jpg",640,640,640,640,0.250000,0.700000,6.382812,58.988385,0.116823,68.039583,1,"Xiaomi 23127PN0CC"
"2043c074-e8b1-41bc-847c-acddfa430365","2026-05-26T14:55:36.268052Z","02_yolo26n_edgelite","YOLO26n EdgeLite","benchmark/train/IMG_2235_JPG.rf.be6d26e55abd0e5375eeff8d7d1c2dad.jpg",640,640,640,640,0.250000,0.700000,6.457344,58.484948,0.127552,67.376146,1,"Xiaomi 23127PN0CC"
"6e024487-570d-484c-a902-3b7e69e7fa22","2026-05-26T14:55:36.341249Z","02_yolo26n_edgelite","YOLO26n EdgeLite","benchmark/train/IMG_2712_1_JPG.rf.b4a829ab7a2a81bb542d8bd1464f7687.jpg",640,640,640,640,0.250000,0.700000,6.356354,59.554218,0.118438,68.236771,1,"Xiaomi 23127PN0CC"
"39ba4ac0-0a51-4fa3-9e61-7ad4fd4be91d","2026-05-26T14:55:36.412957Z","02_yolo26n_edgelite","YOLO26n EdgeLite","benchmark/train/IMG_2382_JPG.rf.7ec615968c157c92590c572348d468c0.jpg",640,640,640,640,0.250000,0.700000,6.285156,57.618333,0.117552,66.361041,1,"Xiaomi 23127PN0CC"
"8946fee5-0fb1-421f-a667-fdec6317c88d","2026-05-26T14:55:36.486663Z","02_yolo26n_edgelite","YOLO26n EdgeLite","benchmark/test/724_jpg.rf.0122a7a4cc50926b3b0054ae0ab0a78b.jpg",640,640,640,640,0.250000,0.700000,6.535365,59.943542,0.116823,68.877969,1,"Xiaomi 23127PN0CC"
"c2d678b6-9e4d-4184-ad15-5e387f3f2849","2026-05-26T14:55:36.558960Z","02_yolo26n_edgelite","YOLO26n EdgeLite","benchmark/test/1389_jpg.rf.a95199878c745a839e6c6fd9d0f97bfb.jpg",640,640,640,640,0.250000,0.700000,6.360573,58.849323,0.128490,67.573646,1,"Xiaomi 23127PN0CC"
"3c2af20e-8102-4b18-959b-271e9a25ef6d","2026-05-26T14:55:36.630643Z","02_yolo26n_edgelite","YOLO26n EdgeLite","benchmark/train/647_jpg.rf.09c447c9b2c8b26825119aeb3522d96a.jpg",640,640,640,640,0.250000,0.700000,6.435990,58.261355,0.120729,67.089740,1,"Xiaomi 23127PN0CC"
"bd03771a-2e72-42aa-9eb4-2177aaef84e2","2026-05-26T14:55:36.703631Z","02_yolo26n_edgelite","YOLO26n EdgeLite","benchmark/train/IMG_3441_JPG.rf.87d568c5ef77c37be5121275ef2d413f.jpg",640,640,640,640,0.250000,0.700000,6.475677,58.825209,0.117239,67.655052,1,"Xiaomi 23127PN0CC"
"33c81a0c-07a9-4b8e-b358-606479d76bc7","2026-05-26T14:55:36.776483Z","02_yolo26n_edgelite","YOLO26n EdgeLite","benchmark/train/934_jpg.rf.ead1ab0797a1777580df04def7e69879.jpg",640,640,640,640,0.250000,0.700000,6.403541,59.665990,0.126823,68.508802,1,"Xiaomi 23127PN0CC"
"a2bba69d-2bc9-407d-9ad4-232e643b5317","2026-05-26T14:55:36.849095Z","02_yolo26n_edgelite","YOLO26n EdgeLite","benchmark/train/IMG_3358_1_JPG.rf.23e838be564177101c272b95befe234e.jpg",640,640,640,640,0.250000,0.700000,6.589687,58.656719,0.121927,67.749166,1,"Xiaomi 23127PN0CC"
"f7dba2c1-8ec7-434f-8056-f142de491c7d","2026-05-26T14:55:36.922366Z","02_yolo26n_edgelite","YOLO26n EdgeLite","benchmark/train/IMG_3657_1_JPG.rf.f774a8fb2d113c5fe5c201f4bf81443e.jpg",640,640,640,640,0.250000,0.700000,6.615000,58.738385,0.120104,67.867031,1,"Xiaomi 23127PN0CC"
"388bf285-c816-4c38-bec9-b02dd8a38374","2026-05-26T14:55:36.998058Z","02_yolo26n_edgelite","YOLO26n EdgeLite","benchmark/test/IMG_3588_2_JPG.rf.43eef0cd43b7c02aecf3b6401820dedb.jpg",640,640,640,640,0.250000,0.700000,6.811354,60.476198,0.119791,70.480573,1,"Xiaomi 23127PN0CC"
"66cc0309-0b3f-47c3-92c4-281e69973615","2026-05-26T14:55:37.070130Z","02_yolo26n_edgelite","YOLO26n EdgeLite","benchmark/train/IMG_3592_1_JPG.rf.a2950577468b1dcd2034773296a18472.jpg",640,640,640,640,0.250000,0.700000,6.593750,57.890261,0.131718,66.844062,2,"Xiaomi 23127PN0CC"
"92883d66-8c6d-4005-a8d0-a5c65dabbd8c","2026-05-26T14:55:37.142149Z","02_yolo26n_edgelite","YOLO26n EdgeLite","benchmark/valid/IMG_3042_1_JPG.rf.84c1d1301d4c5413a8ecfb7058638e4f.jpg",640,640,640,640,0.250000,0.700000,6.270052,58.097969,0.118073,66.859583,1,"Xiaomi 23127PN0CC"
"401f50a7-936b-47ed-9c0c-31dee58203cd","2026-05-26T14:55:37.214992Z","02_yolo26n_edgelite","YOLO26n EdgeLite","benchmark/train/IMG_3267_2_JPG.rf.c063aee0346f02ffda0198daeff5fad5.jpg",640,640,640,640,0.250000,0.700000,6.548750,58.742813,0.121770,67.665833,1,"Xiaomi 23127PN0CC"
"d3edb645-048a-481c-aad7-8a3f23ad0b50","2026-05-26T14:55:39.799101Z","03_yolo26n_edgelite_simam","YOLO26n EdgeLite + SimAM","benchmark/train/IMG_2557_JPG.rf.30c818b66e4b074b3774017bbf087fc8.jpg",640,640,640,640,0.250000,0.700000,6.275573,81.558230,0.125416,90.240833,1,"Xiaomi 23127PN0CC"
"a223fd2e-a182-4290-a8a8-c535fd866830","2026-05-26T14:55:39.877364Z","03_yolo26n_edgelite_simam","YOLO26n EdgeLite + SimAM","benchmark/train/673_jpg.rf.e8861d8539e8376b98a82a66ef5912d9.jpg",640,640,640,640,0.250000,0.700000,6.558490,64.808906,0.115625,73.786667,1,"Xiaomi 23127PN0CC"
"47782dec-d67e-41dc-a36c-e9cf21448bf4","2026-05-26T14:55:39.951004Z","03_yolo26n_edgelite_simam","YOLO26n EdgeLite + SimAM","benchmark/train/IMG_3338_2_JPG.rf.bc033c756e4da3158b7c8b909bf5a4da.jpg",640,640,640,640,0.250000,0.700000,6.146823,60.645208,0.121407,68.870313,1,"Xiaomi 23127PN0CC"
"2fa88c05-cf52-4eca-bb06-5b5fd898e0d2","2026-05-26T14:55:40.028705Z","03_yolo26n_edgelite_simam","YOLO26n EdgeLite + SimAM","benchmark/train/IMG_2653_2_JPG.rf.ff5d97c724b42dc69ce47a4266817649.jpg",640,640,640,640,0.250000,0.700000,5.936458,65.016145,0.112292,73.218906,1,"Xiaomi 23127PN0CC"
"22716fb3-4698-4bf6-8ebc-e2c2b2934ca0","2026-05-26T14:55:40.108889Z","03_yolo26n_edgelite_simam","YOLO26n EdgeLite + SimAM","benchmark/train/464_jpg.rf.683101ca9302b3eb6b770aebe8fbcf07.jpg",640,640,640,640,0.250000,0.700000,6.321250,66.598490,0.126458,75.930729,1,"Xiaomi 23127PN0CC"
"e02627cb-1282-408b-8b11-966692c7c6a8","2026-05-26T14:55:40.182702Z","03_yolo26n_edgelite_simam","YOLO26n EdgeLite + SimAM","benchmark/valid/IMG_3471_2_JPG.rf.fe04186fe29b4b3ab95f3597bf6cf990.jpg",640,640,640,640,0.250000,0.700000,6.527187,59.596198,0.117917,68.625677,1,"Xiaomi 23127PN0CC"
"eccb941b-1c57-4222-a7af-4729fb1d21ad","2026-05-26T14:55:40.257798Z","03_yolo26n_edgelite_simam","YOLO26n EdgeLite + SimAM","benchmark/train/IMG_2363_JPG.rf.20bb356892dd8a688aae0b608c84728f.jpg",640,640,640,640,0.250000,0.700000,6.447760,61.316302,0.152083,70.233802,1,"Xiaomi 23127PN0CC"
"06aa8312-f04e-40e3-bebd-e4b2da69bb76","2026-05-26T14:55:40.332199Z","03_yolo26n_edgelite_simam","YOLO26n EdgeLite + SimAM","benchmark/train/IMG_3071_2_JPG.rf.51732dc860b7a99ed4fe0e50fa77f097.jpg",640,640,640,640,0.250000,0.700000,6.460260,60.099218,0.138438,68.895104,1,"Xiaomi 23127PN0CC"
"396fb5e1-e9b2-484e-90d4-4784060ff60e","2026-05-26T14:55:40.406297Z","03_yolo26n_edgelite_simam","YOLO26n EdgeLite + SimAM","benchmark/train/IMG_2852_1_JPG.rf.fb2438657be96008768171070c7da380.jpg",640,640,640,640,0.250000,0.700000,6.378646,59.848437,0.126615,68.764688,2,"Xiaomi 23127PN0CC"
"4a5ac5fb-7c0e-40d9-84b5-ec1ff539485e","2026-05-26T14:55:40.481256Z","03_yolo26n_edgelite_simam","YOLO26n EdgeLite + SimAM","benchmark/train/470_jpg.rf.998a71ebdeffd211441471a4ccfee1ef.jpg",640,640,640,640,0.250000,0.700000,6.318959,61.296771,0.119062,70.103125,1,"Xiaomi 23127PN0CC"
"0408d664-9c8f-44d2-b66d-a2a9041cc459","2026-05-26T14:55:40.553861Z","03_yolo26n_edgelite_simam","YOLO26n EdgeLite + SimAM","benchmark/valid/IMG_2654_2_JPG.rf.2832ac84ef3ac699d593e9df8b853d40.jpg",640,640,640,640,0.250000,0.700000,6.424062,58.302500,0.202969,67.319687,1,"Xiaomi 23127PN0CC"
"44358ab5-3311-4cd0-b2a6-0556ea1b636e","2026-05-26T14:55:40.626980Z","03_yolo26n_edgelite_simam","YOLO26n EdgeLite + SimAM","benchmark/train/362_jpg.rf.10efc17209f39fcddd612793d2819c08.jpg",640,640,640,640,0.250000,0.700000,5.906718,60.376302,0.125573,68.615052,1,"Xiaomi 23127PN0CC"
"b77b32eb-da03-4443-92d2-b0ee77e1a0ca","2026-05-26T14:55:40.699659Z","03_yolo26n_edgelite_simam","YOLO26n EdgeLite + SimAM","benchmark/train/IMG_2145_JPG.rf.906ff857e4dac7aa8f1873bb64986050.jpg",640,640,640,640,0.250000,0.700000,6.488125,58.425781,0.115677,67.347760,1,"Xiaomi 23127PN0CC"
"a8b23f54-f79b-42eb-9587-81bbb4e96d78","2026-05-26T14:55:40.773107Z","03_yolo26n_edgelite_simam","YOLO26n EdgeLite + SimAM","benchmark/valid/IMG_3443_2_JPG.rf.e034f0453acc5348a8244776c82615c5.jpg",640,640,640,640,0.250000,0.700000,6.243959,59.881927,0.119323,68.598646,1,"Xiaomi 23127PN0CC"
"b6c4fc95-0c50-4c97-a2d3-39fa725d9b23","2026-05-26T14:55:40.844838Z","03_yolo26n_edgelite_simam","YOLO26n EdgeLite + SimAM","benchmark/test/765_jpg.rf.79e0ba95bed60ba759b98c6d8daa5ca3.jpg",640,640,640,640,0.250000,0.700000,6.128073,58.507395,0.124532,67.051875,1,"Xiaomi 23127PN0CC"
"19c67645-5dd4-4c6b-a9ce-6c06b9db7560","2026-05-26T14:55:40.916456Z","03_yolo26n_edgelite_simam","YOLO26n EdgeLite + SimAM","benchmark/valid/533_jpg.rf.2f9fcd4d4c28846bec9438233fbafc92.jpg",640,640,640,640,0.250000,0.700000,6.408229,58.073542,0.117448,67.038906,1,"Xiaomi 23127PN0CC"
"944ab141-9599-43d5-8a0d-a2aec9b4d594","2026-05-26T14:55:40.990045Z","03_yolo26n_edgelite_simam","YOLO26n EdgeLite + SimAM","benchmark/train/IMG_2482_1_JPG.rf.18b4e180a24ab2d6b1292c9ac3106df0.jpg",640,640,640,640,0.250000,0.700000,6.466666,59.769115,0.116719,68.700000,1,"Xiaomi 23127PN0CC"
"692814ab-efec-41b0-bdea-949f8099f841","2026-05-26T14:55:41.062406Z","03_yolo26n_edgelite_simam","YOLO26n EdgeLite + SimAM","benchmark/train/IMG_3345_2_JPG.rf.d9e5cced0ad0690fd25f9c0af2808003.jpg",640,640,640,640,0.250000,0.700000,6.288906,58.638385,0.124480,67.194115,2,"Xiaomi 23127PN0CC"
"d2bfbf1a-8dae-436b-b5ed-56a5e1363cd5","2026-05-26T14:55:41.133866Z","03_yolo26n_edgelite_simam","YOLO26n EdgeLite + SimAM","benchmark/train/281_jpg.rf.94ad358d755738fda8d3a4eb5002eaab.jpg",640,640,640,640,0.250000,0.700000,5.817916,58.463020,0.124532,66.516771,1,"Xiaomi 23127PN0CC"
"23d5d24a-2253-47cb-9b6f-b12457d65240","2026-05-26T14:55:41.209003Z","03_yolo26n_edgelite_simam","YOLO26n EdgeLite + SimAM","benchmark/valid/IMG_3213_2_JPG.rf.dcaec599495cad59865b2a90b60610ca.jpg",640,640,640,640,0.250000,0.700000,6.551614,60.596615,0.119323,70.060104,1,"Xiaomi 23127PN0CC"
"247339df-0256-4b3e-823a-bf07a86fda90","2026-05-26T14:55:41.281195Z","03_yolo26n_edgelite_simam","YOLO26n EdgeLite + SimAM","benchmark/test/8_jpg.rf.1ff438c98f4a5e2b644abd8b0b67b24b.jpg",640,640,640,640,0.250000,0.700000,6.429896,58.539375,0.116094,67.391146,1,"Xiaomi 23127PN0CC"
"5d97fd9a-7a0f-49b1-ae3b-cbbc5d7ad8ac","2026-05-26T14:55:41.353244Z","03_yolo26n_edgelite_simam","YOLO26n EdgeLite + SimAM","benchmark/test/1064_jpg.rf.04af2e77dc40c6b33530250c4957c1e5.jpg",640,640,640,640,0.250000,0.700000,6.195573,59.213073,0.126406,67.577292,1,"Xiaomi 23127PN0CC"
"176358c9-e851-4afe-9556-e464de4846b6","2026-05-26T14:55:41.425893Z","03_yolo26n_edgelite_simam","YOLO26n EdgeLite + SimAM","benchmark/train/IMG_2834_2_JPG.rf.714f15bc7f6632cd85801267bf3e1923.jpg",640,640,640,640,0.250000,0.700000,6.410625,58.657812,0.123802,67.575260,1,"Xiaomi 23127PN0CC"
"ca6cf225-f771-4d1f-853a-f8361a8ef10d","2026-05-26T14:55:41.497069Z","03_yolo26n_edgelite_simam","YOLO26n EdgeLite + SimAM","benchmark/train/IMG_3458_1_JPG.rf.76abfd1a153ae6a0deda1fcf08b0248e.jpg",640,640,640,640,0.250000,0.700000,6.331719,57.466042,0.120781,66.266615,1,"Xiaomi 23127PN0CC"
"e5159f91-ccc8-44a9-87f0-a98ccc4a8dee","2026-05-26T14:55:41.567927Z","03_yolo26n_edgelite_simam","YOLO26n EdgeLite + SimAM","benchmark/train/IMG_3328_2_JPG.rf.66a0eb7f005b5cf435d061ee78371adf.jpg",640,640,640,640,0.250000,0.700000,6.159062,57.305208,0.126146,65.638437,2,"Xiaomi 23127PN0CC"
"04a0414a-78d9-4c67-80e7-fd435e33f211","2026-05-26T14:55:41.643247Z","03_yolo26n_edgelite_simam","YOLO26n EdgeLite + SimAM","benchmark/valid/IMG_2820_2_JPG.rf.9633023d6cf0eb36ba7065039ea78b74.jpg",640,640,640,640,0.250000,0.700000,5.816458,61.637188,0.134219,69.618594,1,"Xiaomi 23127PN0CC"
"10c5a2c2-8770-4c20-b33e-4aa688979539","2026-05-26T14:55:41.714945Z","03_yolo26n_edgelite_simam","YOLO26n EdgeLite + SimAM","benchmark/train/269_jpg.rf.03b57fcba14ab87894ddf6221c61ae06.jpg",640,640,640,640,0.250000,0.700000,6.536510,58.008334,0.118125,66.993698,1,"Xiaomi 23127PN0CC"
"8d0ebec4-6364-47ad-ba52-1121d3da7d05","2026-05-26T14:55:41.787187Z","03_yolo26n_edgelite_simam","YOLO26n EdgeLite + SimAM","benchmark/train/1131_jpg.rf.0be6cc1213279bf7e3e914223e938384.jpg",640,640,640,640,0.250000,0.700000,6.662187,58.113802,0.119583,67.316718,1,"Xiaomi 23127PN0CC"
"26358415-9b6b-4649-a02d-398af8b8ad46","2026-05-26T14:55:41.861579Z","03_yolo26n_edgelite_simam","YOLO26n EdgeLite + SimAM","benchmark/train/IMG_3271_2_JPG.rf.12c14ba5e7e3ef347fd7aad8b01b0f5d.jpg",640,640,640,640,0.250000,0.700000,6.446770,60.313698,0.117604,69.005624,0,"Xiaomi 23127PN0CC"
"63c1bf77-3dcf-4182-9cb2-a250f5fb829b","2026-05-26T14:55:41.934612Z","03_yolo26n_edgelite_simam","YOLO26n EdgeLite + SimAM","benchmark/train/IMG_2913_2_JPG.rf.a7cf59ecc368466afb24c9d2c0d8996c.jpg",640,640,640,640,0.250000,0.700000,6.418698,59.190157,0.113229,68.218334,1,"Xiaomi 23127PN0CC"
"e6148ef2-b3a8-425b-b365-7cc365be3d02","2026-05-26T14:55:42.006745Z","03_yolo26n_edgelite_simam","YOLO26n EdgeLite + SimAM","benchmark/train/254_jpg.rf.649a4ae71b6fcdf9aedf8ca51a232000.jpg",640,640,640,640,0.250000,0.700000,6.156927,59.300104,0.113281,67.912656,1,"Xiaomi 23127PN0CC"
"69ecf948-cbd8-4a50-a96a-1b866730b995","2026-05-26T14:55:42.077868Z","03_yolo26n_edgelite_simam","YOLO26n EdgeLite + SimAM","benchmark/train/IMG_3368_1_JPG.rf.4554e50a64a21fa50400e3fe82f1f8da.jpg",640,640,640,640,0.250000,0.700000,6.130937,57.900573,0.121458,66.068281,1,"Xiaomi 23127PN0CC"
"82ccaedc-d695-4192-ba85-cebb734708f2","2026-05-26T14:55:42.150740Z","03_yolo26n_edgelite_simam","YOLO26n EdgeLite + SimAM","benchmark/train/IMG_3090_1_JPG.rf.dd99775cbf468b9c6ed1906e45b9ba24.jpg",640,640,640,640,0.250000,0.700000,5.780417,59.611823,0.135469,67.772969,2,"Xiaomi 23127PN0CC"
"6dbacc1f-0c2a-497e-9cb0-acc2f966aa24","2026-05-26T14:55:42.223794Z","03_yolo26n_edgelite_simam","YOLO26n EdgeLite + SimAM","benchmark/train/IMG_3402_1_JPG.rf.3b8f937ba93ab42f531c1ea55c9ac24f.jpg",640,640,640,640,0.250000,0.700000,6.606250,58.565885,0.120886,67.733490,1,"Xiaomi 23127PN0CC"
"6e9761a6-52b0-4b95-8789-2063b06d47c8","2026-05-26T14:55:42.296163Z","03_yolo26n_edgelite_simam","YOLO26n EdgeLite + SimAM","benchmark/valid/IMG_3103_2_JPG.rf.4d57f16adaaccf32f37410460525fb0c.jpg",640,640,640,640,0.250000,0.700000,6.500417,58.426198,0.120052,67.317813,1,"Xiaomi 23127PN0CC"
"0e48d565-6996-49a3-a90e-408e4915726b","2026-05-26T14:55:42.369119Z","03_yolo26n_edgelite_simam","YOLO26n EdgeLite + SimAM","benchmark/train/PXL_20240125_083308673_jpg.rf.64aa9f2df8310ee687e53d92beda7713.jpg",640,640,640,640,0.250000,0.700000,6.035208,59.461094,0.141718,67.831093,3,"Xiaomi 23127PN0CC"
"ba86ada5-357f-4aba-9d89-879d895701b1","2026-05-26T14:55:42.442458Z","03_yolo26n_edgelite_simam","YOLO26n EdgeLite + SimAM","benchmark/valid/653_jpg.rf.7b765275ecf91da38064b96d9bcbae21.jpg",640,640,640,640,0.250000,0.700000,6.390000,58.976303,0.115260,68.024323,1,"Xiaomi 23127PN0CC"
"2b5467f3-f0e7-4e43-9885-a9aeb1640dbc","2026-05-26T14:55:42.516093Z","03_yolo26n_edgelite_simam","YOLO26n EdgeLite + SimAM","benchmark/test/551_jpg.rf.c081f0cf46fc313b94ef765abbf6f247.jpg",640,640,640,640,0.250000,0.700000,6.553021,60.041666,0.122448,69.140312,1,"Xiaomi 23127PN0CC"
"31222731-9161-412c-aa67-0b5c8a378391","2026-05-26T14:55:42.587959Z","03_yolo26n_edgelite_simam","YOLO26n EdgeLite + SimAM","benchmark/train/488_jpg.rf.dd9ba52eae6d7988d0c94a8dcdd4a267.jpg",640,640,640,640,0.250000,0.700000,6.144583,59.015573,0.119532,67.244167,1,"Xiaomi 23127PN0CC"
"8070dd6b-dc50-40da-818c-a853c2ec9d3f","2026-05-26T14:55:42.660890Z","03_yolo26n_edgelite_simam","YOLO26n EdgeLite + SimAM","benchmark/train/IMG_3496_JPG.rf.66a31d680a623ec55cf4b4848fb7f018.jpg",640,640,640,640,0.250000,0.700000,6.036042,59.595989,0.133334,67.892188,1,"Xiaomi 23127PN0CC"
"fe335b55-4664-48c1-942d-e49eecf5db5c","2026-05-26T14:55:42.733728Z","03_yolo26n_edgelite_simam","YOLO26n EdgeLite + SimAM","benchmark/train/IMG_20240125_120548_295_jpg.rf.a5fd8583c10cd3afa19ac32fff40585d.jpg",640,640,640,640,0.250000,0.700000,6.513906,58.453542,0.128437,67.559114,1,"Xiaomi 23127PN0CC"
"b26cd7cc-54d5-4a41-8d81-25d02c5783f0","2026-05-26T14:55:42.806748Z","03_yolo26n_edgelite_simam","YOLO26n EdgeLite + SimAM","benchmark/train/IMG_3026_JPG.rf.980e140cb605f872942993435cb31d7b.jpg",640,640,640,640,0.250000,0.700000,6.651354,58.495573,0.128385,67.611771,2,"Xiaomi 23127PN0CC"
"50c22f7a-e26a-4a80-ab85-0a9c16ca759a","2026-05-26T14:55:42.879650Z","03_yolo26n_edgelite_simam","YOLO26n EdgeLite + SimAM","benchmark/train/326_jpg.rf.362f54b9376585556f98af8763765cd9.jpg",640,640,640,640,0.250000,0.700000,6.308906,59.678958,0.128073,68.095729,1,"Xiaomi 23127PN0CC"
"a8b27c14-74d6-4bb5-9992-a76071261649","2026-05-26T14:55:42.954317Z","03_yolo26n_edgelite_simam","YOLO26n EdgeLite + SimAM","benchmark/train/IMG_2804_2_JPG.rf.eb7150c2365639b80c137938ffa40b7d.jpg",640,640,640,640,0.250000,0.700000,6.541406,60.600990,0.114114,69.535312,1,"Xiaomi 23127PN0CC"
"54db6ad4-bf1c-4d2d-b3ba-f7c108ca00ca","2026-05-26T14:55:43.026488Z","03_yolo26n_edgelite_simam","YOLO26n EdgeLite + SimAM","benchmark/train/IMG_2689_JPG.rf.c142eb25380d9f3752d922deba3d4c98.jpg",640,640,640,640,0.250000,0.700000,6.394271,58.871562,0.129636,67.771459,1,"Xiaomi 23127PN0CC"
"aac9798d-3e2e-418f-a746-ff626a96d312","2026-05-26T14:55:43.098057Z","03_yolo26n_edgelite_simam","YOLO26n EdgeLite + SimAM","benchmark/valid/IMG_3664_1_JPG.rf.157f61d2dc4f735be8834445136e5c8f.jpg",640,640,640,640,0.250000,0.700000,6.164896,58.398490,0.118645,66.711354,1,"Xiaomi 23127PN0CC"
"73d143de-5993-4e88-9005-6f47a02baa7e","2026-05-26T14:55:43.172033Z","03_yolo26n_edgelite_simam","YOLO26n EdgeLite + SimAM","benchmark/train/IMG_2313_JPG.rf.78a830587766c5fd5f8af06e07c4ab5e.jpg",640,640,640,640,0.250000,0.700000,5.926875,60.436771,0.132812,68.807395,1,"Xiaomi 23127PN0CC"
"f113b376-ed05-453e-a405-78f8baa47211","2026-05-26T14:55:43.244941Z","03_yolo26n_edgelite_simam","YOLO26n EdgeLite + SimAM","benchmark/train/IMG_3024_1_JPG.rf.242a485be9397f73e8cc4b8eda03958f.jpg",640,640,640,640,0.250000,0.700000,6.528437,58.713021,0.122865,67.809167,1,"Xiaomi 23127PN0CC"
"3334c463-4b6e-48fd-a25a-bbae63352a46","2026-05-26T14:55:43.319178Z","03_yolo26n_edgelite_simam","YOLO26n EdgeLite + SimAM","benchmark/valid/IMG_3398_2_JPG.rf.7969a6c72b284d6168dffe6a731ce10a.jpg",640,640,640,640,0.250000,0.700000,6.560000,59.765990,0.115573,68.924167,1,"Xiaomi 23127PN0CC"
"1c372647-7937-4c62-b7e4-4a75f123b49f","2026-05-26T14:55:43.391904Z","03_yolo26n_edgelite_simam","YOLO26n EdgeLite + SimAM","benchmark/valid/IMG_3208_JPG.rf.25b013b061a9cbc88ff10637d36edb29.jpg",640,640,640,640,0.250000,0.700000,5.925937,59.687500,0.126093,67.737916,1,"Xiaomi 23127PN0CC"
"ca4e20ed-aa2d-40a6-a5d7-053d2e7ba9f7","2026-05-26T14:55:43.464294Z","03_yolo26n_edgelite_simam","YOLO26n EdgeLite + SimAM","benchmark/train/277_jpg.rf.bd7fe007169f492e2706a65a8c7b5a9f.jpg",640,640,640,640,0.250000,0.700000,6.649583,58.727969,0.115729,67.777395,1,"Xiaomi 23127PN0CC"
"fe92c65c-9558-4040-851f-f161e98f80e9","2026-05-26T14:55:43.535163Z","03_yolo26n_edgelite_simam","YOLO26n EdgeLite + SimAM","benchmark/train/246_jpg.rf.071e181aa54e836c308761ba5b614a53.jpg",640,640,640,640,0.250000,0.700000,6.457500,57.259688,0.120573,66.210417,1,"Xiaomi 23127PN0CC"
"22837c47-7e06-4105-b31b-f832b5cb622b","2026-05-26T14:55:43.608241Z","03_yolo26n_edgelite_simam","YOLO26n EdgeLite + SimAM","benchmark/train/IMG_2842_JPG.rf.23b1cc7d6d381ac98ab0b4edf6b2058a.jpg",640,640,640,640,0.250000,0.700000,6.536406,59.335000,0.120520,68.054999,1,"Xiaomi 23127PN0CC"
"f8ed9f9c-449f-4c6a-8a16-f4aae69ff861","2026-05-26T14:55:43.680403Z","03_yolo26n_edgelite_simam","YOLO26n EdgeLite + SimAM","benchmark/train/IMG_3142_JPG.rf.c250526a253fe1aa6e86ae192b76b45a.jpg",640,640,640,640,0.250000,0.700000,5.913438,58.661875,0.140365,66.857865,3,"Xiaomi 23127PN0CC"
"010317c2-9c98-4537-b39b-530755be886b","2026-05-26T14:55:43.754309Z","03_yolo26n_edgelite_simam","YOLO26n EdgeLite + SimAM","benchmark/valid/IMG_2656_JPG.rf.19c4c4149c02c7e883e17fab83388da1.jpg",640,640,640,640,0.250000,0.700000,6.464583,58.718437,0.121407,67.707396,1,"Xiaomi 23127PN0CC"
"1e7c4da2-69a9-4adf-a109-90bad483298a","2026-05-26T14:55:43.830021Z","03_yolo26n_edgelite_simam","YOLO26n EdgeLite + SimAM","benchmark/train/IMG_2772_JPG.rf.dede7d1646397f9ce1ac1353c67dab7f.jpg",640,640,640,640,0.250000,0.700000,6.571563,61.787448,0.122812,70.733802,1,"Xiaomi 23127PN0CC"
"d48a4778-d148-454f-92a3-453a2989b01d","2026-05-26T14:55:43.902702Z","03_yolo26n_edgelite_simam","YOLO26n EdgeLite + SimAM","benchmark/valid/599_jpg.rf.28b705a68a465caf616c177470784190.jpg",640,640,640,640,0.250000,0.700000,6.115729,59.579636,0.123854,68.064427,1,"Xiaomi 23127PN0CC"
"7870d156-361c-4345-b89f-313aaa6adb48","2026-05-26T14:55:43.975566Z","03_yolo26n_edgelite_simam","YOLO26n EdgeLite + SimAM","benchmark/valid/209_jpg.rf.ac10436a03e919cbdf8502c1f0cab6ac.jpg",640,640,640,640,0.250000,0.700000,6.296771,59.487865,0.115833,68.300625,1,"Xiaomi 23127PN0CC"
"b3759a8c-8c5f-41fe-9919-bdbea8a11b3e","2026-05-26T14:55:44.048351Z","03_yolo26n_edgelite_simam","YOLO26n EdgeLite + SimAM","benchmark/train/IMG_2831_1_JPG.rf.f9cabec18b85d377c8a9fec9351b4512.jpg",640,640,640,640,0.250000,0.700000,6.457084,58.421667,0.131823,67.331667,3,"Xiaomi 23127PN0CC"
"5a005873-dec9-4a2b-805a-90248cb70b99","2026-05-26T14:55:44.120297Z","03_yolo26n_edgelite_simam","YOLO26n EdgeLite + SimAM","benchmark/train/IMG_3063_JPG.rf.6da8dfa214e33ba3cda05dbc94349334.jpg",640,640,640,640,0.250000,0.700000,6.063437,57.832291,0.121250,66.149895,1,"Xiaomi 23127PN0CC"
"4fba4f8c-4b50-4a6d-a41d-cfb065a31b4d","2026-05-26T14:55:44.195092Z","03_yolo26n_edgelite_simam","YOLO26n EdgeLite + SimAM","benchmark/train/492_jpg.rf.1b5bab7239232806e245722fc2f78b1d.jpg",640,640,640,640,0.250000,0.700000,6.036302,61.785989,0.127240,70.295677,1,"Xiaomi 23127PN0CC"
"9deec9aa-57d3-418e-aefb-d52a89224a32","2026-05-26T14:55:44.267314Z","03_yolo26n_edgelite_simam","YOLO26n EdgeLite + SimAM","benchmark/train/IMG_3393_JPG.rf.79cf41de2d1c618c36768992bd7dddf0.jpg",640,640,640,640,0.250000,0.700000,6.524219,57.836250,0.117032,67.011615,1,"Xiaomi 23127PN0CC"
"78c75206-1822-4b74-ae52-140382a2513b","2026-05-26T14:55:44.339259Z","03_yolo26n_edgelite_simam","YOLO26n EdgeLite + SimAM","benchmark/train/IMG_2971_JPG.rf.9c9a71298ec9164b4e83904efabef725.jpg",640,640,640,640,0.250000,0.700000,6.394687,58.063698,0.119687,66.831302,1,"Xiaomi 23127PN0CC"
"e91a508a-257a-464e-9934-4305cf058dcd","2026-05-26T14:55:44.411188Z","03_yolo26n_edgelite_simam","YOLO26n EdgeLite + SimAM","benchmark/valid/478_jpg.rf.742cf803bf7858a93e14c03720aba98f.jpg",640,640,640,640,0.250000,0.700000,6.565521,58.447656,0.127240,67.253334,1,"Xiaomi 23127PN0CC"
"4fa18953-3632-4e55-b69c-3b4e8cce1476","2026-05-26T14:55:44.485114Z","03_yolo26n_edgelite_simam","YOLO26n EdgeLite + SimAM","benchmark/train/IMG_2493_2_JPG.rf.c823dff1b024e387c39794d7e0b47f58.jpg",640,640,640,640,0.250000,0.700000,6.646511,59.389739,0.120678,68.813438,1,"Xiaomi 23127PN0CC"
"a65dfa08-0e22-4cd1-a784-122e912b5d42","2026-05-26T14:55:44.558048Z","03_yolo26n_edgelite_simam","YOLO26n EdgeLite + SimAM","benchmark/train/IMG_2271_1_JPG.rf.aa07d461f0b6f806b1d3af5428bae66a.jpg",640,640,640,640,0.250000,0.700000,6.463542,58.531979,0.113021,67.532865,1,"Xiaomi 23127PN0CC"
"c0e255a7-96db-44f7-beac-81820a4f7efe","2026-05-26T14:55:44.631317Z","03_yolo26n_edgelite_simam","YOLO26n EdgeLite + SimAM","benchmark/valid/IMG_3585_2_JPG.rf.c598c5a42dd2888e7ba6938b234c9c96.jpg",640,640,640,640,0.250000,0.700000,6.576510,59.163438,0.130833,68.114062,2,"Xiaomi 23127PN0CC"
"7c25c125-a074-4a8f-9580-95d39be0a7f8","2026-05-26T14:55:44.704145Z","03_yolo26n_edgelite_simam","YOLO26n EdgeLite + SimAM","benchmark/test/205_jpg.rf.b59e203d145239727c13373da511201e.jpg",640,640,640,640,0.250000,0.700000,5.933958,59.906198,0.124010,68.053802,1,"Xiaomi 23127PN0CC"
"ac150419-d8f1-4c5c-98ba-0c8e1b52bc78","2026-05-26T14:55:44.777903Z","03_yolo26n_edgelite_simam","YOLO26n EdgeLite + SimAM","benchmark/valid/783_jpg.rf.30c912f349381e8922723289146935b4.jpg",640,640,640,640,0.250000,0.700000,6.768750,59.606875,0.158438,69.170000,1,"Xiaomi 23127PN0CC"
"a66156fe-3907-4492-a6d9-2cb8b7e5214e","2026-05-26T14:55:44.850225Z","03_yolo26n_edgelite_simam","YOLO26n EdgeLite + SimAM","benchmark/train/919_jpg.rf.94324a4f03a7c4e6a4fdd19b717ad55a.jpg",640,640,640,640,0.250000,0.700000,6.512240,58.982761,0.119896,68.078490,1,"Xiaomi 23127PN0CC"
"ef3a7200-df9d-4004-9c39-b59383c47232","2026-05-26T14:55:44.923911Z","03_yolo26n_edgelite_simam","YOLO26n EdgeLite + SimAM","benchmark/train/IMG_2289_JPG.rf.97ed1e2d4fa7068bd0fc4c5eb89a979f.jpg",640,640,640,640,0.250000,0.700000,6.648229,59.419636,0.125364,68.463437,1,"Xiaomi 23127PN0CC"
"efd6f04c-6a57-4b5a-a0da-6252ace10f0d","2026-05-26T14:55:44.997332Z","03_yolo26n_edgelite_simam","YOLO26n EdgeLite + SimAM","benchmark/test/629_jpg.rf.654dcc115974db140acbfb4452fa9ede.jpg",640,640,640,640,0.250000,0.700000,6.631354,59.914115,0.113906,68.931302,1,"Xiaomi 23127PN0CC"
"af48798f-8e4f-4cf5-b6ee-a7a69ccb8b70","2026-05-26T14:55:45.070180Z","03_yolo26n_edgelite_simam","YOLO26n EdgeLite + SimAM","benchmark/test/IMG_3309_1_JPG.rf.d677b2956b4520b9a5be53eada56a0a1.jpg",640,640,640,640,0.250000,0.700000,6.325521,59.091198,0.112865,67.905990,1,"Xiaomi 23127PN0CC"
"aa8fe38d-8d1c-4881-9f07-1ec675baf8b6","2026-05-26T14:55:45.145121Z","03_yolo26n_edgelite_simam","YOLO26n EdgeLite + SimAM","benchmark/valid/1301_jpg.rf.e870bd431ac424e084120571b686a525.jpg",640,640,640,640,0.250000,0.700000,6.180104,61.442292,0.118437,70.210989,1,"Xiaomi 23127PN0CC"
"1a836452-ff7d-45fb-9487-4459d3a3d892","2026-05-26T14:55:45.217353Z","03_yolo26n_edgelite_simam","YOLO26n EdgeLite + SimAM","benchmark/valid/IMG_3318_JPG.rf.14714c8dd97646795a0e8f4de75e6adf.jpg",640,640,640,640,0.250000,0.700000,5.921302,58.830937,0.123959,67.050834,1,"Xiaomi 23127PN0CC"
"10d45f75-fc26-4495-a011-a305bd2d8099","2026-05-26T14:55:45.291516Z","03_yolo26n_edgelite_simam","YOLO26n EdgeLite + SimAM","benchmark/valid/IMG_2611_2_JPG.rf.befba61b4eafcbacdaa67c9719620e77.jpg",640,640,640,640,0.250000,0.700000,6.463385,60.283541,0.120938,69.213646,2,"Xiaomi 23127PN0CC"
"f94c42e6-1703-4561-96bf-c0a99cc1311f","2026-05-26T14:55:45.364926Z","03_yolo26n_edgelite_simam","YOLO26n EdgeLite + SimAM","benchmark/train/IMG_2629_JPG.rf.be5f42ae3cfb60b84f2435a70273c139.jpg",640,640,640,640,0.250000,0.700000,6.646771,58.379428,0.118645,67.994583,1,"Xiaomi 23127PN0CC"
"1bed9bdf-d1cd-4de2-9798-7e256d6f743f","2026-05-26T14:55:45.437818Z","03_yolo26n_edgelite_simam","YOLO26n EdgeLite + SimAM","benchmark/valid/IMG_2969_1_JPG.rf.8483a69593715b5afce1f1966fc48e5a.jpg",640,640,640,640,0.250000,0.700000,6.310886,59.057135,0.172448,67.734167,2,"Xiaomi 23127PN0CC"
"cbb616c3-bf99-4900-a6f7-56001460f0bc","2026-05-26T14:55:45.512326Z","03_yolo26n_edgelite_simam","YOLO26n EdgeLite + SimAM","benchmark/train/IMG_2492_2_JPG.rf.13964a81b0a16f757bfc47fc3b13437d.jpg",640,640,640,640,0.250000,0.700000,6.616823,59.872604,0.120521,68.992552,1,"Xiaomi 23127PN0CC"
"2765b3b7-f134-40b8-a1b8-72cbe5e25206","2026-05-26T14:55:45.585170Z","03_yolo26n_edgelite_simam","YOLO26n EdgeLite + SimAM","benchmark/train/576_jpg.rf.33b5f5be195454d8055770cd688e73e8.jpg",640,640,640,640,0.250000,0.700000,6.533854,58.963490,0.127552,68.057500,1,"Xiaomi 23127PN0CC"
"0f4f427a-2679-4e7e-95ad-ccbe868fd238","2026-05-26T14:55:45.658147Z","03_yolo26n_edgelite_simam","YOLO26n EdgeLite + SimAM","benchmark/train/391_jpg.rf.7ecbcccac3b9ae39119acc806c5d768a.jpg",640,640,640,640,0.250000,0.700000,6.542864,58.832760,0.117344,67.906927,1,"Xiaomi 23127PN0CC"
"07a10c54-69b3-4f9c-90a3-48501282efa7","2026-05-26T14:55:45.730820Z","03_yolo26n_edgelite_simam","YOLO26n EdgeLite + SimAM","benchmark/valid/618_jpg.rf.4f1bd5c494af7dac5a07407a26707253.jpg",640,640,640,640,0.250000,0.700000,6.015417,59.330416,0.124375,67.994896,1,"Xiaomi 23127PN0CC"
"b32c2565-dfdb-480c-94e8-ffe2054a8fff","2026-05-26T14:55:45.809600Z","03_yolo26n_edgelite_simam","YOLO26n EdgeLite + SimAM","benchmark/train/PXL_20240125_122141729_jpg.rf.05c7c8eb4bf6d955bfd2ff7dd4ae8734.jpg",640,640,640,640,0.250000,0.700000,6.345468,64.882187,0.130157,73.668229,2,"Xiaomi 23127PN0CC"
"4b50814d-e974-4e48-96ae-86294720e956","2026-05-26T14:55:45.883055Z","03_yolo26n_edgelite_simam","YOLO26n EdgeLite + SimAM","benchmark/test/208_jpg.rf.de2e91cc3886bb89b1eb49754f9e1059.jpg",640,640,640,640,0.250000,0.700000,6.488490,59.250156,0.119323,68.254375,1,"Xiaomi 23127PN0CC"
"c11fdf97-6f3e-49f1-be39-da9fd82839d8","2026-05-26T14:55:45.956663Z","03_yolo26n_edgelite_simam","YOLO26n EdgeLite + SimAM","benchmark/train/IMG_2431_2_JPG.rf.059b7ad7046b3ba806b5fc9805ce8a91.jpg",640,640,640,640,0.250000,0.700000,6.327657,60.175312,0.125365,68.607240,1,"Xiaomi 23127PN0CC"
"b3ae7819-4f3c-4643-a8a3-2da60d0b047a","2026-05-26T14:55:46.030215Z","03_yolo26n_edgelite_simam","YOLO26n EdgeLite + SimAM","benchmark/train/IMG_2703_1_JPG.rf.04b9a710b500bd3e7a2f5e88a21cc7ec.jpg",640,640,640,640,0.250000,0.700000,6.463073,59.406042,0.115364,68.448906,1,"Xiaomi 23127PN0CC"
"0debdab2-2832-43e1-8c81-b438fbad91fb","2026-05-26T14:55:46.102447Z","03_yolo26n_edgelite_simam","YOLO26n EdgeLite + SimAM","benchmark/train/460_jpg.rf.029064fe33fb6c33d5d28d986c455cc1.jpg",640,640,640,640,0.250000,0.700000,6.336250,58.872969,0.115937,67.708073,1,"Xiaomi 23127PN0CC"
"0f9daaaf-55cc-4f6f-95e9-7bcb61d1258d","2026-05-26T14:55:46.176005Z","03_yolo26n_edgelite_simam","YOLO26n EdgeLite + SimAM","benchmark/train/IMG_2621_JPG.rf.486a98f50b963642b99e3b6f1aff2706.jpg",640,640,640,640,0.250000,0.700000,6.664896,59.130364,0.124428,68.517396,2,"Xiaomi 23127PN0CC"
"b3340b78-9dca-4cd4-aea7-864ae4ca53fb","2026-05-26T14:55:46.249295Z","03_yolo26n_edgelite_simam","YOLO26n EdgeLite + SimAM","benchmark/train/IMG_2900_1_JPG.rf.36da989a8325d29907cb3ff48d9602d5.jpg",640,640,640,640,0.250000,0.700000,6.236198,59.320156,0.122448,67.793750,1,"Xiaomi 23127PN0CC"
"3c9cd028-bafa-4a12-b106-1090b4b378a3","2026-05-26T14:55:46.322666Z","03_yolo26n_edgelite_simam","YOLO26n EdgeLite + SimAM","benchmark/train/IMG_2872_JPG.rf.573d6fc22852e33bc3a720ae5e81fcbe.jpg",640,640,640,640,0.250000,0.700000,6.373229,59.228646,0.114635,68.144479,1,"Xiaomi 23127PN0CC"
"eae43f20-6950-4f54-9009-047a658a9d83","2026-05-26T14:55:46.395263Z","03_yolo26n_edgelite_simam","YOLO26n EdgeLite + SimAM","benchmark/train/PXL_20240125_124946063_jpg.rf.4cac3d339724f58eba7367f9bc7959c4.jpg",640,640,640,640,0.250000,0.700000,6.483385,58.416354,0.137500,67.342031,3,"Xiaomi 23127PN0CC"
"8e838583-aacf-4c31-8b44-12714a796dc0","2026-05-26T14:55:46.471890Z","03_yolo26n_edgelite_simam","YOLO26n EdgeLite + SimAM","benchmark/train/IMG_3642_2_JPG.rf.ffe1f613a79347d5037d9c62ba447244.jpg",640,640,640,640,0.250000,0.700000,6.218907,62.274323,0.130365,70.767813,2,"Xiaomi 23127PN0CC"
"3e98adc7-93f8-4147-8a19-798939bebf68","2026-05-26T14:55:46.547240Z","03_yolo26n_edgelite_simam","YOLO26n EdgeLite + SimAM","benchmark/train/IMG_3638_JPG.rf.b66be2e74f1e53a6efa4a09920e86f0c.jpg",640,640,640,640,0.250000,0.700000,6.579375,59.854375,0.135729,69.397916,3,"Xiaomi 23127PN0CC"
"37517940-456e-4dc3-a11d-6933006d39fb","2026-05-26T14:55:46.622345Z","03_yolo26n_edgelite_simam","YOLO26n EdgeLite + SimAM","benchmark/train/IMG_2724_JPG.rf.09d800f54aef0596ac5145b8cc5381a9.jpg",640,640,640,640,0.250000,0.700000,6.678802,59.979739,0.115209,69.409688,1,"Xiaomi 23127PN0CC"
"4214c844-5ae1-41d4-aecf-b84fffb777ae","2026-05-26T14:55:46.695696Z","03_yolo26n_edgelite_simam","YOLO26n EdgeLite + SimAM","benchmark/train/IMG_2443_2_JPG.rf.45ba933c62bd0494ca409f442f533c9c.jpg",640,640,640,640,0.250000,0.700000,6.653907,59.305833,0.134948,68.257865,2,"Xiaomi 23127PN0CC"
"1b642f02-5759-464e-bf72-a1bad0b6c0eb","2026-05-26T14:55:46.766805Z","03_yolo26n_edgelite_simam","YOLO26n EdgeLite + SimAM","benchmark/train/426_jpg.rf.537221526adfe50c3ebccf54b8ac43c5.jpg",640,640,640,640,0.250000,0.700000,5.993802,58.080781,0.125365,66.526771,1,"Xiaomi 23127PN0CC"
"46f2cdd5-67d6-4577-a8c8-90c32e063305","2026-05-26T14:55:46.839168Z","03_yolo26n_edgelite_simam","YOLO26n EdgeLite + SimAM","benchmark/valid/IMG_2688_2_JPG.rf.582b693ef900e8d9c59224ac98e19801.jpg",640,640,640,640,0.250000,0.700000,6.818750,57.792709,0.121146,67.317396,1,"Xiaomi 23127PN0CC"
"abcef5b2-8640-4a93-9fb0-ebe13fc71a9c","2026-05-26T14:55:46.912300Z","03_yolo26n_edgelite_simam","YOLO26n EdgeLite + SimAM","benchmark/valid/IMG_2349_1_JPG.rf.31fc3db49f28401edb4446c45d2f6554.jpg",640,640,640,640,0.250000,0.700000,6.654427,58.538698,0.123073,67.925260,1,"Xiaomi 23127PN0CC"
"61275be8-9233-433e-84fc-e429607a8949","2026-05-26T14:55:46.987928Z","03_yolo26n_edgelite_simam","YOLO26n EdgeLite + SimAM","benchmark/valid/328_jpg.rf.7f7f46ab00762497b9135fa541912dc7.jpg",640,640,640,640,0.250000,0.700000,6.500833,62.030625,0.124740,70.808646,1,"Xiaomi 23127PN0CC"
"39bd413e-ebad-4342-b109-55748defd620","2026-05-26T14:55:47.061246Z","03_yolo26n_edgelite_simam","YOLO26n EdgeLite + SimAM","benchmark/train/IMG_2923_2_JPG.rf.88c110964732f0891db2cb777aaa5b00.jpg",640,640,640,640,0.250000,0.700000,6.706875,58.590729,0.117396,68.139375,1,"Xiaomi 23127PN0CC"
"894aa28b-82a5-4b00-b598-17104b074429","2026-05-26T14:55:48.371908Z","03_yolo26n_edgelite_simam","YOLO26n EdgeLite + SimAM","benchmark/train/IMG_3211_1_JPG.rf.4205e181080d370421dc0ff11b20ab1a.jpg",640,640,640,640,0.250000,0.700000,6.999427,74.480625,0.112552,84.627761,1,"Xiaomi 23127PN0CC"
"261ad2f6-51f4-45b3-87d5-774e0be12d6a","2026-05-26T14:55:48.448575Z","03_yolo26n_edgelite_simam","YOLO26n EdgeLite + SimAM","benchmark/test/761_jpg.rf.8e0df0c865b1dea187fb678c11408721.jpg",640,640,640,640,0.250000,0.700000,6.255469,63.869115,0.118385,72.491562,1,"Xiaomi 23127PN0CC"
"1a30d31e-6f5d-470c-bfee-b7ad67f31806","2026-05-26T14:55:48.524035Z","03_yolo26n_edgelite_simam","YOLO26n EdgeLite + SimAM","benchmark/train/IMG_3068_2_JPG.rf.12e0dd771d46eb6bebf9d7f00a71a70a.jpg",640,640,640,640,0.250000,0.700000,6.259062,61.262604,0.127084,70.191302,1,"Xiaomi 23127PN0CC"
"43e77c01-7825-4bd2-b6c4-d262af75e9f8","2026-05-26T14:55:48.599888Z","03_yolo26n_edgelite_simam","YOLO26n EdgeLite + SimAM","benchmark/train/IMG_3303_JPG.rf.077f8b957aaac124666135a42266356e.jpg",640,640,640,640,0.250000,0.700000,6.297761,60.942864,0.117188,69.708542,1,"Xiaomi 23127PN0CC"
"8885184a-f388-4c88-9370-f8e034485b7b","2026-05-26T14:55:48.676177Z","03_yolo26n_edgelite_simam","YOLO26n EdgeLite + SimAM","benchmark/train/IMG_3022_1_JPG.rf.49b9d03e1b54d28d874762b7326775e0.jpg",640,640,640,640,0.250000,0.700000,6.340104,62.469791,0.117605,71.247084,1,"Xiaomi 23127PN0CC"
"3c656196-7e56-454c-8073-1df4c1c4e133","2026-05-26T14:55:48.753583Z","03_yolo26n_edgelite_simam","YOLO26n EdgeLite + SimAM","benchmark/valid/IMG_2978_JPG.rf.2b84170a56167e0dda64d1638cf1637d.jpg",640,640,640,640,0.250000,0.700000,6.400937,63.713802,0.130052,72.273906,1,"Xiaomi 23127PN0CC"
"d4593b3b-b86a-4b9b-a485-772fe64096fc","2026-05-26T14:55:48.826113Z","03_yolo26n_edgelite_simam","YOLO26n EdgeLite + SimAM","benchmark/valid/IMG_2332_JPG.rf.cba3cc493460eb5137b5d975e8e1e9ec.jpg",640,640,640,640,0.250000,0.700000,6.193437,59.137552,0.119271,67.899375,1,"Xiaomi 23127PN0CC"
"21d2c946-32d3-4ea1-b35f-d8761e80ca74","2026-05-26T14:55:48.900102Z","03_yolo26n_edgelite_simam","YOLO26n EdgeLite + SimAM","benchmark/train/440_jpg.rf.78f89faa0ed116405b157cc478f3003c.jpg",640,640,640,640,0.250000,0.700000,6.441146,60.461823,0.116771,69.412396,1,"Xiaomi 23127PN0CC"
"2988d0c8-86e6-485b-bb57-f47c0b411c2d","2026-05-26T14:55:48.973870Z","03_yolo26n_edgelite_simam","YOLO26n EdgeLite + SimAM","benchmark/train/PXL_20240125_115241834_jpg.rf.40aea05ebb83707e3b09cb5176c487c9.jpg",640,640,640,640,0.250000,0.700000,6.597136,59.921980,0.189166,68.851146,2,"Xiaomi 23127PN0CC"
"44daa62a-c0a6-4e95-941e-52af10e1f909","2026-05-26T14:55:49.052740Z","03_yolo26n_edgelite_simam","YOLO26n EdgeLite + SimAM","benchmark/valid/IMG_3410_1_JPG.rf.d57de37d5ff0c268a5036179b2b737ea.jpg",640,640,640,640,0.250000,0.700000,6.239010,64.933750,0.123438,73.445208,1,"Xiaomi 23127PN0CC"
"5fb36991-fb3a-460b-855b-74c31510ea5e","2026-05-26T14:55:49.128214Z","03_yolo26n_edgelite_simam","YOLO26n EdgeLite + SimAM","benchmark/train/IMG_2420_1_JPG.rf.effd0b18c7aa23ddb532a2a1d9cc25a1.jpg",640,640,640,640,0.250000,0.700000,6.418750,61.530782,0.112604,70.394219,1,"Xiaomi 23127PN0CC"
"0e3bb9f6-e82a-4a79-9cd3-9414dcf1a959","2026-05-26T14:55:49.200991Z","03_yolo26n_edgelite_simam","YOLO26n EdgeLite + SimAM","benchmark/train/IMG_3593_2_JPG.rf.3c31aac58b9c2f2962e30eb10c6e1975.jpg",640,640,640,640,0.250000,0.700000,6.568229,58.642343,0.115677,67.597760,1,"Xiaomi 23127PN0CC"
"aec241f9-7053-499b-a8f1-82ac2f57fe40","2026-05-26T14:55:49.274561Z","03_yolo26n_edgelite_simam","YOLO26n EdgeLite + SimAM","benchmark/valid/264_jpg.rf.8b1b01e8ea1df05e48332b7f3b2c8fa1.jpg",640,640,640,640,0.250000,0.700000,6.282344,59.953490,0.130364,68.777812,1,"Xiaomi 23127PN0CC"
"7f866e9f-fdcf-4f13-b138-a9d1080ca9b0","2026-05-26T14:55:49.349493Z","03_yolo26n_edgelite_simam","YOLO26n EdgeLite + SimAM","benchmark/train/IMG_3217_2_JPG.rf.74eb9f6573f175d91256c64ecb163c33.jpg",640,640,640,640,0.250000,0.700000,6.479636,60.677344,0.125156,69.549583,1,"Xiaomi 23127PN0CC"
"6a35fe71-3adf-4003-9a0b-81fc4a4b1271","2026-05-26T14:55:49.423514Z","03_yolo26n_edgelite_simam","YOLO26n EdgeLite + SimAM","benchmark/valid/IMG_2344_JPG.rf.8bc632e389e515d40e02cd41a6b89ac9.jpg",640,640,640,640,0.250000,0.700000,6.328229,59.806562,0.117604,68.589427,1,"Xiaomi 23127PN0CC"
"1c629fec-5f76-4b2c-9117-b0fc65d82501","2026-05-26T14:55:49.496464Z","03_yolo26n_edgelite_simam","YOLO26n EdgeLite + SimAM","benchmark/test/1060_jpg.rf.0ea26c1f39f332b442e88dd6157a6418.jpg",640,640,640,640,0.250000,0.700000,6.489687,59.634479,0.116979,68.310312,1,"Xiaomi 23127PN0CC"
"b79bea53-57e1-4e1b-b457-9a7d9e32d126","2026-05-26T14:55:49.569053Z","03_yolo26n_edgelite_simam","YOLO26n EdgeLite + SimAM","benchmark/valid/IMG_3006_2_JPG.rf.759edda4c66f0d04bcb36ffdc974076d.jpg",640,640,640,640,0.250000,0.700000,6.103385,58.852552,0.124636,67.470521,1,"Xiaomi 23127PN0CC"
"fd474df8-28bb-4378-bdd2-b06bf743c081","2026-05-26T14:55:49.641935Z","03_yolo26n_edgelite_simam","YOLO26n EdgeLite + SimAM","benchmark/train/IMG_2583_JPG.rf.b1faae392f5cfd348a549f3dbffac553.jpg",640,640,640,640,0.250000,0.700000,6.320729,58.796093,0.123907,67.663021,1,"Xiaomi 23127PN0CC"
"32652cd4-c8f0-45bc-8159-2e7bb0ed604a","2026-05-26T14:55:49.715211Z","03_yolo26n_edgelite_simam","YOLO26n EdgeLite + SimAM","benchmark/train/IMG_3336_JPG.rf.8ba6a068ff213b021052400b7d40267c.jpg",640,640,640,640,0.250000,0.700000,6.440677,59.455781,0.118594,68.333854,1,"Xiaomi 23127PN0CC"
"85663aa4-eea5-4d7f-b647-31865942430a","2026-05-26T14:55:49.788468Z","03_yolo26n_edgelite_simam","YOLO26n EdgeLite + SimAM","benchmark/train/IMG_2201_JPG.rf.dbdf26b4545a81f9e7875272c613804d.jpg",640,640,640,640,0.250000,0.700000,6.307448,59.647292,0.135365,68.178021,2,"Xiaomi 23127PN0CC"
"93466f3a-d7b9-492f-983b-dc5989e3654f","2026-05-26T14:55:49.862609Z","03_yolo26n_edgelite_simam","YOLO26n EdgeLite + SimAM","benchmark/train/862_jpg.rf.06301c5e7e103ba01a0f3b86dbeecfaa.jpg",640,640,640,640,0.250000,0.700000,6.726667,59.936719,0.117604,69.421198,1,"Xiaomi 23127PN0CC"
"06eae4dd-8007-4625-8606-6b8ecf2e8980","2026-05-26T14:55:49.936733Z","03_yolo26n_edgelite_simam","YOLO26n EdgeLite + SimAM","benchmark/train/IMG_2799_JPG.rf.9ced2e8cdc2396de7da5e763fb7164c9.jpg",640,640,640,640,0.250000,0.700000,6.779166,59.631823,0.123489,69.029791,1,"Xiaomi 23127PN0CC"
"62d1ebd6-0da6-4bfe-89b4-e4a7cbe2b764","2026-05-26T14:55:50.010190Z","03_yolo26n_edgelite_simam","YOLO26n EdgeLite + SimAM","benchmark/test/191_jpg.rf.9fd07421f52617e56f8f5dbbef4766ab.jpg",640,640,640,640,0.250000,0.700000,6.534479,59.831198,0.111250,68.879323,1,"Xiaomi 23127PN0CC"
"98fb0580-070d-4cda-ac2b-d1739c04e913","2026-05-26T14:55:50.083181Z","03_yolo26n_edgelite_simam","YOLO26n EdgeLite + SimAM","benchmark/train/PXL_20240125_124516272_jpg.rf.b79abe59bb43697cd0d83dc37166e3f4.jpg",640,640,640,640,0.250000,0.700000,5.887343,59.220261,0.151250,67.600104,4,"Xiaomi 23127PN0CC"
"0fed681b-173d-4469-b8cd-4c5d79355432","2026-05-26T14:55:50.157201Z","03_yolo26n_edgelite_simam","YOLO26n EdgeLite + SimAM","benchmark/train/PXL_20240125_085122620_jpg.rf.d104a07276638d0643e344f684ddd6f8.jpg",640,640,640,640,0.250000,0.700000,6.407917,59.239271,0.117552,68.085469,1,"Xiaomi 23127PN0CC"
"7947dc56-d351-49e1-b117-f3e05b61d264","2026-05-26T14:55:50.231693Z","03_yolo26n_edgelite_simam","YOLO26n EdgeLite + SimAM","benchmark/train/382_jpg.rf.f02ec86d82992a897aa1132ed194b1a2.jpg",640,640,640,640,0.250000,0.700000,6.574271,60.545885,0.127969,69.836875,1,"Xiaomi 23127PN0CC"
"60d6b240-e2fb-46d3-81d8-1e6010fbabf4","2026-05-26T14:55:50.305451Z","03_yolo26n_edgelite_simam","YOLO26n EdgeLite + SimAM","benchmark/train/IMG_2725_1_JPG.rf.41c14301ee88924e677317b284d824e7.jpg",640,640,640,640,0.250000,0.700000,6.491927,59.844843,0.125417,68.656146,1,"Xiaomi 23127PN0CC"
"f354033c-9862-4ac6-9991-f5d30c8f4146","2026-05-26T14:55:50.379111Z","03_yolo26n_edgelite_simam","YOLO26n EdgeLite + SimAM","benchmark/train/IMG_3019_1_JPG.rf.81cd47dcf7da6478e86b9a5f77e6163c.jpg",640,640,640,640,0.250000,0.700000,6.321562,60.065365,0.119271,68.844323,1,"Xiaomi 23127PN0CC"
"45afff2b-bca1-453d-822c-7d0913c5f8ae","2026-05-26T14:55:50.452405Z","03_yolo26n_edgelite_simam","YOLO26n EdgeLite + SimAM","benchmark/train/IMG_2396_JPG.rf.607f241dacf648e9e5360039d555c30d.jpg",640,640,640,640,0.250000,0.700000,6.349375,59.434688,0.119114,68.152447,1,"Xiaomi 23127PN0CC"
"04085121-3574-4e42-8a9e-0eb850e91548","2026-05-26T14:55:50.524627Z","03_yolo26n_edgelite_simam","YOLO26n EdgeLite + SimAM","benchmark/train/481_jpg.rf.f71e9045e11f3cebaf44e6eaabc602ca.jpg",640,640,640,640,0.250000,0.700000,6.509843,58.723958,0.116094,67.622031,1,"Xiaomi 23127PN0CC"
"5f4bd726-6d08-47e1-8078-298459b311d7","2026-05-26T14:55:50.597683Z","03_yolo26n_edgelite_simam","YOLO26n EdgeLite + SimAM","benchmark/train/IMG_2381_JPG.rf.54029ad1a48cdef4d2c6aa19dc6dde50.jpg",640,640,640,640,0.250000,0.700000,5.832865,59.526823,0.133750,67.818750,2,"Xiaomi 23127PN0CC"
"20f1da7d-7143-4339-9863-b01c2f75ebed","2026-05-26T14:55:50.670820Z","03_yolo26n_edgelite_simam","YOLO26n EdgeLite + SimAM","benchmark/train/IMG_2636_JPG.rf.fea05ff1a77e34a57cfd09462892c3c2.jpg",640,640,640,640,0.250000,0.700000,6.278073,58.982448,0.123593,67.720937,1,"Xiaomi 23127PN0CC"
"da82be4e-86c7-428a-b3ee-89e3627ac653","2026-05-26T14:55:50.743842Z","03_yolo26n_edgelite_simam","YOLO26n EdgeLite + SimAM","benchmark/train/IMG_2933_2_JPG.rf.6a7321f663ff8ed829b7887be02ac821.jpg",640,640,640,640,0.250000,0.700000,6.578750,58.859322,0.120313,67.933229,1,"Xiaomi 23127PN0CC"
"05a5ba6e-a540-4c86-a95f-828d8fd7c5d0","2026-05-26T14:55:50.817529Z","03_yolo26n_edgelite_simam","YOLO26n EdgeLite + SimAM","benchmark/train/299_jpg.rf.bcd0de9559fad2ca6e62f0e63b415e2c.jpg",640,640,640,640,0.250000,0.700000,6.703959,59.797552,0.125781,69.176042,1,"Xiaomi 23127PN0CC"
"d63b3774-0a28-4917-8cab-afd91260dbd0","2026-05-26T14:55:50.890988Z","03_yolo26n_edgelite_simam","YOLO26n EdgeLite + SimAM","benchmark/train/417_jpg.rf.f4fdee9bd2c361e49f490a77ec6125ac.jpg",640,640,640,640,0.250000,0.700000,6.547291,59.473125,0.120886,68.796354,1,"Xiaomi 23127PN0CC"
"1e9b1a51-fd3b-4f73-a96f-3ab7e9a25489","2026-05-26T14:55:50.964120Z","03_yolo26n_edgelite_simam","YOLO26n EdgeLite + SimAM","benchmark/train/IMG_2248_JPG.rf.50462273efb4feed54d55142a3165ae9.jpg",640,640,640,640,0.250000,0.700000,6.445104,59.105990,0.119948,67.936979,1,"Xiaomi 23127PN0CC"
"14236e7e-7c12-4626-83ba-6ad1eb2cfdb4","2026-05-26T14:55:51.036933Z","03_yolo26n_edgelite_simam","YOLO26n EdgeLite + SimAM","benchmark/valid/IMG_3563_1_JPG.rf.0eafe0e33bcdc858523be0b59b1f7425.jpg",640,640,640,640,0.250000,0.700000,6.419896,58.902917,0.128073,67.652552,2,"Xiaomi 23127PN0CC"
"d51654df-1c92-4dd0-9d71-5662217d9ddc","2026-05-26T14:55:51.110582Z","03_yolo26n_edgelite_simam","YOLO26n EdgeLite + SimAM","benchmark/train/IMG_2789_1_JPG.rf.b869caf459d6d5a46162ccb48487a0b0.jpg",640,640,640,640,0.250000,0.700000,5.835573,59.953541,0.124688,68.044583,1,"Xiaomi 23127PN0CC"
"209ade40-8897-4542-8ebc-8eee776cd775","2026-05-26T14:55:51.183089Z","03_yolo26n_edgelite_simam","YOLO26n EdgeLite + SimAM","benchmark/train/IMG_3594_2_JPG.rf.8aca6dc4a446a7eba20c20c325a1ca85.jpg",640,640,640,640,0.250000,0.700000,6.430729,58.625938,0.118385,67.441406,1,"Xiaomi 23127PN0CC"
"cb44b7a1-cc62-473d-a02c-e4b75de9ab47","2026-05-26T14:55:51.257058Z","03_yolo26n_edgelite_simam","YOLO26n EdgeLite + SimAM","benchmark/test/IMG_3555_2_JPG.rf.7e9633f1acd7430b461ad9cc8f314d5a.jpg",640,640,640,640,0.250000,0.700000,6.456198,60.160052,0.116042,68.997083,1,"Xiaomi 23127PN0CC"
"369f0580-3e76-42b7-acc2-6aecc87b56de","2026-05-26T14:55:51.330174Z","03_yolo26n_edgelite_simam","YOLO26n EdgeLite + SimAM","benchmark/valid/IMG_3245_1_JPG.rf.adfb9c55f4b70d15687c4381f51e9b0f.jpg",640,640,640,640,0.250000,0.700000,6.352083,59.187188,0.125781,67.926510,1,"Xiaomi 23127PN0CC"
"345f85bb-3546-49b7-b8f7-ce5255352dd6","2026-05-26T14:55:51.402661Z","03_yolo26n_edgelite_simam","YOLO26n EdgeLite + SimAM","benchmark/test/IMG_2210_JPG.rf.565cde82f22328be8424b40dc40749cd.jpg",640,640,640,640,0.250000,0.700000,6.402865,58.341771,0.124219,67.142032,1,"Xiaomi 23127PN0CC"
"99c74dc9-298a-4bf0-b3a2-0a247b00a465","2026-05-26T14:55:51.475485Z","03_yolo26n_edgelite_simam","YOLO26n EdgeLite + SimAM","benchmark/valid/IMG_3594_1_JPG.rf.0998d711f5e1a214ed585f7a8435a5eb.jpg",640,640,640,640,0.250000,0.700000,6.507084,58.805625,0.116511,67.712136,1,"Xiaomi 23127PN0CC"
"5e86d47c-5967-4c8f-920a-2ccd062ff4c7","2026-05-26T14:55:51.546271Z","03_yolo26n_edgelite_simam","YOLO26n EdgeLite + SimAM","benchmark/test/1307_jpg.rf.f6de9478f07f3049d4e1890d0cfe267e.jpg",640,640,640,640,0.250000,0.700000,6.397917,57.471875,0.115052,66.162865,1,"Xiaomi 23127PN0CC"
"078828c4-5937-4f8b-9d1c-3e00453acd03","2026-05-26T14:55:51.621074Z","03_yolo26n_edgelite_simam","YOLO26n EdgeLite + SimAM","benchmark/valid/IMG_2395_JPG.rf.ea1c28e4444e8859baf6d2fd4b6a7df7.jpg",640,640,640,640,0.250000,0.700000,5.872969,61.761666,0.132761,69.934532,1,"Xiaomi 23127PN0CC"
"6b3a42cf-e705-44eb-bebd-2c4fb5950390","2026-05-26T14:55:51.694038Z","03_yolo26n_edgelite_simam","YOLO26n EdgeLite + SimAM","benchmark/train/IMG_2897_1_JPG.rf.5e711d2207074f436211307cbc12c2de.jpg",640,640,640,640,0.250000,0.700000,6.506042,58.639532,0.117135,67.786406,1,"Xiaomi 23127PN0CC"
"24645332-bab4-4fa0-a91a-8abdf29a4225","2026-05-26T14:55:51.765357Z","03_yolo26n_edgelite_simam","YOLO26n EdgeLite + SimAM","benchmark/train/IMG_3257_2_JPG.rf.d239e3e43c5d5ea4137297d0c4f08eca.jpg",640,640,640,640,0.250000,0.700000,6.282500,57.387500,0.121250,66.105416,1,"Xiaomi 23127PN0CC"
"889804fa-a411-4e29-b3a3-5eb93260354f","2026-05-26T14:55:51.838596Z","03_yolo26n_edgelite_simam","YOLO26n EdgeLite + SimAM","benchmark/train/319_jpg.rf.d0f53c1a75a75d523bcfa014df946ee3.jpg",640,640,640,640,0.250000,0.700000,6.467969,59.881354,0.126614,68.651875,1,"Xiaomi 23127PN0CC"
"da010e39-c88d-422c-a173-348f90acccad","2026-05-26T14:55:51.910673Z","03_yolo26n_edgelite_simam","YOLO26n EdgeLite + SimAM","benchmark/valid/302_jpg.rf.9166a911b3079952cfb28ff56dbc86b6.jpg",640,640,640,640,0.250000,0.700000,6.497136,58.403906,0.123907,67.305938,1,"Xiaomi 23127PN0CC"
"1233a802-b344-4785-a443-fd0a6cbb74da","2026-05-26T14:55:51.983638Z","03_yolo26n_edgelite_simam","YOLO26n EdgeLite + SimAM","benchmark/train/IMG_3430_2_JPG.rf.c9d7883211e1389906029f621a31e630.jpg",640,640,640,640,0.250000,0.700000,6.454635,59.052396,0.119843,67.902135,1,"Xiaomi 23127PN0CC"
"53241759-35b6-444d-a691-49047907ce22","2026-05-26T14:55:52.057197Z","03_yolo26n_edgelite_simam","YOLO26n EdgeLite + SimAM","benchmark/train/IMG_3518_JPG.rf.308ae946409ab0edf43ffe5a826317e4.jpg",640,640,640,640,0.250000,0.700000,6.445156,59.887761,0.116302,68.560990,1,"Xiaomi 23127PN0CC"
"94f6886d-92fc-47b4-ab1f-90977780f65e","2026-05-26T14:55:52.129941Z","03_yolo26n_edgelite_simam","YOLO26n EdgeLite + SimAM","benchmark/test/IMG_2418_1_JPG.rf.f2f273f4726a27a325259430653daf31.jpg",640,640,640,640,0.250000,0.700000,6.104635,59.026250,0.127500,67.681302,1,"Xiaomi 23127PN0CC"
"6045fe20-1c2e-49c7-8e66-e355a97a63d6","2026-05-26T14:55:52.203556Z","03_yolo26n_edgelite_simam","YOLO26n EdgeLite + SimAM","benchmark/train/IMG_2740_2_JPG.rf.093cf7e0be96224780e4d360c270d03f.jpg",640,640,640,640,0.250000,0.700000,6.686198,58.964167,0.118437,68.323958,1,"Xiaomi 23127PN0CC"
"a887feda-1317-474d-908c-ed57105c9505","2026-05-26T14:55:52.275174Z","03_yolo26n_edgelite_simam","YOLO26n EdgeLite + SimAM","benchmark/train/620_jpg.rf.2e5f85a642b675df15d10ff3cf4085b3.jpg",640,640,640,640,0.250000,0.700000,6.886719,57.499063,0.125937,66.807240,1,"Xiaomi 23127PN0CC"
"12c9624a-1289-45e7-9dcd-c9366576f980","2026-05-26T14:55:52.349612Z","03_yolo26n_edgelite_simam","YOLO26n EdgeLite + SimAM","benchmark/train/IMG_2812_1_JPG.rf.3457c94e77ffd3ddb7eacc9381a5717f.jpg",640,640,640,640,0.250000,0.700000,6.371250,60.725469,0.124635,69.283958,1,"Xiaomi 23127PN0CC"
"e82ea375-b975-4153-896b-c5ad8ea55e4e","2026-05-26T14:55:52.424202Z","03_yolo26n_edgelite_simam","YOLO26n EdgeLite + SimAM","benchmark/valid/IMG_3057_1_JPG.rf.1e5ab161fc49d3208309aeea8c994513.jpg",640,640,640,640,0.250000,0.700000,6.562135,60.097031,0.121511,69.446615,1,"Xiaomi 23127PN0CC"
"c57b624a-bfd6-4571-bd37-5e8c08ea7834","2026-05-26T14:55:52.497096Z","03_yolo26n_edgelite_simam","YOLO26n EdgeLite + SimAM","benchmark/train/538_jpg.rf.1314928cc3194ff0058e39fff4a202dc.jpg",640,640,640,640,0.250000,0.700000,6.788177,58.615573,0.118021,68.216719,1,"Xiaomi 23127PN0CC"
"6ca7df08-7d87-49b9-9069-2a31561fd8f6","2026-05-26T14:55:52.573589Z","03_yolo26n_edgelite_simam","YOLO26n EdgeLite + SimAM","benchmark/train/IMG_2672_2_JPG.rf.c34d74321e5b967d8c1bbbbc21eca336.jpg",640,640,640,640,0.250000,0.700000,6.642813,61.904532,0.117604,71.303542,1,"Xiaomi 23127PN0CC"
"148ec06e-8030-4c56-bcd4-ae815796f0dc","2026-05-26T14:55:52.647504Z","03_yolo26n_edgelite_simam","YOLO26n EdgeLite + SimAM","benchmark/test/IMG_3089_2_JPG.rf.79a4ae71aa4282e20f339c556c4b0aa5.jpg",640,640,640,640,0.250000,0.700000,6.158698,60.327812,0.126511,69.007344,1,"Xiaomi 23127PN0CC"
"a313042e-fa27-4347-8e0c-bad5cdab319d","2026-05-26T14:55:52.721370Z","03_yolo26n_edgelite_simam","YOLO26n EdgeLite + SimAM","benchmark/train/PXL_20240124_144056524_jpg.rf.86279c9f43c5b64b0a3e84cf352686c5.jpg",640,640,640,640,0.250000,0.700000,6.696458,59.438438,0.121614,68.895833,1,"Xiaomi 23127PN0CC"
"1272e1aa-9acf-44b0-985b-2a2d9c226df7","2026-05-26T14:55:52.794562Z","03_yolo26n_edgelite_simam","YOLO26n EdgeLite + SimAM","benchmark/train/IMG_2250_1_JPG.rf.1bcaa7910b6f1c6428ddebd9e1884ba8.jpg",640,640,640,640,0.250000,0.700000,6.477396,58.797656,0.116615,67.890000,1,"Xiaomi 23127PN0CC"
"08ddd49f-626a-474e-8810-f1283e7b495d","2026-05-26T14:55:52.868115Z","03_yolo26n_edgelite_simam","YOLO26n EdgeLite + SimAM","benchmark/train/PXL_20240125_114847555_jpg.rf.f86f89253ca8f6a77283a2932ca1df1f.jpg",640,640,640,640,0.250000,0.700000,6.497188,59.915052,0.129739,68.590833,2,"Xiaomi 23127PN0CC"
"5f5fb213-43cf-4707-8a75-0eec0ea36c04","2026-05-26T14:55:52.941241Z","03_yolo26n_edgelite_simam","YOLO26n EdgeLite + SimAM","benchmark/train/849_jpg.rf.0333db97a7026457767e58c738f9f5b9.jpg",640,640,640,640,0.250000,0.700000,6.719271,58.822761,0.118333,68.315313,1,"Xiaomi 23127PN0CC"
"afce4436-23b4-4c05-a59b-96707dcbcb64","2026-05-26T14:55:53.014658Z","03_yolo26n_edgelite_simam","YOLO26n EdgeLite + SimAM","benchmark/train/IMG_3280_1_JPG.rf.f8039154bd4b485056c6f79c583f7360.jpg",640,640,640,640,0.250000,0.700000,6.315573,59.328281,0.118907,68.084740,1,"Xiaomi 23127PN0CC"
"16130b58-4039-4f18-9fee-480d2a9e6bf3","2026-05-26T14:55:53.087285Z","03_yolo26n_edgelite_simam","YOLO26n EdgeLite + SimAM","benchmark/train/IMG_3157_JPG.rf.5be659958c6c72ad5e8bcaac3c6f346d.jpg",640,640,640,640,0.250000,0.700000,6.321979,58.930052,0.118490,67.629271,1,"Xiaomi 23127PN0CC"
"04fe4a40-a1d3-4ebd-9ef4-fe77dc078131","2026-05-26T14:55:53.159183Z","03_yolo26n_edgelite_simam","YOLO26n EdgeLite + SimAM","benchmark/train/IMG_3499_2_JPG.rf.746f8d0ea62b7c9b1c903eed3a0df6a3.jpg",640,640,640,640,0.250000,0.700000,6.034635,58.469687,0.125261,66.716146,1,"Xiaomi 23127PN0CC"
"346965d3-eb48-4eed-99f5-3cf1c52e9ac8","2026-05-26T14:55:53.232033Z","03_yolo26n_edgelite_simam","YOLO26n EdgeLite + SimAM","benchmark/train/IMG_3504_1_JPG.rf.409bddc9823ae893ba53ce2071a1fac8.jpg",640,640,640,640,0.250000,0.700000,6.439635,58.990157,0.124114,67.846979,1,"Xiaomi 23127PN0CC"
"a3d65163-5494-4b90-980d-ab2ff8cf7562","2026-05-26T14:55:53.306968Z","03_yolo26n_edgelite_simam","YOLO26n EdgeLite + SimAM","benchmark/train/IMG_2404_1_JPG.rf.e62cf78359bea5d82b75d78e24032395.jpg",640,640,640,640,0.250000,0.700000,6.527084,60.700573,0.118438,69.800313,1,"Xiaomi 23127PN0CC"
"fe453601-aeab-4124-b330-fa37b586b1ba","2026-05-26T14:55:53.378800Z","03_yolo26n_edgelite_simam","YOLO26n EdgeLite + SimAM","benchmark/train/501_jpg.rf.a91ebd92769c294b90fcfb625a1ea7dd.jpg",640,640,640,640,0.250000,0.700000,6.198542,58.798021,0.133021,67.227813,1,"Xiaomi 23127PN0CC"
"7f5a4d23-d52b-49de-aff6-a955d75032bf","2026-05-26T14:55:53.452851Z","03_yolo26n_edgelite_simam","YOLO26n EdgeLite + SimAM","benchmark/train/IMG_20240125_113107_534_jpg.rf.143f4b29f2dfd9b6e5dabf565abce19c.jpg",640,640,640,640,0.250000,0.700000,6.589115,60.007240,0.141719,69.055938,3,"Xiaomi 23127PN0CC"
"09879e42-e664-4fd3-842f-898c4a3bd4b6","2026-05-26T14:55:53.526446Z","03_yolo26n_edgelite_simam","YOLO26n EdgeLite + SimAM","benchmark/train/717_jpg.rf.44556c4eabb9a70761e2d454b6c99b08.jpg",640,640,640,640,0.250000,0.700000,6.349167,59.302708,0.113490,68.045938,1,"Xiaomi 23127PN0CC"
"f2cd2357-2d9f-4372-8d3c-49cddaa1ec1c","2026-05-26T14:55:53.599326Z","03_yolo26n_edgelite_simam","YOLO26n EdgeLite + SimAM","benchmark/valid/IMG_3383_2_JPG.rf.0ddd482844d88602d7d1691f3f9b4229.jpg",640,640,640,640,0.250000,0.700000,6.461041,58.274323,0.113437,66.915260,1,"Xiaomi 23127PN0CC"
"72790bda-a063-4d73-8fa5-40166ea037ef","2026-05-26T14:55:53.670953Z","03_yolo26n_edgelite_simam","YOLO26n EdgeLite + SimAM","benchmark/train/IMG_3067_JPG.rf.2f4f55d7b615fa7992639a0f23d4fd78.jpg",640,640,640,640,0.250000,0.700000,5.819531,58.177448,0.125677,66.356146,1,"Xiaomi 23127PN0CC"
"b8053f70-9e73-43c0-95dc-af228c28abb4","2026-05-26T14:55:53.743713Z","03_yolo26n_edgelite_simam","YOLO26n EdgeLite + SimAM","benchmark/train/IMG_2350_JPG.rf.fbd24825234cb862183b55269bff3d9a.jpg",640,640,640,640,0.250000,0.700000,6.421406,58.872812,0.117708,67.688020,1,"Xiaomi 23127PN0CC"
"46fa4d6c-79c4-4568-8150-3b2e776a0273","2026-05-26T14:55:53.816956Z","03_yolo26n_edgelite_simam","YOLO26n EdgeLite + SimAM","benchmark/valid/IMG_3207_2_JPG.rf.526b547f08895f52005dbd3427b2d892.jpg",640,640,640,640,0.250000,0.700000,6.528646,59.217136,0.120885,68.204271,1,"Xiaomi 23127PN0CC"
"257a17fc-c802-462a-844f-2b38a19c7466","2026-05-26T14:55:53.890195Z","03_yolo26n_edgelite_simam","YOLO26n EdgeLite + SimAM","benchmark/test/863_jpg.rf.dda72c789d4eab757d0d468217b7221c.jpg",640,640,640,640,0.250000,0.700000,6.301823,59.353334,0.125625,68.189271,1,"Xiaomi 23127PN0CC"
"1361d80d-08b0-4b82-bcc6-a4a89c15dfb7","2026-05-26T14:55:53.963181Z","03_yolo26n_edgelite_simam","YOLO26n EdgeLite + SimAM","benchmark/test/751_jpg.rf.4ab4c7202ba75b44ba97f61b93cf3037.jpg",640,640,640,640,0.250000,0.700000,6.367761,59.674115,0.115469,68.547084,1,"Xiaomi 23127PN0CC"
"20962b08-228a-4b31-9acc-8b191dbbf1f2","2026-05-26T14:55:54.036182Z","03_yolo26n_edgelite_simam","YOLO26n EdgeLite + SimAM","benchmark/train/IMG_2736_2_JPG.rf.5bc77dc88859986e90471a19a761193d.jpg",640,640,640,640,0.250000,0.700000,6.441563,59.049062,0.137240,67.749792,3,"Xiaomi 23127PN0CC"
"4251303c-f533-4a54-914e-f81c1ec93a1f","2026-05-26T14:55:54.108989Z","03_yolo26n_edgelite_simam","YOLO26n EdgeLite + SimAM","benchmark/test/206_jpg.rf.6f21994db835936fb34cdc6b40db7eee.jpg",640,640,640,640,0.250000,0.700000,6.399323,58.849166,0.125209,67.404584,2,"Xiaomi 23127PN0CC"
"3016ec5c-b25a-488a-be5f-8016d6070c5d","2026-05-26T14:55:54.182237Z","03_yolo26n_edgelite_simam","YOLO26n EdgeLite + SimAM","benchmark/valid/IMG_3035_1_JPG.rf.b41a2b6b2a02046ce7a9e1d9b52a82e8.jpg",640,640,640,640,0.250000,0.700000,5.867344,59.774167,0.130781,67.916979,2,"Xiaomi 23127PN0CC"
"d6ac0e5f-b335-46c4-8216-e04be8f5b3d9","2026-05-26T14:55:54.255377Z","03_yolo26n_edgelite_simam","YOLO26n EdgeLite + SimAM","benchmark/test/IMG_3522_2_JPG.rf.a09b4a39e184b603184b0b3c6b87a187.jpg",640,640,640,640,0.250000,0.700000,6.536822,58.540156,0.118802,67.864270,1,"Xiaomi 23127PN0CC"
"37684987-0b65-4ad7-8b27-70ad78875039","2026-05-26T14:55:54.328871Z","03_yolo26n_edgelite_simam","YOLO26n EdgeLite + SimAM","benchmark/train/IMG_3316_JPG.rf.c2c38a20bd60a487fdcbb591edd19def.jpg",640,640,640,640,0.250000,0.700000,6.547500,59.459271,0.130208,68.416771,1,"Xiaomi 23127PN0CC"
"5630a968-e745-4410-ab1d-bbaf4d8cb78c","2026-05-26T14:55:54.401808Z","03_yolo26n_edgelite_simam","YOLO26n EdgeLite + SimAM","benchmark/train/676_jpg.rf.29870ade49626154aacc985bb7e499a9.jpg",640,640,640,640,0.250000,0.700000,6.332604,59.632500,0.162969,68.334271,1,"Xiaomi 23127PN0CC"
"78f9f9cf-6c5d-4021-8dc0-9b31cdfe07be","2026-05-26T14:55:54.473198Z","03_yolo26n_edgelite_simam","YOLO26n EdgeLite + SimAM","benchmark/train/IMG_2336_2_JPG.rf.0c149efe688e5375542901eb4d8ed74b.jpg",640,640,640,640,0.250000,0.700000,6.316146,57.502292,0.118333,66.306511,1,"Xiaomi 23127PN0CC"
"ced74921-b32c-4e4f-a7d1-6c5b7115ccaf","2026-05-26T14:55:54.547502Z","03_yolo26n_edgelite_simam","YOLO26n EdgeLite + SimAM","benchmark/train/IMG_3126_2_JPG.rf.b1679db6c43cdec9a7042ebb47da1f1a.jpg",640,640,640,640,0.250000,0.700000,6.663698,59.535521,0.117552,68.900416,1,"Xiaomi 23127PN0CC"
"3ee1d583-77a2-4b67-9512-c53518177869","2026-05-26T14:55:54.619205Z","03_yolo26n_edgelite_simam","YOLO26n EdgeLite + SimAM","benchmark/valid/628_jpg.rf.b61fc701e531435a9bf0938e9d852d00.jpg",640,640,640,640,0.250000,0.700000,6.585885,57.928750,0.117865,67.223437,1,"Xiaomi 23127PN0CC"
"ccee2fce-1ff4-46a7-9ba8-b255359cc94d","2026-05-26T14:55:54.692145Z","03_yolo26n_edgelite_simam","YOLO26n EdgeLite + SimAM","benchmark/valid/IMG_3050_2_JPG.rf.cac6fb15a495dba107f632157693b21e.jpg",640,640,640,640,0.250000,0.700000,6.009271,59.453542,0.125989,67.663802,1,"Xiaomi 23127PN0CC"
"569ac4f5-ad3b-41f3-a1ca-b378865bc048","2026-05-26T14:55:54.765323Z","03_yolo26n_edgelite_simam","YOLO26n EdgeLite + SimAM","benchmark/test/IMG_3122_JPG.rf.2c9653839d2795de653135ca68e389ad.jpg",640,640,640,640,0.250000,0.700000,6.534427,59.000052,0.117812,67.936614,1,"Xiaomi 23127PN0CC"
"dc51d7c1-9e7c-4c7c-9010-18d9642fc5a6","2026-05-26T14:55:54.837767Z","03_yolo26n_edgelite_simam","YOLO26n EdgeLite + SimAM","benchmark/train/541_jpg.rf.a329f56f3da018af01c9bc6f55a3673b.jpg",640,640,640,640,0.250000,0.700000,6.560260,58.612916,0.162136,67.708750,1,"Xiaomi 23127PN0CC"
"041f0fcc-23c3-4852-9b95-95860d17272f","2026-05-26T14:55:54.911392Z","03_yolo26n_edgelite_simam","YOLO26n EdgeLite + SimAM","benchmark/train/IMG_2981_2_JPG.rf.18e1f1684ae109f9bb209a3ec5a53b65.jpg",640,640,640,640,0.250000,0.700000,6.612084,59.546511,0.134895,68.509427,2,"Xiaomi 23127PN0CC"
"f27311dc-0133-4d39-b8cd-7fa9a0286c69","2026-05-26T14:55:54.984426Z","03_yolo26n_edgelite_simam","YOLO26n EdgeLite + SimAM","benchmark/train/IMG_3343_2_JPG.rf.42554a8120351e3775a6f8f7c9f644e4.jpg",640,640,640,640,0.250000,0.700000,6.556980,58.339166,0.120469,67.519219,1,"Xiaomi 23127PN0CC"
"a48f20ba-58bf-444b-b18f-c3bc89926f39","2026-05-26T14:55:55.058276Z","03_yolo26n_edgelite_simam","YOLO26n EdgeLite + SimAM","benchmark/train/IMG_3494_2_JPG.rf.ca67adc76b6da9a35ff2a9cafca207a6.jpg",640,640,640,640,0.250000,0.700000,6.576979,59.590468,0.124219,68.745052,1,"Xiaomi 23127PN0CC"
"5a008e71-0920-425d-a7e0-3dc30c796ea4","2026-05-26T14:55:55.134522Z","03_yolo26n_edgelite_simam","YOLO26n EdgeLite + SimAM","benchmark/train/IMG_2240_1_JPG.rf.bd08f267d19015f079c6738c27d7dcb3.jpg",640,640,640,640,0.250000,0.700000,6.274792,62.296875,0.112031,71.025729,1,"Xiaomi 23127PN0CC"
"852b7ff3-f360-4ac4-8081-3076bb62d080","2026-05-26T14:55:55.208137Z","03_yolo26n_edgelite_simam","YOLO26n EdgeLite + SimAM","benchmark/train/IMG_3093_2_JPG.rf.5b9fa82605ba08d79a1e457415ad5b73.jpg",640,640,640,640,0.250000,0.700000,5.928437,60.478698,0.127448,68.605677,1,"Xiaomi 23127PN0CC"
"f47a0e14-5f86-4d46-8c78-6e8edae7d9e1","2026-05-26T14:55:55.280550Z","03_yolo26n_edgelite_simam","YOLO26n EdgeLite + SimAM","benchmark/train/IMG_2936_1_JPG.rf.1cad85100010a72b8c27060b41f87b9f.jpg",640,640,640,640,0.250000,0.700000,6.454948,58.352812,0.117084,67.341302,1,"Xiaomi 23127PN0CC"
"24b2404e-506e-4000-8fa8-6f223c032ad2","2026-05-26T14:55:55.354940Z","03_yolo26n_edgelite_simam","YOLO26n EdgeLite + SimAM","benchmark/valid/812_jpg.rf.b79361cdf34bbde31de0d77aa6a030cc.jpg",640,640,640,640,0.250000,0.700000,6.643803,60.022396,0.114843,69.542552,1,"Xiaomi 23127PN0CC"
"df2c3017-5e99-489b-a127-5849d8481924","2026-05-26T14:55:55.428271Z","03_yolo26n_edgelite_simam","YOLO26n EdgeLite + SimAM","benchmark/train/IMG_2901_1_JPG.rf.46f9822ce487cd2f276c998086aa2b1d.jpg",640,640,640,640,0.250000,0.700000,6.329011,59.331354,0.128646,68.082969,1,"Xiaomi 23127PN0CC"
"3ecdab01-f8ac-4817-9575-dba642f621bf","2026-05-26T14:55:55.500801Z","03_yolo26n_edgelite_simam","YOLO26n EdgeLite + SimAM","benchmark/train/IMG_2880_1_JPG.rf.dc11075d76bbe8e007cbbbd3911993bf.jpg",640,640,640,640,0.250000,0.700000,6.403437,58.798333,0.175365,67.696146,6,"Xiaomi 23127PN0CC"
"cae93b0a-63da-49aa-8b50-b5c3b11c640f","2026-05-26T14:55:55.576847Z","03_yolo26n_edgelite_simam","YOLO26n EdgeLite + SimAM","benchmark/train/PXL_20240125_121402818_jpg.rf.e62e2bf6f69bf37f1cbace1e577962fa.jpg",640,640,640,640,0.250000,0.700000,6.668073,59.443698,0.131771,68.711198,2,"Xiaomi 23127PN0CC"
"4ff78ca6-84bf-4bea-83bb-516e93270086","2026-05-26T14:55:55.651208Z","03_yolo26n_edgelite_simam","YOLO26n EdgeLite + SimAM","benchmark/valid/IMG_3213_2_JPG.rf.dcaec599495cad59865b2a90b60610ca.jpg",640,640,640,640,0.250000,0.700000,6.492188,59.325261,0.111614,68.567552,1,"Xiaomi 23127PN0CC"
"4c174944-235e-4d3b-86ee-8dddc5f5427e","2026-05-26T14:55:58.515515Z","04_yolo26n_edgelite_wiou_progloss","YOLO26n EdgeLite + WIoU/ProgLoss","benchmark/train/IMG_3373_JPG.rf.ebb4e7a7a16ac05709d1c377536800bb.jpg",640,640,640,640,0.250000,0.700000,6.481458,89.950677,0.125834,98.879740,1,"Xiaomi 23127PN0CC"
"32532fee-101c-4daa-a870-0ff00ccde477","2026-05-26T14:55:58.602403Z","04_yolo26n_edgelite_wiou_progloss","YOLO26n EdgeLite + WIoU/ProgLoss","benchmark/test/IMG_3515_1_JPG.rf.2a4c3093fd9612d145af2f8a9d1c5628.jpg",640,640,640,640,0.250000,0.700000,6.109532,74.038437,0.108594,82.487344,1,"Xiaomi 23127PN0CC"
"ea21a07d-d645-49a0-b8e0-844ca48988fb","2026-05-26T14:55:58.681027Z","04_yolo26n_edgelite_wiou_progloss","YOLO26n EdgeLite + WIoU/ProgLoss","benchmark/valid/IMG_3440_1_JPG.rf.c22db59c76cfcbef8ff5a98ddcd76f6f.jpg",640,640,640,640,0.250000,0.700000,6.165104,65.599271,0.136042,74.217865,1,"Xiaomi 23127PN0CC"
"372a6df3-de13-427f-ae09-a4ea9884e929","2026-05-26T14:55:58.755981Z","04_yolo26n_edgelite_wiou_progloss","YOLO26n EdgeLite + WIoU/ProgLoss","benchmark/train/IMG_3331_2_JPG.rf.9639dea7ed0757099f61bc785c3bd738.jpg",640,640,640,640,0.250000,0.700000,6.290573,61.450937,0.139636,70.189063,2,"Xiaomi 23127PN0CC"
"3d9ff2a8-927b-41fe-a505-8e72e0b6b0cf","2026-05-26T14:55:58.830668Z","04_yolo26n_edgelite_wiou_progloss","YOLO26n EdgeLite + WIoU/ProgLoss","benchmark/train/IMG_2857_2_JPG.rf.07b608803d670b1944c78141185630c3.jpg",640,640,640,640,0.250000,0.700000,6.359271,60.345677,0.117969,69.165209,1,"Xiaomi 23127PN0CC"
"aefa52f3-8383-481a-9cbb-1ae9c53e8ac8","2026-05-26T14:55:58.904856Z","04_yolo26n_edgelite_wiou_progloss","YOLO26n EdgeLite + WIoU/ProgLoss","benchmark/train/IMG_3090_1_JPG.rf.dd99775cbf468b9c6ed1906e45b9ba24.jpg",640,640,640,640,0.250000,0.700000,6.580781,59.786406,0.115729,68.740781,1,"Xiaomi 23127PN0CC"
"befbd88e-5828-4865-93a3-4b9039837207","2026-05-26T14:55:58.980172Z","04_yolo26n_edgelite_wiou_progloss","YOLO26n EdgeLite + WIoU/ProgLoss","benchmark/train/IMG_2745_1_JPG.rf.9616df33638f8206d1e9142dade7caf2.jpg",640,640,640,640,0.250000,0.700000,6.065156,61.717031,0.115104,70.286666,1,"Xiaomi 23127PN0CC"
"ca6a5933-5588-47cd-8a0f-398c9fb1864e","2026-05-26T14:55:59.053900Z","04_yolo26n_edgelite_wiou_progloss","YOLO26n EdgeLite + WIoU/ProgLoss","benchmark/train/281_jpg.rf.94ad358d755738fda8d3a4eb5002eaab.jpg",640,640,640,640,0.250000,0.700000,6.448594,60.024063,0.124739,68.792969,1,"Xiaomi 23127PN0CC"
"fc6a4998-14b6-4414-ac71-9a7ee6f85515","2026-05-26T14:55:59.125456Z","04_yolo26n_edgelite_wiou_progloss","YOLO26n EdgeLite + WIoU/ProgLoss","benchmark/train/IMG_2315_2_JPG.rf.8c7ac5e137f4d35c3d9a01bfa8c1cd34.jpg",640,640,640,640,0.250000,0.700000,6.316927,57.775156,0.116927,66.611041,1,"Xiaomi 23127PN0CC"
"7fbd3d94-d7fc-41e6-837c-b9cf1f5ad64c","2026-05-26T14:55:59.196928Z","04_yolo26n_edgelite_wiou_progloss","YOLO26n EdgeLite + WIoU/ProgLoss","benchmark/train/384_jpg.rf.6dcd01dee14c377536d0027c2fba495d.jpg",640,640,640,640,0.250000,0.700000,6.180104,58.799219,0.115885,67.443906,1,"Xiaomi 23127PN0CC"
"28cef2f3-3777-41e7-b2b1-404d764e81f2","2026-05-26T14:55:59.271998Z","04_yolo26n_edgelite_wiou_progloss","YOLO26n EdgeLite + WIoU/ProgLoss","benchmark/train/IMG_2647_JPG.rf.ec4a0e65b071d084b366b7c6d5a69519.jpg",640,640,640,640,0.250000,0.700000,6.429583,61.119323,0.127969,69.994219,1,"Xiaomi 23127PN0CC"
"26f3f82b-692f-4758-a49d-ec3a8b8c6681","2026-05-26T14:55:59.342854Z","04_yolo26n_edgelite_wiou_progloss","YOLO26n EdgeLite + WIoU/ProgLoss","benchmark/train/232_jpg.rf.bc0a2aa1da4ef9402dab132dd48a2e4d.jpg",640,640,640,640,0.250000,0.700000,6.299011,57.562500,0.113437,66.241198,1,"Xiaomi 23127PN0CC"
"87166d91-530e-4a40-a49f-7bde13258a58","2026-05-26T14:55:59.417269Z","04_yolo26n_edgelite_wiou_progloss","YOLO26n EdgeLite + WIoU/ProgLoss","benchmark/train/824_jpg.rf.668deb180e76bd104385004299cd56ec.jpg",640,640,640,640,0.250000,0.700000,6.554167,60.661198,0.119843,69.620260,1,"Xiaomi 23127PN0CC"
"89a1c0b9-7cca-4686-a094-33fbaec50376","2026-05-26T14:55:59.489351Z","04_yolo26n_edgelite_wiou_progloss","YOLO26n EdgeLite + WIoU/ProgLoss","benchmark/train/IMG_3370_1_JPG.rf.63290a65a40486d76d928c176a7f846f.jpg",640,640,640,640,0.250000,0.700000,6.463698,57.757864,0.124323,67.136510,1,"Xiaomi 23127PN0CC"
"3d05bc6a-2d24-48bb-bc50-a8d393f78e2a","2026-05-26T14:55:59.562219Z","04_yolo26n_edgelite_wiou_progloss","YOLO26n EdgeLite + WIoU/ProgLoss","benchmark/test/751_jpg.rf.4ab4c7202ba75b44ba97f61b93cf3037.jpg",640,640,640,640,0.250000,0.700000,5.806770,60.290417,0.123177,68.276562,1,"Xiaomi 23127PN0CC"
"4b0c1ede-2d67-4d11-8aea-7cdbae576dba","2026-05-26T14:55:59.636428Z","04_yolo26n_edgelite_wiou_progloss","YOLO26n EdgeLite + WIoU/ProgLoss","benchmark/train/IMG_3390_1_JPG.rf.8773958ce13b0b8afe14dd783d492482.jpg",640,640,640,640,0.250000,0.700000,6.617396,60.118020,0.115261,69.180990,1,"Xiaomi 23127PN0CC"
"0bcc8284-150a-4943-ba3f-9629a8c74b3e","2026-05-26T14:55:59.709091Z","04_yolo26n_edgelite_wiou_progloss","YOLO26n EdgeLite + WIoU/ProgLoss","benchmark/valid/IMG_2777_JPG.rf.a31c148a33ccf9b9671ee94db1349f3c.jpg",640,640,640,640,0.250000,0.700000,6.356927,58.633854,0.114688,67.453698,1,"Xiaomi 23127PN0CC"
"ccfe891a-732f-448e-8aad-d8c11628f8ae","2026-05-26T14:55:59.784911Z","04_yolo26n_edgelite_wiou_progloss","YOLO26n EdgeLite + WIoU/ProgLoss","benchmark/test/IMG_3386_2_JPG.rf.b2822ee9cd9a8219cf95fc2cec9f46cb.jpg",640,640,640,640,0.250000,0.700000,6.593177,61.499636,0.127656,70.726771,1,"Xiaomi 23127PN0CC"
"ce2fd2cb-6f92-45f0-8ac9-d87ba7882bee","2026-05-26T14:55:59.857958Z","04_yolo26n_edgelite_wiou_progloss","YOLO26n EdgeLite + WIoU/ProgLoss","benchmark/train/269_jpg.rf.03b57fcba14ab87894ddf6221c61ae06.jpg",640,640,640,640,0.250000,0.700000,6.636146,58.954479,0.118958,68.385260,1,"Xiaomi 23127PN0CC"
"574f30f1-7cd8-4706-9f1f-656cc79a9234","2026-05-26T14:55:59.929025Z","04_yolo26n_edgelite_wiou_progloss","YOLO26n EdgeLite + WIoU/ProgLoss","benchmark/test/1389_jpg.rf.a95199878c745a839e6c6fd9d0f97bfb.jpg",640,640,640,640,0.250000,0.700000,6.185885,57.945417,0.115261,66.537292,1,"Xiaomi 23127PN0CC"
"c0867a68-603f-4133-b49a-49d9695a9c9f","2026-05-26T14:56:00.000666Z","04_yolo26n_edgelite_wiou_progloss","YOLO26n EdgeLite + WIoU/ProgLoss","benchmark/valid/IMG_3567_2_JPG.rf.fc9d287a493995564b13ebfa8340ad70.jpg",640,640,640,640,0.250000,0.700000,6.254323,58.058698,0.121354,66.566718,2,"Xiaomi 23127PN0CC"
"eb09b8df-8881-45e6-8f8e-c5be91ff4898","2026-05-26T14:56:00.073425Z","04_yolo26n_edgelite_wiou_progloss","YOLO26n EdgeLite + WIoU/ProgLoss","benchmark/valid/IMG_2145_2_JPG.rf.c83cac3045d5eddce4d4933fcb80346f.jpg",640,640,640,640,0.250000,0.700000,5.738437,58.987031,0.123750,66.987812,1,"Xiaomi 23127PN0CC"
"d0bfaccb-f94a-46b8-8cff-7e5185a6157d","2026-05-26T14:56:00.145122Z","04_yolo26n_edgelite_wiou_progloss","YOLO26n EdgeLite + WIoU/ProgLoss","benchmark/test/1403_jpg.rf.211022958cc8bb41c81966de3d35930e.jpg",640,640,640,640,0.250000,0.700000,6.200157,58.356354,0.112083,66.979792,1,"Xiaomi 23127PN0CC"
"312bcf45-181f-4f5b-aca0-220672a196f5","2026-05-26T14:56:00.218060Z","04_yolo26n_edgelite_wiou_progloss","YOLO26n EdgeLite + WIoU/ProgLoss","benchmark/train/IMG_3632_JPG.rf.0d8708be4eb128a92988be9a447a2e54.jpg",640,640,640,640,0.250000,0.700000,6.400781,58.704636,0.133489,67.536562,2,"Xiaomi 23127PN0CC"
"8ef2bd84-e85a-45cb-9137-4837c7edb8a4","2026-05-26T14:56:00.292386Z","04_yolo26n_edgelite_wiou_progloss","YOLO26n EdgeLite + WIoU/ProgLoss","benchmark/valid/IMG_2369_JPG.rf.3bfad9a8013847a97abbd19981f3e0b5.jpg",640,640,640,640,0.250000,0.700000,6.257187,60.359531,0.124636,68.698958,1,"Xiaomi 23127PN0CC"
"a3d2107e-aaa2-49a3-b6f5-2bb8637a3b0a","2026-05-26T14:56:00.365411Z","04_yolo26n_edgelite_wiou_progloss","YOLO26n EdgeLite + WIoU/ProgLoss","benchmark/train/IMG_2481_1_JPG.rf.1d978aefeb66cccfd43ee1212cf8a55d.jpg",640,640,640,640,0.250000,0.700000,6.451823,59.014427,0.115678,67.910365,1,"Xiaomi 23127PN0CC"
"f9d31b31-a322-48d1-acec-3e5c21621634","2026-05-26T14:56:00.437107Z","04_yolo26n_edgelite_wiou_progloss","YOLO26n EdgeLite + WIoU/ProgLoss","benchmark/train/493_jpg.rf.ab6b3d07f3b10a9073cb5ba0959eb07f.jpg",640,640,640,640,0.250000,0.700000,6.349584,58.164271,0.118125,67.049740,1,"Xiaomi 23127PN0CC"
"bf0a3346-e53c-412c-927e-ae3b06ce6d68","2026-05-26T14:56:00.509978Z","04_yolo26n_edgelite_wiou_progloss","YOLO26n EdgeLite + WIoU/ProgLoss","benchmark/train/IMG_2320_1_JPG.rf.70c7e3e347f5b4c42079a4f069b464c3.jpg",640,640,640,640,0.250000,0.700000,6.356771,58.831458,0.117813,67.573594,1,"Xiaomi 23127PN0CC"
"64d43d39-b1a7-4f96-b5be-fb24acba2234","2026-05-26T14:56:00.583018Z","04_yolo26n_edgelite_wiou_progloss","YOLO26n EdgeLite + WIoU/ProgLoss","benchmark/train/IMG_3361_2_JPG.rf.a08a6ed1fa79e299c100ef30e7ba63a6.jpg",640,640,640,640,0.250000,0.700000,5.989531,59.734844,0.126250,68.228490,1,"Xiaomi 23127PN0CC"
"7f7a9fbe-5f95-4e55-a7d2-eb20bfc1b574","2026-05-26T14:56:00.654651Z","04_yolo26n_edgelite_wiou_progloss","YOLO26n EdgeLite + WIoU/ProgLoss","benchmark/train/272_jpg.rf.65de4b94dcd72c70a2c1b856b687f9e6.jpg",640,640,640,640,0.250000,0.700000,6.335729,58.334531,0.113230,67.071094,1,"Xiaomi 23127PN0CC"
"2fe093eb-1a31-4fd3-bdf3-89683265da56","2026-05-26T14:56:00.728479Z","04_yolo26n_edgelite_wiou_progloss","YOLO26n EdgeLite + WIoU/ProgLoss","benchmark/train/IMG_3077_2_JPG.rf.34b64ccb0bafd745cceb2ad46a9c2742.jpg",640,640,640,640,0.250000,0.700000,6.540312,59.750521,0.118593,68.664843,1,"Xiaomi 23127PN0CC"
"7a8dc01e-94ec-4102-9cf1-c310a06aea78","2026-05-26T14:56:00.801325Z","04_yolo26n_edgelite_wiou_progloss","YOLO26n EdgeLite + WIoU/ProgLoss","benchmark/train/IMG_3596_2_JPG.rf.440984a257c6e95879a7edaf2ca123d9.jpg",640,640,640,640,0.250000,0.700000,6.279375,59.067135,0.123646,67.942292,1,"Xiaomi 23127PN0CC"
"b2bee750-53cb-411f-a789-f8b0da184cc0","2026-05-26T14:56:00.872778Z","04_yolo26n_edgelite_wiou_progloss","YOLO26n EdgeLite + WIoU/ProgLoss","benchmark/train/IMG_2635_1_JPG.rf.fa64f622ede12be8b927f78a720f4d12.jpg",640,640,640,640,0.250000,0.700000,6.405520,57.611875,0.110261,66.433698,1,"Xiaomi 23127PN0CC"
"fd04edc4-7ba1-47a6-ae80-efbdc7373715","2026-05-26T14:56:00.945573Z","04_yolo26n_edgelite_wiou_progloss","YOLO26n EdgeLite + WIoU/ProgLoss","benchmark/valid/IMG_3117_2_JPG.rf.b76b37f73a8466ff6ce61e4e084c708d.jpg",640,640,640,640,0.250000,0.700000,6.535365,58.712396,0.116406,67.774479,1,"Xiaomi 23127PN0CC"
"a896248f-f4ab-4a75-a3fd-17eaa6e07f0a","2026-05-26T14:56:01.016345Z","04_yolo26n_edgelite_wiou_progloss","YOLO26n EdgeLite + WIoU/ProgLoss","benchmark/valid/IMG_20240125_113237_937_jpg.rf.6e1498507bdfd7bf30de4c1b84b41d85.jpg",640,640,640,640,0.250000,0.700000,5.940886,57.502395,0.128282,65.682761,3,"Xiaomi 23127PN0CC"
"fd3e08f2-17aa-49ee-b5f0-603e2fb7882b","2026-05-26T14:56:01.089033Z","04_yolo26n_edgelite_wiou_progloss","YOLO26n EdgeLite + WIoU/ProgLoss","benchmark/train/PXL_20240125_064311604_jpg.rf.84b69aa25380188b9db512a1557bcd0d.jpg",640,640,640,640,0.250000,0.700000,6.185729,58.391719,0.127187,66.841302,1,"Xiaomi 23127PN0CC"
"7f8b77d1-7525-47b7-b434-c77ac32bbcdb","2026-05-26T14:56:01.165069Z","04_yolo26n_edgelite_wiou_progloss","YOLO26n EdgeLite + WIoU/ProgLoss","benchmark/valid/IMG_2893_JPG.rf.7a47d360fdd639cb37f1c38f9b36937f.jpg",640,640,640,640,0.250000,0.700000,6.530520,62.015156,0.112032,71.027552,1,"Xiaomi 23127PN0CC"
"3bcf19bd-f2b2-4a1f-9bc9-d31795ae669e","2026-05-26T14:56:01.236785Z","04_yolo26n_edgelite_wiou_progloss","YOLO26n EdgeLite + WIoU/ProgLoss","benchmark/test/1362_jpg.rf.a240f7eb95aedb4ab13b9fd60c690a02.jpg",640,640,640,640,0.250000,0.700000,6.282032,58.220729,0.113333,67.008750,1,"Xiaomi 23127PN0CC"
"cc5e84ba-6065-42b3-8270-dbe079f1f294","2026-05-26T14:56:01.308382Z","04_yolo26n_edgelite_wiou_progloss","YOLO26n EdgeLite + WIoU/ProgLoss","benchmark/train/IMG_2935_2_JPG.rf.2f8c83d9af62baf6b9ec23ac268a5e70.jpg",640,640,640,640,0.250000,0.700000,5.879271,58.298178,0.124531,66.328490,1,"Xiaomi 23127PN0CC"
"c8e638a5-6dca-452c-ac17-4f1ea3ae4e3e","2026-05-26T14:56:01.379414Z","04_yolo26n_edgelite_wiou_progloss","YOLO26n EdgeLite + WIoU/ProgLoss","benchmark/valid/1424_jpg.rf.c65be4d13edf0d92f3cd1d8f1665f74f.jpg",640,640,640,640,0.250000,0.700000,6.517448,57.219167,0.110416,66.275885,1,"Xiaomi 23127PN0CC"
"387c6506-f012-4ac6-ad0f-f9bd9026f5d7","2026-05-26T14:56:01.453347Z","04_yolo26n_edgelite_wiou_progloss","YOLO26n EdgeLite + WIoU/ProgLoss","benchmark/valid/IMG_2602_JPG.rf.48b1d8e56a752bce1fc11fd69419db87.jpg",640,640,640,640,0.250000,0.700000,6.427240,60.135052,0.117812,68.926823,1,"Xiaomi 23127PN0CC"
"fb763766-e0c6-4cd1-a544-98ae55df9b55","2026-05-26T14:56:01.526140Z","04_yolo26n_edgelite_wiou_progloss","YOLO26n EdgeLite + WIoU/ProgLoss","benchmark/train/IMG_3360_1_JPG.rf.5896a76d6e1c1a6b3b29eee77e048f04.jpg",640,640,640,640,0.250000,0.700000,6.386927,58.883281,0.113386,67.739375,1,"Xiaomi 23127PN0CC"
"f0fbea60-8f55-46cf-b5f9-28875a4e0cfc","2026-05-26T14:56:01.609840Z","04_yolo26n_edgelite_wiou_progloss","YOLO26n EdgeLite + WIoU/ProgLoss","benchmark/train/IMG_3528_1_JPG.rf.f3cec056d39313990196c21c310c7fc1.jpg",640,640,640,640,0.250000,0.700000,5.933854,70.308437,0.178438,78.649531,1,"Xiaomi 23127PN0CC"
"75c3a4b6-5157-462d-bcf6-2b32225239a7","2026-05-26T14:56:01.681905Z","04_yolo26n_edgelite_wiou_progloss","YOLO26n EdgeLite + WIoU/ProgLoss","benchmark/train/440_jpg.rf.78f89faa0ed116405b157cc478f3003c.jpg",640,640,640,640,0.250000,0.700000,6.380261,58.787656,0.117969,67.727709,1,"Xiaomi 23127PN0CC"
"b255d7bf-1967-46cc-924f-a51093a708c4","2026-05-26T14:56:01.753524Z","04_yolo26n_edgelite_wiou_progloss","YOLO26n EdgeLite + WIoU/ProgLoss","benchmark/train/IMG_2695_JPG.rf.f309492db3cc82830543de5e551ecbca.jpg",640,640,640,640,0.250000,0.700000,6.425989,57.559010,0.115261,66.445052,1,"Xiaomi 23127PN0CC"
"77fcc8fd-ea90-4679-8c85-def9fe8ef2d9","2026-05-26T14:56:01.829285Z","04_yolo26n_edgelite_wiou_progloss","YOLO26n EdgeLite + WIoU/ProgLoss","benchmark/train/IMG_2825_2_JPG.rf.8d384ee2ead69ff5dc0dd306ffc0a8a5.jpg",640,640,640,640,0.250000,0.700000,6.226615,61.776406,0.125990,70.486459,1,"Xiaomi 23127PN0CC"
"f5d6aa9e-91b1-44b7-a7d5-1207a9a18df6","2026-05-26T14:56:01.901371Z","04_yolo26n_edgelite_wiou_progloss","YOLO26n EdgeLite + WIoU/ProgLoss","benchmark/train/IMG_3678_2_JPG.rf.b1e66e490ed472e2f9edbd5eb8c1b56b.jpg",640,640,640,640,0.250000,0.700000,6.606822,57.600260,0.114636,66.975625,1,"Xiaomi 23127PN0CC"
"0d4cbd6f-e41b-49b6-b7a6-9715c3893620","2026-05-26T14:56:01.975169Z","04_yolo26n_edgelite_wiou_progloss","YOLO26n EdgeLite + WIoU/ProgLoss","benchmark/valid/IMG_3569_JPG.rf.1c99b369d65a200af13c82d948ba6095.jpg",640,640,640,640,0.250000,0.700000,6.359791,59.729792,0.117552,68.604271,2,"Xiaomi 23127PN0CC"
"22bc83c5-3ad6-41c6-94bc-a1da4189e006","2026-05-26T14:56:02.048364Z","04_yolo26n_edgelite_wiou_progloss","YOLO26n EdgeLite + WIoU/ProgLoss","benchmark/train/IMG_3484_2_JPG.rf.3d50267b2a1aac8cab23f1db6abef147.jpg",640,640,640,640,0.250000,0.700000,6.629375,58.336927,0.121354,67.348490,1,"Xiaomi 23127PN0CC"
"7046a9be-6def-42d4-9a2b-5386e94267fc","2026-05-26T14:56:02.121434Z","04_yolo26n_edgelite_wiou_progloss","YOLO26n EdgeLite + WIoU/ProgLoss","benchmark/valid/IMG_2624_2_JPG.rf.06a7999886d42410f20592a20fdc725f.jpg",640,640,640,640,0.250000,0.700000,5.929948,59.667604,0.124688,67.859584,1,"Xiaomi 23127PN0CC"
"e775534a-dc44-4678-a49f-d9fb77f0d444","2026-05-26T14:56:02.194310Z","04_yolo26n_edgelite_wiou_progloss","YOLO26n EdgeLite + WIoU/ProgLoss","benchmark/valid/IMG_2928_1_JPG.rf.46a87f135f6fd6452e7d1c71abcde5e6.jpg",640,640,640,640,0.250000,0.700000,6.833594,57.803282,0.114948,67.377657,1,"Xiaomi 23127PN0CC"
"302d402b-432e-4e7d-b2ba-f828dfbc1da8","2026-05-26T14:56:02.267088Z","04_yolo26n_edgelite_wiou_progloss","YOLO26n EdgeLite + WIoU/ProgLoss","benchmark/train/IMG_2145_JPG.rf.906ff857e4dac7aa8f1873bb64986050.jpg",640,640,640,640,0.250000,0.700000,6.439427,58.382500,0.113125,67.207031,1,"Xiaomi 23127PN0CC"
"2fbb0f78-1451-44f9-85fa-be08cc39d698","2026-05-26T14:56:02.345899Z","04_yolo26n_edgelite_wiou_progloss","YOLO26n EdgeLite + WIoU/ProgLoss","benchmark/train/487_jpg.rf.1fb9313b0e136869a1bc422fa9ae13bd.jpg",640,640,640,640,0.250000,0.700000,6.312812,65.688073,0.160781,74.201562,1,"Xiaomi 23127PN0CC"
"061646f8-37a0-4d8a-90fc-5a4c71e7e3e8","2026-05-26T14:56:02.417612Z","04_yolo26n_edgelite_wiou_progloss","YOLO26n EdgeLite + WIoU/ProgLoss","benchmark/train/652_jpg.rf.15e3cbba407cdf777f0d6f23c483edae.jpg",640,640,640,640,0.250000,0.700000,6.266615,58.362760,0.119167,67.171563,1,"Xiaomi 23127PN0CC"
"5ff12ba3-8855-4e19-b244-eb32b5b6a95f","2026-05-26T14:56:02.491176Z","04_yolo26n_edgelite_wiou_progloss","YOLO26n EdgeLite + WIoU/ProgLoss","benchmark/train/IMG_3291_2_JPG.rf.8895258011889b9a9045fcb136d4bd92.jpg",640,640,640,640,0.250000,0.700000,6.455938,59.532709,0.116250,68.415886,1,"Xiaomi 23127PN0CC"
"d3b0cda4-2ec5-4aca-b189-517255e66d3c","2026-05-26T14:56:02.563307Z","04_yolo26n_edgelite_wiou_progloss","YOLO26n EdgeLite + WIoU/ProgLoss","benchmark/train/IMG_3350_2_JPG.rf.070ff1777bdc794fdd14bf3cd97c2b66.jpg",640,640,640,640,0.250000,0.700000,6.382656,58.275104,0.113021,67.074948,1,"Xiaomi 23127PN0CC"
"fa833f90-d9c2-46d5-95aa-d6202cb6a43f","2026-05-26T14:56:02.635907Z","04_yolo26n_edgelite_wiou_progloss","YOLO26n EdgeLite + WIoU/ProgLoss","benchmark/train/IMG_3561_2_JPG.rf.6f09cd77320d86180fcc01e8d0e64641.jpg",640,640,640,640,0.250000,0.700000,5.955781,59.336980,0.125677,67.470677,1,"Xiaomi 23127PN0CC"
"ea34bc02-62be-4039-893f-2ba92ac5439d","2026-05-26T14:56:02.708895Z","04_yolo26n_edgelite_wiou_progloss","YOLO26n EdgeLite + WIoU/ProgLoss","benchmark/valid/394_jpg.rf.8fa1092af1251d72876cb07dc64f006c.jpg",640,640,640,640,0.250000,0.700000,6.458959,59.441770,0.113073,68.323073,1,"Xiaomi 23127PN0CC"
"2606d1ad-6bbe-4c7a-b3b7-418a4c33b25f","2026-05-26T14:56:02.781074Z","04_yolo26n_edgelite_wiou_progloss","YOLO26n EdgeLite + WIoU/ProgLoss","benchmark/train/IMG_3129_1_JPG.rf.42478ea687ff4a5712282659df577a18.jpg",640,640,640,640,0.250000,0.700000,6.328802,58.270468,0.117032,67.056563,1,"Xiaomi 23127PN0CC"
"16157a00-8c13-4493-869b-de6f85a20976","2026-05-26T14:56:02.854732Z","04_yolo26n_edgelite_wiou_progloss","YOLO26n EdgeLite + WIoU/ProgLoss","benchmark/train/IMG_3197_JPG.rf.c5bd5113d12e269b92351c98e9a23d42.jpg",640,640,640,640,0.250000,0.700000,6.241563,60.005729,0.131562,68.623125,1,"Xiaomi 23127PN0CC"
"9ac08d8b-4ce2-41c4-8b18-5dcece9462d2","2026-05-26T14:56:02.928529Z","04_yolo26n_edgelite_wiou_progloss","YOLO26n EdgeLite + WIoU/ProgLoss","benchmark/train/482_jpg.rf.4181266d9df310013a31d5f8ecace7e0.jpg",640,640,640,640,0.250000,0.700000,6.537813,59.764271,0.113281,69.126719,1,"Xiaomi 23127PN0CC"
"b9396ee1-9037-485f-8ab4-a8a3704af2d1","2026-05-26T14:56:03.001101Z","04_yolo26n_edgelite_wiou_progloss","YOLO26n EdgeLite + WIoU/ProgLoss","benchmark/test/1063_jpg.rf.aeaa37fb3c83fdd033b9cf14f1cd842e.jpg",640,640,640,640,0.250000,0.700000,6.300677,59.356145,0.115625,68.051822,1,"Xiaomi 23127PN0CC"
"955e1bd8-5c4b-469d-ac4f-cea6928f0334","2026-05-26T14:56:03.073407Z","04_yolo26n_edgelite_wiou_progloss","YOLO26n EdgeLite + WIoU/ProgLoss","benchmark/train/IMG_2376_2_JPG.rf.eab7fc4fc3cb95c7df48ff86bd0bd75b.jpg",640,640,640,640,0.250000,0.700000,6.365156,58.680938,0.115260,67.267604,1,"Xiaomi 23127PN0CC"
"3c6bcdc4-ef17-4ba1-b4b2-182f42855a63","2026-05-26T14:56:03.146200Z","04_yolo26n_edgelite_wiou_progloss","YOLO26n EdgeLite + WIoU/ProgLoss","benchmark/valid/IMG_2949_2_JPG.rf.b965ddd5bfb06c5fa302c9436ea4ed2a.jpg",640,640,640,640,0.250000,0.700000,6.001250,58.934948,0.127709,67.188490,1,"Xiaomi 23127PN0CC"
"4529e4a5-5297-40b1-9af4-8cf9c5b0afe3","2026-05-26T14:56:03.219881Z","04_yolo26n_edgelite_wiou_progloss","YOLO26n EdgeLite + WIoU/ProgLoss","benchmark/train/IMG_3275_1_JPG.rf.a05174d2f0c0a3112bfcd88e78194948.jpg",640,640,640,640,0.250000,0.700000,6.397708,59.791146,0.112656,68.641875,1,"Xiaomi 23127PN0CC"
"6b07397c-4970-48d0-92ba-22c935c74450","2026-05-26T14:56:03.292524Z","04_yolo26n_edgelite_wiou_progloss","YOLO26n EdgeLite + WIoU/ProgLoss","benchmark/valid/IMG_2973_2_JPG.rf.6844345ab0a26c63924b15af87c456ae.jpg",640,640,640,640,0.250000,0.700000,6.561719,58.516146,0.113021,67.530104,1,"Xiaomi 23127PN0CC"
"6de65b90-6684-4158-bd8b-69d1f7f5f96f","2026-05-26T14:56:03.366553Z","04_yolo26n_edgelite_wiou_progloss","YOLO26n EdgeLite + WIoU/ProgLoss","benchmark/train/IMG_2371_2_JPG.rf.a5159b5ebeb39190ff9705f805f08131.jpg",640,640,640,640,0.250000,0.700000,6.299584,60.019635,0.125938,68.747865,1,"Xiaomi 23127PN0CC"
"41741697-0111-4fdb-b25a-70d9b66d3847","2026-05-26T14:56:03.439054Z","04_yolo26n_edgelite_wiou_progloss","YOLO26n EdgeLite + WIoU/ProgLoss","benchmark/train/IMG_3019_1_JPG.rf.81cd47dcf7da6478e86b9a5f77e6163c.jpg",640,640,640,640,0.250000,0.700000,6.528646,58.446198,0.111719,67.390677,1,"Xiaomi 23127PN0CC"
"c07c6812-44e4-4633-a92b-bde5cd9c4e31","2026-05-26T14:56:03.511909Z","04_yolo26n_edgelite_wiou_progloss","YOLO26n EdgeLite + WIoU/ProgLoss","benchmark/train/PXL_20240125_120558618_jpg.rf.2eb1e775326550f03fe27a79494cad14.jpg",640,640,640,640,0.250000,0.700000,6.446094,58.826354,0.121458,67.721094,2,"Xiaomi 23127PN0CC"
"4f083a36-d9a4-416a-9d0c-9d9b8516baf5","2026-05-26T14:56:03.585762Z","04_yolo26n_edgelite_wiou_progloss","YOLO26n EdgeLite + WIoU/ProgLoss","benchmark/test/522_jpg.rf.3ca54d4dec9fb701a4c8563772855cf6.jpg",640,640,640,640,0.250000,0.700000,6.485990,59.858490,0.156563,68.698907,1,"Xiaomi 23127PN0CC"
"5c66faf1-0ea5-4341-8e35-11a12e323370","2026-05-26T14:56:03.658432Z","04_yolo26n_edgelite_wiou_progloss","YOLO26n EdgeLite + WIoU/ProgLoss","benchmark/train/IMG_3579_JPG.rf.3984aad5b1274d241f60101c07eca494.jpg",640,640,640,640,0.250000,0.700000,5.958489,59.471875,0.124740,67.636875,1,"Xiaomi 23127PN0CC"
"566b1ac9-30a2-4f62-b148-7e06783c9859","2026-05-26T14:56:03.731046Z","04_yolo26n_edgelite_wiou_progloss","YOLO26n EdgeLite + WIoU/ProgLoss","benchmark/train/326_jpg.rf.d9e2ad9b57140be5bf81813e19a9e809.jpg",640,640,640,640,0.250000,0.700000,6.350833,59.372291,0.111198,68.264583,1,"Xiaomi 23127PN0CC"
"e801a845-b489-4528-b1fb-2da6c7b4ecc1","2026-05-26T14:56:03.804604Z","04_yolo26n_edgelite_wiou_progloss","YOLO26n EdgeLite + WIoU/ProgLoss","benchmark/train/IMG_3095_1_JPG.rf.c9d677ce94a54ee789a1202e42702280.jpg",640,640,640,640,0.250000,0.700000,6.469740,59.572448,0.118386,68.305990,1,"Xiaomi 23127PN0CC"
"29a99853-64db-4a23-8643-5ac26461c23d","2026-05-26T14:56:03.878190Z","04_yolo26n_edgelite_wiou_progloss","YOLO26n EdgeLite + WIoU/ProgLoss","benchmark/train/IMG_2878_JPG.rf.7ec1496c137be58588b23e9df54aeb78.jpg",640,640,640,640,0.250000,0.700000,6.391771,59.356927,0.128906,68.089792,1,"Xiaomi 23127PN0CC"
"33b76816-870c-4c17-aee5-d4ae0181ab1d","2026-05-26T14:56:03.951400Z","04_yolo26n_edgelite_wiou_progloss","YOLO26n EdgeLite + WIoU/ProgLoss","benchmark/valid/IMG_3396_JPG.rf.2f76405315e44fe7adc493b87138b9fd.jpg",640,640,640,640,0.250000,0.700000,6.240469,59.189062,0.111511,67.835365,1,"Xiaomi 23127PN0CC"
"d5fb694a-6b97-46ba-a9c6-538e6f38424f","2026-05-26T14:56:04.024208Z","04_yolo26n_edgelite_wiou_progloss","YOLO26n EdgeLite + WIoU/ProgLoss","benchmark/train/544_jpg.rf.52aa92b1fc4e7ecbaff67340aa3f65eb.jpg",640,640,640,640,0.250000,0.700000,6.656615,59.271563,0.112969,68.288230,1,"Xiaomi 23127PN0CC"
"2d381857-0507-4d51-8c5e-af2a1c235f7f","2026-05-26T14:56:04.096612Z","04_yolo26n_edgelite_wiou_progloss","YOLO26n EdgeLite + WIoU/ProgLoss","benchmark/train/IMG_3142_1_JPG.rf.ccf59c0bda945691e66b58f2651d4dc4.jpg",640,640,640,640,0.250000,0.700000,6.313542,58.584584,0.128489,67.294531,3,"Xiaomi 23127PN0CC"
"879b06ba-216b-45bc-bf32-19c8481adda5","2026-05-26T14:56:04.170759Z","04_yolo26n_edgelite_wiou_progloss","YOLO26n EdgeLite + WIoU/ProgLoss","benchmark/train/489_jpg.rf.74d865ad0ddbf6c2522f32aef30e6cf8.jpg",640,640,640,640,0.250000,0.700000,6.038281,59.940156,0.126146,68.530677,1,"Xiaomi 23127PN0CC"
"a9086636-fa78-4f76-9b3a-5b3374366911","2026-05-26T14:56:04.244563Z","04_yolo26n_edgelite_wiou_progloss","YOLO26n EdgeLite + WIoU/ProgLoss","benchmark/train/IMG_3370_2_JPG.rf.7317224210cd9d0dd7be44f4e06325bb.jpg",640,640,640,640,0.250000,0.700000,6.645157,59.535469,0.121823,68.966146,1,"Xiaomi 23127PN0CC"
"c851b0a1-c7b6-45d7-b4f9-d3c775e73fb4","2026-05-26T14:56:04.317210Z","04_yolo26n_edgelite_wiou_progloss","YOLO26n EdgeLite + WIoU/ProgLoss","benchmark/train/849_jpg.rf.0333db97a7026457767e58c738f9f5b9.jpg",640,640,640,640,0.250000,0.700000,6.934375,58.305521,0.116875,68.005833,1,"Xiaomi 23127PN0CC"
"fe5a251f-5afd-4419-bafc-a3606b0259c8","2026-05-26T14:56:04.391620Z","04_yolo26n_edgelite_wiou_progloss","YOLO26n EdgeLite + WIoU/ProgLoss","benchmark/train/IMG_3333_1_JPG.rf.3dd52d9f1a89454324678610fd1b7cf7.jpg",640,640,640,640,0.250000,0.700000,6.570781,59.934010,0.136355,69.190886,2,"Xiaomi 23127PN0CC"
"106e97ef-0730-4a7d-bc01-794d4a4e9cd1","2026-05-26T14:56:04.463569Z","04_yolo26n_edgelite_wiou_progloss","YOLO26n EdgeLite + WIoU/ProgLoss","benchmark/valid/653_jpg.rf.8ea07e2c02f892a4aece45455f47c4c0.jpg",640,640,640,640,0.250000,0.700000,6.408542,57.927240,0.115989,66.711406,1,"Xiaomi 23127PN0CC"
"11752cad-e300-4857-bd8d-ecc451fddc0e","2026-05-26T14:56:04.537163Z","04_yolo26n_edgelite_wiou_progloss","YOLO26n EdgeLite + WIoU/ProgLoss","benchmark/valid/536_jpg.rf.ee33496bb728a7c98ca6297011c7bd56.jpg",640,640,640,640,0.250000,0.700000,6.498125,60.232656,0.117760,69.026771,1,"Xiaomi 23127PN0CC"
"b0afff52-1b00-43d9-8478-dfb591f5fc28","2026-05-26T14:56:04.609092Z","04_yolo26n_edgelite_wiou_progloss","YOLO26n EdgeLite + WIoU/ProgLoss","benchmark/valid/IMG_2593_JPG.rf.a404b4e39b00825abb75f799fe8ad3ac.jpg",640,640,640,640,0.250000,0.700000,6.419479,58.033021,0.120260,66.796614,1,"Xiaomi 23127PN0CC"
"950095df-c544-41d2-a1b9-0b1c4ff8cd86","2026-05-26T14:56:04.683461Z","04_yolo26n_edgelite_wiou_progloss","YOLO26n EdgeLite + WIoU/ProgLoss","benchmark/train/IMG_2381_2_JPG.rf.0c880fbb24514ea59ae6d470a95d3e89.jpg",640,640,640,640,0.250000,0.700000,5.835209,61.076562,0.126563,69.144584,1,"Xiaomi 23127PN0CC"
"a1548b8c-0a5a-41f8-bc7d-152d4000c19d","2026-05-26T14:56:04.756747Z","04_yolo26n_edgelite_wiou_progloss","YOLO26n EdgeLite + WIoU/ProgLoss","benchmark/train/IMG_2563_2_JPG.rf.071ae6edb1cfb5c8e8aac31f9b0d56a9.jpg",640,640,640,640,0.250000,0.700000,6.503802,59.216094,0.126666,68.265260,2,"Xiaomi 23127PN0CC"
"ae6edafb-ce02-402c-b59d-b32532897975","2026-05-26T14:56:04.830671Z","04_yolo26n_edgelite_wiou_progloss","YOLO26n EdgeLite + WIoU/ProgLoss","benchmark/train/IMG_3638_1_JPG.rf.d907e90312aebf13ba2be1a10e46a5d5.jpg",640,640,640,640,0.250000,0.700000,6.517500,58.959635,0.132761,67.994011,3,"Xiaomi 23127PN0CC"
"9331b4d2-79c6-4cf1-b099-93920fbe892f","2026-05-26T14:56:04.906722Z","04_yolo26n_edgelite_wiou_progloss","YOLO26n EdgeLite + WIoU/ProgLoss","benchmark/valid/IMG_2465_2_JPG.rf.56ad801a27a894fab397cbf000418bdc.jpg",640,640,640,640,0.250000,0.700000,6.549739,61.267916,0.129063,70.091406,1,"Xiaomi 23127PN0CC"
"4ac33f09-31c7-4179-8ba6-44428ed63001","2026-05-26T14:56:04.979150Z","04_yolo26n_edgelite_wiou_progloss","YOLO26n EdgeLite + WIoU/ProgLoss","benchmark/train/534_jpg.rf.b643b1c385d78756c63179c876bc52e1.jpg",640,640,640,640,0.250000,0.700000,6.393490,59.263698,0.114896,68.130573,1,"Xiaomi 23127PN0CC"
"fd415e2f-198b-4200-9bf8-c2c9ecb499ce","2026-05-26T14:56:05.052514Z","04_yolo26n_edgelite_wiou_progloss","YOLO26n EdgeLite + WIoU/ProgLoss","benchmark/test/795_jpg.rf.475777c07f462b9c865c3f3928deb8c2.jpg",640,640,640,640,0.250000,0.700000,6.540469,59.444427,0.118958,68.646719,1,"Xiaomi 23127PN0CC"
"d2f261b8-9eae-4fa6-b2d6-6723a7280f3c","2026-05-26T14:56:05.125687Z","04_yolo26n_edgelite_wiou_progloss","YOLO26n EdgeLite + WIoU/ProgLoss","benchmark/train/IMG_2783_2_JPG.rf.db7a6b0892882229810c4e42664210fb.jpg",640,640,640,640,0.250000,0.700000,6.492448,58.436094,0.119791,67.367083,1,"Xiaomi 23127PN0CC"
"60e6c019-0bbd-4cb8-b1b1-bcd4e6e11a7f","2026-05-26T14:56:05.198241Z","04_yolo26n_edgelite_wiou_progloss","YOLO26n EdgeLite + WIoU/ProgLoss","benchmark/train/IMG_3477_JPG.rf.d7dfb9e7be3eb61f241c07cf1b197405.jpg",640,640,640,640,0.250000,0.700000,5.968385,59.435000,0.129011,67.725104,2,"Xiaomi 23127PN0CC"
"7883d9ba-5f47-438b-be38-1d5b028482f4","2026-05-26T14:56:05.271888Z","04_yolo26n_edgelite_wiou_progloss","YOLO26n EdgeLite + WIoU/ProgLoss","benchmark/train/IMG_3077_1_JPG.rf.ba9740b985ac6c831b235e86d67452d3.jpg",640,640,640,640,0.250000,0.700000,6.576927,59.058333,0.119427,68.098542,1,"Xiaomi 23127PN0CC"
"07b6d57c-9eb5-4c53-aca4-fc8806795322","2026-05-26T14:56:05.344362Z","04_yolo26n_edgelite_wiou_progloss","YOLO26n EdgeLite + WIoU/ProgLoss","benchmark/train/IMG_3037_2_JPG.rf.ff637bf765ee1f2b2e4696d63a9606a8.jpg",640,640,640,640,0.250000,0.700000,6.522656,58.267344,0.122031,67.276615,1,"Xiaomi 23127PN0CC"
"251c6853-8621-46de-b2b2-0d8aca9d44a1","2026-05-26T14:56:05.416655Z","04_yolo26n_edgelite_wiou_progloss","YOLO26n EdgeLite + WIoU/ProgLoss","benchmark/valid/574_jpg.rf.ad7512ea41503cbd9ccaad72a9eab7e8.jpg",640,640,640,640,0.250000,0.700000,6.281146,59.761094,0.125573,68.119896,1,"Xiaomi 23127PN0CC"
"55e1b6f3-47d8-458a-9863-46123deb371b","2026-05-26T14:56:05.489366Z","04_yolo26n_edgelite_wiou_progloss","YOLO26n EdgeLite + WIoU/ProgLoss","benchmark/valid/IMG_2963_2_JPG.rf.7b83c3ff19e0da20277fec514137c4ad.jpg",640,640,640,640,0.250000,0.700000,6.341875,58.702136,0.116093,67.511562,1,"Xiaomi 23127PN0CC"
"14a90b77-ceb9-4b0c-b116-0166f0c8b99c","2026-05-26T14:56:05.562664Z","04_yolo26n_edgelite_wiou_progloss","YOLO26n EdgeLite + WIoU/ProgLoss","benchmark/train/IMG_3505_JPG.rf.c439bfffe51dd01d8c9d5016e36565a1.jpg",640,640,640,640,0.250000,0.700000,6.443073,59.210625,0.118594,68.134271,1,"Xiaomi 23127PN0CC"
"b953e11c-8bdb-4f2b-b117-bef94cd18f0e","2026-05-26T14:56:05.635192Z","04_yolo26n_edgelite_wiou_progloss","YOLO26n EdgeLite + WIoU/ProgLoss","benchmark/train/IMG_2827_2_JPG.rf.d2cc78774e2d8e0f83b1b84b65e891c4.jpg",640,640,640,640,0.250000,0.700000,6.539740,58.388229,0.126927,67.178646,2,"Xiaomi 23127PN0CC"
"33c3bf81-5589-44f4-9aef-bf657f926ec3","2026-05-26T14:56:05.708810Z","04_yolo26n_edgelite_wiou_progloss","YOLO26n EdgeLite + WIoU/ProgLoss","benchmark/train/IMG_3105_JPG.rf.9e6969a6f53a066982e0c37458f03c82.jpg",640,640,640,640,0.250000,0.700000,5.960208,59.916094,0.124219,68.083021,1,"Xiaomi 23127PN0CC"
"f99c1958-c2da-4457-aa4d-9b6b94d38535","2026-05-26T14:56:05.782705Z","04_yolo26n_edgelite_wiou_progloss","YOLO26n EdgeLite + WIoU/ProgLoss","benchmark/valid/IMG_3139_1_JPG.rf.45bd5dfd2c7490d68f8e75aa25f7c687.jpg",640,640,640,640,0.250000,0.700000,6.368594,59.701406,0.113646,68.569792,1,"Xiaomi 23127PN0CC"
"3eee8325-5d2e-46eb-911f-a9166a2b4510","2026-05-26T14:56:07.410605Z","04_yolo26n_edgelite_wiou_progloss","YOLO26n EdgeLite + WIoU/ProgLoss","benchmark/train/IMG_3400_1_JPG.rf.f19e4ed6a7078926fd694038a15197a6.jpg",640,640,640,640,0.250000,0.700000,7.547135,83.415573,0.111406,94.193750,1,"Xiaomi 23127PN0CC"
"f872d061-bd30-49f0-9638-fb2f0244ec0a","2026-05-26T14:56:07.488011Z","04_yolo26n_edgelite_wiou_progloss","YOLO26n EdgeLite + WIoU/ProgLoss","benchmark/train/IMG_20240125_115311_561_jpg.rf.d2465ac798350899cd623d6f27318ff8.jpg",640,640,640,640,0.250000,0.700000,6.197916,63.551719,0.125938,72.139271,1,"Xiaomi 23127PN0CC"
"bce967e7-137f-40d5-9048-9fe354c638ff","2026-05-26T14:56:07.567484Z","04_yolo26n_edgelite_wiou_progloss","YOLO26n EdgeLite + WIoU/ProgLoss","benchmark/train/IMG_3393_1_JPG.rf.3d4d7580e7230098a555627479085d22.jpg",640,640,640,640,0.250000,0.700000,6.408594,65.500782,0.111927,74.397188,1,"Xiaomi 23127PN0CC"
"ea501558-5fef-4a92-a44b-aea3c6e775b1","2026-05-26T14:56:07.643093Z","04_yolo26n_edgelite_wiou_progloss","YOLO26n EdgeLite + WIoU/ProgLoss","benchmark/train/IMG_2814_1_JPG.rf.a85880f5ff74a2f264123dbcae8615a3.jpg",640,640,640,640,0.250000,0.700000,6.452291,60.681250,0.114844,69.610625,1,"Xiaomi 23127PN0CC"
"9df086ec-ec9c-4fba-8411-6974f887e16c","2026-05-26T14:56:07.715807Z","04_yolo26n_edgelite_wiou_progloss","YOLO26n EdgeLite + WIoU/ProgLoss","benchmark/valid/IMG_3253_1_JPG.rf.caa1127e6db3fcdf3d6680bae1c095ae.jpg",640,640,640,640,0.250000,0.700000,5.786615,59.645885,0.113542,67.526511,1,"Xiaomi 23127PN0CC"
"1cc6fcdf-6f7c-44da-910c-c9ad983bd48f","2026-05-26T14:56:07.791067Z","04_yolo26n_edgelite_wiou_progloss","YOLO26n EdgeLite + WIoU/ProgLoss","benchmark/valid/IMG_3301_2_JPG.rf.7d41f1b4ad438a2aba95903fa8ccd55a.jpg",640,640,640,640,0.250000,0.700000,5.942969,62.211406,0.124167,70.395104,1,"Xiaomi 23127PN0CC"
"f97195a6-e1b5-4aae-9fcc-74f4f42d35ee","2026-05-26T14:56:07.864541Z","04_yolo26n_edgelite_wiou_progloss","YOLO26n EdgeLite + WIoU/ProgLoss","benchmark/valid/IMG_3260_JPG.rf.295de596e1bcdb54a4fb5151dec50745.jpg",640,640,640,640,0.250000,0.700000,6.439896,59.611979,0.111614,68.494843,1,"Xiaomi 23127PN0CC"
"a7246ae4-befb-4d0f-a845-fb0f6f498ed5","2026-05-26T14:56:07.942270Z","04_yolo26n_edgelite_wiou_progloss","YOLO26n EdgeLite + WIoU/ProgLoss","benchmark/valid/IMG_3463_1_JPG.rf.7af202bf6269bb97d3fae665bebc1a64.jpg",640,640,640,640,0.250000,0.700000,6.295989,63.922500,0.116354,72.465989,1,"Xiaomi 23127PN0CC"
"c6f84632-1443-45cd-9b5b-dece1391797d","2026-05-26T14:56:08.015592Z","04_yolo26n_edgelite_wiou_progloss","YOLO26n EdgeLite + WIoU/ProgLoss","benchmark/train/PXL_20240125_122134743_jpg.rf.73a36ec5e58f1dd80ac6312206ce9326.jpg",640,640,640,640,0.250000,0.700000,5.842864,59.934844,0.125625,68.218489,1,"Xiaomi 23127PN0CC"
"039071d1-12d2-4aaa-afb8-16112fbcef14","2026-05-26T14:56:08.090426Z","04_yolo26n_edgelite_wiou_progloss","YOLO26n EdgeLite + WIoU/ProgLoss","benchmark/test/629_jpg.rf.654dcc115974db140acbfb4452fa9ede.jpg",640,640,640,640,0.250000,0.700000,6.557864,61.480833,0.111146,70.426510,1,"Xiaomi 23127PN0CC"
"cd9e415a-57de-4125-8167-f7a6df4cb622","2026-05-26T14:56:08.165444Z","04_yolo26n_edgelite_wiou_progloss","YOLO26n EdgeLite + WIoU/ProgLoss","benchmark/valid/IMG_3519_JPG.rf.8d4e015776d918617fddd28a555c3181.jpg",640,640,640,640,0.250000,0.700000,6.384792,61.325729,0.112344,70.177084,1,"Xiaomi 23127PN0CC"
"33020733-19cb-4b8e-a99a-d4ab14ce5ccd","2026-05-26T14:56:08.238757Z","04_yolo26n_edgelite_wiou_progloss","YOLO26n EdgeLite + WIoU/ProgLoss","benchmark/train/IMG_3130_JPG.rf.8070bf8c2d707b3a2afe254732b2dc3e.jpg",640,640,640,640,0.250000,0.700000,6.249323,58.903125,0.111979,67.422708,1,"Xiaomi 23127PN0CC"
"75b3860c-5d9e-40e0-b853-7436412b0d28","2026-05-26T14:56:08.311521Z","04_yolo26n_edgelite_wiou_progloss","YOLO26n EdgeLite + WIoU/ProgLoss","benchmark/train/IMG_3429_1_JPG.rf.c73c8b365285558a94786a0d8742f89e.jpg",640,640,640,640,0.250000,0.700000,6.000260,59.249948,0.128750,67.561354,1,"Xiaomi 23127PN0CC"
"fea8c425-6a1f-421e-8043-c6dc316d7828","2026-05-26T14:56:08.382484Z","04_yolo26n_edgelite_wiou_progloss","YOLO26n EdgeLite + WIoU/ProgLoss","benchmark/train/929_jpg.rf.bd6d9e994e1d4aae35fb593aa3a7bd76.jpg",640,640,640,640,0.250000,0.700000,6.337084,57.802865,0.111667,66.519011,1,"Xiaomi 23127PN0CC"
"2ee2e3a9-5c04-4917-b5ba-ac7c16463a55","2026-05-26T14:56:08.455864Z","04_yolo26n_edgelite_wiou_progloss","YOLO26n EdgeLite + WIoU/ProgLoss","benchmark/train/IMG_3074_1_JPG.rf.82af04c7ad516879081e92e200ffbc2d.jpg",640,640,640,640,0.250000,0.700000,6.189739,59.843333,0.120677,68.559166,1,"Xiaomi 23127PN0CC"
"3def572c-103b-4aab-8ed9-dd6533964259","2026-05-26T14:56:08.528672Z","04_yolo26n_edgelite_wiou_progloss","YOLO26n EdgeLite + WIoU/ProgLoss","benchmark/valid/IMG_3008_1_JPG.rf.7e587df3e09091fcadfbcacd5dc88cb6.jpg",640,640,640,640,0.250000,0.700000,6.331406,59.053178,0.124895,67.666666,1,"Xiaomi 23127PN0CC"
"eec311e2-6d8c-41fe-b3b2-50a32316d8cc","2026-05-26T14:56:08.600754Z","04_yolo26n_edgelite_wiou_progloss","YOLO26n EdgeLite + WIoU/ProgLoss","benchmark/train/415_jpg.rf.5479a878527f2297f5a7453b8b5a1eb4.jpg",640,640,640,640,0.250000,0.700000,6.406875,58.723646,0.114739,67.594271,1,"Xiaomi 23127PN0CC"
"58b038de-3597-4e5c-a290-5ea341999aa5","2026-05-26T14:56:08.673339Z","04_yolo26n_edgelite_wiou_progloss","YOLO26n EdgeLite + WIoU/ProgLoss","benchmark/train/315_jpg.rf.0eab045a3555b629c9cae0cb8e1a04a6.jpg",640,640,640,640,0.250000,0.700000,6.354687,58.993490,0.115104,67.818802,1,"Xiaomi 23127PN0CC"
"a825cdec-c09e-460b-9633-fae276ca806b","2026-05-26T14:56:08.744891Z","04_yolo26n_edgelite_wiou_progloss","YOLO26n EdgeLite + WIoU/ProgLoss","benchmark/valid/IMG_2431_1_JPG.rf.1d779e27b722e3c9ae8a98d2ed60df1c.jpg",640,640,640,640,0.250000,0.700000,6.232812,58.158959,0.115312,66.597187,1,"Xiaomi 23127PN0CC"
"79cb66fe-8a23-4bca-8289-a213c0dd8bbf","2026-05-26T14:56:08.816161Z","04_yolo26n_edgelite_wiou_progloss","YOLO26n EdgeLite + WIoU/ProgLoss","benchmark/train/345_jpg.rf.4cb6c58a36966f698fec909e0eacd7b4.jpg",640,640,640,640,0.250000,0.700000,5.903854,58.554791,0.131823,66.680625,1,"Xiaomi 23127PN0CC"
"d82fd828-a292-4fdd-b05a-bdec549eb9a3","2026-05-26T14:56:08.891552Z","04_yolo26n_edgelite_wiou_progloss","YOLO26n EdgeLite + WIoU/ProgLoss","benchmark/train/IMG_2704_2_JPG.rf.f04f196574c8f4ac6459070ad92d645f.jpg",640,640,640,640,0.250000,0.700000,6.536041,61.284896,0.157239,70.358593,1,"Xiaomi 23127PN0CC"
"094ee91b-f109-4702-9093-0c3b6c4db0d5","2026-05-26T14:56:08.965497Z","04_yolo26n_edgelite_wiou_progloss","YOLO26n EdgeLite + WIoU/ProgLoss","benchmark/train/IMG_2626_1_JPG.rf.4b419bcb932b5d6ac88df617a3229197.jpg",640,640,640,640,0.250000,0.700000,6.528906,60.121511,0.111302,69.001354,1,"Xiaomi 23127PN0CC"
"86b35cce-5b71-4fa2-a661-581ff1db0119","2026-05-26T14:56:09.037220Z","04_yolo26n_edgelite_wiou_progloss","YOLO26n EdgeLite + WIoU/ProgLoss","benchmark/train/IMG_3077_JPG.rf.84c4b73131cdedfcb605a0735af908d3.jpg",640,640,640,640,0.250000,0.700000,6.435729,57.873072,0.122761,66.645990,1,"Xiaomi 23127PN0CC"
"fb394d19-420a-44b5-b3e6-ac4765590f99","2026-05-26T14:56:09.110388Z","04_yolo26n_edgelite_wiou_progloss","YOLO26n EdgeLite + WIoU/ProgLoss","benchmark/train/IMG_2368_2_JPG.rf.940826f8cb7bb03248bf7895167dca05.jpg",640,640,640,640,0.250000,0.700000,6.471823,58.895885,0.107500,68.018802,1,"Xiaomi 23127PN0CC"
"efba226e-adff-4f1e-9b5a-f6ffc3362ae4","2026-05-26T14:56:09.182956Z","04_yolo26n_edgelite_wiou_progloss","YOLO26n EdgeLite + WIoU/ProgLoss","benchmark/valid/IMG_3424_JPG.rf.0e45bebab666b56ca0dcc5c66465d4e0.jpg",640,640,640,640,0.250000,0.700000,6.295104,58.949583,0.114062,67.619062,1,"Xiaomi 23127PN0CC"
"9a38ba41-2a98-45ff-a275-59b80dd45d2e","2026-05-26T14:56:09.256899Z","04_yolo26n_edgelite_wiou_progloss","YOLO26n EdgeLite + WIoU/ProgLoss","benchmark/train/IMG_3411_JPG.rf.96e877f0bfbf7f8b59d332d99483f75a.jpg",640,640,640,640,0.250000,0.700000,6.526979,60.193541,0.111355,68.971615,1,"Xiaomi 23127PN0CC"
"41070d0f-2bba-4f06-aa67-6634baf7c0e6","2026-05-26T14:56:09.329962Z","04_yolo26n_edgelite_wiou_progloss","YOLO26n EdgeLite + WIoU/ProgLoss","benchmark/train/IMG_2731_1_JPG.rf.a9cb312bd61c4ec7f5ca159e20b834e5.jpg",640,640,640,640,0.250000,0.700000,5.974896,59.635104,0.123229,67.964739,1,"Xiaomi 23127PN0CC"
"a6d44e2a-40b0-421b-a210-fd8f34534d02","2026-05-26T14:56:09.401827Z","04_yolo26n_edgelite_wiou_progloss","YOLO26n EdgeLite + WIoU/ProgLoss","benchmark/valid/783_jpg.rf.30c912f349381e8922723289146935b4.jpg",640,640,640,640,0.250000,0.700000,6.522136,57.920729,0.154219,67.218594,1,"Xiaomi 23127PN0CC"
"d70db200-67ff-4e00-9296-274aa3b9b823","2026-05-26T14:56:09.475011Z","04_yolo26n_edgelite_wiou_progloss","YOLO26n EdgeLite + WIoU/ProgLoss","benchmark/valid/IMG_2815_2_JPG.rf.ff1c2e88311cb002aa5dbdc09de9e948.jpg",640,640,640,640,0.250000,0.700000,6.349115,59.221875,0.112969,68.056615,1,"Xiaomi 23127PN0CC"
"e7f96a82-ef98-4aea-8dfc-350b389254e3","2026-05-26T14:56:09.548540Z","04_yolo26n_edgelite_wiou_progloss","YOLO26n EdgeLite + WIoU/ProgLoss","benchmark/test/IMG_3064_JPG.rf.8e950e6f024d9f321ba8bece22ec3432.jpg",640,640,640,640,0.250000,0.700000,6.145521,60.072239,0.123542,68.314011,1,"Xiaomi 23127PN0CC"
"ec48b54b-a084-459b-b445-b162062066d9","2026-05-26T14:56:09.621229Z","04_yolo26n_edgelite_wiou_progloss","YOLO26n EdgeLite + WIoU/ProgLoss","benchmark/test/795_jpg.rf.475777c07f462b9c865c3f3928deb8c2.jpg",640,640,640,640,0.250000,0.700000,6.515521,59.072239,0.107500,68.131666,1,"Xiaomi 23127PN0CC"
"a3b333fa-626a-42fa-9ab1-37fabfd69a59","2026-05-26T14:56:09.693476Z","04_yolo26n_edgelite_wiou_progloss","YOLO26n EdgeLite + WIoU/ProgLoss","benchmark/train/IMG_2438_2_JPG.rf.cd952a1eec9858bd466d3c8c068c3e5d.jpg",640,640,640,640,0.250000,0.700000,6.276927,58.249531,0.112500,67.020416,1,"Xiaomi 23127PN0CC"
"78833e37-9b13-41fa-bf1b-7f0d6216cf24","2026-05-26T14:56:09.767594Z","04_yolo26n_edgelite_wiou_progloss","YOLO26n EdgeLite + WIoU/ProgLoss","benchmark/train/IMG_3592_2_JPG.rf.e23de573c389788f43679bad09ca692f.jpg",640,640,640,640,0.250000,0.700000,6.317291,60.437396,0.111927,68.926458,1,"Xiaomi 23127PN0CC"
"1bc7e51c-dfa6-4b26-90a0-87f48c3d8dd4","2026-05-26T14:56:09.838736Z","04_yolo26n_edgelite_wiou_progloss","YOLO26n EdgeLite + WIoU/ProgLoss","benchmark/train/IMG_3335_2_JPG.rf.ecf869ef5d7ad4e0c2de844a9551f47b.jpg",640,640,640,640,0.250000,0.700000,5.882968,58.115677,0.120573,66.113073,1,"Xiaomi 23127PN0CC"
"66722883-ba72-4c2d-8ef8-b7b1f45fe6dc","2026-05-26T14:56:09.910604Z","04_yolo26n_edgelite_wiou_progloss","YOLO26n EdgeLite + WIoU/ProgLoss","benchmark/valid/IMG_3435_JPG.rf.545184388587e072abdd4a7a2bdbccc5.jpg",640,640,640,640,0.250000,0.700000,6.509895,57.838698,0.108177,66.716822,1,"Xiaomi 23127PN0CC"
"76a8fbb1-a1fc-43ba-a32e-4cd71e5aab77","2026-05-26T14:56:09.984346Z","04_yolo26n_edgelite_wiou_progloss","YOLO26n EdgeLite + WIoU/ProgLoss","benchmark/train/IMG_3140_2_JPG.rf.28bd751022c462aa612ddd04ffdc9766.jpg",640,640,640,640,0.250000,0.700000,6.602552,59.526875,0.105989,68.466145,1,"Xiaomi 23127PN0CC"
"d3377078-635a-46cd-9a8f-d5f03059f747","2026-05-26T14:56:10.056528Z","04_yolo26n_edgelite_wiou_progloss","YOLO26n EdgeLite + WIoU/ProgLoss","benchmark/test/745_jpg.rf.a17b622a38d32eae0201c0c7a1ee8105.jpg",640,640,640,640,0.250000,0.700000,6.234062,59.303906,0.121250,67.785208,1,"Xiaomi 23127PN0CC"
"f237cfa6-3b23-4b14-9ffb-dd2ea7962776","2026-05-26T14:56:10.129087Z","04_yolo26n_edgelite_wiou_progloss","YOLO26n EdgeLite + WIoU/ProgLoss","benchmark/train/IMG_3241_1_JPG.rf.9d49d4feb53555fbe4c498c15485ab31.jpg",640,640,640,640,0.250000,0.700000,6.341250,58.183646,0.111771,67.021875,1,"Xiaomi 23127PN0CC"
"ab9c5fc0-ecdf-4eaa-b13a-5dc9eb333ae7","2026-05-26T14:56:10.205592Z","04_yolo26n_edgelite_wiou_progloss","YOLO26n EdgeLite + WIoU/ProgLoss","benchmark/train/1065_jpg.rf.2f6cf83f5a1438c27403efa3bce139e7.jpg",640,640,640,640,0.250000,0.700000,6.670729,62.444740,0.115468,71.836406,1,"Xiaomi 23127PN0CC"
"435d0ffe-73ec-4ccf-8418-b41b157030de","2026-05-26T14:56:10.277412Z","04_yolo26n_edgelite_wiou_progloss","YOLO26n EdgeLite + WIoU/ProgLoss","benchmark/train/IMG_2783_1_JPG.rf.008e6ddc425f580561a7428058579439.jpg",640,640,640,640,0.250000,0.700000,6.075937,58.343542,0.112760,66.604687,1,"Xiaomi 23127PN0CC"
"30f24127-652a-44bc-bfc4-4e63a411b552","2026-05-26T14:56:10.349269Z","04_yolo26n_edgelite_wiou_progloss","YOLO26n EdgeLite + WIoU/ProgLoss","benchmark/train/IMG_3272_2_JPG.rf.1ed78be0d0bbc371e8268b29a17d4fed.jpg",640,640,640,640,0.250000,0.700000,5.902292,58.605156,0.126146,66.804792,2,"Xiaomi 23127PN0CC"
"822c9b4f-a881-4d7e-b016-9d2bfa3934f4","2026-05-26T14:56:10.422590Z","04_yolo26n_edgelite_wiou_progloss","YOLO26n EdgeLite + WIoU/ProgLoss","benchmark/test/1305_jpg.rf.84b88538931b677428e2ad153a4a1f52.jpg",640,640,640,640,0.250000,0.700000,6.397865,59.515730,0.116458,68.456198,1,"Xiaomi 23127PN0CC"
"49f21ea3-ef78-477e-9b2c-cdf2dbf6982e","2026-05-26T14:56:10.495400Z","04_yolo26n_edgelite_wiou_progloss","YOLO26n EdgeLite + WIoU/ProgLoss","benchmark/valid/IMG_2742_2_JPG.rf.be21edd8b214b2821c8c4be863cb5cd8.jpg",640,640,640,640,0.250000,0.700000,6.399791,58.615156,0.116355,67.374948,1,"Xiaomi 23127PN0CC"
"3066193f-89a4-484b-be2c-740ba6de8d47","2026-05-26T14:56:10.567185Z","04_yolo26n_edgelite_wiou_progloss","YOLO26n EdgeLite + WIoU/ProgLoss","benchmark/valid/IMG_3185_1_JPG.rf.3d34a834952b500845a1bad5cdd43279.jpg",640,640,640,640,0.250000,0.700000,6.148802,57.992553,0.129427,66.452657,2,"Xiaomi 23127PN0CC"
"3a2043be-0e5a-4186-86ee-bcd6ec6152db","2026-05-26T14:56:10.640093Z","04_yolo26n_edgelite_wiou_progloss","YOLO26n EdgeLite + WIoU/ProgLoss","benchmark/valid/594_jpg.rf.f7ac71a3d9b56d0e069663d694f58179.jpg",640,640,640,640,0.250000,0.700000,6.431615,58.878750,0.111094,67.756250,1,"Xiaomi 23127PN0CC"
"0eb6a2fa-b1e5-422f-8a95-74e49294b50c","2026-05-26T14:56:10.712516Z","04_yolo26n_edgelite_wiou_progloss","YOLO26n EdgeLite + WIoU/ProgLoss","benchmark/train/IMG_2667_2_JPG.rf.94ac424645daba9fb1215e4d52f95a93.jpg",640,640,640,640,0.250000,0.700000,6.501718,58.528230,0.113073,67.458125,1,"Xiaomi 23127PN0CC"
"7c266e84-3be9-48a7-bc31-7253433867f5","2026-05-26T14:56:10.785832Z","04_yolo26n_edgelite_wiou_progloss","YOLO26n EdgeLite + WIoU/ProgLoss","benchmark/train/IMG_20240125_120830_296_jpg.rf.e9ccd170490054efddbece05820f8b8f.jpg",640,640,640,640,0.250000,0.700000,6.255313,60.007813,0.159895,68.390625,2,"Xiaomi 23127PN0CC"
"fc240685-7ed3-458f-91d7-864550f41d06","2026-05-26T14:56:10.858143Z","04_yolo26n_edgelite_wiou_progloss","YOLO26n EdgeLite + WIoU/ProgLoss","benchmark/test/436_jpg.rf.4a290d43654d1241504a03c125ab3ace.jpg",640,640,640,640,0.250000,0.700000,5.924792,59.453542,0.121406,67.643177,1,"Xiaomi 23127PN0CC"
"b0001bb2-e3a8-4ae7-9b87-55b23296314c","2026-05-26T14:56:10.931032Z","04_yolo26n_edgelite_wiou_progloss","YOLO26n EdgeLite + WIoU/ProgLoss","benchmark/train/PXL_20240125_124946063_jpg.rf.4cac3d339724f58eba7367f9bc7959c4.jpg",640,640,640,640,0.250000,0.700000,6.476458,58.789636,0.112812,67.729218,1,"Xiaomi 23127PN0CC"
"156a9e5c-15a2-4870-b382-c721266613e6","2026-05-26T14:56:11.003647Z","04_yolo26n_edgelite_wiou_progloss","YOLO26n EdgeLite + WIoU/ProgLoss","benchmark/train/IMG_2891_2_JPG.rf.196f0eb43ecb7604b82c0a23fe1da008.jpg",640,640,640,640,0.250000,0.700000,6.370105,59.043229,0.106771,67.813438,1,"Xiaomi 23127PN0CC"
"38087a6b-1142-4223-a3d4-4a8b4c30dc29","2026-05-26T14:56:11.078019Z","04_yolo26n_edgelite_wiou_progloss","YOLO26n EdgeLite + WIoU/ProgLoss","benchmark/valid/1714_jpg.rf.50ea84b1cd2a757d13a71adab1aeed85.jpg",640,640,640,640,0.250000,0.700000,6.407708,61.276146,0.119323,69.824062,1,"Xiaomi 23127PN0CC"
"3cc13776-6d3d-41ff-8c0b-50ff4f5d8599","2026-05-26T14:56:11.151918Z","04_yolo26n_edgelite_wiou_progloss","YOLO26n EdgeLite + WIoU/ProgLoss","benchmark/train/IMG_2440_1_JPG.rf.8ee1c8acd931a6f661bf6ecf3163a629.jpg",640,640,640,640,0.250000,0.700000,6.780781,59.187500,0.113854,68.629271,1,"Xiaomi 23127PN0CC"
"5178b668-fba2-43b1-9cac-1a9b0e6df330","2026-05-26T14:56:11.224313Z","04_yolo26n_edgelite_wiou_progloss","YOLO26n EdgeLite + WIoU/ProgLoss","benchmark/train/IMG_2857_2_JPG.rf.07b608803d670b1944c78141185630c3.jpg",640,640,640,640,0.250000,0.700000,6.449010,58.183645,0.114427,67.058072,1,"Xiaomi 23127PN0CC"
"d7e05eb2-b7eb-4b70-93f8-5cb38607491e","2026-05-26T14:56:11.297302Z","04_yolo26n_edgelite_wiou_progloss","YOLO26n EdgeLite + WIoU/ProgLoss","benchmark/valid/IMG_2529_2_JPG.rf.78980f998aede68514d83387ca16cf11.jpg",640,640,640,640,0.250000,0.700000,6.253281,59.649896,0.116510,68.027604,1,"Xiaomi 23127PN0CC"
"a4daad2e-1c10-45ac-bf15-02ab1eaa611a","2026-05-26T14:56:11.368642Z","04_yolo26n_edgelite_wiou_progloss","YOLO26n EdgeLite + WIoU/ProgLoss","benchmark/train/IMG_3588_1_JPG.rf.1e9db713350c978ef0a3d5e828636f1e.jpg",640,640,640,640,0.250000,0.700000,5.714010,58.147656,0.124479,66.265677,1,"Xiaomi 23127PN0CC"
"4213092b-c58b-4adb-85e2-88d631eb127a","2026-05-26T14:56:11.440544Z","04_yolo26n_edgelite_wiou_progloss","YOLO26n EdgeLite + WIoU/ProgLoss","benchmark/train/IMG_3628_1_JPG.rf.39b88a161804d5b4b11da4ce252a3478.jpg",640,640,640,640,0.250000,0.700000,6.363021,57.912448,0.108438,66.790834,1,"Xiaomi 23127PN0CC"
"dcbdd0db-2072-436f-86b9-055e4224f92b","2026-05-26T14:56:11.512674Z","04_yolo26n_edgelite_wiou_progloss","YOLO26n EdgeLite + WIoU/ProgLoss","benchmark/train/IMG_3522_1_JPG.rf.8c95b64b264726a7348c6a7aef164e26.jpg",640,640,640,640,0.250000,0.700000,6.305260,58.532865,0.111354,67.279375,1,"Xiaomi 23127PN0CC"
"5310e1e6-2306-4340-b538-c00c17fc4b87","2026-05-26T14:56:11.584728Z","04_yolo26n_edgelite_wiou_progloss","YOLO26n EdgeLite + WIoU/ProgLoss","benchmark/train/375_jpg.rf.af9f1329998bdc18d84a3752f41a0894.jpg",640,640,640,640,0.250000,0.700000,5.980834,59.290677,0.121146,67.467969,1,"Xiaomi 23127PN0CC"
"869fb102-04c4-4af3-abba-f0a813ac3c7f","2026-05-26T14:56:11.656224Z","04_yolo26n_edgelite_wiou_progloss","YOLO26n EdgeLite + WIoU/ProgLoss","benchmark/train/408_jpg.rf.41b32d991d095f420db840365fefb43f.jpg",640,640,640,640,0.250000,0.700000,6.492604,57.863594,0.110937,66.819531,1,"Xiaomi 23127PN0CC"
"35cb4d91-c502-4b97-a7d9-40207e4c2007","2026-05-26T14:56:11.727670Z","04_yolo26n_edgelite_wiou_progloss","YOLO26n EdgeLite + WIoU/ProgLoss","benchmark/train/IMG_3298_1_JPG.rf.a16dad4de19183709e2eb1822720622b.jpg",640,640,640,640,0.250000,0.700000,6.585156,57.436042,0.114740,66.448021,1,"Xiaomi 23127PN0CC"
"af0ec98d-47bf-49ab-92e1-43b26544810a","2026-05-26T14:56:11.798429Z","04_yolo26n_edgelite_wiou_progloss","YOLO26n EdgeLite + WIoU/ProgLoss","benchmark/test/689_jpg.rf.f44340cb9170e4482a754c82f6d9a701.jpg",640,640,640,640,0.250000,0.700000,6.549635,57.631354,0.114844,66.285156,1,"Xiaomi 23127PN0CC"
"b6662473-f722-41bd-8577-442930d1f2f3","2026-05-26T14:56:11.870510Z","04_yolo26n_edgelite_wiou_progloss","YOLO26n EdgeLite + WIoU/ProgLoss","benchmark/test/1403_jpg.rf.211022958cc8bb41c81966de3d35930e.jpg",640,640,640,640,0.250000,0.700000,5.771979,59.229583,0.119531,67.293229,1,"Xiaomi 23127PN0CC"
"9d725949-aab0-4a7f-a93c-4f29158e71a5","2026-05-26T14:56:11.946405Z","04_yolo26n_edgelite_wiou_progloss","YOLO26n EdgeLite + WIoU/ProgLoss","benchmark/train/IMG_3592_1_JPG.rf.a2950577468b1dcd2034773296a18472.jpg",640,640,640,640,0.250000,0.700000,6.652656,61.536875,0.107395,70.590468,1,"Xiaomi 23127PN0CC"
"301979de-264a-47d2-8d92-baa1e663622d","2026-05-26T14:56:12.019951Z","04_yolo26n_edgelite_wiou_progloss","YOLO26n EdgeLite + WIoU/ProgLoss","benchmark/train/IMG_3622_2_JPG.rf.c24c2668e918966945249cf8a31a79ad.jpg",640,640,640,640,0.250000,0.700000,6.162240,59.939427,0.111042,68.755886,1,"Xiaomi 23127PN0CC"
"c7ac9bb4-4b59-48aa-81e4-9f476fe0a235","2026-05-26T14:56:12.092026Z","04_yolo26n_edgelite_wiou_progloss","YOLO26n EdgeLite + WIoU/ProgLoss","benchmark/test/IMG_3370_JPG.rf.e35095ba53d117cf04296603be0f8a75.jpg",640,640,640,640,0.250000,0.700000,6.304791,59.072292,0.120000,67.526771,1,"Xiaomi 23127PN0CC"
"0419106b-7285-4a9c-ad28-4f01a753fa76","2026-05-26T14:56:12.165253Z","04_yolo26n_edgelite_wiou_progloss","YOLO26n EdgeLite + WIoU/ProgLoss","benchmark/valid/IMG_3059_2_JPG.rf.55cfdf3b994ace796168619952bda7dd.jpg",640,640,640,640,0.250000,0.700000,6.266875,59.520781,0.107761,68.203386,1,"Xiaomi 23127PN0CC"
"6469c49b-9d26-47e6-8888-28111d177146","2026-05-26T14:56:12.237500Z","04_yolo26n_edgelite_wiou_progloss","YOLO26n EdgeLite + WIoU/ProgLoss","benchmark/train/IMG_2888_1_JPG.rf.55a4e69b6f5d7d32ad8c221091cc2dc2.jpg",640,640,640,640,0.250000,0.700000,6.343958,58.264427,0.110521,66.948854,1,"Xiaomi 23127PN0CC"
"be53da75-2ab5-42f0-ae23-9e5b36e9a885","2026-05-26T14:56:12.311221Z","04_yolo26n_edgelite_wiou_progloss","YOLO26n EdgeLite + WIoU/ProgLoss","benchmark/train/383_jpg.rf.427c42493824a4c4cceef60b184e8c06.jpg",640,640,640,640,0.250000,0.700000,6.319427,60.491667,0.112500,69.068594,1,"Xiaomi 23127PN0CC"
"bcd4881e-21ba-492a-a544-b6048bbc51e5","2026-05-26T14:56:12.384160Z","04_yolo26n_edgelite_wiou_progloss","YOLO26n EdgeLite + WIoU/ProgLoss","benchmark/valid/IMG_3439_2_JPG.rf.44e1d768220d1f1c64feff8b88a26d13.jpg",640,640,640,640,0.250000,0.700000,6.038698,59.697136,0.122396,68.204323,1,"Xiaomi 23127PN0CC"
"a8b2d0f2-ac69-428c-b5c1-7538829ebba7","2026-05-26T14:56:12.456443Z","04_yolo26n_edgelite_wiou_progloss","YOLO26n EdgeLite + WIoU/ProgLoss","benchmark/train/IMG_3085_2_JPG.rf.f0f6c2d566e5fff84d45c453df181ade.jpg",640,640,640,640,0.250000,0.700000,6.420833,58.421719,0.109062,67.318541,1,"Xiaomi 23127PN0CC"
"aa314144-5d4f-4881-ad5a-d6910af8bf06","2026-05-26T14:56:12.528718Z","04_yolo26n_edgelite_wiou_progloss","YOLO26n EdgeLite + WIoU/ProgLoss","benchmark/train/1148_jpg.rf.8f188192fc36f6908d18968150c29cba.jpg",640,640,640,640,0.250000,0.700000,6.523437,58.551979,0.109948,67.494583,1,"Xiaomi 23127PN0CC"
"b14fffca-5b07-45e2-89d2-9e1dc885d350","2026-05-26T14:56:12.604120Z","04_yolo26n_edgelite_wiou_progloss","YOLO26n EdgeLite + WIoU/ProgLoss","benchmark/test/IMG_2418_1_JPG.rf.f2f273f4726a27a325259430653daf31.jpg",640,640,640,640,0.250000,0.700000,6.292031,61.530625,0.120157,70.056667,1,"Xiaomi 23127PN0CC"
"b24298c5-7f3a-41d2-b7e6-4070a5ef44d9","2026-05-26T14:56:12.677842Z","04_yolo26n_edgelite_wiou_progloss","YOLO26n EdgeLite + WIoU/ProgLoss","benchmark/valid/IMG_3218_2_JPG.rf.c2f876d9c072c2b528f6498cb94afe9a.jpg",640,640,640,640,0.250000,0.700000,6.766458,59.204219,0.110364,68.667135,1,"Xiaomi 23127PN0CC"
"f13a8b99-6218-4aac-b6fd-57db41c6081f","2026-05-26T14:56:12.750629Z","04_yolo26n_edgelite_wiou_progloss","YOLO26n EdgeLite + WIoU/ProgLoss","benchmark/valid/IMG_3610_1_JPG.rf.371a0a876e9239f83af62f17d197877d.jpg",640,640,640,640,0.250000,0.700000,6.455156,58.696250,0.115261,67.761719,1,"Xiaomi 23127PN0CC"
"7d7a119d-1894-4a8c-ac9a-b6441ab765fd","2026-05-26T14:56:12.825905Z","04_yolo26n_edgelite_wiou_progloss","YOLO26n EdgeLite + WIoU/ProgLoss","benchmark/train/IMG_2378_2_JPG.rf.25c9e1c18ece80ad7b5af9e7e69184fb.jpg",640,640,640,640,0.250000,0.700000,6.522292,61.505313,0.121771,70.343594,1,"Xiaomi 23127PN0CC"
"8941f1de-b984-48d1-924f-9db0be20e527","2026-05-26T14:56:12.897863Z","04_yolo26n_edgelite_wiou_progloss","YOLO26n EdgeLite + WIoU/ProgLoss","benchmark/train/IMG_3056_JPG.rf.d1f07550586b71a888012d36312db14a.jpg",640,640,640,640,0.250000,0.700000,5.787709,59.161459,0.125416,67.338646,1,"Xiaomi 23127PN0CC"
"c9796eca-fcd2-4cbd-aed0-3169bee9cc82","2026-05-26T14:56:12.969687Z","04_yolo26n_edgelite_wiou_progloss","YOLO26n EdgeLite + WIoU/ProgLoss","benchmark/train/202_jpg.rf.afe98ff1b736c1051581982c7659960a.jpg",640,640,640,640,0.250000,0.700000,6.352968,58.330260,0.107500,67.142343,1,"Xiaomi 23127PN0CC"
"095aa4d6-57d7-492a-89de-c90746da6f5a","2026-05-26T14:56:13.045322Z","04_yolo26n_edgelite_wiou_progloss","YOLO26n EdgeLite + WIoU/ProgLoss","benchmark/valid/1424_jpg.rf.c65be4d13edf0d92f3cd1d8f1665f74f.jpg",640,640,640,640,0.250000,0.700000,6.414480,62.028750,0.112240,70.908334,1,"Xiaomi 23127PN0CC"
"677fad64-b159-4f37-a294-06b12f6707c5","2026-05-26T14:56:13.117110Z","04_yolo26n_edgelite_wiou_progloss","YOLO26n EdgeLite + WIoU/ProgLoss","benchmark/test/617_jpg.rf.04427b9b98f1a89d65dde4cabcdcac6d.jpg",640,640,640,640,0.250000,0.700000,6.234010,58.734167,0.122552,67.318490,1,"Xiaomi 23127PN0CC"
"49421796-d3df-448c-a31f-c15c71d4dd43","2026-05-26T14:56:13.192084Z","04_yolo26n_edgelite_wiou_progloss","YOLO26n EdgeLite + WIoU/ProgLoss","benchmark/train/IMG_2396_2_JPG.rf.5d615e3320cea62b5134a47c19994f39.jpg",640,640,640,640,0.250000,0.700000,6.428541,60.585730,0.112135,69.509687,1,"Xiaomi 23127PN0CC"
"1d0b074e-eba8-47db-bf72-0d55ac753ade","2026-05-26T14:56:13.266094Z","04_yolo26n_edgelite_wiou_progloss","YOLO26n EdgeLite + WIoU/ProgLoss","benchmark/test/IMG_2790_1_JPG.rf.6bd20f1bc5761ab522d6e50d6026bdd6.jpg",640,640,640,640,0.250000,0.700000,6.446458,59.773437,0.117604,68.730364,1,"Xiaomi 23127PN0CC"
"a6cc32a3-0079-431f-bf4f-42d4b30d28ec","2026-05-26T14:56:13.336809Z","04_yolo26n_edgelite_wiou_progloss","YOLO26n EdgeLite + WIoU/ProgLoss","benchmark/train/IMG_3448_JPG.rf.7b9cf0cff8c79663c37544c0b7150c79.jpg",640,640,640,640,0.250000,0.700000,5.995365,57.615104,0.116823,65.704844,1,"Xiaomi 23127PN0CC"
"92a391a2-af7b-457f-883f-2e64a894e441","2026-05-26T14:56:13.412004Z","04_yolo26n_edgelite_wiou_progloss","YOLO26n EdgeLite + WIoU/ProgLoss","benchmark/valid/233_jpg.rf.a0cb08937908f0c2ac1f53e289635b32.jpg",640,640,640,640,0.250000,0.700000,5.909479,62.302396,0.121563,70.496459,1,"Xiaomi 23127PN0CC"
"b7f6052d-0089-4fbc-9663-f6b00e0b3116","2026-05-26T14:56:13.484887Z","04_yolo26n_edgelite_wiou_progloss","YOLO26n EdgeLite + WIoU/ProgLoss","benchmark/test/695_jpg.rf.b4249f42a29e3d3a81a471d38b51eaf0.jpg",640,640,640,640,0.250000,0.700000,6.430729,59.474010,0.112344,68.312864,1,"Xiaomi 23127PN0CC"
"56b63b17-0fd0-4495-9f86-1779da0b81e7","2026-05-26T14:56:13.557394Z","04_yolo26n_edgelite_wiou_progloss","YOLO26n EdgeLite + WIoU/ProgLoss","benchmark/train/1091_jpg.rf.ed3d89367781df3ff02a3de964c8b932.jpg",640,640,640,640,0.250000,0.700000,6.474792,59.099688,0.110104,68.098594,1,"Xiaomi 23127PN0CC"
"d6ae033f-7248-43c7-8c87-e3d62afb1e41","2026-05-26T14:56:13.630555Z","04_yolo26n_edgelite_wiou_progloss","YOLO26n EdgeLite + WIoU/ProgLoss","benchmark/train/IMG_2609_JPG.rf.b6c02ca9e0336db4592596a4a71b76a2.jpg",640,640,640,640,0.250000,0.700000,6.275312,59.315729,0.122084,68.091875,1,"Xiaomi 23127PN0CC"
"3557f7f2-27fb-4a49-87ba-ec61b9e5a5c2","2026-05-26T14:56:13.705013Z","04_yolo26n_edgelite_wiou_progloss","YOLO26n EdgeLite + WIoU/ProgLoss","benchmark/train/IMG_3511_1_JPG.rf.0b2c5cbb52213554d5a5a8af643ebb6c.jpg",640,640,640,640,0.250000,0.700000,6.491041,60.459427,0.108803,69.323750,1,"Xiaomi 23127PN0CC"
"1dd6f9fe-0aa7-4a33-a41b-0eea07c68750","2026-05-26T14:56:13.775783Z","04_yolo26n_edgelite_wiou_progloss","YOLO26n EdgeLite + WIoU/ProgLoss","benchmark/train/941_jpg.rf.59f70790a112f91a13818169ef61202e.jpg",640,640,640,640,0.250000,0.700000,6.424114,57.520989,0.107865,66.347552,1,"Xiaomi 23127PN0CC"
"cb7d6311-4643-4627-b3a8-a94ca6526b2c","2026-05-26T14:56:13.847159Z","04_yolo26n_edgelite_wiou_progloss","YOLO26n EdgeLite + WIoU/ProgLoss","benchmark/train/IMG_2336_2_JPG.rf.0c149efe688e5375542901eb4d8ed74b.jpg",640,640,640,640,0.250000,0.700000,6.438541,57.657968,0.114428,66.469896,1,"Xiaomi 23127PN0CC"
"593fc29f-3e27-4022-833a-0cd5266473a8","2026-05-26T14:56:13.921199Z","04_yolo26n_edgelite_wiou_progloss","YOLO26n EdgeLite + WIoU/ProgLoss","benchmark/train/IMG_2622_1_JPG.rf.0d9808061330f03b2688967a8180db20.jpg",640,640,640,640,0.250000,0.700000,5.970677,60.706510,0.124636,68.923750,1,"Xiaomi 23127PN0CC"
"06733e31-c7f9-48bd-b6ce-fc766abfd2d2","2026-05-26T14:56:13.994402Z","04_yolo26n_edgelite_wiou_progloss","YOLO26n EdgeLite + WIoU/ProgLoss","benchmark/train/PXL_20240124_144056524_jpg.rf.86279c9f43c5b64b0a3e84cf352686c5.jpg",640,640,640,640,0.250000,0.700000,6.948802,58.703073,0.104792,68.175886,1,"Xiaomi 23127PN0CC"
"a170046a-5f11-4989-a346-f5d6c8708cf4","2026-05-26T14:56:14.065939Z","04_yolo26n_edgelite_wiou_progloss","YOLO26n EdgeLite + WIoU/ProgLoss","benchmark/train/372_jpg.rf.595eeecf968895d381118f6032534d34.jpg",640,640,640,640,0.250000,0.700000,6.473229,58.044323,0.110989,66.966770,1,"Xiaomi 23127PN0CC"
"1219c3ca-0616-4dc0-831d-34cad9071ff4","2026-05-26T14:56:14.138191Z","04_yolo26n_edgelite_wiou_progloss","YOLO26n EdgeLite + WIoU/ProgLoss","benchmark/valid/IMG_2599_2_JPG.rf.4624dc909eb7985196bc543c7943db03.jpg",640,640,640,640,0.250000,0.700000,6.476094,58.472083,0.117084,67.148073,1,"Xiaomi 23127PN0CC"
"05b99b15-4a33-4e54-b1c5-87aa2e4b1703","2026-05-26T14:56:14.209773Z","04_yolo26n_edgelite_wiou_progloss","YOLO26n EdgeLite + WIoU/ProgLoss","benchmark/train/558_jpg.rf.cfc4ceaeb557f83abbb591bbb804ed57.jpg",640,640,640,640,0.250000,0.700000,6.346511,58.269167,0.149010,67.189323,1,"Xiaomi 23127PN0CC"
"5a91e9dc-25e5-4556-9537-7a8a1fd3df22","2026-05-26T14:56:14.281342Z","04_yolo26n_edgelite_wiou_progloss","YOLO26n EdgeLite + WIoU/ProgLoss","benchmark/train/IMG_2679_JPG.rf.f9f929f3fe575406bf25724d0b3b7aff.jpg",640,640,640,640,0.250000,0.700000,6.285000,57.678438,0.118958,66.387031,1,"Xiaomi 23127PN0CC"
"9d60414a-f629-4ede-869b-1969e228dbe9","2026-05-26T14:56:14.357066Z","04_yolo26n_edgelite_wiou_progloss","YOLO26n EdgeLite + WIoU/ProgLoss","benchmark/train/IMG_3185_2_JPG.rf.8372452b99690c0e69f8a5f222de8632.jpg",640,640,640,640,0.250000,0.700000,6.390989,61.089791,0.126094,70.239114,2,"Xiaomi 23127PN0CC"
"afc196a0-f2c8-421c-9029-d49ffc1c21ee","2026-05-26T14:56:14.432323Z","04_yolo26n_edgelite_wiou_progloss","YOLO26n EdgeLite + WIoU/ProgLoss","benchmark/valid/505_jpg.rf.976ac19145755fa169e93ca474314427.jpg",640,640,640,640,0.250000,0.700000,5.999896,61.658698,0.121666,70.053437,1,"Xiaomi 23127PN0CC"
"aa611f15-1970-4305-8fcb-6779a76608f7","2026-05-26T14:56:14.506329Z","04_yolo26n_edgelite_wiou_progloss","YOLO26n EdgeLite + WIoU/ProgLoss","benchmark/valid/IMG_3440_1_JPG.rf.c22db59c76cfcbef8ff5a98ddcd76f6f.jpg",640,640,640,640,0.250000,0.700000,6.692343,59.623802,0.112292,69.061250,1,"Xiaomi 23127PN0CC"
"dcea82f8-cf2c-4443-b5a3-20310311ef87","2026-05-26T14:56:14.578854Z","04_yolo26n_edgelite_wiou_progloss","YOLO26n EdgeLite + WIoU/ProgLoss","benchmark/train/IMG_3582_1_JPG.rf.a8ee7c55e9b258262e1bce47e4bee21d.jpg",640,640,640,640,0.250000,0.700000,6.444427,58.357500,0.113698,67.259479,1,"Xiaomi 23127PN0CC"
"63079e00-786f-4a87-bcea-6ee788935923","2026-05-26T14:56:14.649700Z","04_yolo26n_edgelite_wiou_progloss","YOLO26n EdgeLite + WIoU/ProgLoss","benchmark/valid/IMG_3317_1_JPG.rf.278c8ba8ca59768a4863ffbb1e7ff34f.jpg",640,640,640,640,0.250000,0.700000,6.121146,57.774635,0.123282,66.227188,1,"Xiaomi 23127PN0CC"
