batch_id,batch_index,run_id,image_label,sample_id,truth_rank,truth_class_id,truth_class_name,truth_cx,truth_cy,truth_w,truth_h,truth_x1,truth_y1,truth_x2,truth_y2,matched,detection_rank,detection_class_id,detection_class_name,confidence,detection_x1,detection_y1,detection_x2,detection_y2,detection_width,detection_height,detection_area,iou
"749c1322-56c2-475f-b72e-44c3f9093524",1,"c0600f8a-9601-4a9b-8da2-d828fa2c6507","benchmark/train/IMG_2364_1_JPG.rf.1c94284bd260412b38b766c448939358.jpg","train/IMG_2364_1_JPG.rf.1c94284bd260412b38b766c448939358",0,1,"brown_eye_spot",0.475000,0.539063,0.718750,0.886719,74.000000,61.250000,534.000000,628.750000,1,0,1,"brown_eye_spot",0.815431,73.131073,66.841110,527.299011,639.000000,454.167938,572.158875,259856.218750,0.956871
"749c1322-56c2-475f-b72e-44c3f9093524",2,"88d4197f-b0a6-40b1-a1d3-11dc7eb74043","benchmark/train/IMG_2644_JPG.rf.62322de683fda52f9acc66c550178d5f.jpg","train/IMG_2644_JPG.rf.62322de683fda52f9acc66c550178d5f",0,1,"brown_eye_spot",0.460156,0.500000,0.360938,0.942969,179.000015,18.250008,410.000000,621.750000,1,0,1,"brown_eye_spot",0.974390,177.219894,15.281860,411.254395,636.329346,234.034500,621.047485,145346.531250,0.959146
"749c1322-56c2-475f-b72e-44c3f9093524",3,"6cea3c1a-f704-4c88-947e-0a0e206180c5","benchmark/train/IMG_3190_JPG.rf.59d28086b97f15dfc9f8f9ff23ed5bb5.jpg","train/IMG_3190_JPG.rf.59d28086b97f15dfc9f8f9ff23ed5bb5",0,3,"miner",0.560938,0.367969,0.725781,0.517187,126.750015,70.000000,591.250000,401.000000,1,0,3,"miner",0.960661,128.090881,72.534180,589.501343,401.467682,461.410461,328.933502,151773.359375,0.984362
"749c1322-56c2-475f-b72e-44c3f9093524",3,"6cea3c1a-f704-4c88-947e-0a0e206180c5","benchmark/train/IMG_3190_JPG.rf.59d28086b97f15dfc9f8f9ff23ed5bb5.jpg","train/IMG_3190_JPG.rf.59d28086b97f15dfc9f8f9ff23ed5bb5",1,1,"brown_eye_spot",0.403906,0.782812,0.789063,0.234375,6.000004,426.000000,511.000000,576.000000,1,1,1,"brown_eye_spot",0.941030,5.316162,426.312927,517.086670,582.527283,511.770508,156.214355,79945.898438,0.943674
"749c1322-56c2-475f-b72e-44c3f9093524",4,"5b12c7b0-aa9a-4781-9219-4f650479491a","benchmark/train/241_jpg.rf.ee74fe69b27362c5fd97e6a8b631e6c1.jpg","train/241_jpg.rf.ee74fe69b27362c5fd97e6a8b631e6c1",0,4,"phoma",0.501562,0.525000,0.759375,0.581250,77.999992,149.999985,564.000000,522.000000,1,0,4,"phoma",0.962984,75.542816,148.703827,569.215881,520.123230,493.673065,371.419403,183359.750000,0.976166
"749c1322-56c2-475f-b72e-44c3f9093524",5,"5cb2a691-2667-4391-a41b-9804a6446b99","benchmark/train/IMG_2562_1_JPG.rf.3164d0c1211149f1680b7e46088c919f.jpg","train/IMG_2562_1_JPG.rf.3164d0c1211149f1680b7e46088c919f",0,4,"phoma",0.398438,0.550000,0.436719,0.556250,115.250000,174.000015,394.750000,530.000000,1,0,4,"phoma",0.971238,114.474640,174.817078,397.755371,532.593872,283.280731,357.776794,101351.273438,0.977298
"749c1322-56c2-475f-b72e-44c3f9093524",6,"787b3f37-8c38-482e-93e7-11cad05e9604","benchmark/train/IMG_3204_1_JPG.rf.8cb71c49b759f01f2ef81ae099fdd13b.jpg","train/IMG_3204_1_JPG.rf.8cb71c49b759f01f2ef81ae099fdd13b",0,1,"brown_eye_spot",0.456250,0.551562,0.887500,0.378125,8.000011,231.999985,576.000000,474.000000,1,0,1,"brown_eye_spot",0.981308,3.212891,231.015350,577.993408,473.838470,574.780518,242.823120,139570.000000,0.983550
"749c1322-56c2-475f-b72e-44c3f9093524",7,"eca5d1ca-1ea6-425d-a899-81a71e8fa844","benchmark/train/IMG_2338_1_JPG.rf.b55052c071a5e9df34d55f846b2af197.jpg","train/IMG_2338_1_JPG.rf.b55052c071a5e9df34d55f846b2af197",0,3,"miner",0.487500,0.444531,0.577344,0.704687,127.250000,59.000015,496.750031,510.000000,1,0,3,"miner",0.947848,123.190186,62.480682,494.113586,499.847229,370.923401,437.366547,162229.484375,0.952700
"749c1322-56c2-475f-b72e-44c3f9093524",8,"c6825fed-cae7-491c-8fab-75752d08d66a","benchmark/train/IMG_3040_JPG.rf.bc518c8af29924f65a93321f8572a0a0.jpg","train/IMG_3040_JPG.rf.bc518c8af29924f65a93321f8572a0a0",0,1,"brown_eye_spot",0.542188,0.473437,0.764844,0.400000,102.250000,175.000000,591.750000,431.000000,1,0,1,"brown_eye_spot",0.872053,112.405167,177.801895,594.813477,430.500183,482.408325,252.698288,121903.757813,0.960690
"749c1322-56c2-475f-b72e-44c3f9093524",9,"9349b40d-9a0d-4550-b9f1-fcfa005918d5","benchmark/train/997_jpg.rf.163c2d47dd206ce8957cd56209159f9b.jpg","train/997_jpg.rf.163c2d47dd206ce8957cd56209159f9b",0,2,"healthy",0.489844,0.475000,0.824219,0.654688,49.750004,94.499985,577.250000,513.500000,1,0,2,"healthy",0.964346,50.201752,91.788452,579.405212,515.541138,529.203491,423.752686,224251.406250,0.983927
"749c1322-56c2-475f-b72e-44c3f9093524",10,"366fe214-7f0b-45ee-a953-59e89e2c257e","benchmark/train/PXL_20240125_083258747_jpg.rf.d64e6f473828fa3a45e76ba62cfaedbf.jpg","train/PXL_20240125_083258747_jpg.rf.d64e6f473828fa3a45e76ba62cfaedbf",0,2,"healthy",0.389844,0.465625,0.743750,0.931250,11.500015,0.000000,487.500000,596.000000,1,0,2,"healthy",0.941248,10.706573,6.205261,486.733093,598.013916,476.026520,591.808655,281716.625000,0.983051
"749c1322-56c2-475f-b72e-44c3f9093524",11,"f179faf6-e253-43fd-874b-38bf3baaa085","benchmark/train/IMG_3142_1_JPG.rf.ccf59c0bda945691e66b58f2651d4dc4.jpg","train/IMG_3142_1_JPG.rf.ccf59c0bda945691e66b58f2651d4dc4",0,3,"miner",0.325781,0.160938,0.201562,0.311719,144.000000,3.249998,273.000000,202.750015,1,0,3,"miner",0.971907,145.317017,4.578056,275.648163,206.797607,130.331146,202.219543,26355.505859,0.944578
"749c1322-56c2-475f-b72e-44c3f9093524",11,"f179faf6-e253-43fd-874b-38bf3baaa085","benchmark/train/IMG_3142_1_JPG.rf.ccf59c0bda945691e66b58f2651d4dc4.jpg","train/IMG_3142_1_JPG.rf.ccf59c0bda945691e66b58f2651d4dc4",1,3,"miner",0.582812,0.203125,0.334375,0.259375,266.000000,47.000000,480.000000,213.000000,1,1,3,"miner",0.968958,265.911499,45.479340,480.536621,213.026962,214.625122,167.547623,35959.929688,0.987877
"749c1322-56c2-475f-b72e-44c3f9093524",11,"f179faf6-e253-43fd-874b-38bf3baaa085","benchmark/train/IMG_3142_1_JPG.rf.ccf59c0bda945691e66b58f2651d4dc4.jpg","train/IMG_3142_1_JPG.rf.ccf59c0bda945691e66b58f2651d4dc4",2,1,"brown_eye_spot",0.682813,0.556250,0.553125,0.194531,260.000000,293.749969,614.000000,418.249969,1,2,1,"brown_eye_spot",0.893850,258.204620,293.777405,612.440613,421.650879,354.235992,127.873474,45297.386719,0.964132
"749c1322-56c2-475f-b72e-44c3f9093524",12,"702ac605-21f6-46b3-a153-b3aed0064dbb","benchmark/train/IMG_3422_2_JPG.rf.9daeb9b9526ed143eec4d9190c44e135.jpg","train/IMG_3422_2_JPG.rf.9daeb9b9526ed143eec4d9190c44e135",0,3,"miner",0.494531,0.424219,0.720312,0.273438,86.000000,184.000000,547.000000,359.000000,1,0,3,"miner",0.954797,76.108459,183.958588,547.768982,362.344727,471.660522,178.386139,84137.703125,0.958845
"749c1322-56c2-475f-b72e-44c3f9093524",13,"4f6aed4c-045a-471e-bedd-9be78d28dbf2","benchmark/train/281_jpg.rf.94ad358d755738fda8d3a4eb5002eaab.jpg","train/281_jpg.rf.94ad358d755738fda8d3a4eb5002eaab",0,4,"phoma",0.497656,0.538281,0.800000,0.600000,62.500000,152.500000,574.500000,536.500000,1,0,4,"phoma",0.977411,59.476257,153.916351,580.332275,535.459045,520.856018,381.542694,198728.812500,0.976813
"749c1322-56c2-475f-b72e-44c3f9093524",14,"95565580-4a27-44c0-a369-9484009dc41f","benchmark/train/414_jpg.rf.ff3a149332eaacbd105d99ed06dd00b8.jpg","train/414_jpg.rf.ff3a149332eaacbd105d99ed06dd00b8",0,4,"phoma",0.521875,0.495313,0.678125,0.645312,117.000008,110.500015,551.000000,523.500000,1,0,4,"phoma",0.361964,111.682495,111.950500,551.887451,526.211853,440.204956,414.261353,182359.906250,0.976081
"749c1322-56c2-475f-b72e-44c3f9093524",15,"ec8dfca3-029b-45dc-a103-27c6c4f3aebe","benchmark/train/IMG_3306_2_JPG.rf.65db2779da9c676eaeed472b9802e83c.jpg","train/IMG_3306_2_JPG.rf.65db2779da9c676eaeed472b9802e83c",0,3,"miner",0.484375,0.505469,0.614844,0.501562,113.250008,163.000000,506.750000,483.999969,1,0,3,"miner",0.978752,116.868637,163.890930,505.637756,491.278961,388.769104,327.388031,127278.351563,0.963646
"749c1322-56c2-475f-b72e-44c3f9093524",16,"d2c0d7c4-3382-4c6f-b8e4-3b920c54f3d9","benchmark/train/IMG_3576_1_JPG.rf.9039eafef0253d5182bfb82cc02984bf.jpg","train/IMG_3576_1_JPG.rf.9039eafef0253d5182bfb82cc02984bf",0,0,"algal_spot",0.420312,0.537500,0.458594,0.367969,122.249992,226.250015,415.750000,461.750031,1,0,0,"algal_spot",0.963843,121.418365,225.863800,417.262360,461.126038,295.843994,235.262238,69600.921875,0.987849
"749c1322-56c2-475f-b72e-44c3f9093524",17,"35b1880a-b6ee-4e03-ad3c-4844b167cebb","benchmark/train/IMG_2519_JPG.rf.4da3578820bee43f7e9c5808d0db7955.jpg","train/IMG_2519_JPG.rf.4da3578820bee43f7e9c5808d0db7955",0,0,"algal_spot",0.615625,0.449219,0.503125,0.607813,233.000015,92.999992,555.000000,482.000000,1,0,0,"algal_spot",0.976741,233.642334,93.690689,554.456848,479.023285,320.814514,385.332581,123620.281250,0.986925
"749c1322-56c2-475f-b72e-44c3f9093524",18,"88ba2a71-c382-44d6-9ea8-ec5199f99568","benchmark/train/IMG_2825_2_JPG.rf.8d384ee2ead69ff5dc0dd306ffc0a8a5.jpg","train/IMG_2825_2_JPG.rf.8d384ee2ead69ff5dc0dd306ffc0a8a5",0,5,"powdery_mildew",0.506250,0.454688,0.777344,0.790625,75.250015,38.000011,572.750000,544.000000,1,0,5,"powdery_mildew",0.961542,78.574585,49.028091,577.707947,544.412476,499.133362,495.384399,247262.875000,0.961509
"749c1322-56c2-475f-b72e-44c3f9093524",19,"9654de90-8411-4ff8-853e-9f68af8cb26d","benchmark/valid/IMG_2773_1_JPG.rf.0a9e3123fec16b7215c095ad32f55798.jpg","valid/IMG_2773_1_JPG.rf.0a9e3123fec16b7215c095ad32f55798",0,1,"brown_eye_spot",0.506250,0.433594,0.925000,0.445313,28.000011,135.000000,620.000000,420.000000,1,0,1,"brown_eye_spot",0.979347,31.200195,132.609253,630.393860,415.806763,599.193665,283.197510,169690.156250,0.955323
"749c1322-56c2-475f-b72e-44c3f9093524",20,"504457cf-e9a8-402a-86db-6079b0675bca","benchmark/train/IMG_2870_JPG.rf.d263bb2425feaa5bb576c3df58af28a1.jpg","train/IMG_2870_JPG.rf.d263bb2425feaa5bb576c3df58af28a1",0,3,"miner",0.450781,0.446875,0.748438,0.641406,48.999996,80.750008,528.000000,491.250000,1,0,3,"miner",0.940989,47.998627,80.749893,528.908386,496.446350,480.909760,415.696472,199912.484375,0.983578
"749c1322-56c2-475f-b72e-44c3f9093524",21,"e8a1f1cc-2a47-4b29-a4b4-1c56758aec6c","benchmark/train/IMG_3060_JPG.rf.a0a72ae1bd9a38492e92ef2880af0812.jpg","train/IMG_3060_JPG.rf.a0a72ae1bd9a38492e92ef2880af0812",0,0,"algal_spot",0.401563,0.493750,0.484375,0.702344,102.000008,91.250000,412.000000,540.750000,1,0,0,"algal_spot",0.974288,100.550720,92.130127,414.640808,540.337524,314.090088,448.207397,140777.500000,0.984177
"749c1322-56c2-475f-b72e-44c3f9093524",22,"45000f65-1213-4c25-beef-3dad499c1279","benchmark/train/IMG_3375_1_JPG.rf.15ba59101c8e4cea9fc1916c9c9fa169.jpg","train/IMG_3375_1_JPG.rf.15ba59101c8e4cea9fc1916c9c9fa169",0,1,"brown_eye_spot",0.340625,0.506250,0.637500,0.705469,13.999996,98.250008,421.999969,549.750000,1,0,1,"brown_eye_spot",0.969391,8.482269,96.407150,430.761169,557.778076,422.278900,461.370911,194827.203125,0.945515
"749c1322-56c2-475f-b72e-44c3f9093524",23,"9ab3fd9e-2d1c-41c6-9235-5f4498172871","benchmark/train/IMG_2323_2_JPG.rf.fb0982900952942a2bf6711fa786472e.jpg","train/IMG_2323_2_JPG.rf.fb0982900952942a2bf6711fa786472e",0,3,"miner",0.406250,0.517187,0.735156,0.769531,24.750004,84.749985,495.250000,577.250000,1,0,3,"miner",0.960635,28.414001,83.192230,499.264099,576.399170,470.850098,493.206940,232226.531250,0.979061
"749c1322-56c2-475f-b72e-44c3f9093524",24,"29290faa-d400-4135-8503-49e69c40338d","benchmark/train/448_jpg.rf.3159ef854a8436c1b57d17099fb4378f.jpg","train/448_jpg.rf.3159ef854a8436c1b57d17099fb4378f",0,4,"phoma",0.501562,0.573438,0.857813,0.553906,46.499977,189.750000,595.500000,544.250000,1,0,4,"phoma",0.970039,46.124542,191.920959,595.102905,548.482483,548.978394,356.561523,195744.578125,0.980781
"749c1322-56c2-475f-b72e-44c3f9093524",25,"bb411c77-02eb-4a39-a2f6-f6c90546109a","benchmark/train/PXL_20240125_114235364_jpg.rf.344c39dec5fb1bdd20174487e0e6d50a.jpg","train/PXL_20240125_114235364_jpg.rf.344c39dec5fb1bdd20174487e0e6d50a",0,2,"healthy",0.223438,0.368750,0.446875,0.519531,0.000000,69.750000,286.000000,402.250000,1,0,2,"healthy",0.965288,0.822235,73.855301,289.780182,407.016083,288.957947,333.160767,96269.453125,0.958422
"749c1322-56c2-475f-b72e-44c3f9093524",25,"bb411c77-02eb-4a39-a2f6-f6c90546109a","benchmark/train/PXL_20240125_114235364_jpg.rf.344c39dec5fb1bdd20174487e0e6d50a.jpg","train/PXL_20240125_114235364_jpg.rf.344c39dec5fb1bdd20174487e0e6d50a",1,2,"healthy",0.515625,0.553906,0.503906,0.748438,168.750000,115.000000,491.250000,594.000000,1,1,2,"healthy",0.947659,170.507431,113.139053,495.194489,598.238098,324.687073,485.099060,157505.390625,0.970246
"749c1322-56c2-475f-b72e-44c3f9093524",26,"3243021d-d6a6-4acc-8138-8506b9d2748b","benchmark/train/1159_jpg.rf.81e3f864fa3224f24f0e8578d143187a.jpg","train/1159_jpg.rf.81e3f864fa3224f24f0e8578d143187a",0,4,"phoma",0.485156,0.485156,0.913281,0.644531,18.249989,104.249992,602.750000,516.750000,1,0,4,"phoma",0.972993,17.375305,105.122253,604.638000,517.899170,587.262695,412.776917,242408.484375,0.990442
"749c1322-56c2-475f-b72e-44c3f9093524",27,"b71c0a6e-de20-49d2-8be7-4be62166087e","benchmark/train/IMG_3159_1_JPG.rf.15d905de7aec1b8dbaca440dd67c3509.jpg","train/IMG_3159_1_JPG.rf.15d905de7aec1b8dbaca440dd67c3509",0,3,"miner",0.468750,0.562500,0.302344,0.753125,203.250000,119.000000,396.750000,601.000000,1,0,3,"miner",0.932041,204.960999,118.295563,397.369934,604.658020,192.408936,486.362457,93580.484375,0.979208
"749c1322-56c2-475f-b72e-44c3f9093524",28,"45a94695-06fb-416f-88f3-b1a28db7c333","benchmark/valid/IMG_3607_1_JPG.rf.10e15ff79fcb16731a09082bbb63954f.jpg","valid/IMG_3607_1_JPG.rf.10e15ff79fcb16731a09082bbb63954f",0,0,"algal_spot",0.551562,0.671094,0.807031,0.276563,94.749985,341.000000,611.250000,518.000000,1,1,0,"algal_spot",0.540394,97.085373,337.302612,608.281677,517.836548,511.196289,180.533936,92288.281250,0.968788
"749c1322-56c2-475f-b72e-44c3f9093524",28,"45a94695-06fb-416f-88f3-b1a28db7c333","benchmark/valid/IMG_3607_1_JPG.rf.10e15ff79fcb16731a09082bbb63954f.jpg","valid/IMG_3607_1_JPG.rf.10e15ff79fcb16731a09082bbb63954f",1,0,"algal_spot",0.702344,0.231250,0.585156,0.462500,262.250000,0.000000,636.750000,296.000000,1,0,0,"algal_spot",0.940365,260.542053,0.044487,639.000000,299.831360,378.457947,299.786865,113456.718750,0.976752
"749c1322-56c2-475f-b72e-44c3f9093524",29,"36319093-bf16-452e-bb7f-e18099011e51","benchmark/test/629_jpg.rf.654dcc115974db140acbfb4452fa9ede.jpg","test/629_jpg.rf.654dcc115974db140acbfb4452fa9ede",0,4,"phoma",0.528125,0.470313,0.810156,0.608594,78.750000,106.250000,597.250000,495.750000,1,0,4,"phoma",0.965046,75.001953,107.163437,599.692993,496.494659,524.691040,389.331238,204278.609375,0.984029
"749c1322-56c2-475f-b72e-44c3f9093524",30,"8ec798f8-9a7f-49d5-b6dc-38159eebe586","benchmark/valid/IMG_3016_JPG.rf.20bbaacf4f0bee6522bbfde9ff0dfc36.jpg","valid/IMG_3016_JPG.rf.20bbaacf4f0bee6522bbfde9ff0dfc36",0,0,"algal_spot",0.487500,0.523438,0.718750,0.427344,82.000008,198.250000,542.000000,471.750000,1,0,0,"algal_spot",0.886744,92.588699,194.234589,549.101196,474.432495,456.512512,280.197906,127913.851563,0.939639
"749c1322-56c2-475f-b72e-44c3f9093524",31,"6627aa35-99e4-46f7-a135-545eb5bdf7a4","benchmark/train/IMG_2400_JPG.rf.62cddeeb4d24f9bbe43f04cbf9f5353d.jpg","train/IMG_2400_JPG.rf.62cddeeb4d24f9bbe43f04cbf9f5353d",0,3,"miner",0.450000,0.426562,0.878906,0.686719,6.749992,53.249989,569.250000,492.750000,1,0,3,"miner",0.967473,7.573395,50.957199,572.584717,497.990601,565.011353,447.033386,252578.937500,0.975947
"749c1322-56c2-475f-b72e-44c3f9093524",32,"212cc48c-de39-4d04-a0fa-7a1add2c1e08","benchmark/test/1039_jpg.rf.ecf150e99b364f2d102dd1c279f0a4f3.jpg","test/1039_jpg.rf.ecf150e99b364f2d102dd1c279f0a4f3",0,2,"healthy",0.517969,0.503125,0.802344,0.657812,74.750023,111.500015,588.250000,532.500000,1,0,2,"healthy",0.980242,69.874573,108.668243,595.711365,533.028870,525.836792,424.360626,223144.437500,0.968805
"749c1322-56c2-475f-b72e-44c3f9093524",33,"5c3bc7e1-5639-4bd5-a8ae-dff8246dcef7","benchmark/valid/IMG_2531_1_JPG.rf.0bf8650917dca393ca6c38a84ae26c5c.jpg","valid/IMG_2531_1_JPG.rf.0bf8650917dca393ca6c38a84ae26c5c",0,0,"algal_spot",0.445313,0.547656,0.471875,0.507813,134.000000,188.000000,436.000000,513.000000,1,1,0,"algal_spot",0.366573,135.949280,195.078934,436.911285,521.118042,300.962006,326.039124,98125.390625,0.945576
"749c1322-56c2-475f-b72e-44c3f9093524",34,"3e51e92c-f347-4c41-a371-4c9048f56b3b","benchmark/train/355_jpg.rf.9fd634a630afe8da696cc0e13f8c6041.jpg","train/355_jpg.rf.9fd634a630afe8da696cc0e13f8c6041",0,4,"phoma",0.516406,0.553906,0.698438,0.682813,106.999985,136.000000,554.000000,573.000000,1,0,4,"phoma",0.971322,106.397629,139.348389,557.395691,573.133484,450.998047,433.785095,195636.234375,0.983307
"749c1322-56c2-475f-b72e-44c3f9093524",35,"7905b088-8361-496b-ba6f-ff16de5bbbc1","benchmark/valid/726_jpg.rf.3c4fdb9d285266e4a4e29e48d6d948d9.jpg","valid/726_jpg.rf.3c4fdb9d285266e4a4e29e48d6d948d9",0,2,"healthy",0.500000,0.522656,0.835156,0.688281,52.749996,114.250015,587.250000,554.750000,1,0,2,"healthy",0.981084,62.283325,115.156387,585.265137,552.881287,522.981812,437.724915,228922.171875,0.972286
"749c1322-56c2-475f-b72e-44c3f9093524",36,"92c8070b-c817-4f4f-928a-12622da26540","benchmark/valid/IMG_2640_JPG.rf.77ff05fb45e74aef91b58a8603504138.jpg","valid/IMG_2640_JPG.rf.77ff05fb45e74aef91b58a8603504138",0,1,"brown_eye_spot",0.546875,0.432031,0.708594,0.445313,123.250008,134.000000,576.750000,419.000000,1,0,1,"brown_eye_spot",0.966262,118.570877,134.087204,585.876709,429.096924,467.305847,295.009705,137859.765625,0.936973
"749c1322-56c2-475f-b72e-44c3f9093524",37,"2461288b-1266-46f6-a277-859a88dfbe07","benchmark/valid/IMG_2877_2_JPG.rf.cff5094f1aab349f1ef979966a22e1d9.jpg","valid/IMG_2877_2_JPG.rf.cff5094f1aab349f1ef979966a22e1d9",0,5,"powdery_mildew",0.383594,0.428125,0.539063,0.774219,72.999992,26.250000,418.000000,521.750000,1,0,5,"powdery_mildew",0.931648,69.781631,33.619308,421.033936,528.932983,351.252319,495.313660,173980.078125,0.954015
"749c1322-56c2-475f-b72e-44c3f9093524",38,"e7c9caaa-9d00-4fc9-afa1-888317625f4b","benchmark/train/IMG_2555_1_JPG.rf.e83b00cca669de29eebd083f2efb15f0.jpg","train/IMG_2555_1_JPG.rf.e83b00cca669de29eebd083f2efb15f0",0,4,"phoma",0.495313,0.477344,0.469531,0.817187,166.750015,43.999996,467.250000,567.000000,1,0,4,"phoma",0.976052,167.422424,41.632019,462.765625,572.769775,295.343201,531.137756,156867.921875,0.968035
"749c1322-56c2-475f-b72e-44c3f9093524",39,"612ca7ae-b7ea-4c59-8979-666931679752","benchmark/valid/IMG_2826_1_JPG.rf.09ca3484c56b62926b7d47a40b71f3e8.jpg","valid/IMG_2826_1_JPG.rf.09ca3484c56b62926b7d47a40b71f3e8",0,5,"powdery_mildew",0.542969,0.450781,0.901563,0.314063,58.999996,188.000000,636.000000,389.000000,1,0,5,"powdery_mildew",0.940160,47.971344,192.391205,639.000000,386.059235,591.028687,193.668030,114463.359375,0.941467
"749c1322-56c2-475f-b72e-44c3f9093524",39,"612ca7ae-b7ea-4c59-8979-666931679752","benchmark/valid/IMG_2826_1_JPG.rf.09ca3484c56b62926b7d47a40b71f3e8.jpg","valid/IMG_2826_1_JPG.rf.09ca3484c56b62926b7d47a40b71f3e8",1,5,"powdery_mildew",0.442187,0.146094,0.667969,0.292188,69.249992,0.000000,496.750000,187.000000,1,1,5,"powdery_mildew",0.910662,68.520279,0.000000,510.081604,187.564835,441.561340,187.564835,82821.382813,0.965240
"749c1322-56c2-475f-b72e-44c3f9093524",40,"081f2b41-0d55-46ff-adb8-b9f06dbff230","benchmark/test/204_jpg.rf.49e0cba19b45f2be75b2f9e5bb226684.jpg","test/204_jpg.rf.49e0cba19b45f2be75b2f9e5bb226684",0,2,"healthy",0.456250,0.525000,0.851563,0.691406,19.500008,114.749985,564.500000,557.250000,0,,,,,,,,,,,,0.000000
"749c1322-56c2-475f-b72e-44c3f9093524",41,"1e5db4fa-a1da-4a82-a14a-78d4ebdee6e6","benchmark/valid/IMG_2895_2_JPG.rf.edd758af02c21a1fd25167c993a690c9.jpg","valid/IMG_2895_2_JPG.rf.edd758af02c21a1fd25167c993a690c9",0,1,"brown_eye_spot",0.557031,0.478125,0.401563,0.865625,228.000015,28.999996,485.000000,583.000000,1,0,1,"brown_eye_spot",0.974277,227.045425,28.391373,483.054077,583.752136,256.008667,555.360779,142177.171875,0.986351
"749c1322-56c2-475f-b72e-44c3f9093524",42,"b133bcdd-c62b-4ff1-98a1-70fd87e11ae2","benchmark/train/IMG_3586_1_JPG.rf.3c193bd8ed5373c280f0e2e6c3b94d8f.jpg","train/IMG_3586_1_JPG.rf.3c193bd8ed5373c280f0e2e6c3b94d8f",0,0,"algal_spot",0.464844,0.540625,0.539063,0.509375,125.000000,183.000000,470.000000,508.999969,1,0,0,"algal_spot",0.961843,124.050735,185.800705,477.653412,512.962097,353.602661,327.161377,115685.132813,0.955872
"749c1322-56c2-475f-b72e-44c3f9093524",43,"e91e119e-f1f0-4b79-b0d4-f12ec09859e4","benchmark/train/732_jpg.rf.b1014a86874b505a12810370907316f3.jpg","train/732_jpg.rf.b1014a86874b505a12810370907316f3",0,4,"phoma",0.496094,0.517187,0.923437,0.680469,22.000008,113.249985,613.000000,548.750000,1,0,4,"phoma",0.969808,23.561401,114.230667,607.340088,549.439087,583.778687,435.208435,254065.406250,0.984019
"749c1322-56c2-475f-b72e-44c3f9093524",44,"6e1bae43-71a7-4861-ab37-3efb7ddcd01c","benchmark/test/IMG_3064_JPG.rf.8e950e6f024d9f321ba8bece22ec3432.jpg","test/IMG_3064_JPG.rf.8e950e6f024d9f321ba8bece22ec3432",0,3,"miner",0.512500,0.470313,0.606250,0.593750,134.000000,111.000000,522.000000,491.000000,1,0,3,"miner",0.955396,134.616699,110.110535,520.993774,484.858765,386.377075,374.748230,144794.125000,0.977445
"749c1322-56c2-475f-b72e-44c3f9093524",45,"c1a949b4-c186-4702-9226-e7eab15fd61b","benchmark/train/PXL_20240125_064311604_jpg.rf.84b69aa25380188b9db512a1557bcd0d.jpg","train/PXL_20240125_064311604_jpg.rf.84b69aa25380188b9db512a1557bcd0d",0,2,"healthy",0.473437,0.475781,0.610937,0.951563,107.500000,0.000000,498.500000,609.000000,1,0,2,"healthy",0.928105,108.424820,4.535034,494.675232,615.099976,386.250427,610.564941,235830.968750,0.970890
"749c1322-56c2-475f-b72e-44c3f9093524",46,"79f97c47-786d-4bb9-b8df-7bb54cfeea8b","benchmark/valid/IMG_2661_2_JPG.rf.5d5d364fe14c500aa0d32c03f030aa55.jpg","valid/IMG_2661_2_JPG.rf.5d5d364fe14c500aa0d32c03f030aa55",0,1,"brown_eye_spot",0.550781,0.440625,0.673437,0.734375,137.000000,47.000008,568.000000,517.000000,1,0,1,"brown_eye_spot",0.961822,135.091003,52.797012,558.232239,510.997040,423.141235,458.200012,193883.312500,0.948703
"749c1322-56c2-475f-b72e-44c3f9093524",47,"0af40471-93d5-484f-8192-a81268d6dd3b","benchmark/valid/IMG_3616_1_JPG.rf.f1aa94e7a3e115f3827a3c784c911a45.jpg","valid/IMG_3616_1_JPG.rf.f1aa94e7a3e115f3827a3c784c911a45",0,0,"algal_spot",0.346875,0.664063,0.578906,0.546094,36.750011,250.250000,407.250000,599.750000,1,0,0,"algal_spot",0.975068,38.305466,244.043091,408.979065,592.925720,370.673584,348.882629,129321.578125,0.955019
"749c1322-56c2-475f-b72e-44c3f9093524",48,"27f58c48-8f05-4028-a329-b31e2daa9e6b","benchmark/train/IMG_3191_1_JPG.rf.40d5798e7968a7248183cfc93cfedfa5.jpg","train/IMG_3191_1_JPG.rf.40d5798e7968a7248183cfc93cfedfa5",0,3,"miner",0.653906,0.646875,0.460938,0.535156,271.000000,242.750015,566.000000,585.250000,1,0,3,"miner",0.971843,272.687744,242.830627,564.393250,591.005127,291.705505,348.174500,101564.421875,0.972442
"749c1322-56c2-475f-b72e-44c3f9093524",48,"27f58c48-8f05-4028-a329-b31e2daa9e6b","benchmark/train/IMG_3191_1_JPG.rf.40d5798e7968a7248183cfc93cfedfa5.jpg","train/IMG_3191_1_JPG.rf.40d5798e7968a7248183cfc93cfedfa5",1,1,"brown_eye_spot",0.353906,0.365625,0.695313,0.187500,3.999996,174.000000,449.000000,294.000000,1,1,1,"brown_eye_spot",0.674160,2.370972,174.907623,425.842987,297.392670,423.472015,122.485046,51868.988281,0.912914
"749c1322-56c2-475f-b72e-44c3f9093524",49,"457d9325-3152-454e-a834-f4450481691a","benchmark/valid/IMG_3440_1_JPG.rf.c22db59c76cfcbef8ff5a98ddcd76f6f.jpg","valid/IMG_3440_1_JPG.rf.c22db59c76cfcbef8ff5a98ddcd76f6f",0,3,"miner",0.427344,0.529688,0.596094,0.552344,82.750000,162.250031,464.250031,515.750000,1,0,3,"miner",0.928877,82.623672,165.058090,472.621674,510.839996,389.997986,345.781921,134854.250000,0.957308
"749c1322-56c2-475f-b72e-44c3f9093524",50,"d3b914d7-e5dd-4044-aacd-5e892f0615b7","benchmark/train/1324_jpg.rf.445af81d5f027e62010e531478835ff2.jpg","train/1324_jpg.rf.445af81d5f027e62010e531478835ff2",0,4,"phoma",0.492969,0.482031,0.881250,0.691406,33.499985,87.250000,597.500000,529.750000,1,0,4,"phoma",0.951210,29.826782,88.315552,599.931763,538.354858,570.104980,450.039307,256569.656250,0.968108
"749c1322-56c2-475f-b72e-44c3f9093524",51,"798539f8-54e6-4e4e-b3b5-44dff550898e","benchmark/train/392_jpg.rf.972f0b52dee079cff4dde26583d778aa.jpg","train/392_jpg.rf.972f0b52dee079cff4dde26583d778aa",0,4,"phoma",0.525000,0.563281,0.873438,0.584375,56.499977,173.499985,615.500000,547.500000,1,0,4,"phoma",0.969995,59.851929,171.037659,613.418213,547.990356,553.566284,376.952698,208668.296875,0.982597
"749c1322-56c2-475f-b72e-44c3f9093524",52,"a9eaf021-f8eb-4d07-aec0-3d6aa744d20b","benchmark/test/IMG_2299_2_JPG.rf.d1d12829b3692de5cb686b9d1555c6fb.jpg","test/IMG_2299_2_JPG.rf.d1d12829b3692de5cb686b9d1555c6fb",0,1,"brown_eye_spot",0.622656,0.489062,0.410937,0.788281,267.000000,60.749989,530.000000,565.250000,1,0,1,"brown_eye_spot",0.946391,268.010681,64.528091,526.291748,556.686401,258.281067,492.158325,127115.179688,0.958033
"749c1322-56c2-475f-b72e-44c3f9093524",53,"07fe2d5a-235e-4f9e-8d8a-af8327f8c675","benchmark/train/824_jpg.rf.668deb180e76bd104385004299cd56ec.jpg","train/824_jpg.rf.668deb180e76bd104385004299cd56ec",0,2,"healthy",0.482812,0.521875,0.907812,0.726563,18.500004,101.500015,599.500000,566.500000,1,0,2,"healthy",0.979365,17.713104,100.251312,599.848267,567.538818,582.135132,467.287506,272024.468750,0.993164
"749c1322-56c2-475f-b72e-44c3f9093524",54,"96278ca9-114f-4100-be42-af79bc8cc411","benchmark/valid/346_jpg.rf.fc04d073cd58898aab706285c4a96433.jpg","valid/346_jpg.rf.fc04d073cd58898aab706285c4a96433",0,4,"phoma",0.539844,0.518750,0.795313,0.611719,90.999985,136.250000,600.000000,527.750000,1,0,4,"phoma",0.971522,83.320221,135.267181,603.526855,526.887817,520.206665,391.620636,203723.671875,0.973904
"749c1322-56c2-475f-b72e-44c3f9093524",55,"48ae2f78-287b-4ea1-8a27-210165de5d34","benchmark/train/IMG_2833_1_JPG.rf.0d1868ef7d610c7c94b4a7b74857d085.jpg","train/IMG_2833_1_JPG.rf.0d1868ef7d610c7c94b4a7b74857d085",0,5,"powdery_mildew",0.552344,0.482812,0.429688,0.628906,215.999985,107.750000,491.000000,510.250000,1,0,5,"powdery_mildew",0.925133,213.563187,106.796051,491.288330,509.599060,277.725159,402.803009,111868.531250,0.986264
"749c1322-56c2-475f-b72e-44c3f9093524",56,"36ea2d4b-eb55-4e0c-85d6-8bebe94dbd3b","benchmark/train/576_jpg.rf.33b5f5be195454d8055770cd688e73e8.jpg","train/576_jpg.rf.33b5f5be195454d8055770cd688e73e8",0,4,"phoma",0.473437,0.503125,0.774219,0.621875,55.249996,123.000015,550.750000,521.000000,1,0,4,"phoma",0.968808,62.414551,130.501923,546.344238,512.818237,483.929688,382.316315,185014.218750,0.938163
"749c1322-56c2-475f-b72e-44c3f9093524",57,"7716a3a2-e99f-47eb-beca-7c5012902aec","benchmark/train/IMG_3393_JPG.rf.79cf41de2d1c618c36768992bd7dddf0.jpg","train/IMG_3393_JPG.rf.79cf41de2d1c618c36768992bd7dddf0",0,1,"brown_eye_spot",0.581250,0.490625,0.587500,0.565625,184.000015,133.000000,560.000000,495.000000,1,0,1,"brown_eye_spot",0.978460,185.231293,138.280243,565.406982,500.218567,380.175690,361.938324,137600.156250,0.954741
"749c1322-56c2-475f-b72e-44c3f9093524",58,"737c9e6c-c925-4e3b-914e-8e261fd77618","benchmark/train/IMG_2368_2_JPG.rf.940826f8cb7bb03248bf7895167dca05.jpg","train/IMG_2368_2_JPG.rf.940826f8cb7bb03248bf7895167dca05",0,3,"miner",0.537500,0.451562,0.646875,0.696875,137.000000,66.000000,551.000000,511.999969,1,0,3,"miner",0.943942,147.045792,66.772156,553.643921,514.632324,406.598145,447.860168,182099.109375,0.962332
"749c1322-56c2-475f-b72e-44c3f9093524",59,"28dfed6e-fd15-42fa-bb09-cf4b8ee1030a","benchmark/train/IMG_3491_1_JPG.rf.62337fb1b131e53b9d77960685b6860e.jpg","train/IMG_3491_1_JPG.rf.62337fb1b131e53b9d77960685b6860e",0,0,"algal_spot",0.571875,0.393750,0.834375,0.506250,98.999977,90.000000,633.000000,414.000000,1,0,0,"algal_spot",0.970208,99.849121,86.698982,636.388733,416.958496,536.539612,330.259521,177197.312500,0.973339
"749c1322-56c2-475f-b72e-44c3f9093524",60,"465999e3-1a1b-4df6-91b5-90ff8459066c","benchmark/train/247_jpg.rf.6ee86540aec9ee72f5d8178435573360.jpg","train/247_jpg.rf.6ee86540aec9ee72f5d8178435573360",0,4,"phoma",0.489844,0.425000,0.818750,0.725000,51.499996,40.000000,575.500000,504.000000,1,0,4,"phoma",0.968933,51.439026,39.302475,578.184021,509.248047,526.744995,469.945557,247541.468750,0.982203
"749c1322-56c2-475f-b72e-44c3f9093524",61,"2fb8db32-b622-425e-b7b5-af9aaa53b867","benchmark/train/IMG_3484_2_JPG.rf.3d50267b2a1aac8cab23f1db6abef147.jpg","train/IMG_3484_2_JPG.rf.3d50267b2a1aac8cab23f1db6abef147",0,3,"miner",0.486719,0.486719,0.710156,0.842188,84.249992,41.999989,538.750000,581.000000,1,0,3,"miner",0.880185,50.167053,28.390137,529.608276,588.012939,479.441223,559.622803,268306.250000,0.878545
"749c1322-56c2-475f-b72e-44c3f9093524",62,"f07f094f-ed7b-4400-9f9c-cb900f0c9c40","benchmark/train/IMG_3238_JPG.rf.f5ee5ab852956f12250318768364639e.jpg","train/IMG_3238_JPG.rf.f5ee5ab852956f12250318768364639e",0,3,"miner",0.532031,0.390625,0.879687,0.261719,58.999996,166.250000,622.000000,333.750000,1,0,3,"miner",0.946686,53.404297,165.701294,630.262939,339.722656,576.858643,174.021362,100385.726563,0.939402
"749c1322-56c2-475f-b72e-44c3f9093524",63,"bc47422f-c76b-4d24-82a6-1da41ba46eb8","benchmark/train/IMG_3433_JPG.rf.5dcf309560df12c338c603d7ba25dc08.jpg","train/IMG_3433_JPG.rf.5dcf309560df12c338c603d7ba25dc08",0,1,"brown_eye_spot",0.510938,0.607813,0.679688,0.773438,109.500008,141.500015,544.500000,636.500000,1,0,1,"brown_eye_spot",0.984404,138.544754,145.911835,545.398682,639.000000,406.853943,493.088165,200614.859375,0.918692
"749c1322-56c2-475f-b72e-44c3f9093524",64,"b6e2bc35-b556-4df8-88c8-625f71bd1a2e","benchmark/test/IMG_2802_2_JPG.rf.cb486ce1f7fa04d622f99c4b39cf32dc.jpg","test/IMG_2802_2_JPG.rf.cb486ce1f7fa04d622f99c4b39cf32dc",0,1,"brown_eye_spot",0.576563,0.561719,0.688281,0.457812,148.750015,213.000015,589.250000,506.000000,0,,,,,,,,,,,,0.000000
"749c1322-56c2-475f-b72e-44c3f9093524",65,"d772a1c9-cfc0-4713-9326-2bb8539f69e8","benchmark/train/757_jpg.rf.e9d97bc366bc885fb9a16f2034de3baf.jpg","train/757_jpg.rf.e9d97bc366bc885fb9a16f2034de3baf",0,4,"phoma",0.508594,0.510938,0.870313,0.582812,46.999989,140.500015,604.000000,513.500000,1,0,4,"phoma",0.976623,40.007782,139.612579,605.271545,513.470398,565.263794,373.857819,211328.281250,0.982965
"749c1322-56c2-475f-b72e-44c3f9093524",66,"4fb7fd6c-eea0-4265-b65c-01f16784caad","benchmark/train/IMG_3189_2_JPG.rf.9f9d6b58b739266312e6bc47de68e5a1.jpg","train/IMG_3189_2_JPG.rf.9f9d6b58b739266312e6bc47de68e5a1",0,3,"miner",0.554688,0.350000,0.830469,0.371094,89.249992,105.250000,620.750000,342.750000,1,0,3,"miner",0.970197,91.038269,103.153488,620.053955,343.326752,529.015686,240.173264,127055.421875,0.984299
"749c1322-56c2-475f-b72e-44c3f9093524",66,"4fb7fd6c-eea0-4265-b65c-01f16784caad","benchmark/train/IMG_3189_2_JPG.rf.9f9d6b58b739266312e6bc47de68e5a1.jpg","train/IMG_3189_2_JPG.rf.9f9d6b58b739266312e6bc47de68e5a1",1,1,"brown_eye_spot",0.512500,0.759375,0.721094,0.378125,97.249985,365.000000,558.750000,607.000000,1,1,1,"brown_eye_spot",0.940527,98.830048,367.551666,555.407715,605.300171,456.577667,237.748505,108550.656250,0.971953
"749c1322-56c2-475f-b72e-44c3f9093524",67,"4f07f549-7b2a-41a1-9ec6-e6528ceb4728","benchmark/train/435_jpg.rf.d31a05e65fdba436f9f1466d75966db4.jpg","train/435_jpg.rf.d31a05e65fdba436f9f1466d75966db4",0,4,"phoma",0.492188,0.450000,0.866406,0.754687,37.749996,46.499996,592.250000,529.500000,1,0,4,"phoma",0.935634,37.434174,43.774612,597.992065,533.141602,560.557861,489.367004,274318.531250,0.976323
"749c1322-56c2-475f-b72e-44c3f9093524",68,"d685de6c-7f2c-4b8b-bf23-01b331c594fd","benchmark/train/IMG_2952_JPG.rf.b128b01e1df5bd6480b12e1e8ac03692.jpg","train/IMG_2952_JPG.rf.b128b01e1df5bd6480b12e1e8ac03692",0,3,"miner",0.395312,0.550000,0.353125,0.782031,139.999985,101.750015,366.000000,602.250000,1,0,3,"miner",0.971145,139.330765,104.972839,363.943420,595.418457,224.612656,490.445618,110160.289063,0.968185
"749c1322-56c2-475f-b72e-44c3f9093524",69,"d28f3d5b-7867-4a9b-b53a-8c4881f91cfb","benchmark/train/IMG_2498_1_JPG.rf.7172e541ee0778ede60fee29dcc34cb5.jpg","train/IMG_2498_1_JPG.rf.7172e541ee0778ede60fee29dcc34cb5",0,1,"brown_eye_spot",0.484375,0.504687,0.521875,0.843750,143.000000,52.999992,477.000000,593.000000,1,0,1,"brown_eye_spot",0.979378,148.725769,60.736404,475.771545,598.681519,327.045776,537.945129,175932.687500,0.955309
"749c1322-56c2-475f-b72e-44c3f9093524",70,"2f6b1e25-2b9e-4c45-9f47-8f7810cc6c43","benchmark/valid/IMG_3139_1_JPG.rf.45bd5dfd2c7490d68f8e75aa25f7c687.jpg","valid/IMG_3139_1_JPG.rf.45bd5dfd2c7490d68f8e75aa25f7c687",0,5,"powdery_mildew",0.557031,0.523438,0.692187,0.587500,135.000015,147.000000,578.000000,523.000000,1,0,5,"powdery_mildew",0.958493,128.994522,143.358795,586.965393,531.534790,457.970886,388.175995,177773.296875,0.936969
"749c1322-56c2-475f-b72e-44c3f9093524",71,"87cee069-7f95-4c80-b826-795d4069b394","benchmark/train/PXL_20240125_083331116_jpg.rf.8276eb96dff2a4a141695d5c449821b0.jpg","train/PXL_20240125_083331116_jpg.rf.8276eb96dff2a4a141695d5c449821b0",0,2,"healthy",0.465625,0.531250,0.670313,0.921875,83.499985,45.000000,512.500000,635.000000,1,0,2,"healthy",0.976961,78.879639,47.410233,520.242310,639.000000,441.362671,591.589783,261105.640625,0.961610
"749c1322-56c2-475f-b72e-44c3f9093524",72,"cc56956b-c0c9-40c2-8625-695b6c3fe310","benchmark/test/637_jpg.rf.61b206816928614ee4f9800f329fbb94.jpg","test/637_jpg.rf.61b206816928614ee4f9800f329fbb94",0,4,"phoma",0.518750,0.489062,0.836719,0.598437,64.250015,121.500000,599.750000,504.499969,1,0,4,"phoma",0.958888,66.859528,118.366882,597.197510,509.490570,530.338013,391.123688,207427.765625,0.969985
"749c1322-56c2-475f-b72e-44c3f9093524",73,"f75eb0ff-f66d-4cdf-9d76-6b8a9fc71909","benchmark/train/IMG_2735_1_JPG.rf.74af748f0056dd03e1be8c7f27371017.jpg","train/IMG_2735_1_JPG.rf.74af748f0056dd03e1be8c7f27371017",0,0,"algal_spot",0.575000,0.503125,0.563281,0.717969,187.750000,92.250000,548.250000,551.750000,1,0,0,"algal_spot",0.968622,191.982697,98.889740,553.321655,551.640442,361.338959,452.750702,163596.468750,0.960430
"749c1322-56c2-475f-b72e-44c3f9093524",74,"699f636c-c34c-40aa-9b53-9b7d215444b8","benchmark/train/IMG_2831_1_JPG.rf.f9cabec18b85d377c8a9fec9351b4512.jpg","train/IMG_2831_1_JPG.rf.f9cabec18b85d377c8a9fec9351b4512",0,5,"powdery_mildew",0.546875,0.500781,0.903906,0.401563,60.750008,191.999985,639.000000,449.000000,1,0,5,"powdery_mildew",0.954081,56.110840,189.556839,639.000000,447.787689,582.889160,258.230835,150519.953125,0.978100
"749c1322-56c2-475f-b72e-44c3f9093524",75,"af0a20b7-81f5-40ac-939a-cfee6b2074c3","benchmark/train/IMG_2910_2_JPG.rf.72c9d0ad8c7b3fb25e0d74dd7752e2ae.jpg","train/IMG_2910_2_JPG.rf.72c9d0ad8c7b3fb25e0d74dd7752e2ae",0,3,"miner",0.460938,0.567969,0.903906,0.442187,5.750008,221.999985,584.250000,505.000000,1,0,3,"miner",0.963031,8.395691,220.977020,589.148743,509.320679,580.753052,288.343658,167456.453125,0.968857
"749c1322-56c2-475f-b72e-44c3f9093524",76,"ea428b10-33a7-4028-8f93-2a22a9c38584","benchmark/test/760_jpg.rf.2dd3a520b2f0afa75e87e057118d20ea.jpg","test/760_jpg.rf.2dd3a520b2f0afa75e87e057118d20ea",0,2,"healthy",0.500000,0.514844,0.748438,0.634375,80.499992,126.500015,559.500000,532.500000,1,0,2,"healthy",0.954825,81.287537,123.771835,565.762329,532.025391,484.474792,408.253540,197788.546875,0.977775
"749c1322-56c2-475f-b72e-44c3f9093524",77,"6b0464ef-faab-475a-952e-e315326efd64","benchmark/train/IMG_2374_1_JPG.rf.91594ebeedaddbf1ed1c90d4c7466558.jpg","train/IMG_2374_1_JPG.rf.91594ebeedaddbf1ed1c90d4c7466558",0,1,"brown_eye_spot",0.481250,0.431250,0.618750,0.805469,110.000000,18.250008,506.000000,533.750000,1,0,1,"brown_eye_spot",0.966915,110.584106,19.179138,503.578857,528.063660,392.994751,508.884521,199988.953125,0.979675
"749c1322-56c2-475f-b72e-44c3f9093524",78,"7287fa48-8357-4b30-a9d1-6ae3d832cb3d","benchmark/train/IMG_3346_1_JPG.rf.a7a33b2d388ef2f7090790f89cf70834.jpg","train/IMG_3346_1_JPG.rf.a7a33b2d388ef2f7090790f89cf70834",0,3,"miner",0.455469,0.468750,0.307813,0.672656,193.000000,84.750000,390.000000,515.250000,1,0,3,"miner",0.971904,193.147034,85.168182,388.406311,517.136536,195.259277,431.968353,84345.828125,0.985919
"749c1322-56c2-475f-b72e-44c3f9093524",79,"52884328-4045-4e48-be71-3254fb5374f3","benchmark/train/IMG_2923_2_JPG.rf.88c110964732f0891db2cb777aaa5b00.jpg","train/IMG_2923_2_JPG.rf.88c110964732f0891db2cb777aaa5b00",0,1,"brown_eye_spot",0.504687,0.539844,0.905469,0.379687,33.249989,224.000000,612.750000,466.999969,1,0,1,"brown_eye_spot",0.974269,38.167938,221.484406,613.862244,465.856598,575.694336,244.372192,140683.687500,0.974959
"749c1322-56c2-475f-b72e-44c3f9093524",80,"fec24d2f-b888-4c2f-bce7-3a3ffc73beb8","benchmark/train/IMG_2825_JPG.rf.6ea3b10c1bbc4d925411cb0473fbd8d9.jpg","train/IMG_2825_JPG.rf.6ea3b10c1bbc4d925411cb0473fbd8d9",0,5,"powdery_mildew",0.493750,0.454688,0.777344,0.791406,67.250000,37.749996,564.750000,544.250000,1,0,5,"powdery_mildew",0.927092,66.479431,24.170441,567.741333,544.298645,501.261902,520.128174,260720.437500,0.966490
"749c1322-56c2-475f-b72e-44c3f9093524",81,"f0e35bff-4c96-4b56-819f-96af3e4ae9b7","benchmark/train/IMG_3562_2_JPG.rf.9df1c623506fadd66c8ee489fbd15395.jpg","train/IMG_3562_2_JPG.rf.9df1c623506fadd66c8ee489fbd15395",0,0,"algal_spot",0.565625,0.471094,0.390625,0.879687,237.000000,20.000000,487.000000,583.000000,1,0,0,"algal_spot",0.960349,240.359940,5.752136,485.139435,590.691528,244.779495,584.939392,143181.171875,0.943133
"749c1322-56c2-475f-b72e-44c3f9093524",82,"bf3c9648-74ad-42e3-b61d-49f03459da69","benchmark/valid/IMG_2754_1_JPG.rf.325bebf06d3b8249ecf105e4fa3bad85.jpg","valid/IMG_2754_1_JPG.rf.325bebf06d3b8249ecf105e4fa3bad85",0,0,"algal_spot",0.451562,0.493750,0.636719,0.585156,85.250000,128.750000,492.750000,503.250000,1,0,0,"algal_spot",0.959517,104.781525,131.168564,490.706848,500.301727,385.925323,369.133179,142457.843750,0.933484
"749c1322-56c2-475f-b72e-44c3f9093524",83,"c5485a4f-bd66-48c4-9061-a298f4fb0e92","benchmark/train/IMG_3313_1_JPG.rf.af062f076c027e280992e825b82b5e0d.jpg","train/IMG_3313_1_JPG.rf.af062f076c027e280992e825b82b5e0d",0,3,"miner",0.510156,0.437500,0.760938,0.425000,83.000015,144.000000,570.000000,416.000000,1,0,3,"miner",0.967522,80.795822,141.016006,571.231506,414.108673,490.435669,273.092651,133934.375000,0.975436
"749c1322-56c2-475f-b72e-44c3f9093524",84,"d1f39f18-8ca9-4fcc-9153-d1097b13baff","benchmark/train/IMG_2964_1_JPG.rf.aef506a6004bfc57a0686ee5f7202263.jpg","train/IMG_2964_1_JPG.rf.aef506a6004bfc57a0686ee5f7202263",0,3,"miner",0.440625,0.439063,0.758594,0.330469,39.250011,175.250015,524.750000,386.750000,1,0,3,"miner",0.954583,39.257629,173.249786,524.181396,386.206696,484.923767,212.956909,103267.867188,0.986925
"749c1322-56c2-475f-b72e-44c3f9093524",85,"f8763cd2-92b2-4d1c-a2bb-1a6309850549","benchmark/test/IMG_2709_2_JPG.rf.682dfc0f36daa763b49c6f9bbae77484.jpg","test/IMG_2709_2_JPG.rf.682dfc0f36daa763b49c6f9bbae77484",0,0,"algal_spot",0.447656,0.532812,0.554688,0.425781,109.000000,204.749985,464.000000,477.250000,1,0,0,"algal_spot",0.973122,114.138275,206.498138,470.393188,483.194031,356.254913,276.695892,98574.273438,0.941738
"749c1322-56c2-475f-b72e-44c3f9093524",86,"44a172af-98e2-48b9-bb06-1da72f788462","benchmark/train/550_jpg.rf.23e75816148a31f0f340fb1ee9c41fae.jpg","train/550_jpg.rf.23e75816148a31f0f340fb1ee9c41fae",0,4,"phoma",0.529688,0.517187,0.550000,0.596094,163.000015,140.249969,515.000000,521.750000,1,0,4,"phoma",0.974557,161.502121,139.457031,519.637634,522.649658,358.135498,383.192627,137234.875000,0.978527
"749c1322-56c2-475f-b72e-44c3f9093524",87,"668d3ef7-6918-492b-a0f1-c0cc717354a2","benchmark/valid/IMG_20240125_121547_535_jpg.rf.234b262e2dbb95b148fc116f3184235c.jpg","valid/IMG_20240125_121547_535_jpg.rf.234b262e2dbb95b148fc116f3184235c",0,2,"healthy",0.203125,0.347656,0.406250,0.458594,0.000000,75.750000,260.000000,369.250000,0,,,,,,,,,,,,0.177385
"749c1322-56c2-475f-b72e-44c3f9093524",87,"668d3ef7-6918-492b-a0f1-c0cc717354a2","benchmark/valid/IMG_20240125_121547_535_jpg.rf.234b262e2dbb95b148fc116f3184235c.jpg","valid/IMG_20240125_121547_535_jpg.rf.234b262e2dbb95b148fc116f3184235c",1,2,"healthy",0.443750,0.489062,0.445313,0.665625,141.500000,100.000000,426.500000,526.000000,1,0,2,"healthy",0.929965,150.867340,107.367493,422.858734,524.247803,271.991394,416.880310,113387.859375,0.933925
"749c1322-56c2-475f-b72e-44c3f9093524",87,"668d3ef7-6918-492b-a0f1-c0cc717354a2","benchmark/valid/IMG_20240125_121547_535_jpg.rf.234b262e2dbb95b148fc116f3184235c.jpg","valid/IMG_20240125_121547_535_jpg.rf.234b262e2dbb95b148fc116f3184235c",2,2,"healthy",0.904688,0.859375,0.187500,0.281250,519.000000,460.000000,639.000000,639.000000,0,,,,,,,,,,,,0.323746
"749c1322-56c2-475f-b72e-44c3f9093524",87,"668d3ef7-6918-492b-a0f1-c0cc717354a2","benchmark/valid/IMG_20240125_121547_535_jpg.rf.234b262e2dbb95b148fc116f3184235c.jpg","valid/IMG_20240125_121547_535_jpg.rf.234b262e2dbb95b148fc116f3184235c",3,2,"healthy",0.428906,0.876562,0.579687,0.246094,89.000015,482.250000,460.000000,639.000000,0,,,,,,,,,,,,0.137634
"749c1322-56c2-475f-b72e-44c3f9093524",88,"2370039a-1f7f-4bcb-8b27-60a7e409e9f6","benchmark/train/IMG_2788_1_JPG.rf.67d60f679412b35e7c1df228999d1e38.jpg","train/IMG_2788_1_JPG.rf.67d60f679412b35e7c1df228999d1e38",0,3,"miner",0.507813,0.433594,0.744531,0.820313,86.749992,15.000000,563.250000,540.000000,1,0,3,"miner",0.922717,75.266296,14.295471,562.986938,537.883545,487.720642,523.588074,255364.718750,0.970784
"749c1322-56c2-475f-b72e-44c3f9093524",89,"259ebe22-6bb8-48a0-a34f-f041b1acb8a9","benchmark/train/IMG_3068_2_JPG.rf.12e0dd771d46eb6bebf9d7f00a71a70a.jpg","train/IMG_3068_2_JPG.rf.12e0dd771d46eb6bebf9d7f00a71a70a",0,3,"miner",0.520312,0.460156,0.616406,0.714063,135.749985,66.000000,530.250000,523.000000,1,0,3,"miner",0.965422,133.636230,68.312225,532.017883,521.769470,398.381653,453.457245,180649.046875,0.982654
"749c1322-56c2-475f-b72e-44c3f9093524",90,"5ccf39be-a841-4322-b383-6ea7a60e3763","benchmark/valid/1079_jpg.rf.3d3d14ff0af1523a342e21fd8697d100.jpg","valid/1079_jpg.rf.3d3d14ff0af1523a342e21fd8697d100",0,2,"healthy",0.502344,0.489844,0.970312,0.747656,11.000023,74.250015,632.000000,552.750000,1,0,2,"healthy",0.983169,4.333282,76.726364,634.862732,553.404114,630.529419,476.677734,300559.343750,0.978528
"749c1322-56c2-475f-b72e-44c3f9093524",91,"018b207b-d01d-4af3-b41d-90c403357019","benchmark/train/IMG_3552_2_JPG.rf.a5952fa3520b9e5370d2475f2fbbbf3a.jpg","train/IMG_3552_2_JPG.rf.a5952fa3520b9e5370d2475f2fbbbf3a",0,0,"algal_spot",0.515625,0.377344,0.585156,0.539063,142.750000,69.000000,517.250000,414.000000,1,0,0,"algal_spot",0.973476,148.322128,62.441833,515.668457,414.121826,367.346313,351.679993,129188.351563,0.962616
"749c1322-56c2-475f-b72e-44c3f9093524",92,"88ce916e-ada8-4576-b4a9-649638b38060","benchmark/valid/476_jpg.rf.536cc18d58b5d3ae9397394cd66c90b5.jpg","valid/476_jpg.rf.536cc18d58b5d3ae9397394cd66c90b5",0,4,"phoma",0.501562,0.532812,0.886719,0.521875,37.249985,173.999969,604.750000,508.000000,1,0,4,"phoma",0.961020,35.500244,171.043793,604.122009,513.055908,568.621765,342.012115,194475.531250,0.972520
"749c1322-56c2-475f-b72e-44c3f9093524",93,"48527449-c014-4e32-8d5c-8476fd8cc24e","benchmark/test/210_jpg.rf.02a45884a2961e0591aa31c7d806ae92.jpg","test/210_jpg.rf.02a45884a2961e0591aa31c7d806ae92",0,2,"healthy",0.576563,0.530469,0.828906,0.571094,103.750015,156.750015,634.250000,522.250000,1,0,2,"healthy",0.923220,102.914307,157.465515,635.961060,521.191650,533.046753,363.726135,193883.031250,0.990415
"749c1322-56c2-475f-b72e-44c3f9093524",94,"87038f88-ae4d-4ac7-901b-7c4643438057","benchmark/valid/1391_jpg.rf.494b60df96ae5493574699e8db1c74a4.jpg","valid/1391_jpg.rf.494b60df96ae5493574699e8db1c74a4",0,2,"healthy",0.483594,0.489062,0.833594,0.732031,42.750015,78.750000,576.250000,547.250000,1,0,2,"healthy",0.946267,44.866791,82.818970,578.220703,542.600464,533.353882,459.781494,245226.250000,0.973966
"749c1322-56c2-475f-b72e-44c3f9093524",95,"c801cd7e-b511-412d-ad2b-666e58676ffa","benchmark/train/888_jpg.rf.0dd27be3a84076135a06f12de14b3d84.jpg","train/888_jpg.rf.0dd27be3a84076135a06f12de14b3d84",0,4,"phoma",0.493750,0.512500,0.870313,0.692969,37.500000,106.250000,594.500000,549.750000,1,0,4,"phoma",0.970721,31.430786,104.579575,601.469360,549.415588,570.038574,444.835999,253573.671875,0.972743
"749c1322-56c2-475f-b72e-44c3f9093524",96,"0ec3ea92-c19c-42b9-9afe-dde1cf871d84","benchmark/train/IMG_2783_1_JPG.rf.008e6ddc425f580561a7428058579439.jpg","train/IMG_2783_1_JPG.rf.008e6ddc425f580561a7428058579439",0,3,"miner",0.551562,0.551562,0.894531,0.377344,66.749992,232.249985,639.000000,473.750000,1,0,3,"miner",0.953521,62.028137,229.223679,638.739624,473.295715,576.711487,244.072037,140759.140625,0.977274
"749c1322-56c2-475f-b72e-44c3f9093524",97,"f523ea37-9cb4-4c9d-9e83-dca2335d6027","benchmark/train/IMG_2875_JPG.rf.10bf9c77688bff21ceba6ddfdb702fb9.jpg","train/IMG_2875_JPG.rf.10bf9c77688bff21ceba6ddfdb702fb9",0,5,"powdery_mildew",0.544531,0.546875,0.445313,0.556250,205.999985,172.000000,491.000000,528.000000,1,0,5,"powdery_mildew",0.874848,204.841568,169.267212,486.333710,526.382629,281.492126,357.115417,100525.179688,0.967904
"749c1322-56c2-475f-b72e-44c3f9093524",98,"35acbf16-6e2e-4bdb-9886-608d6f5b30cf","benchmark/train/434_jpg.rf.138929106f8c20a4cbe372844f7c5404.jpg","train/434_jpg.rf.138929106f8c20a4cbe372844f7c5404",0,4,"phoma",0.514844,0.501562,0.633594,0.620313,126.750015,122.499985,532.250000,519.500000,1,0,4,"phoma",0.971775,124.081284,122.193390,538.885437,518.276489,414.804138,396.083099,164296.906250,0.973872
"749c1322-56c2-475f-b72e-44c3f9093524",99,"53dde969-2fe6-4d16-9c74-566f002509aa","benchmark/train/IMG_2717_1_JPG.rf.6e479d986ae32c20cb77075b5d6f7c99.jpg","train/IMG_2717_1_JPG.rf.6e479d986ae32c20cb77075b5d6f7c99",0,0,"algal_spot",0.440625,0.466406,0.664844,0.545313,69.250015,124.000000,494.750000,473.000031,1,0,0,"algal_spot",0.980973,79.883759,118.493484,493.093292,474.040344,413.209534,355.546875,146915.359375,0.953741
"749c1322-56c2-475f-b72e-44c3f9093524",100,"239cde2a-d404-4393-9dcf-c9ccd3749f06","benchmark/train/IMG_2350_1_JPG.rf.b25a92fcbdac5414dc0c1f67d2362c7e.jpg","train/IMG_2350_1_JPG.rf.b25a92fcbdac5414dc0c1f67d2362c7e",0,1,"brown_eye_spot",0.510938,0.530469,0.490625,0.579687,170.000000,154.000015,484.000000,525.000000,1,0,1,"brown_eye_spot",0.958418,168.303101,155.418549,480.166443,524.234497,311.863342,368.815948,115020.171875,0.976729
"2abe9d80-c10f-4794-b5fb-0e2e1fb12027",1,"f1ef3f48-3f5b-45c5-95f7-6e9208728ee5","benchmark/train/IMG_3094_1_JPG.rf.4c8171d071c5add55b4292662ea0caba.jpg","train/IMG_3094_1_JPG.rf.4c8171d071c5add55b4292662ea0caba",0,3,"miner",0.404687,0.454688,0.671094,0.319531,44.249992,188.750000,473.750000,393.250000,1,0,3,"miner",0.969711,46.168915,192.935272,477.778931,396.607971,431.610016,203.672699,87907.179688,0.950734
"2abe9d80-c10f-4794-b5fb-0e2e1fb12027",2,"741cbc76-4270-43e3-8415-d6f230ac7966","benchmark/train/IMG_3430_2_JPG.rf.c9d7883211e1389906029f621a31e630.jpg","train/IMG_3430_2_JPG.rf.c9d7883211e1389906029f621a31e630",0,3,"miner",0.481250,0.507813,0.553125,0.396094,130.999985,198.250000,485.000000,451.750000,1,0,3,"miner",0.970605,129.304092,198.785950,485.771454,447.078979,356.467346,248.293030,88508.359375,0.972818
"2abe9d80-c10f-4794-b5fb-0e2e1fb12027",3,"6f831e9e-e166-4e2c-bf98-284f49a585ab","benchmark/train/IMG_2381_JPG.rf.54029ad1a48cdef4d2c6aa19dc6dde50.jpg","train/IMG_2381_JPG.rf.54029ad1a48cdef4d2c6aa19dc6dde50",0,0,"algal_spot",0.539063,0.568750,0.434375,0.580469,206.000000,178.250000,484.000000,549.750000,1,0,0,"algal_spot",0.976631,206.736771,176.773438,483.099335,547.994873,276.362549,371.221436,102591.703125,0.985519
"2abe9d80-c10f-4794-b5fb-0e2e1fb12027",4,"3dcf9e3f-9a5d-48dd-8a86-4f1f908f3216","benchmark/train/IMG_3061_JPG.rf.9f0c270bb8533495d54bcf09bd4cf8a2.jpg","train/IMG_3061_JPG.rf.9f0c270bb8533495d54bcf09bd4cf8a2",0,0,"algal_spot",0.479688,0.450781,0.641406,0.554688,101.750015,111.000000,512.250000,466.000000,1,0,0,"algal_spot",0.746117,103.070053,111.808441,514.557190,477.609985,411.487122,365.801544,150522.625000,0.957746
"2abe9d80-c10f-4794-b5fb-0e2e1fb12027",5,"1ad54dfc-a42a-4e0e-ab74-57da4eddded8","benchmark/train/IMG_3590_JPG.rf.a199fd81225f373e763915d50e744af5.jpg","train/IMG_3590_JPG.rf.a199fd81225f373e763915d50e744af5",0,0,"algal_spot",0.529688,0.448438,0.658594,0.308594,128.250000,188.250000,549.750000,385.750000,1,0,0,"algal_spot",0.955277,128.424118,188.276428,555.320923,383.803070,426.896790,195.526642,83469.695313,0.976818
"2abe9d80-c10f-4794-b5fb-0e2e1fb12027",6,"da39b4f0-b699-4516-a6e9-fad69d04cfc9","benchmark/train/IMG_3448_JPG.rf.7b9cf0cff8c79663c37544c0b7150c79.jpg","train/IMG_3448_JPG.rf.7b9cf0cff8c79663c37544c0b7150c79",0,3,"miner",0.407031,0.571094,0.541406,0.678906,87.249985,148.249985,433.750000,582.750000,1,0,3,"miner",0.962423,82.436066,149.565704,431.614777,575.001343,349.178711,425.435638,148553.062500,0.960045
"2abe9d80-c10f-4794-b5fb-0e2e1fb12027",7,"6eacb20f-0cc0-499e-89bc-c8b9b2fb93e5","benchmark/train/490_jpg.rf.38bfc4a541a2830e0a3e04631d691caa.jpg","train/490_jpg.rf.38bfc4a541a2830e0a3e04631d691caa",0,4,"phoma",0.532812,0.503906,0.772656,0.713281,93.749985,94.249992,588.250000,550.750000,1,0,4,"phoma",0.967367,87.155563,96.685516,587.845154,551.658997,500.689575,454.973480,227800.484375,0.978892
"2abe9d80-c10f-4794-b5fb-0e2e1fb12027",8,"2a6b8a2c-cad9-491d-8554-05054a613784","benchmark/valid/IMG_2465_2_JPG.rf.56ad801a27a894fab397cbf000418bdc.jpg","valid/IMG_2465_2_JPG.rf.56ad801a27a894fab397cbf000418bdc",0,1,"brown_eye_spot",0.521875,0.471875,0.433594,0.682031,195.250015,83.750000,472.750000,520.250000,1,0,1,"brown_eye_spot",0.971236,195.810089,93.213318,476.888184,519.358887,281.078094,426.145569,119780.187500,0.960327
"2abe9d80-c10f-4794-b5fb-0e2e1fb12027",9,"5b734427-a8f3-4b8a-be77-62c4d5de4a30","benchmark/train/IMG_2242_2_JPG.rf.05f65555586788fc97cd1f6d4f5a23fa.jpg","train/IMG_2242_2_JPG.rf.05f65555586788fc97cd1f6d4f5a23fa",0,3,"miner",0.595312,0.657812,0.550000,0.310156,204.999985,321.750000,557.000000,520.250000,1,0,3,"miner",0.968140,205.704620,322.245605,558.317627,518.718140,352.613007,196.472534,69278.773438,0.984158
"2abe9d80-c10f-4794-b5fb-0e2e1fb12027",10,"86be7390-db58-4d53-ad5a-afa7f0464176","benchmark/train/IMG_2784_1_JPG.rf.9d3d8121e34ac3c492c88721bc0b0a6c.jpg","train/IMG_2784_1_JPG.rf.9d3d8121e34ac3c492c88721bc0b0a6c",0,3,"miner",0.544531,0.557813,0.639063,0.756250,143.999969,115.000000,553.000000,599.000000,1,0,3,"miner",0.966273,135.049805,114.842972,550.089722,598.119202,415.039917,483.276245,200578.937500,0.969580
"2abe9d80-c10f-4794-b5fb-0e2e1fb12027",11,"2f80d340-c828-49f9-ba83-469c90d3b76e","benchmark/train/IMG_3018_1_JPG.rf.482b43607b025cbbfdcdf965671edeb7.jpg","train/IMG_3018_1_JPG.rf.482b43607b025cbbfdcdf965671edeb7",0,1,"brown_eye_spot",0.470313,0.471875,0.666406,0.436719,87.750000,162.250000,514.250000,441.750031,1,0,1,"brown_eye_spot",0.972295,88.417480,154.003433,512.473877,439.417755,424.056396,285.414307,121031.765625,0.957874
"2abe9d80-c10f-4794-b5fb-0e2e1fb12027",12,"04c27e34-b2a5-4320-b5e8-cb58edfc3f9c","benchmark/train/IMG_2369_2_JPG.rf.a99840795a060c1e8ae4fb361d3113e8.jpg","train/IMG_2369_2_JPG.rf.a99840795a060c1e8ae4fb361d3113e8",0,3,"miner",0.462500,0.423438,0.909375,0.438281,5.000000,130.750000,587.000000,411.250000,1,0,3,"miner",0.966122,0.000000,135.017685,591.622803,417.681305,591.622803,282.663635,167230.250000,0.947283
"2abe9d80-c10f-4794-b5fb-0e2e1fb12027",13,"8f1c9c77-d862-4730-aa73-b3aac0b893d4","benchmark/train/IMG_2856_2_JPG.rf.75d376e22605bd392c74d78060300081.jpg","train/IMG_2856_2_JPG.rf.75d376e22605bd392c74d78060300081",0,5,"powdery_mildew",0.504687,0.520312,0.653906,0.767969,113.750000,87.249985,532.250000,578.750000,1,0,5,"powdery_mildew",0.921426,109.969971,84.386902,535.802124,582.995728,425.832153,498.608826,212323.671875,0.968770
"2abe9d80-c10f-4794-b5fb-0e2e1fb12027",14,"c25c7e62-b416-4a4f-962a-f3b9efe668f5","benchmark/train/IMG_2830_JPG.rf.5c28772426a39389e930b065e74b4892.jpg","train/IMG_2830_JPG.rf.5c28772426a39389e930b065e74b4892",0,5,"powdery_mildew",0.571875,0.529688,0.812500,0.441406,105.999985,197.750015,626.000000,480.250000,1,0,5,"powdery_mildew",0.926935,105.181519,195.708054,629.136841,487.154388,523.955322,291.446350,152704.859375,0.961986
"2abe9d80-c10f-4794-b5fb-0e2e1fb12027",15,"73d3f78b-f73b-49f8-aca6-df48fb688da9","benchmark/train/355_jpg.rf.8b0ef16e2c8a8d91f457243530cfe3c6.jpg","train/355_jpg.rf.8b0ef16e2c8a8d91f457243530cfe3c6",0,4,"phoma",0.499219,0.446875,0.813281,0.588281,59.250011,97.750000,579.750000,474.250031,1,0,4,"phoma",0.968646,58.633850,96.796768,583.615540,480.929077,524.981689,384.132324,201662.437500,0.971764
"2abe9d80-c10f-4794-b5fb-0e2e1fb12027",16,"645b13bc-4946-4291-a800-3a8a8d87c051","benchmark/valid/IMG_3277_JPG.rf.3653bfec882c69a7c7fd749c18eaba07.jpg","valid/IMG_3277_JPG.rf.3653bfec882c69a7c7fd749c18eaba07",0,1,"brown_eye_spot",0.457812,0.548437,0.628125,0.727344,91.999985,118.249985,494.000000,583.750000,1,0,1,"brown_eye_spot",0.974923,90.371399,117.336914,493.228149,585.109192,402.856750,467.772278,188445.218750,0.989233
"2abe9d80-c10f-4794-b5fb-0e2e1fb12027",17,"cf2fbf97-420b-4d32-854c-a9d91183b497","benchmark/test/1061_jpg.rf.d87f185db741bd72135191eb5fc954a4.jpg","test/1061_jpg.rf.d87f185db741bd72135191eb5fc954a4",0,2,"healthy",0.506250,0.498437,0.895312,0.763281,37.500019,74.750000,610.500000,563.250000,1,0,2,"healthy",0.965276,40.390869,71.229858,615.348999,563.989136,574.958130,492.759277,283315.937500,0.978120
"2abe9d80-c10f-4794-b5fb-0e2e1fb12027",18,"6fb0c3e2-287e-4e41-adf6-eb9ca701a8ea","benchmark/valid/IMG_3407_1_JPG.rf.87368a1c829fcf7e9f6a943966971aed.jpg","valid/IMG_3407_1_JPG.rf.87368a1c829fcf7e9f6a943966971aed",0,3,"miner",0.454688,0.521875,0.496875,0.659375,132.000000,123.000015,450.000000,545.000000,1,0,3,"miner",0.962735,133.276779,103.244156,457.645203,539.447388,324.368408,436.203247,141490.546875,0.917313
"2abe9d80-c10f-4794-b5fb-0e2e1fb12027",19,"07b058aa-236c-44c2-bb31-a12443e0ee56","benchmark/train/738_jpg.rf.abfc12be099d1cdb49e5d04de8d03f4a.jpg","train/738_jpg.rf.abfc12be099d1cdb49e5d04de8d03f4a",0,4,"phoma",0.492188,0.529688,0.837500,0.686719,47.000008,119.250015,583.000000,558.750000,1,0,4,"phoma",0.972529,41.222748,117.275986,585.125061,561.684692,543.902344,444.408691,241714.921875,0.974586
"2abe9d80-c10f-4794-b5fb-0e2e1fb12027",20,"d0af81aa-5739-473c-9e02-07854a48c108","benchmark/valid/IMG_2700_1_JPG.rf.e6114969489795d6f373188753e30b45.jpg","valid/IMG_2700_1_JPG.rf.e6114969489795d6f373188753e30b45",0,1,"brown_eye_spot",0.451562,0.465625,0.669531,0.727344,74.750000,65.250000,503.249969,530.750000,1,0,1,"brown_eye_spot",0.972753,69.895187,68.218857,508.022888,541.214355,438.127686,472.995483,207232.421875,0.950553
"2abe9d80-c10f-4794-b5fb-0e2e1fb12027",21,"2f403948-c22f-46a1-854c-7e4293104676","benchmark/train/IMG_3539_1_JPG.rf.71e14eb12359115f66fcd0675fa56725.jpg","train/IMG_3539_1_JPG.rf.71e14eb12359115f66fcd0675fa56725",0,0,"algal_spot",0.515625,0.506250,0.821094,0.375000,67.250000,204.000015,592.750000,444.000000,1,0,0,"algal_spot",0.795763,63.637131,204.191284,597.794312,446.315338,534.157166,242.124054,129332.296875,0.973629
"2abe9d80-c10f-4794-b5fb-0e2e1fb12027",22,"38111ca6-c5cd-4052-817f-bf0ce5fd6c95","benchmark/train/IMG_3295_1_JPG.rf.14433ff38bd0a3739bf1a3ab8dd06f05.jpg","train/IMG_3295_1_JPG.rf.14433ff38bd0a3739bf1a3ab8dd06f05",0,1,"brown_eye_spot",0.490625,0.406250,0.844531,0.421875,43.750000,125.000000,584.250000,395.000000,1,0,1,"brown_eye_spot",0.970643,39.206573,126.578751,587.587708,394.901428,548.381104,268.322693,147143.093750,0.979593
"2abe9d80-c10f-4794-b5fb-0e2e1fb12027",23,"b8c6c675-b052-46a7-996e-c21cb24af1c0","benchmark/test/1400_jpg.rf.6cd83d269e1c1cf90cc336dc2a6cf522.jpg","test/1400_jpg.rf.6cd83d269e1c1cf90cc336dc2a6cf522",0,2,"healthy",0.510938,0.491406,0.878906,0.691406,45.750008,93.250008,608.250000,535.750000,1,0,2,"healthy",0.980905,40.403625,91.262634,612.736450,546.617188,572.332825,455.354553,260614.359375,0.955075
"2abe9d80-c10f-4794-b5fb-0e2e1fb12027",24,"e346066a-5c9e-45b5-b252-590980c0c9d7","benchmark/train/IMG_3019_1_JPG.rf.81cd47dcf7da6478e86b9a5f77e6163c.jpg","train/IMG_3019_1_JPG.rf.81cd47dcf7da6478e86b9a5f77e6163c",0,1,"brown_eye_spot",0.517969,0.465625,0.632813,0.534375,129.000015,126.999985,534.000000,469.000000,1,0,1,"brown_eye_spot",0.972956,127.834656,123.602325,528.539917,466.581635,400.705261,342.979309,137433.609375,0.967271
"2abe9d80-c10f-4794-b5fb-0e2e1fb12027",25,"ff1dc125-b0f0-453f-b6c6-5fd9385e0f40","benchmark/train/IMG_3242_2_JPG.rf.f71f9a4f35bbd423be6880f9aeb72949.jpg","train/IMG_3242_2_JPG.rf.f71f9a4f35bbd423be6880f9aeb72949",0,3,"miner",0.521094,0.551562,0.357812,0.689844,218.999969,132.249985,448.000000,573.750000,1,0,3,"miner",0.966613,218.402069,137.688278,450.018280,573.449219,231.616211,435.760925,100929.296875,0.975996
"2abe9d80-c10f-4794-b5fb-0e2e1fb12027",26,"bae03450-53c1-420f-b757-727d14c721a0","benchmark/train/IMG_2331_2_JPG.rf.aaebcf5a9cc508dbbefd2454e156041c.jpg","train/IMG_2331_2_JPG.rf.aaebcf5a9cc508dbbefd2454e156041c",0,1,"brown_eye_spot",0.582812,0.597656,0.638281,0.804688,168.750000,125.000000,577.250000,639.000000,1,0,1,"brown_eye_spot",0.961754,168.595139,128.121964,575.324707,639.000000,406.729553,510.878052,207789.203125,0.988869
"2abe9d80-c10f-4794-b5fb-0e2e1fb12027",27,"39e014bb-41e4-4a4b-9eb3-55a03d95e66a","benchmark/valid/IMG_2589_1_JPG.rf.724772c2f3b1d5c58d87846e22878e86.jpg","valid/IMG_2589_1_JPG.rf.724772c2f3b1d5c58d87846e22878e86",0,1,"brown_eye_spot",0.353125,0.482812,0.485156,0.712500,70.750008,81.000000,381.250000,537.000000,1,0,1,"brown_eye_spot",0.876150,71.926025,71.860260,383.206146,543.793457,311.280121,471.933197,146903.421875,0.956674
"2abe9d80-c10f-4794-b5fb-0e2e1fb12027",28,"6de0b8b1-d89e-46c3-87a4-ba4ea0219787","benchmark/train/IMG_2510_JPG.rf.9047c38c3bf22a652be14c21aa4bcd8e.jpg","train/IMG_2510_JPG.rf.9047c38c3bf22a652be14c21aa4bcd8e",0,3,"miner",0.474219,0.509375,0.323438,0.315625,200.000000,224.999985,407.000000,426.999969,1,0,3,"miner",0.962701,199.928940,220.481903,408.002563,421.893402,208.073624,201.411499,41908.421875,0.948597
"2abe9d80-c10f-4794-b5fb-0e2e1fb12027",29,"b6a08c23-489e-4a1d-b217-def4a0f5ec02","benchmark/train/IMG_3466_1_JPG.rf.e5673c7f631fb58279986cc64942a707.jpg","train/IMG_3466_1_JPG.rf.e5673c7f631fb58279986cc64942a707",0,3,"miner",0.405469,0.463281,0.645312,0.847656,53.000011,25.249996,466.000000,567.750000,1,0,3,"miner",0.968472,51.445190,29.787842,472.686279,572.216064,421.241089,542.428223,228493.062500,0.964453
"2abe9d80-c10f-4794-b5fb-0e2e1fb12027",30,"954f7ece-06e0-42eb-982d-289424295030","benchmark/valid/IMG_2987_2_JPG.rf.4ac391317c05c2941b1b02f0b5702c20.jpg","valid/IMG_2987_2_JPG.rf.4ac391317c05c2941b1b02f0b5702c20",0,1,"brown_eye_spot",0.457031,0.578906,0.745313,0.526563,53.999996,201.999985,531.000000,539.000000,1,0,1,"brown_eye_spot",0.977221,52.559021,199.154297,533.323914,550.258545,480.764893,351.104248,168798.593750,0.952312
"2abe9d80-c10f-4794-b5fb-0e2e1fb12027",31,"63b95cd3-3a9a-43c8-b19b-8674f02471d9","benchmark/train/888_jpg.rf.0dd27be3a84076135a06f12de14b3d84.jpg","train/888_jpg.rf.0dd27be3a84076135a06f12de14b3d84",0,4,"phoma",0.493750,0.512500,0.870313,0.692969,37.500000,106.250000,594.500000,549.750000,1,0,4,"phoma",0.970721,31.430786,104.579575,601.469360,549.415588,570.038574,444.835999,253573.671875,0.972743
"2abe9d80-c10f-4794-b5fb-0e2e1fb12027",32,"13814c59-5d57-4962-aaf6-1675dafee269","benchmark/train/IMG_2486_1_JPG.rf.094281713fe3504432522b7dd0c1e240.jpg","train/IMG_2486_1_JPG.rf.094281713fe3504432522b7dd0c1e240",0,3,"miner",0.517187,0.474219,0.471094,0.610937,180.249969,108.000015,481.750000,499.000000,1,0,3,"miner",0.969826,179.113190,104.999146,484.012665,502.713196,304.899475,397.714050,121262.804688,0.972157
"2abe9d80-c10f-4794-b5fb-0e2e1fb12027",33,"6664f94d-923a-42bc-b004-06f5a73328a2","benchmark/test/1585_jpg.rf.9fa13900eed64abb95bcb9c33d756e8d.jpg","test/1585_jpg.rf.9fa13900eed64abb95bcb9c33d756e8d",0,2,"healthy",0.498437,0.493750,0.932813,0.612500,20.499992,120.000000,617.500000,512.000000,0,,,,,,,,,,,,0.000000
"2abe9d80-c10f-4794-b5fb-0e2e1fb12027",34,"78c44b97-7f99-48c2-953b-53011ef87c0b","benchmark/train/IMG_3325_JPG.rf.3b380634bcb4133b77cd9db147bb3fbf.jpg","train/IMG_3325_JPG.rf.3b380634bcb4133b77cd9db147bb3fbf",0,1,"brown_eye_spot",0.791406,0.479688,0.267188,0.431250,421.000031,169.000015,592.000000,445.000000,1,1,1,"brown_eye_spot",0.957715,423.036987,172.277008,593.256409,446.865326,170.219421,274.588318,46740.265625,0.962887
"2abe9d80-c10f-4794-b5fb-0e2e1fb12027",34,"78c44b97-7f99-48c2-953b-53011ef87c0b","benchmark/train/IMG_3325_JPG.rf.3b380634bcb4133b77cd9db147bb3fbf.jpg","train/IMG_3325_JPG.rf.3b380634bcb4133b77cd9db147bb3fbf",1,1,"brown_eye_spot",0.378125,0.476563,0.534375,0.477344,71.000000,152.250000,413.000031,457.750000,1,0,1,"brown_eye_spot",0.967149,64.559296,153.490204,412.643616,459.409546,348.084320,305.919342,106485.726563,0.971314
"2abe9d80-c10f-4794-b5fb-0e2e1fb12027",35,"e69db25b-a63c-4aee-8514-bf8a5d9078bd","benchmark/test/1423_jpg.rf.f4d75513149700a2b071b3ad2991bf6b.jpg","test/1423_jpg.rf.f4d75513149700a2b071b3ad2991bf6b",0,2,"healthy",0.510156,0.492188,0.930469,0.623438,28.750019,115.499992,624.250000,514.500000,1,0,2,"healthy",0.979249,32.807465,112.687561,628.534668,515.898560,595.727173,403.210999,240203.750000,0.975862
"2abe9d80-c10f-4794-b5fb-0e2e1fb12027",36,"f2375f3b-cd4f-4dc8-ad6b-92100226dfe3","benchmark/train/592_jpg.rf.7674da9b51eef66b61e3353498af928d.jpg","train/592_jpg.rf.7674da9b51eef66b61e3353498af928d",0,4,"phoma",0.478125,0.498437,0.867969,0.625000,28.250008,119.000000,583.750000,519.000000,0,,,,,,,,,,,,0.000000
"2abe9d80-c10f-4794-b5fb-0e2e1fb12027",37,"40898312-e31e-4282-b01f-fc67525493c6","benchmark/train/501_jpg.rf.a91ebd92769c294b90fcfb625a1ea7dd.jpg","train/501_jpg.rf.a91ebd92769c294b90fcfb625a1ea7dd",0,4,"phoma",0.530469,0.512500,0.814062,0.734375,79.000015,92.999992,600.000000,563.000000,1,0,4,"phoma",0.941890,79.927917,92.897827,602.635986,568.816528,522.708069,475.918701,248766.546875,0.980864
"2abe9d80-c10f-4794-b5fb-0e2e1fb12027",38,"ecfa65e7-b976-4e5b-acb7-8d7d7eee8eea","benchmark/train/IMG_2628_JPG.rf.7f7a207fc258b080f48e01879dc8eb58.jpg","train/IMG_2628_JPG.rf.7f7a207fc258b080f48e01879dc8eb58",0,1,"brown_eye_spot",0.578125,0.509375,0.708594,0.746094,143.250000,87.249985,596.750000,564.750000,1,0,1,"brown_eye_spot",0.781531,142.522858,89.298218,592.939575,570.632080,450.416718,481.333862,216800.812500,0.973874
"2abe9d80-c10f-4794-b5fb-0e2e1fb12027",39,"28e83660-504f-4a75-8a28-28ffe6ab6b3e","benchmark/train/IMG_2651_JPG.rf.3df4542fca0b5406507e665309654b08.jpg","train/IMG_2651_JPG.rf.3df4542fca0b5406507e665309654b08",0,1,"brown_eye_spot",0.567187,0.426562,0.830469,0.593750,97.249985,82.999992,628.750000,463.000000,1,0,1,"brown_eye_spot",0.982715,96.836487,88.412872,619.526489,465.942261,522.690002,377.529388,197330.843750,0.960598
"2abe9d80-c10f-4794-b5fb-0e2e1fb12027",40,"501e45a7-8be9-40c7-ba1b-42e5f92b0ce9","benchmark/train/IMG_3206_JPG.rf.a4b2e4f89309b71938072d04ad479780.jpg","train/IMG_3206_JPG.rf.a4b2e4f89309b71938072d04ad479780",0,1,"brown_eye_spot",0.531250,0.505469,0.471094,0.654688,189.250000,113.999977,490.750000,533.000000,1,0,1,"brown_eye_spot",0.971012,187.855148,115.244293,492.928101,535.366882,305.072937,420.122589,128168.031250,0.979852
"2abe9d80-c10f-4794-b5fb-0e2e1fb12027",41,"eec16dd0-735c-4901-a9f1-3a0db66952e8","benchmark/train/348_jpg.rf.915865a30cc814cd45f9d00da66f582d.jpg","train/348_jpg.rf.915865a30cc814cd45f9d00da66f582d",0,4,"phoma",0.512500,0.470313,0.907031,0.789844,37.749996,48.250008,618.250000,553.750000,1,0,4,"phoma",0.927041,34.674713,50.146072,619.473083,552.618896,584.798340,502.472839,293845.281250,0.986749
"2abe9d80-c10f-4794-b5fb-0e2e1fb12027",42,"ca54edca-28bf-44c2-a555-1b7498613a56","benchmark/test/195_jpg.rf.10863976162044ed815bb70e21b02b4a.jpg","test/195_jpg.rf.10863976162044ed815bb70e21b02b4a",0,2,"healthy",0.494531,0.550000,0.778125,0.639063,67.500000,147.500000,565.500000,556.500000,1,0,2,"healthy",0.968993,74.366638,150.027908,562.696106,553.173584,488.329468,403.145691,196867.921875,0.966545
"2abe9d80-c10f-4794-b5fb-0e2e1fb12027",43,"27f3195d-67fb-42f6-a7b9-857faba60485","benchmark/train/IMG_2638_JPG.rf.a4fa59828279d5cc805f2f25869287af.jpg","train/IMG_2638_JPG.rf.a4fa59828279d5cc805f2f25869287af",0,1,"brown_eye_spot",0.514063,0.575781,0.635156,0.604688,125.750008,174.999985,532.250000,562.000000,1,0,1,"brown_eye_spot",0.975470,126.000656,179.795837,531.808899,565.465515,405.808228,385.669678,156507.921875,0.977191
"2abe9d80-c10f-4794-b5fb-0e2e1fb12027",44,"d31219a9-e256-438f-8083-4775769f3eae","benchmark/train/IMG_3319_JPG.rf.8a589aaeabd79ba5052d9ff5852682b7.jpg","train/IMG_3319_JPG.rf.8a589aaeabd79ba5052d9ff5852682b7",0,3,"miner",0.479688,0.546094,0.678125,0.545313,90.000000,175.000000,524.000000,524.000000,1,0,3,"miner",0.973032,93.097137,174.489761,525.316589,526.610352,432.219452,352.120605,152193.375000,0.981150
"2abe9d80-c10f-4794-b5fb-0e2e1fb12027",45,"ae8cc921-b205-4116-8de1-3869931c9b03","benchmark/valid/IMG_3240_JPG.rf.7a6d79ee71208da3fde8d5a58df6708a.jpg","valid/IMG_3240_JPG.rf.7a6d79ee71208da3fde8d5a58df6708a",0,3,"miner",0.512500,0.351563,0.522656,0.484375,160.749985,70.000000,495.250000,380.000000,1,0,3,"miner",0.956636,165.233948,69.067017,497.422913,377.730469,332.188965,308.663452,102534.593750,0.970216
"2abe9d80-c10f-4794-b5fb-0e2e1fb12027",46,"d1273535-aecd-4992-a176-376f84224ca2","benchmark/train/IMG_2876_1_JPG.rf.43d77e8e9092bea62f7e3eedf9079322.jpg","train/IMG_2876_1_JPG.rf.43d77e8e9092bea62f7e3eedf9079322",0,5,"powdery_mildew",0.544531,0.565625,0.651563,0.356250,139.999985,248.000015,557.000000,476.000000,1,2,5,"powdery_mildew",0.605952,140.908585,234.496307,553.942749,475.363251,413.034180,240.866943,99486.281250,0.932991
"2abe9d80-c10f-4794-b5fb-0e2e1fb12027",46,"d1273535-aecd-4992-a176-376f84224ca2","benchmark/train/IMG_2876_1_JPG.rf.43d77e8e9092bea62f7e3eedf9079322.jpg","train/IMG_2876_1_JPG.rf.43d77e8e9092bea62f7e3eedf9079322",1,5,"powdery_mildew",0.641406,0.154687,0.495313,0.222656,251.999985,27.749996,569.000000,170.250000,1,0,5,"powdery_mildew",0.952696,251.218033,28.121658,568.716675,167.922058,317.498657,139.800400,44386.437500,0.977812
"2abe9d80-c10f-4794-b5fb-0e2e1fb12027",47,"9b752ebb-b88e-4e20-b7d6-a3f8f025c3ca","benchmark/train/IMG_2268_2_JPG.rf.b6d249e2e8f84a367326ba717e68ab9c.jpg","train/IMG_2268_2_JPG.rf.b6d249e2e8f84a367326ba717e68ab9c",0,0,"algal_spot",0.485938,0.601563,0.622656,0.649219,111.750015,177.250000,510.250000,592.750000,1,0,0,"algal_spot",0.972219,114.784500,174.664307,511.839935,597.800171,397.055420,423.135864,168008.390625,0.970737
"2abe9d80-c10f-4794-b5fb-0e2e1fb12027",48,"5409535a-a78a-4ec5-ad06-0b1d49ba88fd","benchmark/train/IMG_3037_JPG.rf.a4747070ea8670c7052e2ad21c5e47d2.jpg","train/IMG_3037_JPG.rf.a4747070ea8670c7052e2ad21c5e47d2",0,1,"brown_eye_spot",0.520312,0.390625,0.608594,0.714844,138.249985,21.250000,527.750000,478.750000,1,0,1,"brown_eye_spot",0.929901,136.120056,22.367340,518.719971,477.657349,382.599915,455.290009,174193.921875,0.966836
"2abe9d80-c10f-4794-b5fb-0e2e1fb12027",49,"a00c6746-56dc-458f-800e-5229f5b68050","benchmark/train/IMG_2804_2_JPG.rf.eb7150c2365639b80c137938ffa40b7d.jpg","train/IMG_2804_2_JPG.rf.eb7150c2365639b80c137938ffa40b7d",0,0,"algal_spot",0.528906,0.609375,0.717188,0.521875,108.999977,223.000000,568.000000,557.000000,1,0,0,"algal_spot",0.968027,115.764374,220.197174,564.176880,559.303101,448.412506,339.105927,152059.343750,0.962558
"2abe9d80-c10f-4794-b5fb-0e2e1fb12027",50,"e38f4147-a999-41ce-bb68-2247c411c727","benchmark/train/IMG_3632_1_JPG.rf.1e18b27384fad23aed3e43de0b95ec69.jpg","train/IMG_3632_1_JPG.rf.1e18b27384fad23aed3e43de0b95ec69",0,0,"algal_spot",0.706250,0.362500,0.407031,0.417969,321.750031,98.250008,582.250000,365.750000,1,1,0,"algal_spot",0.964090,323.084961,99.164642,582.620483,368.106537,259.535522,268.941895,69799.976563,0.981468
"2abe9d80-c10f-4794-b5fb-0e2e1fb12027",50,"e38f4147-a999-41ce-bb68-2247c411c727","benchmark/train/IMG_3632_1_JPG.rf.1e18b27384fad23aed3e43de0b95ec69.jpg","train/IMG_3632_1_JPG.rf.1e18b27384fad23aed3e43de0b95ec69",1,0,"algal_spot",0.396875,0.671875,0.689844,0.271875,33.249989,343.000000,474.750000,517.000000,1,0,0,"algal_spot",0.969746,29.046844,343.088013,482.086273,515.930237,453.039429,172.842224,78304.343750,0.968209
"2abe9d80-c10f-4794-b5fb-0e2e1fb12027",51,"3a9404d9-fb72-435d-af60-6963d66a7b94","benchmark/test/774_jpg.rf.1eb92a001154bfeb8a12626723c1a5f9.jpg","test/774_jpg.rf.1eb92a001154bfeb8a12626723c1a5f9",0,4,"phoma",0.494531,0.481250,0.793750,0.682031,62.500000,89.749985,570.500000,526.250000,1,0,4,"phoma",0.823737,57.991638,86.850922,574.237183,535.077271,516.245544,448.226349,231394.859375,0.958284
"2abe9d80-c10f-4794-b5fb-0e2e1fb12027",52,"f7b664c1-f047-45a2-b2ce-8036ce88d2df","benchmark/valid/212_jpg.rf.0db9b62ede00e47dbce1b334d8fd5bfc.jpg","valid/212_jpg.rf.0db9b62ede00e47dbce1b334d8fd5bfc",0,2,"healthy",0.448438,0.548437,0.895312,0.712500,0.500011,122.999992,573.500000,579.000000,1,0,2,"healthy",0.960044,0.000000,127.169434,582.798462,571.502563,582.798462,444.333130,258956.671875,0.958444
"2abe9d80-c10f-4794-b5fb-0e2e1fb12027",53,"a02070a8-4498-4112-9587-68df5420c5ca","benchmark/test/1004_jpg.rf.081add0eafdbab1c4c11520715cbef3d.jpg","test/1004_jpg.rf.081add0eafdbab1c4c11520715cbef3d",0,2,"healthy",0.487500,0.473437,0.972656,0.759375,0.750008,60.000000,623.250000,546.000000,1,0,2,"healthy",0.958407,0.000000,64.544891,616.508423,546.513062,616.508423,481.968170,297137.437500,0.977731
"2abe9d80-c10f-4794-b5fb-0e2e1fb12027",54,"e0224605-e556-48ae-b2e7-1461367a8085","benchmark/train/IMG_2896_1_JPG.rf.fdc92097c60c71136f5b65b165db2255.jpg","train/IMG_2896_1_JPG.rf.fdc92097c60c71136f5b65b165db2255",0,1,"brown_eye_spot",0.496875,0.475000,0.825781,0.675781,53.750000,87.750000,582.250000,520.250000,1,0,1,"brown_eye_spot",0.974527,51.568542,83.991104,574.121216,516.849365,522.552673,432.858276,226191.250000,0.964637
"2abe9d80-c10f-4794-b5fb-0e2e1fb12027",55,"519ce2a1-68d1-4e16-b5f3-0b7319d23dd5","benchmark/train/PXL_20240125_121900315_jpg.rf.626393d8623f33a33d408221303c60e3.jpg","train/PXL_20240125_121900315_jpg.rf.626393d8623f33a33d408221303c60e3",0,2,"healthy",0.498437,0.425000,0.394531,0.670313,192.750000,57.500000,445.250000,486.500000,1,0,2,"healthy",0.935363,193.952728,50.513779,447.735779,489.418915,253.783051,438.905151,111386.687500,0.963396
"2abe9d80-c10f-4794-b5fb-0e2e1fb12027",56,"602c8a66-3c2c-4023-8f51-e00544ee87e8","benchmark/train/245_jpg.rf.f4e68aab3836c32bdfaa7361321fd396.jpg","train/245_jpg.rf.f4e68aab3836c32bdfaa7361321fd396",0,4,"phoma",0.516406,0.522656,0.745313,0.573438,91.999985,151.000000,569.000000,518.000000,1,0,4,"phoma",0.970861,89.467621,150.225952,570.037109,516.637695,480.569489,366.411743,176086.296875,0.986834
"2abe9d80-c10f-4794-b5fb-0e2e1fb12027",57,"d57e285e-0771-47ec-b1c1-94270acea451","benchmark/train/IMG_3361_JPG.rf.c015a4ca139362e8a677f004c2d33a96.jpg","train/IMG_3361_JPG.rf.c015a4ca139362e8a677f004c2d33a96",0,1,"brown_eye_spot",0.600781,0.554688,0.632813,0.431250,182.000000,217.000000,587.000000,493.000000,1,0,1,"brown_eye_spot",0.976381,181.078339,218.063263,593.132996,491.279480,412.054657,273.216217,112580.015625,0.973134
"2abe9d80-c10f-4794-b5fb-0e2e1fb12027",58,"67c4cf6c-8bcd-44da-832e-8399ac0ef0d1","benchmark/valid/IMG_3606_2_JPG.rf.913a437fccfe5a1b2656fafc447575d4.jpg","valid/IMG_3606_2_JPG.rf.913a437fccfe5a1b2656fafc447575d4",0,0,"algal_spot",0.500000,0.364062,0.822656,0.286719,56.749992,141.249985,583.250000,324.750000,1,0,0,"algal_spot",0.961756,62.524429,146.923141,580.111633,323.106689,517.587219,176.183548,91190.351563,0.943875
"2abe9d80-c10f-4794-b5fb-0e2e1fb12027",59,"2757d72a-2767-4c05-8e62-8061b687007f","benchmark/train/IMG_3103_1_JPG.rf.86000377060e46680a37611effbb32b9.jpg","train/IMG_3103_1_JPG.rf.86000377060e46680a37611effbb32b9",0,4,"phoma",0.542969,0.426562,0.485938,0.721875,192.000000,41.999989,503.000000,504.000000,1,0,4,"phoma",0.981602,192.741013,37.994095,504.451965,503.225250,311.710938,465.231140,145017.640625,0.982822
"2abe9d80-c10f-4794-b5fb-0e2e1fb12027",60,"19ddea9d-dda0-496d-9ed7-376970e7b3f8","benchmark/valid/IMG_2800_1_JPG.rf.42676e54a38e091fe3871b6cd02e4596.jpg","valid/IMG_2800_1_JPG.rf.42676e54a38e091fe3871b6cd02e4596",0,1,"brown_eye_spot",0.589063,0.460938,0.694531,0.739844,154.750000,58.250008,599.250000,531.750000,1,0,1,"brown_eye_spot",0.906237,158.236191,65.799713,603.549988,535.956543,445.313782,470.156830,209367.312500,0.958679
"2abe9d80-c10f-4794-b5fb-0e2e1fb12027",61,"8f311796-792a-4e9c-846b-a723f9f2e198","benchmark/train/495_jpg.rf.c559260601bf56a565a61dcb260d5a00.jpg","train/495_jpg.rf.c559260601bf56a565a61dcb260d5a00",0,4,"phoma",0.514844,0.521875,0.737500,0.724219,93.500000,102.250023,565.500000,565.750000,1,0,4,"phoma",0.964742,89.786179,104.705963,568.997070,568.931885,479.210876,464.225922,222462.109375,0.973131
"2abe9d80-c10f-4794-b5fb-0e2e1fb12027",62,"1519121f-be92-43c9-9bd0-37d0b14e1b60","benchmark/valid/IMG_3091_JPG.rf.749fcb3c5aeebbcee69ef7fa9c882ac6.jpg","valid/IMG_3091_JPG.rf.749fcb3c5aeebbcee69ef7fa9c882ac6",0,3,"miner",0.414844,0.403125,0.542188,0.540625,91.999985,85.000000,439.000000,431.000000,1,0,3,"miner",0.970966,93.879456,80.790985,441.953949,431.058716,348.074493,350.267731,121919.265625,0.974236
"2abe9d80-c10f-4794-b5fb-0e2e1fb12027",63,"93e77bba-531e-46ef-ad21-8d360c503e13","benchmark/test/1005_jpg.rf.64b3abc5e7cfa15a1cf6fcdad43dfd74.jpg","test/1005_jpg.rf.64b3abc5e7cfa15a1cf6fcdad43dfd74",0,2,"healthy",0.482812,0.525781,0.965625,0.764063,0.000000,92.000008,618.000000,581.000000,1,0,2,"healthy",0.978543,0.000000,91.206406,620.950012,582.044434,620.950012,490.838013,304785.875000,0.991522
"2abe9d80-c10f-4794-b5fb-0e2e1fb12027",64,"a935d345-fd9a-4154-a4ad-84ed3a2db7d9","benchmark/train/IMG_2910_2_JPG.rf.72c9d0ad8c7b3fb25e0d74dd7752e2ae.jpg","train/IMG_2910_2_JPG.rf.72c9d0ad8c7b3fb25e0d74dd7752e2ae",0,3,"miner",0.460938,0.567969,0.903906,0.442187,5.750008,221.999985,584.250000,505.000000,1,0,3,"miner",0.963031,8.395691,220.977020,589.148743,509.320679,580.753052,288.343658,167456.453125,0.968857
"2abe9d80-c10f-4794-b5fb-0e2e1fb12027",65,"203ef35c-8d8c-402b-b037-ac569bf034cd","benchmark/train/IMG_3084_1_JPG.rf.38ccd86a9c3a14894cd36a18a9515b30.jpg","train/IMG_3084_1_JPG.rf.38ccd86a9c3a14894cd36a18a9515b30",0,1,"brown_eye_spot",0.504687,0.462500,0.432031,0.724219,184.749985,64.250015,461.250000,527.750000,1,0,1,"brown_eye_spot",0.981963,184.917999,64.023422,464.223267,535.020752,279.305267,470.997314,131552.031250,0.973030
"2abe9d80-c10f-4794-b5fb-0e2e1fb12027",66,"cf423e9c-97ba-439b-984a-2cdca326571d","benchmark/train/1217_jpg.rf.d493b78605c1a3e26fff909c704cfb11.jpg","train/1217_jpg.rf.d493b78605c1a3e26fff909c704cfb11",0,4,"phoma",0.514063,0.478906,0.907812,0.709375,38.500023,79.499985,619.500000,533.500000,1,0,4,"phoma",0.892124,40.083496,80.911530,620.393005,535.071655,580.309509,454.160126,263553.437500,0.989238
"2abe9d80-c10f-4794-b5fb-0e2e1fb12027",67,"a8ff6ce1-1a8a-4fd1-8c92-2a8c21bb5699","benchmark/train/IMG_3498_1_JPG.rf.f971c3cc31607dedf1cc26d4a0c20158.jpg","train/IMG_3498_1_JPG.rf.f971c3cc31607dedf1cc26d4a0c20158",0,0,"algal_spot",0.510156,0.417188,0.929688,0.562500,29.000015,87.000008,624.000000,447.000000,1,0,0,"algal_spot",0.954727,14.072266,89.364105,633.465210,446.425446,619.392944,357.061340,221161.281250,0.953083
"2abe9d80-c10f-4794-b5fb-0e2e1fb12027",68,"075ba62f-0f08-4700-92fe-ccbbf3dec344","benchmark/train/IMG_3010_2_JPG.rf.5b786e80ad6d56aa4ec6ac0263e675a0.jpg","train/IMG_3010_2_JPG.rf.5b786e80ad6d56aa4ec6ac0263e675a0",0,3,"miner",0.450000,0.408594,0.459375,0.526563,141.000000,92.999992,435.000000,430.000000,1,0,3,"miner",0.962793,142.864243,89.159393,439.027161,434.076660,296.162903,344.917267,102151.695313,0.957869
"2abe9d80-c10f-4794-b5fb-0e2e1fb12027",69,"a2e61ee1-09b3-4725-acd9-7fa7123c0309","benchmark/valid/486_jpg.rf.8b056b402223dd019fb9bd43083024a2.jpg","valid/486_jpg.rf.8b056b402223dd019fb9bd43083024a2",0,4,"phoma",0.525000,0.511719,0.853125,0.578906,62.999992,142.250000,609.000000,512.750000,1,0,4,"phoma",0.973215,63.954346,142.221619,607.065552,514.329712,543.111206,372.108093,202096.078125,0.990433
"2abe9d80-c10f-4794-b5fb-0e2e1fb12027",70,"862d0e09-a825-4d45-bed7-52393bc4bb04","benchmark/valid/730_jpg.rf.c296cbf624336f72e4034f5621d70dee.jpg","valid/730_jpg.rf.c296cbf624336f72e4034f5621d70dee",0,4,"phoma",0.490625,0.461719,0.880469,0.611719,32.250004,99.749985,595.750000,491.250000,1,0,4,"phoma",0.914599,27.390594,99.358459,597.824646,491.012634,570.434082,391.654175,223412.890625,0.986266
"2abe9d80-c10f-4794-b5fb-0e2e1fb12027",71,"80ecd632-f0e7-4edf-ae93-8247f7a48e0e","benchmark/train/IMG_3556_2_JPG.rf.93fd6e4b60efc1f629577b852671cd1b.jpg","train/IMG_3556_2_JPG.rf.93fd6e4b60efc1f629577b852671cd1b",0,0,"algal_spot",0.432813,0.491406,0.708594,0.539063,50.250015,142.000000,503.750000,487.000000,1,0,0,"algal_spot",0.963890,50.230972,139.378876,500.672180,490.813232,450.441223,351.434357,158300.515625,0.975109
"2abe9d80-c10f-4794-b5fb-0e2e1fb12027",72,"840febf2-f7bf-4692-b9b6-5d7a9d8be9df","benchmark/train/IMG_2708_2_JPG.rf.01324997f47af51b982d5a1e7b01b514.jpg","train/IMG_2708_2_JPG.rf.01324997f47af51b982d5a1e7b01b514",0,0,"algal_spot",0.459375,0.547656,0.517969,0.429688,128.249985,213.000000,459.750000,488.000000,1,0,0,"algal_spot",0.972730,129.101654,212.990234,459.060242,486.783203,329.958588,273.792969,90340.343750,0.990911
"2abe9d80-c10f-4794-b5fb-0e2e1fb12027",73,"87526e05-2c30-4d15-8519-4eb1d3220599","benchmark/train/547_jpg.rf.41cab7f98797cfc86329dda5b8a2e002.jpg","train/547_jpg.rf.41cab7f98797cfc86329dda5b8a2e002",0,4,"phoma",0.524219,0.498437,0.626562,0.670313,135.000000,104.499985,536.000000,533.500000,1,0,4,"phoma",0.963341,132.466110,106.080292,544.070251,537.366089,411.604126,431.285797,177519.015625,0.962070
"2abe9d80-c10f-4794-b5fb-0e2e1fb12027",74,"01411fd4-bcc6-432b-8232-a5ec68590b20","benchmark/train/IMG_3026_1_JPG.rf.a06ae0c11f0eb710adb74ff059d7a4fa.jpg","train/IMG_3026_1_JPG.rf.a06ae0c11f0eb710adb74ff059d7a4fa",0,0,"algal_spot",0.456250,0.396094,0.742969,0.320313,54.250011,151.000000,529.750000,356.000000,1,0,0,"algal_spot",0.957941,49.674805,149.698196,529.992798,355.289520,480.317993,205.591324,98749.210938,0.980347
"2abe9d80-c10f-4794-b5fb-0e2e1fb12027",75,"a5e9f006-83a3-4df0-b43c-eea43d6e932b","benchmark/train/999_jpg.rf.a58ef896fea62aadc101c6146a5239a5.jpg","train/999_jpg.rf.a58ef896fea62aadc101c6146a5239a5",0,2,"healthy",0.504687,0.475000,0.843750,0.676562,52.999992,87.500000,593.000000,520.500000,1,0,2,"healthy",0.973012,60.933350,91.537018,592.262695,515.134583,531.329346,423.597565,225069.812500,0.962577
"2abe9d80-c10f-4794-b5fb-0e2e1fb12027",76,"97367e39-b30b-40ba-81a5-478eb45168ad","benchmark/train/IMG_2209_JPG.rf.55fad5dafa8adc0f95d7d67269fa68dd.jpg","train/IMG_2209_JPG.rf.55fad5dafa8adc0f95d7d67269fa68dd",0,3,"miner",0.510156,0.426562,0.876562,0.360156,46.000023,157.750000,607.000000,388.249969,1,0,3,"miner",0.949861,42.577148,156.724487,608.612671,390.399994,566.035522,233.675507,132268.640625,0.977635
"2abe9d80-c10f-4794-b5fb-0e2e1fb12027",77,"4e915159-485e-4993-96ca-a175750acce1","benchmark/test/IMG_3425_2_JPG.rf.d585baa7e52eac208d3e0f2bfe8d6524.jpg","test/IMG_3425_2_JPG.rf.d585baa7e52eac208d3e0f2bfe8d6524",0,3,"miner",0.532031,0.478125,0.743750,0.550000,102.500000,130.000000,578.500000,482.000000,1,0,3,"miner",0.958207,104.815369,131.078430,568.963867,481.691956,464.148499,350.613525,162736.734375,0.971261
"2abe9d80-c10f-4794-b5fb-0e2e1fb12027",78,"2a60c150-cf38-4eea-83bf-420a0d01fbb8","benchmark/valid/924_jpg.rf.a5e8b72e3fdb8bbfbbb6b6298f5aac99.jpg","valid/924_jpg.rf.a5e8b72e3fdb8bbfbbb6b6298f5aac99",0,2,"healthy",0.485156,0.535156,0.742969,0.644531,72.750000,136.250000,548.250000,548.750000,1,0,2,"healthy",0.982375,69.095947,135.678802,550.423035,554.200928,481.327087,418.522125,201446.031250,0.973679
"2abe9d80-c10f-4794-b5fb-0e2e1fb12027",79,"454a87df-6e8e-4d98-8ac5-47f836733219","benchmark/train/IMG_3273_2_JPG.rf.95d815d5e87553713ec4cbe152915c50.jpg","train/IMG_3273_2_JPG.rf.95d815d5e87553713ec4cbe152915c50",0,1,"brown_eye_spot",0.437500,0.528125,0.428125,0.941406,143.000000,36.749992,417.000000,639.000000,1,0,1,"brown_eye_spot",0.917738,142.094604,38.924957,416.977356,639.000000,274.882751,600.075073,164950.281250,0.993037
"2abe9d80-c10f-4794-b5fb-0e2e1fb12027",80,"11bb2c96-f98e-4e49-a1cd-58e8b6b700c0","benchmark/train/265_jpg.rf.db2deabdeb27213652b9491eaeba66c1.jpg","train/265_jpg.rf.db2deabdeb27213652b9491eaeba66c1",0,4,"phoma",0.492188,0.543750,0.784375,0.637500,63.999996,144.000000,566.000000,552.000000,1,0,4,"phoma",0.975971,61.605469,144.455353,565.140137,553.169067,503.534668,408.713715,205801.531250,0.989614
"2abe9d80-c10f-4794-b5fb-0e2e1fb12027",81,"0d9ddef9-e36e-4896-bd56-70ec83cf1263","benchmark/valid/IMG_20240125_115148_708_jpg.rf.5d0f1d015d307dcf568a5b2c54dee4c0.jpg","valid/IMG_20240125_115148_708_jpg.rf.5d0f1d015d307dcf568a5b2c54dee4c0",0,2,"healthy",0.401563,0.510156,0.557813,0.840625,78.500000,57.500019,435.500031,595.500000,1,0,2,"healthy",0.959232,80.776169,50.455978,441.096436,602.910278,360.320251,552.454285,199060.468750,0.952849
"2abe9d80-c10f-4794-b5fb-0e2e1fb12027",81,"0d9ddef9-e36e-4896-bd56-70ec83cf1263","benchmark/valid/IMG_20240125_115148_708_jpg.rf.5d0f1d015d307dcf568a5b2c54dee4c0.jpg","valid/IMG_20240125_115148_708_jpg.rf.5d0f1d015d307dcf568a5b2c54dee4c0",1,2,"healthy",0.192188,0.417188,0.380469,0.612500,1.250000,71.000000,244.750000,463.000031,0,,,,,,,,,,,,0.000000
"2abe9d80-c10f-4794-b5fb-0e2e1fb12027",81,"0d9ddef9-e36e-4896-bd56-70ec83cf1263","benchmark/valid/IMG_20240125_115148_708_jpg.rf.5d0f1d015d307dcf568a5b2c54dee4c0.jpg","valid/IMG_20240125_115148_708_jpg.rf.5d0f1d015d307dcf568a5b2c54dee4c0",2,2,"healthy",0.778125,0.225781,0.433594,0.314844,359.250000,43.750000,636.750000,245.250000,0,,,,,,,,,,,,0.000000
"2abe9d80-c10f-4794-b5fb-0e2e1fb12027",82,"cb642a53-067f-4f00-a9df-a1428026b05c","benchmark/test/IMG_3419_1_JPG.rf.0b7216c8e47f25b5b98005bb8019b7b9.jpg","test/IMG_3419_1_JPG.rf.0b7216c8e47f25b5b98005bb8019b7b9",0,3,"miner",0.529688,0.586719,0.354688,0.475781,225.500015,223.249985,452.500000,527.750000,1,0,3,"miner",0.963251,229.155945,224.519485,451.899170,523.041504,222.743225,298.522034,66493.757813,0.961984
"2abe9d80-c10f-4794-b5fb-0e2e1fb12027",83,"ca5ce763-39b9-4612-b51b-3b9330d13cab","benchmark/train/380_jpg.rf.2a853f820613be7c8e47843d88a9321c.jpg","train/380_jpg.rf.2a853f820613be7c8e47843d88a9321c",0,4,"phoma",0.514063,0.534375,0.657031,0.623438,118.750015,142.500000,539.250000,541.500000,1,0,4,"phoma",0.960441,121.247330,141.435730,540.369385,544.544067,419.122070,403.108337,168951.593750,0.981377
"2abe9d80-c10f-4794-b5fb-0e2e1fb12027",84,"2437a888-5f93-46cc-9bd2-94f9f3fa2bc6","benchmark/valid/387_jpg.rf.4b086103f7010118e710c48387074e7e.jpg","valid/387_jpg.rf.4b086103f7010118e710c48387074e7e",0,4,"phoma",0.512500,0.497656,0.694531,0.635156,105.749985,115.250000,550.250000,521.750000,1,0,4,"phoma",0.979229,103.798721,116.075165,556.210022,522.405579,452.411316,406.330414,183828.484375,0.978974
"2abe9d80-c10f-4794-b5fb-0e2e1fb12027",85,"67f61f2a-6ab5-4a9a-b39c-cac065197c73","benchmark/train/424_jpg.rf.f833b43daef5c1e8e883f095d178666c.jpg","train/424_jpg.rf.f833b43daef5c1e8e883f095d178666c",0,4,"phoma",0.497656,0.507813,0.735937,0.611719,83.000015,129.250000,554.000000,520.750000,1,0,4,"phoma",0.968236,80.943176,128.211456,557.678955,520.802002,476.735779,392.590546,187161.953125,0.985224
"2abe9d80-c10f-4794-b5fb-0e2e1fb12027",86,"644b295c-b043-4d2b-9c8b-5dfad2123f9b","benchmark/train/IMG_2751_1_JPG.rf.9754944058dfede5cf4f3d3a276100e6.jpg","train/IMG_2751_1_JPG.rf.9754944058dfede5cf4f3d3a276100e6",0,0,"algal_spot",0.485938,0.551562,0.712500,0.506250,83.000015,190.999985,539.000000,515.000000,1,0,0,"algal_spot",0.933365,86.291946,198.516068,533.462585,517.103760,447.170654,318.587708,142463.078125,0.951828
"2abe9d80-c10f-4794-b5fb-0e2e1fb12027",87,"a465a5d0-736c-4a60-850c-2c3ceeba40f3","benchmark/test/IMG_2380_2_JPG.rf.af7912f64319dd47f0ee59c6006ed321.jpg","test/IMG_2380_2_JPG.rf.af7912f64319dd47f0ee59c6006ed321",0,0,"algal_spot",0.489062,0.543750,0.507031,0.622656,150.749985,148.750000,475.250000,547.250000,1,0,0,"algal_spot",0.964368,147.655441,148.919495,477.248352,551.328918,329.592896,402.409424,132631.281250,0.974164
"2abe9d80-c10f-4794-b5fb-0e2e1fb12027",88,"3a9cc560-fb74-4293-9271-5d10cde9abb6","benchmark/train/IMG_3623_JPG.rf.eb1a2ceafa55861cc1ac23f11cf08605.jpg","train/IMG_3623_JPG.rf.eb1a2ceafa55861cc1ac23f11cf08605",0,0,"algal_spot",0.517969,0.428125,0.492188,0.850781,174.000015,1.749992,489.000000,546.250000,1,0,0,"algal_spot",0.969183,175.992828,2.040359,489.421417,551.197876,313.428589,549.157532,172121.671875,0.982942
"2abe9d80-c10f-4794-b5fb-0e2e1fb12027",89,"36b5ff1a-dbaa-477d-b7f1-3173f1e3db75","benchmark/valid/IMG_3567_JPG.rf.5b020eed8ed6aed31bfd47f57cdf6423.jpg","valid/IMG_3567_JPG.rf.5b020eed8ed6aed31bfd47f57cdf6423",0,0,"algal_spot",0.453125,0.457812,0.665625,0.324219,77.000008,189.250000,503.000000,396.750000,1,0,0,"algal_spot",0.968578,74.646225,204.796112,500.949127,402.269012,426.302917,197.472900,84183.273438,0.892314
"2abe9d80-c10f-4794-b5fb-0e2e1fb12027",89,"36b5ff1a-dbaa-477d-b7f1-3173f1e3db75","benchmark/valid/IMG_3567_JPG.rf.5b020eed8ed6aed31bfd47f57cdf6423.jpg","valid/IMG_3567_JPG.rf.5b020eed8ed6aed31bfd47f57cdf6423",1,4,"phoma",0.490625,0.857813,0.648438,0.278125,106.500000,460.000000,521.500000,638.000000,1,1,4,"phoma",0.894455,99.306488,451.193481,545.115540,639.000000,445.809052,187.806519,83725.843750,0.882284
"2abe9d80-c10f-4794-b5fb-0e2e1fb12027",90,"81a6ac56-90ae-40c0-b8ba-69efec9ac2d5","benchmark/train/374_jpg.rf.1e482d2f337fc4f4c4557483a9111a08.jpg","train/374_jpg.rf.1e482d2f337fc4f4c4557483a9111a08",0,4,"phoma",0.516406,0.520312,0.884375,0.759375,47.500000,90.000000,613.500000,576.000000,1,0,4,"phoma",0.787165,39.229492,89.491898,609.435791,575.662231,570.206299,486.170349,277217.406250,0.976837
"2abe9d80-c10f-4794-b5fb-0e2e1fb12027",91,"45833685-e3e3-41bb-8987-2e3f506a21aa","benchmark/train/IMG_2377_JPG.rf.df14a4c57a07a38683a01eeb053b57d6.jpg","train/IMG_2377_JPG.rf.df14a4c57a07a38683a01eeb053b57d6",0,1,"brown_eye_spot",0.430469,0.343750,0.614062,0.442969,79.000000,78.250000,471.999969,361.750000,1,1,1,"brown_eye_spot",0.971292,80.146133,81.510681,475.676605,359.948425,395.530457,278.437744,110130.609375,0.970363
"2abe9d80-c10f-4794-b5fb-0e2e1fb12027",91,"45833685-e3e3-41bb-8987-2e3f506a21aa","benchmark/train/IMG_2377_JPG.rf.df14a4c57a07a38683a01eeb053b57d6.jpg","train/IMG_2377_JPG.rf.df14a4c57a07a38683a01eeb053b57d6",1,1,"brown_eye_spot",0.812500,0.206250,0.274219,0.244531,432.250000,53.750000,607.750000,210.250000,1,2,1,"brown_eye_spot",0.959787,433.710175,52.734436,606.678406,210.861542,172.968231,158.127106,27350.964844,0.975577
"2abe9d80-c10f-4794-b5fb-0e2e1fb12027",91,"45833685-e3e3-41bb-8987-2e3f506a21aa","benchmark/train/IMG_2377_JPG.rf.df14a4c57a07a38683a01eeb053b57d6.jpg","train/IMG_2377_JPG.rf.df14a4c57a07a38683a01eeb053b57d6",2,3,"miner",0.569531,0.131250,0.407813,0.142969,234.000015,38.250000,495.000000,129.750000,1,3,3,"miner",0.677557,233.918976,42.360260,492.984558,133.319519,259.065582,90.959259,23564.414063,0.912115
"2abe9d80-c10f-4794-b5fb-0e2e1fb12027",91,"45833685-e3e3-41bb-8987-2e3f506a21aa","benchmark/train/IMG_2377_JPG.rf.df14a4c57a07a38683a01eeb053b57d6.jpg","train/IMG_2377_JPG.rf.df14a4c57a07a38683a01eeb053b57d6",3,1,"brown_eye_spot",0.443750,0.707812,0.538281,0.328906,111.749992,347.750000,456.250000,558.250000,1,0,1,"brown_eye_spot",0.976418,111.927689,351.353912,458.908020,557.157410,346.980347,205.803497,71409.765625,0.969869
"2abe9d80-c10f-4794-b5fb-0e2e1fb12027",92,"78becd6d-42d3-4f1e-92f4-11ff2bbc5a3f","benchmark/train/IMG_3054_2_JPG.rf.6851e516cbc5c201f60216bb7c4bca74.jpg","train/IMG_3054_2_JPG.rf.6851e516cbc5c201f60216bb7c4bca74",0,3,"miner",0.526563,0.598437,0.394531,0.424219,210.750000,247.249985,463.250000,518.750000,1,0,3,"miner",0.973392,205.528412,247.735001,469.121368,521.641357,263.592957,273.906372,72199.789063,0.946200
"2abe9d80-c10f-4794-b5fb-0e2e1fb12027",93,"3b6c6094-c9a4-4156-9056-fc266f3c7369","benchmark/train/IMG_2695_2_JPG.rf.7a94e91050b1c4aff7dda366888f5745.jpg","train/IMG_2695_2_JPG.rf.7a94e91050b1c4aff7dda366888f5745",0,3,"miner",0.457812,0.489844,0.618750,0.301562,95.000000,217.000000,491.000000,410.000000,1,0,3,"miner",0.958185,88.137894,210.328857,489.770264,412.378662,401.632385,202.049805,81149.742188,0.936152
"2abe9d80-c10f-4794-b5fb-0e2e1fb12027",94,"d3697197-a8e3-474f-a2d0-f0494566a9f7","benchmark/train/IMG_3422_1_JPG.rf.98aa3c33fd149f3fa97860c44c3c7038.jpg","train/IMG_3422_1_JPG.rf.98aa3c33fd149f3fa97860c44c3c7038",0,3,"miner",0.517969,0.571094,0.700781,0.296875,107.250023,270.500000,555.750000,460.500000,1,0,3,"miner",0.647054,105.038574,270.181152,560.418701,459.234833,455.380127,189.053680,86091.289063,0.976792
"2abe9d80-c10f-4794-b5fb-0e2e1fb12027",95,"9ab6e4ce-2ac3-4197-a1e3-a824ba43232b","benchmark/train/IMG_3587_1_JPG.rf.eb52c60e894f718c4dda8ec45e28bc1c.jpg","train/IMG_3587_1_JPG.rf.eb52c60e894f718c4dda8ec45e28bc1c",0,0,"algal_spot",0.600000,0.553125,0.402344,0.518750,255.250015,188.000015,512.750000,520.000000,1,0,0,"algal_spot",0.969982,258.129791,195.118713,513.054871,521.009644,254.925079,325.890930,83077.773438,0.963597
"2abe9d80-c10f-4794-b5fb-0e2e1fb12027",96,"2901ce93-eab5-4771-8a28-7cb04b8a7701","benchmark/train/301_jpg.rf.de9eda237901b483c77f1bdfec461dec.jpg","train/301_jpg.rf.de9eda237901b483c77f1bdfec461dec",0,4,"phoma",0.530469,0.458594,0.727344,0.811719,106.750015,33.750000,572.250000,553.250000,1,0,4,"phoma",0.948104,107.991516,31.569626,572.807129,561.964417,464.815613,530.394775,246535.765625,0.975733
"2abe9d80-c10f-4794-b5fb-0e2e1fb12027",97,"8b8275e7-9c5a-46d9-ad54-c9de3e0c8e2a","benchmark/valid/1399_jpg.rf.575f573286f4a6b3088a1bbc72ebcf37.jpg","valid/1399_jpg.rf.575f573286f4a6b3088a1bbc72ebcf37",0,2,"healthy",0.510938,0.533594,0.905469,0.660937,37.250004,130.000015,616.750000,553.000000,1,0,2,"healthy",0.973393,43.058380,136.683731,615.697876,532.735718,572.639526,396.052002,226795.031250,0.925209
"2abe9d80-c10f-4794-b5fb-0e2e1fb12027",98,"0d4f0204-4e35-4929-9161-61fef08190ff","benchmark/train/412_jpg.rf.1cb5a6aa62657a21434b7e3c415cdd4b.jpg","train/412_jpg.rf.1cb5a6aa62657a21434b7e3c415cdd4b",0,4,"phoma",0.512500,0.469531,0.903125,0.776563,38.999996,51.999989,617.000000,549.000000,1,0,4,"phoma",0.926815,34.667999,50.127960,619.479187,552.619629,584.811157,502.491669,293862.718750,0.977552
"2abe9d80-c10f-4794-b5fb-0e2e1fb12027",99,"47d4b6c6-c7c5-41ff-80a1-35374bdb6518","benchmark/train/IMG_2562_JPG.rf.11614ae6fbc71d77f191b88d503c18e2.jpg","train/IMG_2562_JPG.rf.11614ae6fbc71d77f191b88d503c18e2",0,4,"phoma",0.398438,0.450000,0.437500,0.555469,115.000000,110.250000,395.000000,465.749969,1,0,4,"phoma",0.975918,114.626495,110.492584,396.628815,469.201508,282.002319,358.708923,101156.750000,0.982686
"2abe9d80-c10f-4794-b5fb-0e2e1fb12027",100,"46836af3-edc2-4787-8219-dd511b6d667f","benchmark/train/1322_jpg.rf.4fafff9f9af2d8318c39978ba0745ff3.jpg","train/1322_jpg.rf.4fafff9f9af2d8318c39978ba0745ff3",0,4,"phoma",0.485938,0.492969,0.926562,0.632031,14.500008,113.249985,607.500000,517.750000,1,0,4,"phoma",0.972192,7.842163,115.439117,608.598450,517.793091,600.756287,402.353973,241716.671875,0.981711
"ffc63a13-34d2-4ea3-a1fc-c44a9139acf9",1,"09858abd-a5bd-4563-be78-88000ba95c92","benchmark/train/440_jpg.rf.96adfcaab1e590f375c0e69f5cf4836a.jpg","train/440_jpg.rf.96adfcaab1e590f375c0e69f5cf4836a",0,4,"phoma",0.517969,0.556250,0.779688,0.707812,82.000008,129.499985,581.000000,582.500000,1,0,4,"phoma",0.965891,73.537537,131.266571,575.365662,573.645142,501.828125,442.378571,221998.015625,0.949797
"ffc63a13-34d2-4ea3-a1fc-c44a9139acf9",2,"1d332cc8-1a59-4aad-ac37-90b8995ace45","benchmark/train/IMG_3079_JPG.rf.26403ea3b2beb69444c09e998624c791.jpg","train/IMG_3079_JPG.rf.26403ea3b2beb69444c09e998624c791",0,3,"miner",0.513281,0.519531,0.429688,0.714063,190.999985,104.000000,466.000000,561.000000,1,0,3,"miner",0.952596,188.231354,107.151520,464.813293,567.958496,276.581940,460.806976,127450.890625,0.964407
"ffc63a13-34d2-4ea3-a1fc-c44a9139acf9",3,"1b1a48b1-a9fd-4bb2-966a-03355dae53fe","benchmark/train/IMG_3208_2_JPG.rf.c33d8f02147867cf0d3c9c0af1e5883e.jpg","train/IMG_3208_2_JPG.rf.c33d8f02147867cf0d3c9c0af1e5883e",0,1,"brown_eye_spot",0.468750,0.489062,0.646094,0.572656,93.250008,129.749985,506.750000,496.250000,1,0,1,"brown_eye_spot",0.786034,97.512711,135.286774,496.429871,501.768372,398.917175,366.481598,146195.796875,0.936554
"ffc63a13-34d2-4ea3-a1fc-c44a9139acf9",4,"8bdd64dd-a91e-4891-ae2f-91e00465f742","benchmark/valid/IMG_2655_1_JPG.rf.beebb929a0910dd2ca4dc5e12ec9a228.jpg","valid/IMG_2655_1_JPG.rf.beebb929a0910dd2ca4dc5e12ec9a228",0,3,"miner",0.543750,0.550000,0.911719,0.602344,56.250000,159.250015,639.000000,544.750000,1,0,3,"miner",0.916693,44.169830,166.003601,636.853027,539.213257,592.683228,373.209656,221195.109375,0.945575
"ffc63a13-34d2-4ea3-a1fc-c44a9139acf9",5,"6c4e18fd-7c27-45d7-af86-f4cb8e2da2ba","benchmark/train/943_jpg.rf.a52cfcd1f640774b593a437d2f9eed08.jpg","train/943_jpg.rf.a52cfcd1f640774b593a437d2f9eed08",0,2,"healthy",0.506250,0.503125,0.826563,0.685156,59.500008,102.750015,588.500000,541.250000,1,0,2,"healthy",0.953296,52.332397,108.871933,595.800781,538.094727,543.468384,429.222778,233269.015625,0.953321
"ffc63a13-34d2-4ea3-a1fc-c44a9139acf9",6,"9c3225b0-07a8-418d-a4c3-37b0b4d19c06","benchmark/train/IMG_2383_1_JPG.rf.389afe2d0b207b28448a018aa5280a18.jpg","train/IMG_2383_1_JPG.rf.389afe2d0b207b28448a018aa5280a18",0,0,"algal_spot",0.495313,0.548437,0.468750,0.688281,167.000000,130.749985,467.000000,571.250000,1,0,0,"algal_spot",0.913937,159.941254,138.143219,471.939850,569.933960,311.998596,431.790741,134718.109375,0.943249
"ffc63a13-34d2-4ea3-a1fc-c44a9139acf9",7,"5e23cb58-8279-4805-b1c8-c8282ce2865c","benchmark/train/368_jpg.rf.740126f5ac40235b7b68ddc57311bbb3.jpg","train/368_jpg.rf.740126f5ac40235b7b68ddc57311bbb3",0,4,"phoma",0.529688,0.525781,0.772656,0.734375,91.750015,101.500015,586.250000,571.500000,1,0,4,"phoma",0.964263,85.828339,95.672775,579.881409,568.462036,494.053070,472.789246,233582.984375,0.957488
"ffc63a13-34d2-4ea3-a1fc-c44a9139acf9",8,"e3ad813f-57e8-4f0f-889a-ac8db9bb942a","benchmark/train/IMG_2508_JPG.rf.5d5cb15bf1123b375b590d6aa789ab9f.jpg","train/IMG_2508_JPG.rf.5d5cb15bf1123b375b590d6aa789ab9f",0,3,"miner",0.553125,0.434375,0.482031,0.785156,199.750031,26.749992,508.250000,529.250000,1,0,3,"miner",0.919482,198.737854,19.274124,512.135620,535.261841,313.397766,515.987732,161709.406250,0.958641
"ffc63a13-34d2-4ea3-a1fc-c44a9139acf9",9,"a095406c-9fdc-4bb0-aadc-fffeecda637c","benchmark/train/IMG_3256_JPG.rf.7e3de325bf21e1c49bdf5a280b536242.jpg","train/IMG_3256_JPG.rf.7e3de325bf21e1c49bdf5a280b536242",0,3,"miner",0.531250,0.518750,0.875781,0.499219,59.750004,172.250000,620.250000,491.750031,1,0,3,"miner",0.939649,58.803558,173.288361,591.647949,473.769104,532.844360,300.480743,160109.468750,0.891065
"ffc63a13-34d2-4ea3-a1fc-c44a9139acf9",10,"7e0cb0cc-cc95-4b18-9a85-830d67764e65","benchmark/test/1061_jpg.rf.d87f185db741bd72135191eb5fc954a4.jpg","test/1061_jpg.rf.d87f185db741bd72135191eb5fc954a4",0,2,"healthy",0.506250,0.498437,0.895312,0.763281,37.500019,74.750000,610.500000,563.250000,1,0,2,"healthy",0.941692,39.160278,72.905441,612.511536,548.769531,573.351257,475.864075,272837.250000,0.960644
"ffc63a13-34d2-4ea3-a1fc-c44a9139acf9",11,"f0201831-d39e-40ea-828b-d5e02e06a20a","benchmark/valid/IMG_2819_JPG.rf.71fbd4c07c4b13bf683391f7526556b7.jpg","valid/IMG_2819_JPG.rf.71fbd4c07c4b13bf683391f7526556b7",0,5,"powdery_mildew",0.502344,0.467187,0.917188,0.356250,28.000011,185.000000,615.000000,413.000000,1,0,5,"powdery_mildew",0.925455,14.238525,180.168213,621.226379,412.084686,606.987854,231.916473,140770.484375,0.943322
"ffc63a13-34d2-4ea3-a1fc-c44a9139acf9",12,"014547b7-4c09-4aaf-b96c-a7368aa73008","benchmark/train/PXL_20240125_070041515_jpg.rf.b604a47210d078aa7f7822c56db5f203.jpg","train/PXL_20240125_070041515_jpg.rf.b604a47210d078aa7f7822c56db5f203",0,2,"healthy",0.201562,0.303906,0.398438,0.423438,1.499996,59.000008,256.500000,330.000000,1,1,2,"healthy",0.789187,0.172318,11.291245,266.430908,339.718689,266.258606,328.427429,87446.632813,0.790253
"ffc63a13-34d2-4ea3-a1fc-c44a9139acf9",12,"014547b7-4c09-4aaf-b96c-a7368aa73008","benchmark/train/PXL_20240125_070041515_jpg.rf.b604a47210d078aa7f7822c56db5f203.jpg","train/PXL_20240125_070041515_jpg.rf.b604a47210d078aa7f7822c56db5f203",1,2,"healthy",0.473437,0.523438,0.368750,0.824219,185.000000,71.250000,421.000000,598.750000,1,0,2,"healthy",0.943207,179.165756,67.186310,426.216553,593.464905,247.050797,526.278564,130017.539063,0.938886
"ffc63a13-34d2-4ea3-a1fc-c44a9139acf9",13,"1b4b2a56-b067-44f6-807c-a523b5051b09","benchmark/train/317_jpg.rf.edb21119cbe8cf3b462135f660802331.jpg","train/317_jpg.rf.edb21119cbe8cf3b462135f660802331",0,4,"phoma",0.546094,0.569531,0.717188,0.672656,120.000000,149.250015,579.000000,579.750000,1,0,4,"phoma",0.719590,113.154678,147.118561,580.590027,572.241821,467.435364,425.123260,198717.640625,0.960376
"ffc63a13-34d2-4ea3-a1fc-c44a9139acf9",14,"6aee4841-f2ce-4df0-9a89-34562dd504b0","benchmark/train/IMG_3052_2_JPG.rf.08ecbbc3c79e18f673d152f84a62927c.jpg","train/IMG_3052_2_JPG.rf.08ecbbc3c79e18f673d152f84a62927c",0,3,"miner",0.589063,0.446875,0.371094,0.282031,258.250000,195.750000,495.750000,376.250000,1,0,3,"miner",0.897279,255.010132,192.845428,495.169800,382.117523,240.159668,189.272095,45455.523438,0.938626
"ffc63a13-34d2-4ea3-a1fc-c44a9139acf9",15,"5b1f4ec3-7737-42b3-9fe8-d94ce532fe4d","benchmark/valid/IMG_3480_2_JPG.rf.f01378f79b0abf7779905f5dff19ff00.jpg","valid/IMG_3480_2_JPG.rf.f01378f79b0abf7779905f5dff19ff00",0,3,"miner",0.539844,0.390625,0.860937,0.371875,70.000000,131.000000,621.000000,369.000000,1,0,3,"miner",0.922256,77.310730,124.259460,636.783447,382.545837,559.472717,258.286377,144504.187500,0.884808
"ffc63a13-34d2-4ea3-a1fc-c44a9139acf9",15,"5b1f4ec3-7737-42b3-9fe8-d94ce532fe4d","benchmark/valid/IMG_3480_2_JPG.rf.f01378f79b0abf7779905f5dff19ff00.jpg","valid/IMG_3480_2_JPG.rf.f01378f79b0abf7779905f5dff19ff00",1,1,"brown_eye_spot",0.182031,0.263281,0.364062,0.526563,0.000000,0.000000,233.000000,337.000000,0,,,,,,,,,,,,0.000000
"ffc63a13-34d2-4ea3-a1fc-c44a9139acf9",16,"58593de2-3815-4cae-b927-1e6b8ef69a10","benchmark/train/IMG_3056_2_JPG.rf.d8ee56624241fbec29ba0a39473606a5.jpg","train/IMG_3056_2_JPG.rf.d8ee56624241fbec29ba0a39473606a5",0,1,"brown_eye_spot",0.534375,0.489062,0.832031,0.591406,75.750008,123.750000,608.250000,502.250000,1,0,1,"brown_eye_spot",0.834055,73.667603,129.299591,610.871094,506.262512,537.203491,376.962921,202505.796875,0.966588
"ffc63a13-34d2-4ea3-a1fc-c44a9139acf9",17,"b765e80c-7f6f-4c1a-8c79-7d0d9a1615d6","benchmark/train/621_jpg.rf.dccd8c21a977385a3a78ae24689c5330.jpg","train/621_jpg.rf.dccd8c21a977385a3a78ae24689c5330",0,4,"phoma",0.510938,0.461719,0.785937,0.655469,75.500015,85.749985,578.500000,505.250000,1,0,4,"phoma",0.967650,77.589386,84.234467,569.678589,506.394684,492.089203,422.160217,207740.484375,0.972277
"ffc63a13-34d2-4ea3-a1fc-c44a9139acf9",18,"5c3138a7-798e-4031-bbe3-303c08204117","benchmark/train/1216_jpg.rf.e50219613820f391b7fefe0aaae349c2.jpg","train/1216_jpg.rf.e50219613820f391b7fefe0aaae349c2",0,4,"phoma",0.493750,0.500781,0.785937,0.578125,64.500008,135.500000,567.500000,505.500000,1,0,4,"phoma",0.950062,63.903992,136.902924,561.246216,503.147614,497.342224,366.244690,182148.953125,0.976399
"ffc63a13-34d2-4ea3-a1fc-c44a9139acf9",19,"ceaee3a1-507c-4634-a0ce-9089a2203dfd","benchmark/train/242_jpg.rf.3c082deeac753dab98c3bf3e00bd0cc7.jpg","train/242_jpg.rf.3c082deeac753dab98c3bf3e00bd0cc7",0,4,"phoma",0.511719,0.537500,0.770312,0.534375,81.000000,173.000015,574.000000,515.000000,1,0,4,"phoma",0.967145,80.406204,171.485413,572.365601,512.321472,491.959412,340.836060,167677.500000,0.983358
"ffc63a13-34d2-4ea3-a1fc-c44a9139acf9",20,"8b6d9d12-7cd2-4b8e-be1d-e9ae2737675a","benchmark/train/IMG_2734_JPG.rf.59043f271b23a75d9a8108915b6383d3.jpg","train/IMG_2734_JPG.rf.59043f271b23a75d9a8108915b6383d3",0,0,"algal_spot",0.553125,0.519531,0.691406,0.776563,132.750015,84.000000,575.250000,581.000000,1,0,0,"algal_spot",0.954991,135.021118,73.422577,574.636108,576.887573,439.614990,503.464996,221330.765625,0.964859
"ffc63a13-34d2-4ea3-a1fc-c44a9139acf9",21,"77e8e586-6563-4b63-bc62-3a216a9c1fd6","benchmark/valid/IMG_3048_2_JPG.rf.2cee72236a229e45a2167f2a3383a688.jpg","valid/IMG_3048_2_JPG.rf.2cee72236a229e45a2167f2a3383a688",0,3,"miner",0.521875,0.443750,0.374219,0.403906,214.250015,154.750000,453.750000,413.250000,1,0,3,"miner",0.920178,211.813507,155.383514,458.786713,417.948639,246.973206,262.565125,64846.550781,0.950164
"ffc63a13-34d2-4ea3-a1fc-c44a9139acf9",22,"121d44ed-dd48-4751-a583-7eb7bc87f23b","benchmark/train/IMG_3584_2_JPG.rf.02d7fc910241180ad69b3c6079ab49b1.jpg","train/IMG_3584_2_JPG.rf.02d7fc910241180ad69b3c6079ab49b1",0,0,"algal_spot",0.540625,0.493750,0.661719,0.383594,134.250000,193.250000,557.750000,438.750000,1,0,0,"algal_spot",0.941116,138.683868,193.464386,565.547485,448.184845,426.863617,254.720459,108730.898438,0.935234
"ffc63a13-34d2-4ea3-a1fc-c44a9139acf9",23,"1392dea8-12dd-4e09-89c7-b097071b311d","benchmark/train/452_jpg.rf.1bd250ad2e8ba7c9ef97b6d0d5a8e68d.jpg","train/452_jpg.rf.1bd250ad2e8ba7c9ef97b6d0d5a8e68d",0,4,"phoma",0.533594,0.529688,0.907031,0.660937,51.250019,127.500015,631.750000,550.500000,1,0,4,"phoma",0.960247,51.332886,124.046829,630.359863,548.503540,579.026978,424.456726,245771.890625,0.984736
"ffc63a13-34d2-4ea3-a1fc-c44a9139acf9",24,"466869f1-c8e5-4b83-8974-6a2d1ff8697c","benchmark/train/IMG_3259_1_JPG.rf.4a5145ea768664e7e46a33655d52934b.jpg","train/IMG_3259_1_JPG.rf.4a5145ea768664e7e46a33655d52934b",0,3,"miner",0.514063,0.532812,0.508594,0.794531,166.250015,86.749992,491.750031,595.250000,1,0,3,"miner",0.916138,167.648560,80.802826,491.174744,588.184570,323.526184,507.381744,164151.281250,0.968863
"ffc63a13-34d2-4ea3-a1fc-c44a9139acf9",25,"6197ac30-2507-4f1d-89fc-7576f3a915cc","benchmark/train/IMG_2663_JPG.rf.77fe91cb12393d1308a2577cfff73177.jpg","train/IMG_2663_JPG.rf.77fe91cb12393d1308a2577cfff73177",0,1,"brown_eye_spot",0.556250,0.543750,0.574219,0.774219,172.249985,100.250000,539.750000,595.750000,1,0,1,"brown_eye_spot",0.886548,171.530609,91.313080,532.714050,588.111450,361.183441,496.798370,179435.343750,0.947120
"ffc63a13-34d2-4ea3-a1fc-c44a9139acf9",26,"0fab915d-08b8-4a3d-b8e4-f9e737510935","benchmark/train/PXL_20240125_083319026_jpg.rf.707e88ac0de952058d2dd23deca43607.jpg","train/PXL_20240125_083319026_jpg.rf.707e88ac0de952058d2dd23deca43607",0,2,"healthy",0.532031,0.707031,0.846875,0.552344,69.499985,275.750000,611.500000,629.250000,1,0,2,"healthy",0.608338,47.511627,268.256927,625.447021,628.858521,577.935425,360.601593,208404.437500,0.917400
"ffc63a13-34d2-4ea3-a1fc-c44a9139acf9",27,"27e0ffcd-08c8-4d71-8bac-ba27793c0c5e","benchmark/train/IMG_2637_2_JPG.rf.e9349f8b6acd570134e06ee1b6a03018.jpg","train/IMG_2637_2_JPG.rf.e9349f8b6acd570134e06ee1b6a03018",0,1,"brown_eye_spot",0.644531,0.499219,0.592188,0.660937,223.000000,108.000015,602.000000,531.000000,1,0,1,"brown_eye_spot",0.911593,231.964081,114.580795,604.188599,526.611084,372.224518,412.030273,153367.765625,0.945709
"ffc63a13-34d2-4ea3-a1fc-c44a9139acf9",28,"c7d3dd8b-f46d-4db5-8d39-2cc2be59a32a","benchmark/train/IMG_2772_JPG.rf.dede7d1646397f9ce1ac1353c67dab7f.jpg","train/IMG_2772_JPG.rf.dede7d1646397f9ce1ac1353c67dab7f",0,1,"brown_eye_spot",0.423438,0.567187,0.740625,0.863281,33.999996,86.749992,508.000031,639.000000,1,0,1,"brown_eye_spot",0.927283,36.066589,87.932129,509.201996,630.137634,473.135406,542.205505,256536.625000,0.975103
"ffc63a13-34d2-4ea3-a1fc-c44a9139acf9",29,"25c41810-0196-4236-ba2d-d02b08b33823","benchmark/valid/IMG_3194_JPG.rf.57d00f791c723ea4760d37a68986c62a.jpg","valid/IMG_3194_JPG.rf.57d00f791c723ea4760d37a68986c62a",0,3,"miner",0.468750,0.451562,0.482031,0.715625,145.750000,60.000000,454.250000,518.000000,1,0,3,"miner",0.930705,146.016235,51.546051,453.267365,507.485596,307.251129,455.939545,140087.937500,0.955522
"ffc63a13-34d2-4ea3-a1fc-c44a9139acf9",30,"3ef9a14a-25ed-41b9-9d93-1bd840197a60","benchmark/train/1324_jpg.rf.6e4d5541125a232fa6c8973f89fff59d.jpg","train/1324_jpg.rf.6e4d5541125a232fa6c8973f89fff59d",0,2,"healthy",0.493750,0.485156,0.916406,0.713281,22.749996,82.249985,609.250000,538.750000,1,0,2,"healthy",0.933208,25.644165,91.161499,604.937683,534.912842,579.293518,443.751343,257062.281250,0.960129
"ffc63a13-34d2-4ea3-a1fc-c44a9139acf9",31,"62b65d76-cf02-4eeb-857d-b65f8601a364","benchmark/train/IMG_3489_2_JPG.rf.7428fddeefefd37176dde0a50b1f3135.jpg","train/IMG_3489_2_JPG.rf.7428fddeefefd37176dde0a50b1f3135",0,0,"algal_spot",0.406250,0.567187,0.697656,0.568750,36.749992,180.999985,483.250000,545.000000,1,0,0,"algal_spot",0.952663,30.912384,181.091675,470.089081,530.615662,439.176697,349.523987,153502.796875,0.920373
"ffc63a13-34d2-4ea3-a1fc-c44a9139acf9",32,"100835b4-9a85-4c29-9ce4-cf1a16445df9","benchmark/train/471_jpg.rf.cc679438646bc8a138218f5f581720d1.jpg","train/471_jpg.rf.cc679438646bc8a138218f5f581720d1",0,4,"phoma",0.520312,0.560156,0.817969,0.539844,71.250000,185.749985,594.750000,531.250000,1,0,4,"phoma",0.764405,74.318817,181.364563,594.286621,525.886719,519.967773,344.522156,179140.421875,0.965660
"ffc63a13-34d2-4ea3-a1fc-c44a9139acf9",33,"e758c3c5-3ae8-4e1c-9d26-44f2dda046be","benchmark/valid/387_jpg.rf.4b086103f7010118e710c48387074e7e.jpg","valid/387_jpg.rf.4b086103f7010118e710c48387074e7e",0,4,"phoma",0.512500,0.497656,0.694531,0.635156,105.749985,115.250000,550.250000,521.750000,1,0,4,"phoma",0.963138,101.488556,113.170227,546.569946,519.055725,445.081390,405.885498,180652.078125,0.970927
"ffc63a13-34d2-4ea3-a1fc-c44a9139acf9",34,"2072dbbd-a8fa-4a64-8ad2-f1af3afc88b7","benchmark/train/IMG_3067_2_JPG.rf.0a8da6595e384307e758c906c94c302e.jpg","train/IMG_3067_2_JPG.rf.0a8da6595e384307e758c906c94c302e",0,3,"miner",0.520312,0.444531,0.528906,0.717188,163.750000,55.000000,502.250000,514.000000,1,0,3,"miner",0.935972,164.968140,53.912109,501.738037,520.838623,336.769897,466.926514,157246.796875,0.978085
"ffc63a13-34d2-4ea3-a1fc-c44a9139acf9",35,"f164c101-7b72-4a27-b0fe-2cc2533f5937","benchmark/train/651_jpg.rf.65d9a2a3ee53f6f1c46c137819cfaf30.jpg","train/651_jpg.rf.65d9a2a3ee53f6f1c46c137819cfaf30",0,4,"phoma",0.521094,0.468750,0.771875,0.553125,86.499977,122.999992,580.500000,477.000000,1,0,4,"phoma",0.969960,84.302582,120.487091,583.558716,478.162537,499.256134,357.675446,178571.656250,0.979304
"ffc63a13-34d2-4ea3-a1fc-c44a9139acf9",36,"9a0eefe2-3cab-42f8-a20d-56d0cba5fd20","benchmark/train/322_jpg.rf.48dd8e88b77e509fff94a3a26694462f.jpg","train/322_jpg.rf.48dd8e88b77e509fff94a3a26694462f",0,4,"phoma",0.550000,0.493750,0.676562,0.662500,135.500015,104.000000,568.500000,528.000000,1,0,4,"phoma",0.955744,131.560944,103.893692,556.846008,526.118408,425.285065,422.224731,179565.875000,0.959838
"ffc63a13-34d2-4ea3-a1fc-c44a9139acf9",37,"238a7253-2561-4d52-a6ef-d6883c0d3c1e","benchmark/train/IMG_2742_1_JPG.rf.b97af2751ac396aa03b57f49c0577e33.jpg","train/IMG_2742_1_JPG.rf.b97af2751ac396aa03b57f49c0577e33",0,0,"algal_spot",0.459375,0.596875,0.771875,0.349219,46.999989,270.250000,541.000000,493.750000,1,0,0,"algal_spot",0.941131,51.356659,267.310486,548.777527,495.911316,497.420868,228.600830,113710.820313,0.954229
"ffc63a13-34d2-4ea3-a1fc-c44a9139acf9",38,"0636f562-c600-48f9-94f6-727e0e14e3bf","benchmark/valid/IMG_3014_2_JPG.rf.9ba58e8d2d73fe28320bcf99ff3295b8.jpg","valid/IMG_3014_2_JPG.rf.9ba58e8d2d73fe28320bcf99ff3295b8",0,0,"algal_spot",0.488281,0.467187,0.732813,0.500781,77.999992,138.750000,547.000000,459.250000,0,,,,,,,,,,,,0.000000
"ffc63a13-34d2-4ea3-a1fc-c44a9139acf9",39,"2f6c408f-c992-443c-bfbe-6ad6c144185f","benchmark/train/IMG_3317_JPG.rf.f6bb5eeebccd8abeb126eb3e9d864b72.jpg","train/IMG_3317_JPG.rf.f6bb5eeebccd8abeb126eb3e9d864b72",0,3,"miner",0.514063,0.526563,0.614844,0.565625,132.250031,156.000000,525.750000,518.000000,1,0,3,"miner",0.948971,134.073639,154.675842,519.668335,513.456421,385.594696,358.780579,138343.890625,0.964155
"ffc63a13-34d2-4ea3-a1fc-c44a9139acf9",40,"1069afb4-86fa-4ed8-9f2e-920f525d4c49","benchmark/train/590_jpg.rf.73123acc75edf9673c4662b5c2d8082f.jpg","train/590_jpg.rf.73123acc75edf9673c4662b5c2d8082f",0,4,"phoma",0.480469,0.478125,0.860937,0.752344,32.000008,65.250000,583.000000,546.750000,1,0,4,"phoma",0.957876,32.674835,62.053864,586.195801,553.911560,553.520996,491.857697,272253.562500,0.972130
"ffc63a13-34d2-4ea3-a1fc-c44a9139acf9",41,"5aa9f3cb-2f6d-4c60-bf13-0f5517813d83","benchmark/train/IMG_20240125_153412_511_jpg.rf.ef239566156a3ce488692b5699ca1b90.jpg","train/IMG_20240125_153412_511_jpg.rf.ef239566156a3ce488692b5699ca1b90",0,2,"healthy",0.500000,0.532812,1.000000,0.814062,0.000000,80.499992,639.000000,601.500000,1,0,2,"healthy",0.936735,0.000000,77.848877,639.000000,593.200928,639.000000,515.352051,329309.968750,0.979089
"ffc63a13-34d2-4ea3-a1fc-c44a9139acf9",42,"d1c48441-7761-4138-aac5-0dfd3dcc7468","benchmark/train/IMG_3297_JPG.rf.767bd2a5cc42a34af6f4b9880624e247.jpg","train/IMG_3297_JPG.rf.767bd2a5cc42a34af6f4b9880624e247",0,1,"brown_eye_spot",0.518750,0.448438,0.512500,0.662500,168.000015,75.000000,496.000000,499.000000,1,0,1,"brown_eye_spot",0.951551,165.560059,74.663437,494.069489,506.622070,328.509430,431.958618,141902.484375,0.968697
"ffc63a13-34d2-4ea3-a1fc-c44a9139acf9",43,"7331ab4e-d680-4d24-8093-a27143c23f37","benchmark/train/IMG_3203_1_JPG.rf.494395ea31b7917da9c9777eea046a4c.jpg","train/IMG_3203_1_JPG.rf.494395ea31b7917da9c9777eea046a4c",0,1,"brown_eye_spot",0.496094,0.432813,0.807813,0.471875,58.999996,126.000000,576.000000,428.000031,1,0,1,"brown_eye_spot",0.927005,42.586365,128.007660,566.631775,422.138306,524.045410,294.130646,154137.812500,0.927612
"ffc63a13-34d2-4ea3-a1fc-c44a9139acf9",44,"52d071be-3e46-4554-bc39-f89dcf3552f3","benchmark/train/1065_jpg.rf.2f6cf83f5a1438c27403efa3bce139e7.jpg","train/1065_jpg.rf.2f6cf83f5a1438c27403efa3bce139e7",0,2,"healthy",0.490625,0.528906,0.867188,0.671875,36.499996,123.499985,591.500000,553.500000,1,0,2,"healthy",0.911058,38.992645,125.502930,587.822510,542.965759,548.829834,417.462830,229116.062500,0.960051
"ffc63a13-34d2-4ea3-a1fc-c44a9139acf9",45,"627c2baa-4194-4085-aa02-7ca79ed98f89","benchmark/test/1368_jpg.rf.81a7dcc05d28919c6dbd5cc642c5f4be.jpg","test/1368_jpg.rf.81a7dcc05d28919c6dbd5cc642c5f4be",0,2,"healthy",0.482031,0.486719,0.905469,0.654688,18.750000,101.999985,598.250000,521.000000,1,0,2,"healthy",0.950880,27.245605,102.911331,590.341064,507.975952,563.095459,405.064636,228090.062500,0.939375
"ffc63a13-34d2-4ea3-a1fc-c44a9139acf9",46,"3971693a-b0b3-4f47-bd10-ce5aa62a2786","benchmark/train/507_jpg.rf.207d76300ac29b241a6660c679097e06.jpg","train/507_jpg.rf.207d76300ac29b241a6660c679097e06",0,4,"phoma",0.537500,0.507031,0.713281,0.792969,115.750008,70.750008,572.250000,578.250000,1,0,4,"phoma",0.961500,116.382004,73.714630,569.482666,571.448242,453.100647,497.733612,225523.421875,0.973453
"ffc63a13-34d2-4ea3-a1fc-c44a9139acf9",47,"3d54624b-7708-405a-8d05-0a0de0a05b46","benchmark/train/IMG_2504_2_JPG.rf.799dacaf3c677a53c56a044aa8ef7512.jpg","train/IMG_2504_2_JPG.rf.799dacaf3c677a53c56a044aa8ef7512",0,3,"miner",0.518750,0.487500,0.799219,0.730469,76.250000,78.250008,587.750000,545.750000,1,0,3,"miner",0.930369,75.049988,74.808701,590.123535,534.759094,515.073547,459.950378,236908.265625,0.962785
"ffc63a13-34d2-4ea3-a1fc-c44a9139acf9",48,"fbf626eb-0e03-40f5-a06d-69dd8d9cbdba","benchmark/valid/IMG_2937_2_JPG.rf.48e25c97afeedbfb76daad06a3475026.jpg","valid/IMG_2937_2_JPG.rf.48e25c97afeedbfb76daad06a3475026",0,3,"miner",0.456250,0.487500,0.538281,0.540625,119.750000,139.000015,464.250031,485.000000,1,0,3,"miner",0.931382,113.039215,138.021652,464.766083,516.449463,351.726868,378.427795,133103.218750,0.895523
"ffc63a13-34d2-4ea3-a1fc-c44a9139acf9",49,"b72db099-8bb6-404f-8421-b6852d50fb52","benchmark/valid/IMG_2438_1_JPG.rf.7145bda67c53de64b24d31abfb43c21b.jpg","valid/IMG_2438_1_JPG.rf.7145bda67c53de64b24d31abfb43c21b",0,5,"powdery_mildew",0.410937,0.553125,0.665625,0.887500,50.000000,70.000015,476.000000,638.000000,1,0,5,"powdery_mildew",0.919681,48.779617,76.186829,470.354370,638.152649,421.574768,561.965820,236910.609375,0.972984
"ffc63a13-34d2-4ea3-a1fc-c44a9139acf9",50,"4581b4df-e89a-4f5e-b6e8-b1495dcefbee","benchmark/train/IMG_2745_1_JPG.rf.9616df33638f8206d1e9142dade7caf2.jpg","train/IMG_2745_1_JPG.rf.9616df33638f8206d1e9142dade7caf2",0,0,"algal_spot",0.468750,0.497656,0.566406,0.670313,118.750000,104.000000,481.250000,533.000000,1,0,0,"algal_spot",0.960164,121.660461,98.897430,471.628723,533.643677,349.968262,434.746246,152147.390625,0.953105
"ffc63a13-34d2-4ea3-a1fc-c44a9139acf9",51,"451b1128-375d-4009-9752-2bb6f9369be6","benchmark/train/1217_jpg.rf.d493b78605c1a3e26fff909c704cfb11.jpg","train/1217_jpg.rf.d493b78605c1a3e26fff909c704cfb11",0,4,"phoma",0.514063,0.478906,0.907812,0.709375,38.500023,79.499985,619.500000,533.500000,1,0,4,"phoma",0.920714,40.767517,82.952454,620.176392,537.794189,579.408875,454.841736,263539.343750,0.978165
"ffc63a13-34d2-4ea3-a1fc-c44a9139acf9",52,"c151f30e-0d95-40e4-a345-9714bebc9933","benchmark/train/IMG_2989_1_JPG.rf.18de35a60dc4a88c0b152163ca0ba5ec.jpg","train/IMG_2989_1_JPG.rf.18de35a60dc4a88c0b152163ca0ba5ec",0,1,"brown_eye_spot",0.515625,0.423438,0.609375,0.677344,135.000000,54.250011,525.000000,487.750000,1,0,1,"brown_eye_spot",0.700621,135.303177,77.316589,525.524109,481.925049,390.220947,404.608459,157886.703125,0.931459
"ffc63a13-34d2-4ea3-a1fc-c44a9139acf9",53,"7c85351d-ac35-46e4-ad7d-e7b987411906","benchmark/valid/IMG_3546_1_JPG.rf.0787ac656a5bf40eada920a3fe7279c1.jpg","valid/IMG_3546_1_JPG.rf.0787ac656a5bf40eada920a3fe7279c1",0,0,"algal_spot",0.501562,0.429688,0.671094,0.850781,106.249985,2.749996,535.750000,547.250000,1,0,0,"algal_spot",0.882747,105.487762,15.583618,555.270996,591.732056,449.783234,576.148438,259141.906250,0.862828
"ffc63a13-34d2-4ea3-a1fc-c44a9139acf9",54,"122ac52d-c7a8-4d92-aeb5-7c173a3e1d8a","benchmark/train/PXL_20240125_125002207_jpg.rf.e71816443632c954b8fc0dc1a248a983.jpg","train/PXL_20240125_125002207_jpg.rf.e71816443632c954b8fc0dc1a248a983",0,2,"healthy",0.475000,0.509375,0.398438,0.796875,176.500000,70.999985,431.500000,581.000000,1,0,2,"healthy",0.951470,173.170807,72.129150,432.191162,581.687439,259.020355,509.558289,131985.968750,0.981010
"ffc63a13-34d2-4ea3-a1fc-c44a9139acf9",55,"99fbbff7-ee49-411e-9d51-e88003ec7d6e","benchmark/train/291_jpg.rf.727cfb45510f63567f3b6fed59651814.jpg","train/291_jpg.rf.727cfb45510f63567f3b6fed59651814",0,4,"phoma",0.497656,0.532031,0.708594,0.553906,91.750015,163.249985,545.250000,517.750000,1,0,4,"phoma",0.965101,86.891357,163.357315,541.632385,514.241821,454.741028,350.884521,159561.593750,0.971602
"ffc63a13-34d2-4ea3-a1fc-c44a9139acf9",56,"712a3bc2-d76c-4f4d-8fc7-c6f6b681838a","benchmark/train/IMG_2354_1_JPG.rf.e64bd058e534ab807c21dd4933b134d7.jpg","train/IMG_2354_1_JPG.rf.e64bd058e534ab807c21dd4933b134d7",0,1,"brown_eye_spot",0.520312,0.493750,0.959375,0.432031,25.999985,177.750015,639.000000,454.250000,1,0,1,"brown_eye_spot",0.804839,27.567871,184.711945,622.155212,450.690948,594.587341,265.979004,158147.750000,0.933055
"ffc63a13-34d2-4ea3-a1fc-c44a9139acf9",57,"3f85e4d2-85f1-41a0-9ff1-ac5f556bd169","benchmark/train/IMG_3189_2_JPG.rf.9f9d6b58b739266312e6bc47de68e5a1.jpg","train/IMG_3189_2_JPG.rf.9f9d6b58b739266312e6bc47de68e5a1",0,3,"miner",0.554688,0.350000,0.830469,0.371094,89.249992,105.250000,620.750000,342.750000,1,0,3,"miner",0.917675,82.006165,106.560310,619.165222,338.713745,537.159058,232.153442,124703.328125,0.961761
"ffc63a13-34d2-4ea3-a1fc-c44a9139acf9",57,"3f85e4d2-85f1-41a0-9ff1-ac5f556bd169","benchmark/train/IMG_3189_2_JPG.rf.9f9d6b58b739266312e6bc47de68e5a1.jpg","train/IMG_3189_2_JPG.rf.9f9d6b58b739266312e6bc47de68e5a1",1,1,"brown_eye_spot",0.512500,0.759375,0.721094,0.378125,97.249985,365.000000,558.750000,607.000000,1,1,1,"brown_eye_spot",0.892152,94.143661,364.726898,554.449463,598.743774,460.305786,234.016876,107719.320313,0.949640
"ffc63a13-34d2-4ea3-a1fc-c44a9139acf9",58,"c8c4e6b6-b3a8-4b36-b6d3-5db008b01f44","benchmark/train/IMG_3601_JPG.rf.e90d97e4c2f1f9e7629d13d34591d8a8.jpg","train/IMG_3601_JPG.rf.e90d97e4c2f1f9e7629d13d34591d8a8",0,0,"algal_spot",0.528125,0.559375,0.750000,0.396094,97.999992,231.250000,578.000000,484.750000,1,0,0,"algal_spot",0.951629,91.108292,231.661469,575.352783,483.417633,484.244507,251.756165,121911.539063,0.973759
"ffc63a13-34d2-4ea3-a1fc-c44a9139acf9",59,"3fc3ed24-47d9-48ed-b020-026358d23b95","benchmark/train/PXL_20240124_142907803_jpg.rf.4dcebdca852863a916e2b094f459ba19.jpg","train/PXL_20240124_142907803_jpg.rf.4dcebdca852863a916e2b094f459ba19",0,2,"healthy",0.412500,0.537500,0.787500,0.925000,11.999989,48.000011,516.000000,639.000000,1,0,2,"healthy",0.939501,4.727539,53.013123,506.690247,639.000000,501.962708,585.986877,294143.562500,0.959475
"ffc63a13-34d2-4ea3-a1fc-c44a9139acf9",60,"8d8f6520-c4f5-4e01-852b-62ceed13637e","benchmark/test/IMG_2549_JPG.rf.60b930fda2176b9750be97519e292201.jpg","test/IMG_2549_JPG.rf.60b930fda2176b9750be97519e292201",0,3,"miner",0.532031,0.490625,0.914063,0.435156,47.999992,174.749985,633.000000,453.250000,1,0,3,"miner",0.902750,47.909821,175.189270,628.675903,452.172668,580.766113,276.983398,160862.578125,0.987052
"ffc63a13-34d2-4ea3-a1fc-c44a9139acf9",61,"3a715bdd-6f27-48ee-b264-8f22d2826dd0","benchmark/test/303_jpg.rf.75e5ba3c05d6073b5f29af80f52282e2.jpg","test/303_jpg.rf.75e5ba3c05d6073b5f29af80f52282e2",0,4,"phoma",0.462500,0.457812,0.719531,0.810156,65.750008,33.750000,526.250000,552.250000,1,0,4,"phoma",0.964229,71.976974,32.643402,533.395386,550.232239,461.418396,517.588867,238825.031250,0.965648
"ffc63a13-34d2-4ea3-a1fc-c44a9139acf9",62,"98d92f1e-a44d-4f44-affb-5edd786b44b9","benchmark/train/IMG_2366_2_JPG.rf.3038944a5fc38dd2aa285b514944750e.jpg","train/IMG_2366_2_JPG.rf.3038944a5fc38dd2aa285b514944750e",0,0,"algal_spot",0.507813,0.504687,0.885156,0.360156,41.749992,207.750000,608.250000,438.249969,1,0,0,"algal_spot",0.898067,41.505188,218.850708,622.066833,445.521729,580.561646,226.671021,131596.500000,0.901401
"ffc63a13-34d2-4ea3-a1fc-c44a9139acf9",63,"ab93cee9-39a9-46ae-b3a1-0af67bf99783","benchmark/train/314_jpg.rf.0df797c89cf6efcb675084680a35fb39.jpg","train/314_jpg.rf.0df797c89cf6efcb675084680a35fb39",0,4,"phoma",0.516406,0.503906,0.763281,0.704687,86.250000,97.000008,574.750000,548.000000,1,0,4,"phoma",0.967039,85.415710,96.184921,569.818176,544.770630,484.402466,448.585693,217296.015625,0.979400
"ffc63a13-34d2-4ea3-a1fc-c44a9139acf9",64,"6815b10f-26a7-4ee4-ad37-aee9ee5ecdd6","benchmark/test/205_jpg.rf.b59e203d145239727c13373da511201e.jpg","test/205_jpg.rf.b59e203d145239727c13373da511201e",0,2,"healthy",0.460156,0.490625,0.848437,0.692187,23.000011,92.500000,566.000000,535.500000,1,0,2,"healthy",0.951115,24.958710,87.735153,557.443115,527.963928,532.484375,440.228760,234414.937500,0.953891
"ffc63a13-34d2-4ea3-a1fc-c44a9139acf9",65,"6c462955-cd79-46a3-9b7f-bcbe9e9bb307","benchmark/train/IMG_2364_1_JPG.rf.1c94284bd260412b38b766c448939358.jpg","train/IMG_2364_1_JPG.rf.1c94284bd260412b38b766c448939358",0,1,"brown_eye_spot",0.475000,0.539063,0.718750,0.886719,74.000000,61.250000,534.000000,628.750000,1,0,1,"brown_eye_spot",0.938673,70.134857,90.122986,529.661133,629.949524,459.526276,539.826538,248064.484375,0.930782
"ffc63a13-34d2-4ea3-a1fc-c44a9139acf9",66,"ccdbae53-d856-495b-bf8b-4932706668d7","benchmark/valid/IMG_3324_JPG.rf.0aeba932132fdd453f6de0fab2e9bb30.jpg","valid/IMG_3324_JPG.rf.0aeba932132fdd453f6de0fab2e9bb30",0,1,"brown_eye_spot",0.734375,0.434375,0.407031,0.357031,339.750000,163.750000,600.250000,392.250000,1,1,1,"brown_eye_spot",0.908661,339.005219,164.755951,597.641296,390.070770,258.636078,225.314819,58274.542969,0.973441
"ffc63a13-34d2-4ea3-a1fc-c44a9139acf9",66,"ccdbae53-d856-495b-bf8b-4932706668d7","benchmark/valid/IMG_3324_JPG.rf.0aeba932132fdd453f6de0fab2e9bb30.jpg","valid/IMG_3324_JPG.rf.0aeba932132fdd453f6de0fab2e9bb30",1,1,"brown_eye_spot",0.348437,0.589844,0.378125,0.573438,101.999985,194.000000,344.000000,561.000000,1,0,1,"brown_eye_spot",0.915633,100.194717,187.616760,342.252563,558.779846,242.057846,371.163086,89842.937500,0.962883
"ffc63a13-34d2-4ea3-a1fc-c44a9139acf9",67,"377f24ad-5524-46f1-bddb-4b05005b4d34","benchmark/test/IMG_2879_JPG.rf.09f6206b1020644f5f5e4983253a9b7d.jpg","test/IMG_2879_JPG.rf.09f6206b1020644f5f5e4983253a9b7d",0,5,"powdery_mildew",0.564062,0.489062,0.713281,0.312500,132.749969,213.000000,589.250000,413.000000,1,0,5,"powdery_mildew",0.932567,129.572479,213.829132,600.595581,412.853699,471.023102,199.024567,93745.171875,0.964585
"ffc63a13-34d2-4ea3-a1fc-c44a9139acf9",67,"377f24ad-5524-46f1-bddb-4b05005b4d34","benchmark/test/IMG_2879_JPG.rf.09f6206b1020644f5f5e4983253a9b7d.jpg","test/IMG_2879_JPG.rf.09f6206b1020644f5f5e4983253a9b7d",1,5,"powdery_mildew",0.676562,0.242188,0.646875,0.241406,225.999985,77.750000,639.000000,232.250000,1,1,5,"powdery_mildew",0.854903,223.953308,76.033707,637.824097,224.769409,413.870789,148.735703,61557.363281,0.934070
"ffc63a13-34d2-4ea3-a1fc-c44a9139acf9",67,"377f24ad-5524-46f1-bddb-4b05005b4d34","benchmark/test/IMG_2879_JPG.rf.09f6206b1020644f5f5e4983253a9b7d.jpg","test/IMG_2879_JPG.rf.09f6206b1020644f5f5e4983253a9b7d",2,5,"powdery_mildew",0.331250,0.800000,0.434375,0.227344,73.000015,439.250000,351.000000,584.750000,0,,,,,,,,,,,,0.000000
"ffc63a13-34d2-4ea3-a1fc-c44a9139acf9",67,"377f24ad-5524-46f1-bddb-4b05005b4d34","benchmark/test/IMG_2879_JPG.rf.09f6206b1020644f5f5e4983253a9b7d.jpg","test/IMG_2879_JPG.rf.09f6206b1020644f5f5e4983253a9b7d",3,5,"powdery_mildew",0.816406,0.810156,0.367188,0.232812,405.000000,443.999969,639.000000,593.000000,1,2,5,"powdery_mildew",0.837068,410.404419,442.667236,639.000000,588.671509,228.595581,146.004272,33375.929688,0.940308
"ffc63a13-34d2-4ea3-a1fc-c44a9139acf9",68,"952aa402-be82-4a17-b703-22c9650ae682","benchmark/train/IMG_3629_JPG.rf.51c100d743efb85b401fe50f25639068.jpg","train/IMG_3629_JPG.rf.51c100d743efb85b401fe50f25639068",0,0,"algal_spot",0.468750,0.307813,0.391406,0.505469,174.750000,35.250015,425.250000,358.750000,1,0,0,"algal_spot",0.951301,160.365585,39.342010,433.971924,358.037659,273.606323,318.695648,87197.148438,0.903085
"ffc63a13-34d2-4ea3-a1fc-c44a9139acf9",68,"952aa402-be82-4a17-b703-22c9650ae682","benchmark/train/IMG_3629_JPG.rf.51c100d743efb85b401fe50f25639068.jpg","train/IMG_3629_JPG.rf.51c100d743efb85b401fe50f25639068",1,0,"algal_spot",0.535937,0.746875,0.734375,0.353906,107.999992,364.750000,578.000000,591.250000,1,1,0,"algal_spot",0.924816,109.584961,368.497681,563.557800,596.687317,453.972839,228.189636,103591.898438,0.928391
"ffc63a13-34d2-4ea3-a1fc-c44a9139acf9",69,"2fb67e41-0005-4d3b-8756-2da95d298662","benchmark/valid/IMG_2860_1_JPG.rf.d0f731bf8c1fed79ab66b41288ab7c92.jpg","valid/IMG_2860_1_JPG.rf.d0f731bf8c1fed79ab66b41288ab7c92",0,5,"powdery_mildew",0.442187,0.442187,0.671094,0.849219,68.249985,11.250000,497.750000,554.750000,1,0,5,"powdery_mildew",0.967011,72.151459,4.592896,489.314575,549.021851,417.163116,544.428955,227115.671875,0.949741
"ffc63a13-34d2-4ea3-a1fc-c44a9139acf9",70,"5064d99c-6e79-46b7-8363-c39d6ed91f43","benchmark/valid/IMG_3465_1_JPG.rf.87e2ae9116a7d6df1480eda2b325c2b5.jpg","valid/IMG_3465_1_JPG.rf.87e2ae9116a7d6df1480eda2b325c2b5",0,3,"miner",0.516406,0.464063,0.801562,0.449219,74.000000,153.250000,587.000000,440.750000,1,0,3,"miner",0.918691,56.985840,154.098724,598.411499,430.884521,541.425659,276.785797,149858.937500,0.913976
"ffc63a13-34d2-4ea3-a1fc-c44a9139acf9",71,"a4c97d47-dc31-48ee-ae49-50f5f467cc3c","benchmark/train/IMG_3206_JPG.rf.a4b2e4f89309b71938072d04ad479780.jpg","train/IMG_3206_JPG.rf.a4b2e4f89309b71938072d04ad479780",0,1,"brown_eye_spot",0.531250,0.505469,0.471094,0.654688,189.250000,113.999977,490.750000,533.000000,1,0,1,"brown_eye_spot",0.792704,190.009720,123.085968,491.000458,521.303955,300.990723,398.217987,119859.921875,0.947258
"ffc63a13-34d2-4ea3-a1fc-c44a9139acf9",72,"f24bbe00-434b-4ac5-8811-8a1804c0f723","benchmark/test/1049_jpg.rf.a55650b46592f226ebd1ad04f7b43c7c.jpg","test/1049_jpg.rf.a55650b46592f226ebd1ad04f7b43c7c",0,2,"healthy",0.493750,0.511719,0.812500,0.713281,56.000004,99.249992,576.000000,555.750000,1,0,2,"healthy",0.965118,63.109894,105.523056,570.522095,551.975769,507.412201,446.452698,226535.546875,0.954316
"ffc63a13-34d2-4ea3-a1fc-c44a9139acf9",73,"eff1a29d-8c0f-4c87-a2f1-731eb741fb59","benchmark/train/861_jpg.rf.8121e190efa7be23c9ea1e1a1e70e949.jpg","train/861_jpg.rf.8121e190efa7be23c9ea1e1a1e70e949",0,4,"phoma",0.465625,0.511719,0.751562,0.642187,57.500000,122.000008,538.500000,533.000000,1,0,4,"phoma",0.966305,51.647644,120.863556,557.505798,533.478210,505.858154,412.614655,208724.484375,0.947138
"ffc63a13-34d2-4ea3-a1fc-c44a9139acf9",74,"68573b09-d37a-46d2-b8e6-1608cdaa8e93","benchmark/train/347_jpg.rf.48c03e335f70febbaa438660c8078638.jpg","train/347_jpg.rf.48c03e335f70febbaa438660c8078638",0,4,"phoma",0.506250,0.537500,0.824219,0.771094,60.250015,97.250023,587.750000,590.750000,1,0,4,"phoma",0.948182,48.148468,98.612793,585.431763,581.376465,537.283325,482.763672,259380.875000,0.952568
"ffc63a13-34d2-4ea3-a1fc-c44a9139acf9",75,"0525944a-0024-4d1a-84f9-12c34b761293","benchmark/valid/IMG_2540_JPG.rf.64664d91945805fa70f10a4c60fc9662.jpg","valid/IMG_2540_JPG.rf.64664d91945805fa70f10a4c60fc9662",0,3,"miner",0.485938,0.510938,0.884375,0.299219,28.000011,231.250000,594.000000,422.750000,1,0,3,"miner",0.896926,10.683929,235.846786,605.821533,412.858337,595.137573,177.011551,105346.226563,0.882356
"ffc63a13-34d2-4ea3-a1fc-c44a9139acf9",76,"cbfd72b2-2c7f-424e-80b8-df2e72617ae1","benchmark/valid/563_jpg.rf.a63b3c481ba47f49e0671f656db2ca37.jpg","valid/563_jpg.rf.a63b3c481ba47f49e0671f656db2ca37",0,4,"phoma",0.504687,0.529688,0.827344,0.686719,58.249989,119.250015,587.750000,558.750000,1,0,4,"phoma",0.967349,62.108704,115.026443,585.108887,559.683472,523.000183,444.657043,232555.718750,0.976408
"ffc63a13-34d2-4ea3-a1fc-c44a9139acf9",77,"b424add2-baa9-4438-ba2a-3ce5a4cf9d61","benchmark/valid/IMG_2692_1_JPG.rf.052e7052589c547809a67a8eae64f3ac.jpg","valid/IMG_2692_1_JPG.rf.052e7052589c547809a67a8eae64f3ac",0,3,"miner",0.353125,0.542188,0.536719,0.510156,54.250011,183.750000,397.750000,510.250000,1,0,3,"miner",0.866742,41.885193,181.004669,405.192047,505.856232,363.306854,324.851563,118020.796875,0.925654
"ffc63a13-34d2-4ea3-a1fc-c44a9139acf9",78,"9b385b73-f1af-4e70-b0a1-fa0d4c955c96","benchmark/train/375_jpg.rf.af9f1329998bdc18d84a3752f41a0894.jpg","train/375_jpg.rf.af9f1329998bdc18d84a3752f41a0894",0,4,"phoma",0.506250,0.496094,0.851563,0.601563,51.500015,125.000000,596.500000,510.000000,1,0,4,"phoma",0.963319,55.759521,121.936279,595.559570,513.049683,539.800049,391.113403,211123.031250,0.975123
"ffc63a13-34d2-4ea3-a1fc-c44a9139acf9",79,"114f52ce-69a9-432b-bbc7-1cb90d2e3b18","benchmark/train/IMG_3221_2_JPG.rf.25ea2d66dec49a81deab0c97bd3b1c42.jpg","train/IMG_3221_2_JPG.rf.25ea2d66dec49a81deab0c97bd3b1c42",0,3,"miner",0.521875,0.517969,0.894531,0.407813,47.750015,201.000031,620.250000,462.000000,1,0,3,"miner",0.928911,41.800873,198.743393,615.389282,452.806976,573.588379,254.063583,145727.921875,0.939038
"ffc63a13-34d2-4ea3-a1fc-c44a9139acf9",80,"d6d68227-7321-4aae-b64b-86def6745466","benchmark/test/IMG_3268_JPG.rf.f5370d4a9335263e11377bba04ac582e.jpg","test/IMG_3268_JPG.rf.f5370d4a9335263e11377bba04ac582e",0,1,"brown_eye_spot",0.512500,0.453125,0.628906,0.740625,126.749992,52.999992,529.250000,527.000000,1,1,1,"brown_eye_spot",0.580860,127.534470,53.025879,525.232422,525.507996,397.697937,472.482117,187905.156250,0.984905
"ffc63a13-34d2-4ea3-a1fc-c44a9139acf9",81,"48e9dbfa-d234-4ebf-939b-4251868526fb","benchmark/train/202_jpg.rf.afe98ff1b736c1051581982c7659960a.jpg","train/202_jpg.rf.afe98ff1b736c1051581982c7659960a",0,2,"healthy",0.532812,0.500000,0.859375,0.737500,65.999985,84.000000,616.000000,556.000000,1,0,2,"healthy",0.948154,69.852295,88.671143,605.419189,547.093445,535.566895,458.422302,245515.812500,0.945747
"ffc63a13-34d2-4ea3-a1fc-c44a9139acf9",82,"39369ba5-7e90-40ba-90c9-6d1c8d8f59f2","benchmark/test/IMG_2489_1_JPG.rf.421efcae89544e40ecedfeee02f33cb8.jpg","test/IMG_2489_1_JPG.rf.421efcae89544e40ecedfeee02f33cb8",0,3,"miner",0.507031,0.504687,0.739062,0.680469,88.000015,105.250000,561.000000,540.750000,1,0,3,"miner",0.929870,82.391296,133.978882,528.049438,534.370361,445.658142,400.391479,178437.718750,0.846112
"ffc63a13-34d2-4ea3-a1fc-c44a9139acf9",83,"33f52e82-2bb4-422e-8215-0d37e5960d7d","benchmark/train/612_jpg.rf.718d5ae4deae7556c0af0f3b335952fb.jpg","train/612_jpg.rf.718d5ae4deae7556c0af0f3b335952fb",0,4,"phoma",0.500781,0.514844,0.775000,0.814062,72.500000,69.000015,568.500000,590.000000,1,0,4,"phoma",0.960137,78.817657,64.342377,578.085571,563.042358,499.267914,498.699982,248984.906250,0.911279
"ffc63a13-34d2-4ea3-a1fc-c44a9139acf9",84,"3baa9db4-2e8e-457f-b001-56f99987873a","benchmark/valid/IMG_2585_2_JPG.rf.372bfc5a127cdc03c933645f8baa0111.jpg","valid/IMG_2585_2_JPG.rf.372bfc5a127cdc03c933645f8baa0111",0,1,"brown_eye_spot",0.504687,0.536719,0.628125,0.879687,121.999985,61.999989,524.000000,625.000000,1,0,1,"brown_eye_spot",0.816038,115.080139,60.587524,525.215088,631.314941,410.134949,570.727417,234075.265625,0.966894
"ffc63a13-34d2-4ea3-a1fc-c44a9139acf9",85,"22696117-c8b6-4034-aab0-a655f8cf3415","benchmark/train/IMG_3470_1_JPG.rf.d4d87c0bace82e907081273cc688efd1.jpg","train/IMG_3470_1_JPG.rf.d4d87c0bace82e907081273cc688efd1",0,3,"miner",0.500781,0.435156,0.745313,0.529688,81.999985,109.000000,559.000000,448.000031,1,0,3,"miner",0.921538,96.761215,102.715424,580.467529,446.107758,483.706299,343.392334,166101.031250,0.906062
"ffc63a13-34d2-4ea3-a1fc-c44a9139acf9",86,"bfe0f906-790f-45ab-864f-9c3e4bbf2582","benchmark/valid/IMG_3627_1_JPG.rf.4c463e1fa1eb5ccc95c7456ed089763b.jpg","valid/IMG_3627_1_JPG.rf.4c463e1fa1eb5ccc95c7456ed089763b",0,0,"algal_spot",0.507813,0.520312,0.594531,0.802344,134.750000,76.250000,515.250000,589.750000,1,0,0,"algal_spot",0.954221,141.659790,70.019165,508.080933,581.808960,366.421143,511.789795,187530.593750,0.937156
"ffc63a13-34d2-4ea3-a1fc-c44a9139acf9",87,"f54e73b3-0042-4201-b6da-3eb64d89fbd4","benchmark/train/IMG_2569_JPG.rf.e7178723992f88cb1ae1e222460b4223.jpg","train/IMG_2569_JPG.rf.e7178723992f88cb1ae1e222460b4223",0,4,"phoma",0.535156,0.459375,0.501562,0.674219,182.000000,78.249985,503.000000,509.750000,1,0,4,"phoma",0.966745,183.643326,81.608932,488.808502,505.128784,305.165161,423.519836,129243.500000,0.933089
"ffc63a13-34d2-4ea3-a1fc-c44a9139acf9",88,"ecfa2097-7c9d-4c95-b7f5-62ecacc642cd","benchmark/train/IMG_2347_2_JPG.rf.5932ee6e1184feff4443261845ada823.jpg","train/IMG_2347_2_JPG.rf.5932ee6e1184feff4443261845ada823",0,3,"miner",0.460938,0.507813,0.921875,0.575781,0.000000,140.750000,590.000000,509.250000,1,0,3,"miner",0.923872,32.898407,132.583084,595.776672,511.710205,562.878296,379.127136,213402.437500,0.910282
"ffc63a13-34d2-4ea3-a1fc-c44a9139acf9",89,"54c35ef9-222d-4cca-bae7-6f1fe00d10ba","benchmark/train/425_jpg.rf.6256916bc4ffc3d40f319defa92b834a.jpg","train/425_jpg.rf.6256916bc4ffc3d40f319defa92b834a",0,4,"phoma",0.512500,0.465625,0.831250,0.739062,61.999989,61.499996,594.000000,534.500000,1,0,4,"phoma",0.961241,62.522156,59.963013,598.320801,539.871094,535.798645,479.908081,257134.093750,0.976719
"ffc63a13-34d2-4ea3-a1fc-c44a9139acf9",90,"a9b25d50-115c-4d65-958a-e50db78db0bf","benchmark/train/333_jpg.rf.8af0d02d4246865d16af83400bdb9870.jpg","train/333_jpg.rf.8af0d02d4246865d16af83400bdb9870",0,4,"phoma",0.510938,0.533594,0.642187,0.632031,121.500015,139.250015,532.500000,543.750000,1,0,4,"phoma",0.968330,123.628189,138.721664,533.663086,540.521362,410.034912,401.799683,164751.890625,0.982842
"ffc63a13-34d2-4ea3-a1fc-c44a9139acf9",91,"37bbfb06-9aeb-43a9-b78e-db6d1bdabea5","benchmark/train/IMG_3373_1_JPG.rf.da52c999acc35464e22de2e542540842.jpg","train/IMG_3373_1_JPG.rf.da52c999acc35464e22de2e542540842",0,1,"brown_eye_spot",0.526563,0.603125,0.464844,0.508594,188.250000,223.249985,485.750000,548.750000,1,0,1,"brown_eye_spot",0.911547,185.436523,216.088654,486.596344,548.477295,301.159821,332.388641,100102.101563,0.965782
"ffc63a13-34d2-4ea3-a1fc-c44a9139acf9",92,"680dab28-f835-48e5-9068-c0d61b077599","benchmark/test/IMG_3007_JPG.rf.5aa4827ffd75c30f69618200999a418b.jpg","test/IMG_3007_JPG.rf.5aa4827ffd75c30f69618200999a418b",0,3,"miner",0.461719,0.467969,0.785937,0.407813,43.999996,169.000015,547.000000,430.000000,1,0,3,"miner",0.923398,58.566254,170.020233,549.360718,435.222839,490.794464,265.202606,130159.968750,0.944391
"ffc63a13-34d2-4ea3-a1fc-c44a9139acf9",93,"49f2542c-41ad-4f68-aec0-e1d06d72dc5c","benchmark/valid/IMG_3217_1_JPG.rf.14c8b03c12e36a9377d18fbf28486afa.jpg","valid/IMG_3217_1_JPG.rf.14c8b03c12e36a9377d18fbf28486afa",0,3,"miner",0.456250,0.421094,0.249219,0.807813,212.250000,11.000004,371.750000,528.000000,1,0,3,"miner",0.906474,211.859085,9.782806,371.091888,537.968750,159.232803,528.185913,84104.523438,0.972485
"ffc63a13-34d2-4ea3-a1fc-c44a9139acf9",94,"74041d3b-1e00-4c1f-a7f2-49cb20643585","benchmark/train/IMG_3541_2_JPG.rf.ad15ef18d6b22a7d418803f5d1a1a109.jpg","train/IMG_3541_2_JPG.rf.ad15ef18d6b22a7d418803f5d1a1a109",0,0,"algal_spot",0.428125,0.492188,0.646875,0.902344,66.999985,26.250000,481.000000,603.750000,1,0,0,"algal_spot",0.926035,70.558075,16.970825,475.317749,589.271973,404.759674,572.301147,231644.421875,0.938428
"ffc63a13-34d2-4ea3-a1fc-c44a9139acf9",95,"ef7abc08-14a3-4c57-8095-e8aafe8cf8c2","benchmark/train/IMG_2706_1_JPG.rf.955b16bb6a41b97270833e695176562c.jpg","train/IMG_2706_1_JPG.rf.955b16bb6a41b97270833e695176562c",0,0,"algal_spot",0.548437,0.482812,0.463281,0.590625,202.749969,120.000000,499.250000,498.000000,1,0,0,"algal_spot",0.949445,202.398163,116.006439,495.214111,493.208496,292.815948,377.202057,110450.781250,0.962712
"ffc63a13-34d2-4ea3-a1fc-c44a9139acf9",96,"2ec6fd92-e0b9-44b9-ad0f-d9a0974c6059","benchmark/train/IMG_3284_1_JPG.rf.d9398c9c8ff150291caa66e16a05d365.jpg","train/IMG_3284_1_JPG.rf.d9398c9c8ff150291caa66e16a05d365",0,3,"miner",0.446875,0.453125,0.775000,0.375000,38.000011,170.000000,534.000000,410.000000,1,0,3,"miner",0.904278,28.833618,170.084839,540.920105,404.085968,512.086487,234.001129,119828.812500,0.945118
"ffc63a13-34d2-4ea3-a1fc-c44a9139acf9",97,"38051fb2-8d42-4048-9093-b21f841ef4e6","benchmark/train/603_jpg.rf.57fd6e4eb41f9ac6b3470361d78336c6.jpg","train/603_jpg.rf.57fd6e4eb41f9ac6b3470361d78336c6",0,4,"phoma",0.505469,0.457812,0.867188,0.606250,45.999985,99.000000,601.000000,486.999969,1,0,4,"phoma",0.968334,43.652527,96.287491,601.007690,491.151917,557.355164,394.864441,220079.734375,0.978463
"ffc63a13-34d2-4ea3-a1fc-c44a9139acf9",98,"4b8f566c-18d3-4626-9ab3-bbd4fb1069df","benchmark/train/IMG_3303_JPG.rf.077f8b957aaac124666135a42266356e.jpg","train/IMG_3303_JPG.rf.077f8b957aaac124666135a42266356e",0,3,"miner",0.512500,0.491406,0.855469,0.342187,54.249992,205.000000,601.750000,424.000000,1,0,3,"miner",0.924534,41.694305,205.569336,624.570801,415.000183,582.876465,209.430847,122072.312500,0.900653
"ffc63a13-34d2-4ea3-a1fc-c44a9139acf9",99,"7abc811b-7ba4-4159-ae2c-1dbbf2633a93","benchmark/train/IMG_3537_1_JPG.rf.82ec4ffbf16a57602d79538d84a65729.jpg","train/IMG_3537_1_JPG.rf.82ec4ffbf16a57602d79538d84a65729",0,0,"algal_spot",0.526563,0.621875,0.415625,0.732031,204.000015,163.750000,470.000000,632.250000,1,0,0,"algal_spot",0.963037,204.126099,152.610703,468.610474,628.618164,264.484375,476.007446,125896.531250,0.963809
"ffc63a13-34d2-4ea3-a1fc-c44a9139acf9",100,"ec238b7c-8f69-4745-96a6-42e99cd29668","benchmark/train/IMG_2714_2_JPG.rf.e2f2dbe56d3eb4c64d20bedbfcb4d561.jpg","train/IMG_2714_2_JPG.rf.e2f2dbe56d3eb4c64d20bedbfcb4d561",0,0,"algal_spot",0.481250,0.506250,0.574219,0.642969,124.249992,118.250008,491.750000,529.750000,1,0,0,"algal_spot",0.955368,129.912521,122.615753,487.250183,542.784668,357.337646,420.168915,150142.171875,0.933286
"a9fc6876-610b-4bfd-9ca1-c79e07af7f28",1,"7d70dbca-f02e-472d-a701-896368b41c8b","benchmark/train/IMG_2861_2_JPG.rf.7c0540a3526143f15d1ca3fa67dd9065.jpg","train/IMG_2861_2_JPG.rf.7c0540a3526143f15d1ca3fa67dd9065",0,5,"powdery_mildew",0.546094,0.518750,0.710938,0.641406,122.000008,126.750015,577.000000,537.250000,1,0,5,"powdery_mildew",0.956076,121.029846,124.858505,580.794006,536.968933,459.764160,412.110413,189473.593750,0.984431
"a9fc6876-610b-4bfd-9ca1-c79e07af7f28",2,"bd23f7e0-7165-409d-903a-6a73407d07c9","benchmark/train/IMG_2627_JPG.rf.891cf3803e365cfd2a9f24512972f4f5.jpg","train/IMG_2627_JPG.rf.891cf3803e365cfd2a9f24512972f4f5",0,1,"brown_eye_spot",0.514063,0.551562,0.710156,0.799219,101.750015,97.249985,556.250000,608.750000,1,0,1,"brown_eye_spot",0.910015,102.716034,96.491608,561.976685,610.388794,459.260651,513.897217,236012.765625,0.980871
"a9fc6876-610b-4bfd-9ca1-c79e07af7f28",3,"1538fe16-2e1a-4426-a6c0-ac96f920050c","benchmark/train/IMG_3024_1_JPG.rf.242a485be9397f73e8cc4b8eda03958f.jpg","train/IMG_3024_1_JPG.rf.242a485be9397f73e8cc4b8eda03958f",0,1,"brown_eye_spot",0.523438,0.554688,0.586719,0.806250,147.250000,97.000008,522.750000,613.000000,1,0,1,"brown_eye_spot",0.950761,146.604294,90.887299,522.963867,599.430603,376.359558,508.543304,191395.140625,0.960162
"a9fc6876-610b-4bfd-9ca1-c79e07af7f28",4,"211f5fcb-8a01-4cdb-bb56-1b5f1d99f496","benchmark/valid/IMG_2602_1_JPG.rf.7c268f15c1708139b5d50b54bdf955ad.jpg","valid/IMG_2602_1_JPG.rf.7c268f15c1708139b5d50b54bdf955ad",0,1,"brown_eye_spot",0.560156,0.575781,0.842188,0.376563,88.999977,248.000000,628.000000,488.999969,1,0,1,"brown_eye_spot",0.938598,79.407166,251.155807,636.854431,480.781067,557.447266,229.625259,128003.976563,0.922713
"a9fc6876-610b-4bfd-9ca1-c79e07af7f28",5,"7c2f95f7-9355-4c5e-86a1-973140e445e9","benchmark/valid/1066_jpg.rf.f1e05ad2018c524de035d6a9678f31f9.jpg","valid/1066_jpg.rf.f1e05ad2018c524de035d6a9678f31f9",0,2,"healthy",0.511719,0.474219,0.875000,0.663281,47.500000,91.250000,607.500000,515.750000,1,0,2,"healthy",0.957816,45.621338,88.576401,603.397217,510.334473,557.775879,421.758057,235246.468750,0.970705
"a9fc6876-610b-4bfd-9ca1-c79e07af7f28",6,"c8437b35-ca60-4027-a6e7-071e2a9580e8","benchmark/test/695_jpg.rf.b4249f42a29e3d3a81a471d38b51eaf0.jpg","test/695_jpg.rf.b4249f42a29e3d3a81a471d38b51eaf0",0,2,"healthy",0.516406,0.500781,0.789844,0.719531,77.750000,90.250000,583.250000,550.750000,1,0,2,"healthy",0.926393,90.368362,93.694290,580.079163,539.237488,489.710815,445.543213,218187.328125,0.937300
"a9fc6876-610b-4bfd-9ca1-c79e07af7f28",7,"e090ce7f-15d2-4ec5-852c-2f72a8207b4a","benchmark/train/IMG_2827_2_JPG.rf.d2cc78774e2d8e0f83b1b84b65e891c4.jpg","train/IMG_2827_2_JPG.rf.d2cc78774e2d8e0f83b1b84b65e891c4",0,5,"powdery_mildew",0.565625,0.787500,0.639844,0.372656,157.250000,384.750031,566.750000,623.250000,1,0,5,"powdery_mildew",0.947254,156.994659,387.228851,567.249512,629.419495,410.254852,242.190643,99359.882813,0.962896
"a9fc6876-610b-4bfd-9ca1-c79e07af7f28",7,"e090ce7f-15d2-4ec5-852c-2f72a8207b4a","benchmark/train/IMG_2827_2_JPG.rf.d2cc78774e2d8e0f83b1b84b65e891c4.jpg","train/IMG_2827_2_JPG.rf.d2cc78774e2d8e0f83b1b84b65e891c4",1,5,"powdery_mildew",0.453125,0.438281,0.892969,0.257813,4.249992,198.000000,575.750000,363.000000,1,1,5,"powdery_mildew",0.926853,0.000000,200.345520,587.993408,362.018127,587.993408,161.672607,95062.429688,0.952888
"a9fc6876-610b-4bfd-9ca1-c79e07af7f28",8,"c9235fc6-ea07-474e-b017-1f5b158d1856","benchmark/train/598_jpg.rf.48845c3e2a9030294294fa9a27c9d0c4.jpg","train/598_jpg.rf.48845c3e2a9030294294fa9a27c9d0c4",0,4,"phoma",0.487500,0.512500,0.823438,0.627344,48.500004,127.249985,575.500000,528.750000,1,0,4,"phoma",0.962635,51.726929,124.726044,573.576538,528.742065,521.849609,404.016022,210835.609375,0.984082
"a9fc6876-610b-4bfd-9ca1-c79e07af7f28",9,"39bea4cb-3743-48f8-a9dd-b8a85446b2a6","benchmark/train/638_jpg.rf.3c4070921ef54859744dd3f0ee823a2c.jpg","train/638_jpg.rf.3c4070921ef54859744dd3f0ee823a2c",0,4,"phoma",0.478906,0.504687,0.829687,0.600000,41.000004,130.999985,572.000000,515.000000,1,0,4,"phoma",0.961792,42.008972,126.012604,578.652466,519.580322,536.643494,393.567719,211205.562500,0.961830
"a9fc6876-610b-4bfd-9ca1-c79e07af7f28",10,"345d5b62-080f-44a9-a5dc-c6e849f76604","benchmark/train/IMG_2504_1_JPG.rf.f6acad7910825cf60b65fdcbb3ae525e.jpg","train/IMG_2504_1_JPG.rf.f6acad7910825cf60b65fdcbb3ae525e",0,3,"miner",0.481250,0.512500,0.799219,0.730469,52.249985,94.249992,563.750000,561.750000,1,0,3,"miner",0.921159,56.403259,97.947403,559.787720,553.605164,503.384460,455.657776,229371.046875,0.959205
"a9fc6876-610b-4bfd-9ca1-c79e07af7f28",11,"d108d3b1-ec17-4036-809f-441caf59cd84","benchmark/train/498_jpg.rf.cb042f6c044424c1159590ac2eaf745d.jpg","train/498_jpg.rf.cb042f6c044424c1159590ac2eaf745d",0,4,"phoma",0.493750,0.520312,0.879687,0.614844,34.500008,136.250000,597.500000,529.750000,1,0,4,"phoma",0.963825,34.346191,133.099503,590.222839,526.407227,555.876648,393.307739,218630.593750,0.970752
"a9fc6876-610b-4bfd-9ca1-c79e07af7f28",12,"a584827a-87b1-41a3-b318-67b8c48a1074","benchmark/train/IMG_3545_JPG.rf.53a2ad2214195c7e7b3188b78d28565b.jpg","train/IMG_3545_JPG.rf.53a2ad2214195c7e7b3188b78d28565b",0,0,"algal_spot",0.522656,0.548437,0.932813,0.596875,36.000004,159.999985,633.000000,542.000000,1,0,0,"algal_spot",0.827508,55.939148,159.708206,633.656189,539.032288,577.717041,379.324097,219142.000000,0.957340
"a9fc6876-610b-4bfd-9ca1-c79e07af7f28",13,"5f99d8bb-af0b-4de9-8fad-1a78adb4f9b2","benchmark/train/IMG_2595_1_JPG.rf.dcd929f8f3c9271e16edadd600b6fd12.jpg","train/IMG_2595_1_JPG.rf.dcd929f8f3c9271e16edadd600b6fd12",0,1,"brown_eye_spot",0.434375,0.533594,0.565625,0.604688,96.999985,148.000015,459.000000,535.000000,1,0,1,"brown_eye_spot",0.946018,96.680542,147.995514,459.718384,530.845764,363.037842,382.850250,138989.125000,0.986456
"a9fc6876-610b-4bfd-9ca1-c79e07af7f28",14,"906f02dc-df8c-4b51-8f49-5ee2eac11cfc","benchmark/test/IMG_3034_JPG.rf.9989dd6fd255da49fff1d4d2e89bfb4a.jpg","test/IMG_3034_JPG.rf.9989dd6fd255da49fff1d4d2e89bfb4a",0,1,"brown_eye_spot",0.531250,0.576563,0.512500,0.480469,176.000000,215.250015,504.000000,522.750000,1,0,1,"brown_eye_spot",0.949635,167.291718,219.842392,502.185791,515.345520,334.894073,295.503113,98962.242188,0.931894
"a9fc6876-610b-4bfd-9ca1-c79e07af7f28",15,"09745fb9-997b-4f37-af7d-4604deabdef7","benchmark/train/IMG_2484_2_JPG.rf.d350746467cb54db1edf23c0a4b50b64.jpg","train/IMG_2484_2_JPG.rf.d350746467cb54db1edf23c0a4b50b64",0,1,"brown_eye_spot",0.553125,0.412500,0.764844,0.333594,109.250015,157.250000,598.750000,370.750000,1,1,1,"brown_eye_spot",0.924135,113.090439,155.768448,602.683655,367.522949,489.593201,211.754501,103673.562500,0.962854
"a9fc6876-610b-4bfd-9ca1-c79e07af7f28",15,"09745fb9-997b-4f37-af7d-4604deabdef7","benchmark/train/IMG_2484_2_JPG.rf.d350746467cb54db1edf23c0a4b50b64.jpg","train/IMG_2484_2_JPG.rf.d350746467cb54db1edf23c0a4b50b64",1,1,"brown_eye_spot",0.510938,0.725781,0.594531,0.407813,136.750015,334.000000,517.250000,595.000000,1,0,1,"brown_eye_spot",0.938008,135.210129,341.963135,511.261749,585.086975,376.051636,243.123840,91427.117188,0.913405
"a9fc6876-610b-4bfd-9ca1-c79e07af7f28",16,"50df0df5-165d-4bbc-92ff-f97e853dadc5","benchmark/train/IMG_3029_2_JPG.rf.2840cd755c9d43f97121b6304ea31d66.jpg","train/IMG_3029_2_JPG.rf.2840cd755c9d43f97121b6304ea31d66",0,1,"brown_eye_spot",0.483594,0.541406,0.523438,0.798437,142.000000,91.000023,477.000000,602.000000,1,0,1,"brown_eye_spot",0.635440,144.473663,85.188950,475.245941,606.207581,330.772278,521.018616,172338.515625,0.968629
"a9fc6876-610b-4bfd-9ca1-c79e07af7f28",17,"5ef76721-d8e0-43c7-9c0f-5d6defb0dc51","benchmark/train/1216_jpg.rf.e50219613820f391b7fefe0aaae349c2.jpg","train/1216_jpg.rf.e50219613820f391b7fefe0aaae349c2",0,4,"phoma",0.493750,0.500781,0.785937,0.578125,64.500008,135.500000,567.500000,505.500000,1,0,4,"phoma",0.950062,63.903992,136.902924,561.246216,503.147614,497.342224,366.244690,182148.953125,0.976399
"a9fc6876-610b-4bfd-9ca1-c79e07af7f28",18,"f93fbf16-40bd-429b-a907-23b4d50ce77f","benchmark/train/344_jpg.rf.f3286e5810af4f654262a4915c49e98b.jpg","train/344_jpg.rf.f3286e5810af4f654262a4915c49e98b",0,4,"phoma",0.526563,0.563281,0.873438,0.702344,57.500000,135.749985,616.500000,585.250000,1,0,4,"phoma",0.971445,60.366150,133.675583,614.342285,583.326294,553.976135,449.650696,249095.750000,0.982279
"a9fc6876-610b-4bfd-9ca1-c79e07af7f28",19,"69e3a900-869b-41ed-b22e-ada07cf60412","benchmark/train/IMG_3473_2_JPG.rf.a88c6a50619539b3c71da2672112b6d2.jpg","train/IMG_3473_2_JPG.rf.a88c6a50619539b3c71da2672112b6d2",0,3,"miner",0.534375,0.396875,0.662500,0.564062,130.000000,73.500000,554.000000,434.499969,1,0,3,"miner",0.938918,128.237305,73.195770,546.531982,427.864624,418.294678,354.668854,148356.093750,0.959616
"a9fc6876-610b-4bfd-9ca1-c79e07af7f28",20,"fa573e0b-c298-49b3-a185-1b00b3306ba6","benchmark/train/IMG_2932_1_JPG.rf.c89e63c4867478c93ceeb4597b564380.jpg","train/IMG_2932_1_JPG.rf.c89e63c4867478c93ceeb4597b564380",0,4,"phoma",0.485938,0.498437,0.466406,0.674219,161.750000,103.249985,460.250000,534.750000,1,0,4,"phoma",0.964713,163.844116,114.484818,461.496704,533.800110,297.652588,419.315308,124810.289063,0.961044
"a9fc6876-610b-4bfd-9ca1-c79e07af7f28",21,"9f3c60bd-3fad-40f0-970b-8f32ea279d58","benchmark/train/1178_jpg.rf.6987c4f8ba35ced8872c98277e1a1c51.jpg","train/1178_jpg.rf.6987c4f8ba35ced8872c98277e1a1c51",0,4,"phoma",0.503125,0.469531,0.912500,0.524219,30.000000,132.750000,614.000000,468.249969,1,0,4,"phoma",0.967906,21.589417,130.217590,619.301147,468.930359,597.711731,338.712769,202452.593750,0.967792
"a9fc6876-610b-4bfd-9ca1-c79e07af7f28",22,"561c2ab7-8e43-4fc9-86da-cd048626e93b","benchmark/train/IMG_2637_JPG.rf.a614c0b6f2b7a11e86e81aac6eabc183.jpg","train/IMG_2637_JPG.rf.a614c0b6f2b7a11e86e81aac6eabc183",0,1,"brown_eye_spot",0.355469,0.499219,0.592188,0.660937,37.999992,108.000015,417.000000,531.000000,1,0,1,"brown_eye_spot",0.946007,39.892334,117.415497,404.549408,531.262878,364.657074,413.847382,150912.375000,0.940177
"a9fc6876-610b-4bfd-9ca1-c79e07af7f28",23,"4ff2031e-8b76-4b6c-ac8f-2df5e7bf43b9","benchmark/train/732_jpg.rf.b1014a86874b505a12810370907316f3.jpg","train/732_jpg.rf.b1014a86874b505a12810370907316f3",0,4,"phoma",0.496094,0.517187,0.923437,0.680469,22.000008,113.249985,613.000000,548.750000,1,0,4,"phoma",0.936901,19.020813,115.334961,612.691467,548.482666,593.670654,433.147705,257147.078125,0.989120
"a9fc6876-610b-4bfd-9ca1-c79e07af7f28",24,"f99b1073-042e-44c2-9cd3-a1ffdaef2281","benchmark/train/545_jpg.rf.435766a6cc2dbaf60b34cdc3881bb546.jpg","train/545_jpg.rf.435766a6cc2dbaf60b34cdc3881bb546",0,4,"phoma",0.496094,0.522656,0.717188,0.688281,87.999992,114.250015,547.000000,554.750000,1,0,4,"phoma",0.958561,86.571472,111.952515,546.794373,554.794495,460.222900,442.841980,203806.015625,0.991184
"a9fc6876-610b-4bfd-9ca1-c79e07af7f28",25,"1db729e8-09f1-456a-868a-cb6ef2d62f10","benchmark/train/327_jpg.rf.f72469299d9b98493c85741051a936ce.jpg","train/327_jpg.rf.f72469299d9b98493c85741051a936ce",0,4,"phoma",0.448438,0.443750,0.771875,0.681250,40.000000,66.000000,534.000000,501.999969,1,0,4,"phoma",0.965273,44.103638,63.891846,530.613892,501.263306,486.510254,437.371460,212785.703125,0.978515
"a9fc6876-610b-4bfd-9ca1-c79e07af7f28",26,"2348332f-e7c6-4229-b5cb-ab6445df5ea2","benchmark/train/IMG_2758_1_JPG.rf.90ba00ef8f50abb1fbba10ce0163d9d7.jpg","train/IMG_2758_1_JPG.rf.90ba00ef8f50abb1fbba10ce0163d9d7",0,0,"algal_spot",0.454688,0.457812,0.571875,0.690625,108.000015,71.999985,474.000000,514.000000,1,0,0,"algal_spot",0.952251,105.321243,71.767410,473.368073,510.901093,368.046814,439.133667,161621.750000,0.983605
"a9fc6876-610b-4bfd-9ca1-c79e07af7f28",27,"fe4ce99a-3157-44da-b247-3d52a16d89cf","benchmark/train/281_jpg.rf.2a20e6f03d0c34d239e63f76d6fadc2f.jpg","train/281_jpg.rf.2a20e6f03d0c34d239e63f76d6fadc2f",0,4,"phoma",0.538281,0.503125,0.641406,0.631250,139.250015,120.000000,549.750000,524.000000,1,0,4,"phoma",0.954712,143.101593,123.211975,542.010803,519.719482,398.909210,396.507507,158170.500000,0.953742
"a9fc6876-610b-4bfd-9ca1-c79e07af7f28",28,"5150a76b-b4b3-49df-b116-1625eb30cf8d","benchmark/train/IMG_2538_2_JPG.rf.4d642d034c14e18cebda9d71faba053a.jpg","train/IMG_2538_2_JPG.rf.4d642d034c14e18cebda9d71faba053a",0,3,"miner",0.549219,0.531250,0.517187,0.933594,186.000031,41.250000,517.000000,638.750000,1,0,3,"miner",0.942671,187.723679,35.020569,515.533203,639.000000,327.809509,603.979431,197990.203125,0.979838
"a9fc6876-610b-4bfd-9ca1-c79e07af7f28",29,"8247fc54-1b7b-4c8f-9bc3-8a089986c7a6","benchmark/train/371_jpg.rf.92df72b91a7ea9585d1d92bcdbfcfb99.jpg","train/371_jpg.rf.92df72b91a7ea9585d1d92bcdbfcfb99",0,4,"phoma",0.507813,0.526563,0.755469,0.561719,83.250008,157.250000,566.750000,516.750000,1,0,4,"phoma",0.968783,81.077667,151.487366,560.321167,514.944824,479.243500,363.457458,174184.625000,0.962161
"a9fc6876-610b-4bfd-9ca1-c79e07af7f28",30,"0aaa875a-7d60-41b8-a0e8-8123ad15bbdb","benchmark/train/IMG_20240125_114600_656_jpg.rf.823c0189efd68cf3aac1a463499a347c.jpg","train/IMG_20240125_114600_656_jpg.rf.823c0189efd68cf3aac1a463499a347c",0,2,"healthy",0.090625,0.357812,0.181250,0.515625,0.000000,63.999996,116.000000,394.000000,0,,,,,,,,,,,,0.012272
"a9fc6876-610b-4bfd-9ca1-c79e07af7f28",30,"0aaa875a-7d60-41b8-a0e8-8123ad15bbdb","benchmark/train/IMG_20240125_114600_656_jpg.rf.823c0189efd68cf3aac1a463499a347c.jpg","train/IMG_20240125_114600_656_jpg.rf.823c0189efd68cf3aac1a463499a347c",1,2,"healthy",0.564844,0.457031,0.789063,0.911719,109.000015,0.750008,614.000000,584.250000,1,0,2,"healthy",0.940034,104.002350,13.724976,614.614746,578.338196,510.612396,564.613220,288298.500000,0.957337
"a9fc6876-610b-4bfd-9ca1-c79e07af7f28",31,"b2cef3c4-5fb8-454e-8da4-294aad0ff6fb","benchmark/train/1023_jpg.rf.114d3afc72b3c129f14f2ad26adbc33f.jpg","train/1023_jpg.rf.114d3afc72b3c129f14f2ad26adbc33f",0,4,"phoma",0.494531,0.497656,0.869531,0.749219,38.249989,78.750000,594.750000,558.250000,1,0,4,"phoma",0.949004,46.393921,90.750961,586.070496,546.809082,539.676575,456.058105,246123.875000,0.922359
"a9fc6876-610b-4bfd-9ca1-c79e07af7f28",32,"cc94434a-2a7c-434a-bdcf-646b558a02db","benchmark/train/IMG_3228_JPG.rf.37e03415912a3645ca7a3ee2b5fea25c.jpg","train/IMG_3228_JPG.rf.37e03415912a3645ca7a3ee2b5fea25c",0,3,"miner",0.450781,0.494531,0.645312,0.376563,82.000008,195.999985,495.000000,437.000000,1,0,3,"miner",0.916044,69.770950,197.386810,493.388733,432.895996,423.617798,235.509186,99765.882813,0.946030
"a9fc6876-610b-4bfd-9ca1-c79e07af7f28",33,"b1220c38-8f1a-48a5-822d-fad1849d9bfa","benchmark/train/PXL_20240125_124828853_jpg.rf.dc607e519ad97ca432a49e188de133cb.jpg","train/PXL_20240125_124828853_jpg.rf.dc607e519ad97ca432a49e188de133cb",0,2,"healthy",0.450000,0.500781,0.406250,0.998438,158.000000,0.999985,418.000000,639.000000,1,0,2,"healthy",0.928447,167.170181,0.000000,426.030579,639.000000,258.860413,639.000000,165411.796875,0.934411
"a9fc6876-610b-4bfd-9ca1-c79e07af7f28",33,"b1220c38-8f1a-48a5-822d-fad1849d9bfa","benchmark/train/PXL_20240125_124828853_jpg.rf.dc607e519ad97ca432a49e188de133cb.jpg","train/PXL_20240125_124828853_jpg.rf.dc607e519ad97ca432a49e188de133cb",1,2,"healthy",0.762500,0.360938,0.475000,0.715625,336.000000,2.000008,639.000000,460.000000,1,1,2,"healthy",0.761536,330.519897,0.000000,639.000000,440.522186,308.480103,440.522186,135892.328125,0.937079
"a9fc6876-610b-4bfd-9ca1-c79e07af7f28",34,"e9d34d0b-99d4-4304-962f-af4599c23064","benchmark/train/510_jpg.rf.39d9ed3e3ec218fb8159dbd80d158ac8.jpg","train/510_jpg.rf.39d9ed3e3ec218fb8159dbd80d158ac8",0,4,"phoma",0.488281,0.504687,0.785937,0.643750,61.000004,116.999985,564.000000,529.000000,1,0,4,"phoma",0.946969,67.901367,115.242676,551.792603,525.785583,483.891235,410.542908,198658.109375,0.950604
"a9fc6876-610b-4bfd-9ca1-c79e07af7f28",35,"8ff50886-590d-4911-be57-83eabe97c143","benchmark/train/IMG_2924_2_JPG.rf.947187e8f07099b579f4f8bc5aa7e44c.jpg","train/IMG_2924_2_JPG.rf.947187e8f07099b579f4f8bc5aa7e44c",0,0,"algal_spot",0.484375,0.410156,0.433594,0.479688,171.250000,109.000000,448.750000,416.000000,1,0,0,"algal_spot",0.956198,170.089966,102.014679,444.675507,406.368134,274.585541,304.353455,83571.054688,0.929707
"a9fc6876-610b-4bfd-9ca1-c79e07af7f28",36,"467f4cfe-1c38-4dc8-a30f-36c4499e7c85","benchmark/test/IMG_2592_JPG.rf.c8b6679e4ed87a1288f7b11ac56a4884.jpg","test/IMG_2592_JPG.rf.c8b6679e4ed87a1288f7b11ac56a4884",0,1,"brown_eye_spot",0.575000,0.546875,0.836719,0.346094,100.250000,239.250000,635.750000,460.750000,1,0,1,"brown_eye_spot",0.939286,82.121643,241.604279,631.165161,458.068726,549.043518,216.464447,118848.398438,0.937871
"a9fc6876-610b-4bfd-9ca1-c79e07af7f28",37,"1973ee17-3d9f-4ae3-8821-7cb6a26e619f","benchmark/train/IMG_3599_JPG.rf.c9d8a2159fadf8a73f159194df13d883.jpg","train/IMG_3599_JPG.rf.c9d8a2159fadf8a73f159194df13d883",0,0,"algal_spot",0.553125,0.509375,0.713281,0.614844,125.750008,129.250000,582.250000,522.750000,1,0,0,"algal_spot",0.955420,130.602005,135.436020,587.723267,521.365234,457.121277,385.929199,176416.453125,0.959059
"a9fc6876-610b-4bfd-9ca1-c79e07af7f28",38,"1bf67dba-9611-4dfb-a2b2-59cbd010d220","benchmark/train/IMG_3592_1_JPG.rf.a2950577468b1dcd2034773296a18472.jpg","train/IMG_3592_1_JPG.rf.a2950577468b1dcd2034773296a18472",0,0,"algal_spot",0.415625,0.460938,0.525781,0.386719,97.750000,171.250000,434.250031,418.750000,1,0,0,"algal_spot",0.954088,98.606537,169.857071,429.132935,419.397186,330.526398,249.540115,82479.593750,0.974359
"a9fc6876-610b-4bfd-9ca1-c79e07af7f28",39,"ac3204b1-5617-44cc-8d50-0870ab7267c0","benchmark/valid/IMG_3621_JPG.rf.13202403e4bf916755a3860083679ce3.jpg","valid/IMG_3621_JPG.rf.13202403e4bf916755a3860083679ce3",0,0,"algal_spot",0.496875,0.460938,0.753125,0.563281,76.999985,114.750000,559.000000,475.250000,1,0,0,"algal_spot",0.939610,80.025116,116.522949,557.175964,472.898895,477.150848,356.375946,170045.078125,0.978615
"a9fc6876-610b-4bfd-9ca1-c79e07af7f28",40,"9e033728-570e-4826-9ce4-5bfab4b4bed6","benchmark/train/469_jpg.rf.29592ca3c5b0cf3f9d9dc1269f652456.jpg","train/469_jpg.rf.29592ca3c5b0cf3f9d9dc1269f652456",0,4,"phoma",0.493750,0.532031,0.864062,0.616406,39.500008,143.249985,592.500000,537.750000,1,0,4,"phoma",0.955621,37.168640,141.432068,591.100220,537.487610,553.931580,396.055542,219387.671875,0.988081
"a9fc6876-610b-4bfd-9ca1-c79e07af7f28",41,"ce188582-6e51-4194-a7f8-3f865f72b0d1","benchmark/train/575_jpg.rf.1d7958ea90fc11e17f64f3e3c44c561d.jpg","train/575_jpg.rf.1d7958ea90fc11e17f64f3e3c44c561d",0,4,"phoma",0.488281,0.479688,0.780469,0.562500,62.749996,127.000008,562.250000,487.000000,1,0,4,"phoma",0.964726,61.827637,126.210815,561.282104,489.292023,499.454468,363.081207,181342.531250,0.987785
"a9fc6876-610b-4bfd-9ca1-c79e07af7f28",42,"e00cc96c-93d1-4bc5-8b04-8911633c52b2","benchmark/train/IMG_2798_1_JPG.rf.0fe0b56a17b6d92848799c066ac45596.jpg","train/IMG_2798_1_JPG.rf.0fe0b56a17b6d92848799c066ac45596",0,1,"brown_eye_spot",0.396875,0.489844,0.533594,0.829687,83.249985,48.000011,424.750000,579.000000,1,0,1,"brown_eye_spot",0.803456,81.634460,55.006836,425.227112,583.760742,343.592651,528.753906,181675.953125,0.972157
"a9fc6876-610b-4bfd-9ca1-c79e07af7f28",43,"4c4e6107-f0a0-48a9-ac2d-6dbe8dd43e84","benchmark/train/IMG_3355_1_JPG.rf.019be5777d1a73a9d4defc2d5621c8bd.jpg","train/IMG_3355_1_JPG.rf.019be5777d1a73a9d4defc2d5621c8bd",0,1,"brown_eye_spot",0.544531,0.571875,0.595312,0.496094,158.000000,207.249985,539.000000,524.750000,1,0,1,"brown_eye_spot",0.930442,166.107971,212.579819,538.678467,515.485352,372.570496,302.905518,112853.656250,0.932925
"a9fc6876-610b-4bfd-9ca1-c79e07af7f28",44,"543094b4-0f03-4a96-9a05-45fc9ed19b03","benchmark/train/IMG_3623_JPG.rf.eb1a2ceafa55861cc1ac23f11cf08605.jpg","train/IMG_3623_JPG.rf.eb1a2ceafa55861cc1ac23f11cf08605",0,0,"algal_spot",0.517969,0.428125,0.492188,0.850781,174.000015,1.749992,489.000000,546.250000,1,0,0,"algal_spot",0.956199,179.467102,0.740540,491.602966,529.628296,312.135864,528.887756,165084.843750,0.943357
"a9fc6876-610b-4bfd-9ca1-c79e07af7f28",45,"d2d91ae3-85bf-4082-afbd-297df389d9b1","benchmark/train/IMG_2599_1_JPG.rf.d71cb97de337e84f80e7e34ab61e087b.jpg","train/IMG_2599_1_JPG.rf.d71cb97de337e84f80e7e34ab61e087b",0,1,"brown_eye_spot",0.383594,0.546875,0.557813,0.735156,66.999985,114.750000,424.000000,585.250000,1,0,1,"brown_eye_spot",0.938429,71.409592,127.589935,412.382263,586.533447,340.972656,458.943512,156487.187500,0.926626
"a9fc6876-610b-4bfd-9ca1-c79e07af7f28",46,"04e39f49-6f1e-4cbb-aeed-edbefc497a06","benchmark/valid/IMG_2975_1_JPG.rf.e5b1b80a1f447152106de6e47553daac.jpg","valid/IMG_2975_1_JPG.rf.e5b1b80a1f447152106de6e47553daac",0,1,"brown_eye_spot",0.459375,0.451562,0.660156,0.435156,82.750000,149.750000,505.250000,428.250000,1,0,1,"brown_eye_spot",0.930324,81.002243,148.972870,499.045013,427.280334,418.042786,278.307465,116344.429688,0.975170
"a9fc6876-610b-4bfd-9ca1-c79e07af7f28",47,"c33d38dd-9bb6-4528-83ed-a560be286729","benchmark/valid/IMG_2391_JPG.rf.b6e499fd6ef6e99ed8f24722bc2823c8.jpg","valid/IMG_2391_JPG.rf.b6e499fd6ef6e99ed8f24722bc2823c8",0,1,"brown_eye_spot",0.542969,0.513281,0.517187,0.742188,182.000000,90.999985,513.000000,566.000000,1,0,1,"brown_eye_spot",0.944200,180.706238,80.607742,514.467529,563.305176,333.761292,482.697449,161105.718750,0.965032
"a9fc6876-610b-4bfd-9ca1-c79e07af7f28",48,"3cc2d39f-2ff7-423d-910a-e0fe339e8cdf","benchmark/train/IMG_2381_JPG.rf.54029ad1a48cdef4d2c6aa19dc6dde50.jpg","train/IMG_2381_JPG.rf.54029ad1a48cdef4d2c6aa19dc6dde50",0,0,"algal_spot",0.539063,0.568750,0.434375,0.580469,206.000000,178.250000,484.000000,549.750000,1,0,0,"algal_spot",0.951489,205.764389,181.025360,483.714294,533.482605,277.949890,352.457245,97965.453125,0.947004
"a9fc6876-610b-4bfd-9ca1-c79e07af7f28",49,"867bd048-59f8-4641-a0fa-5381b7a312cd","benchmark/test/IMG_3339_JPG.rf.528fbd99517156c60c169cac0aa33a1b.jpg","test/IMG_3339_JPG.rf.528fbd99517156c60c169cac0aa33a1b",0,3,"miner",0.419531,0.451562,0.485938,0.466406,113.000000,139.750000,424.000000,438.250000,1,0,3,"miner",0.926116,120.476471,146.059784,432.719727,436.936157,312.243256,290.876373,90824.187500,0.925741
"a9fc6876-610b-4bfd-9ca1-c79e07af7f28",50,"5f80562c-d2ab-4dd2-be42-eb8c18d1ab81","benchmark/train/IMG_3546_JPG.rf.0e3eae549a4c8ade930f4a7ab649382e.jpg","train/IMG_3546_JPG.rf.0e3eae549a4c8ade930f4a7ab649382e",0,0,"algal_spot",0.501562,0.569531,0.671094,0.851563,106.249985,92.000008,535.750000,637.000000,1,0,0,"algal_spot",0.930061,108.925415,79.864594,546.124878,614.067200,437.199463,534.202637,233553.109375,0.910260
"a9fc6876-610b-4bfd-9ca1-c79e07af7f28",51,"b1978f73-05d5-464b-8648-ae9357ac3f7f","benchmark/train/IMG_3040_2_JPG.rf.e0e76a6819884d2718aa1ad39f23800d.jpg","train/IMG_3040_2_JPG.rf.e0e76a6819884d2718aa1ad39f23800d",0,1,"brown_eye_spot",0.457812,0.473437,0.764844,0.400000,48.249989,175.000000,537.750000,431.000000,1,0,1,"brown_eye_spot",0.948106,51.282043,176.962753,547.074707,428.995056,495.792664,252.032303,124955.765625,0.960392
"a9fc6876-610b-4bfd-9ca1-c79e07af7f28",52,"bee71304-17b1-4d15-aeeb-4b0e4aeccaa5","benchmark/train/IMG_3031_JPG.rf.8b04beb77493dc6c306bfad06fae8ad7.jpg","train/IMG_3031_JPG.rf.8b04beb77493dc6c306bfad06fae8ad7",0,1,"brown_eye_spot",0.267188,0.173438,0.512500,0.339844,7.000008,2.250004,335.000000,219.750000,1,1,1,"brown_eye_spot",0.893147,2.929718,2.179123,344.053864,234.439392,341.124146,232.260269,79229.585938,0.900421
"a9fc6876-610b-4bfd-9ca1-c79e07af7f28",52,"bee71304-17b1-4d15-aeeb-4b0e4aeccaa5","benchmark/train/IMG_3031_JPG.rf.8b04beb77493dc6c306bfad06fae8ad7.jpg","train/IMG_3031_JPG.rf.8b04beb77493dc6c306bfad06fae8ad7",1,1,"brown_eye_spot",0.506250,0.433594,0.878906,0.314063,42.750015,177.000000,605.250000,378.000000,1,0,1,"brown_eye_spot",0.938102,31.049194,176.483963,608.037537,374.579529,576.988342,198.095566,114298.835938,0.956253
"a9fc6876-610b-4bfd-9ca1-c79e07af7f28",53,"65fe473a-736c-47d0-bee4-2f060ccd609c","benchmark/train/IMG_2977_1_JPG.rf.9e24b7795c5c8316d63cbad23c78ade9.jpg","train/IMG_2977_1_JPG.rf.9e24b7795c5c8316d63cbad23c78ade9",0,1,"brown_eye_spot",0.538281,0.481250,0.535937,0.537500,173.000015,135.999985,516.000000,480.000000,1,0,1,"brown_eye_spot",0.852760,172.047043,138.067139,513.833313,475.387054,341.786255,337.319916,115291.312500,0.971740
"a9fc6876-610b-4bfd-9ca1-c79e07af7f28",54,"316081e8-df22-47c6-af6d-16442f2f16ee","benchmark/valid/IMG_2863_2_JPG.rf.7069d68cdec8f8b57ae2d344dd4d417d.jpg","valid/IMG_2863_2_JPG.rf.7069d68cdec8f8b57ae2d344dd4d417d",0,5,"powdery_mildew",0.559375,0.440625,0.514844,0.637500,193.249985,78.000015,522.750000,486.000000,1,0,5,"powdery_mildew",0.972571,196.208603,78.560699,526.586914,490.798309,330.378296,412.237610,136194.359375,0.967011
"a9fc6876-610b-4bfd-9ca1-c79e07af7f28",55,"d4e62960-99ce-4355-8542-b60bf1ece72b","benchmark/train/810_jpg.rf.8acc3a321d632c1f8fd95bc4f9eb8711.jpg","train/810_jpg.rf.8acc3a321d632c1f8fd95bc4f9eb8711",0,4,"phoma",0.490625,0.507813,0.621094,0.877344,115.250000,44.249992,512.750000,605.750000,1,0,4,"phoma",0.952388,120.403473,40.347656,510.505219,601.837952,390.101746,561.490295,219038.343750,0.967949
"a9fc6876-610b-4bfd-9ca1-c79e07af7f28",56,"6d71a54b-c5b0-4fc4-831f-018ee189576e","benchmark/train/262_jpg.rf.892d35da2c9e8af6c6076cee35911f4f.jpg","train/262_jpg.rf.892d35da2c9e8af6c6076cee35911f4f",0,4,"phoma",0.456250,0.511719,0.757031,0.581250,49.750004,141.500000,534.250000,513.500000,1,0,4,"phoma",0.963894,50.600372,138.237366,535.613098,512.968872,485.012726,374.731506,181749.546875,0.985400
"a9fc6876-610b-4bfd-9ca1-c79e07af7f28",57,"b1bbc044-e4c6-4884-acd2-0c53df364c67","benchmark/train/IMG_2856_1_JPG.rf.db711d1414d7b9aaba49bfab148a7f3c.jpg","train/IMG_2856_1_JPG.rf.db711d1414d7b9aaba49bfab148a7f3c",0,5,"powdery_mildew",0.493750,0.479688,0.653906,0.767969,106.750015,61.250000,525.250000,552.750000,1,0,5,"powdery_mildew",0.953745,109.851852,53.305191,516.221924,557.659485,406.370056,504.354309,204954.484375,0.946967
"a9fc6876-610b-4bfd-9ca1-c79e07af7f28",58,"4a3c5050-1ece-4730-8e0c-6d13716e893f","benchmark/train/404_jpg.rf.11ed2afab6382b80e438ce02f3c6741b.jpg","train/404_jpg.rf.11ed2afab6382b80e438ce02f3c6741b",0,4,"phoma",0.510156,0.530469,0.878125,0.600000,45.500011,147.500000,607.500000,531.500000,1,0,4,"phoma",0.962153,44.197296,139.650970,602.255493,530.775085,558.058228,391.124115,218270.031250,0.966935
"a9fc6876-610b-4bfd-9ca1-c79e07af7f28",59,"955820fb-062f-4742-81e6-5e7d2b214a81","benchmark/valid/IMG_2372_JPG.rf.19f0aa55c9ed7774de9f339465833a2c.jpg","valid/IMG_2372_JPG.rf.19f0aa55c9ed7774de9f339465833a2c",0,3,"miner",0.500000,0.487500,0.942969,0.381250,18.250008,190.000000,621.750000,434.000000,1,0,3,"miner",0.782216,0.000000,70.954742,635.062500,426.999420,635.062500,356.044678,226110.625000,0.620960
"a9fc6876-610b-4bfd-9ca1-c79e07af7f28",60,"85043f7c-79bc-49bb-b2c4-2426a13120c9","benchmark/train/IMG_3579_1_JPG.rf.1ad6165892f27fc2e919a708fc8d1d73.jpg","train/IMG_3579_1_JPG.rf.1ad6165892f27fc2e919a708fc8d1d73",0,0,"algal_spot",0.492188,0.534375,0.536719,0.349219,143.250000,230.250015,486.750000,453.750000,1,0,0,"algal_spot",0.941789,140.781631,221.954437,487.579102,461.479858,346.797485,239.525421,83066.812500,0.924223
"a9fc6876-610b-4bfd-9ca1-c79e07af7f28",61,"56613313-50ee-4afb-bff9-dc95bfb8e596","benchmark/train/IMG_3361_2_JPG.rf.a08a6ed1fa79e299c100ef30e7ba63a6.jpg","train/IMG_3361_2_JPG.rf.a08a6ed1fa79e299c100ef30e7ba63a6",0,1,"brown_eye_spot",0.400000,0.554688,0.632031,0.431250,53.750000,217.000000,458.250000,493.000000,1,0,1,"brown_eye_spot",0.931497,51.658249,217.426819,455.705414,490.037354,404.047180,272.610535,110147.515625,0.976518
"a9fc6876-610b-4bfd-9ca1-c79e07af7f28",62,"a287039f-158a-4864-999a-2164b4cfc1bd","benchmark/valid/IMG_2718_2_JPG.rf.131f3c68cde49df226d1d046db3e4959.jpg","valid/IMG_2718_2_JPG.rf.131f3c68cde49df226d1d046db3e4959",0,0,"algal_spot",0.500781,0.546875,0.882813,0.468750,37.999992,200.000000,603.000000,500.000000,1,0,0,"algal_spot",0.927657,18.166077,199.191223,616.541016,490.290039,598.374939,291.098816,174186.234375,0.912850
"a9fc6876-610b-4bfd-9ca1-c79e07af7f28",63,"a132215f-6afa-4d1d-96f4-cbece564bb20","benchmark/train/IMG_3664_JPG.rf.6f38fabff208959a782975c6211d0957.jpg","train/IMG_3664_JPG.rf.6f38fabff208959a782975c6211d0957",0,0,"algal_spot",0.444531,0.375000,0.317187,0.414844,183.000015,107.250000,386.000000,372.750000,1,0,0,"algal_spot",0.646686,171.810349,91.482788,363.352356,365.038330,191.542007,273.555542,52397.378906,0.777456
"a9fc6876-610b-4bfd-9ca1-c79e07af7f28",64,"6fd70ac6-fb0c-447d-bc95-6e37caa87bac","benchmark/train/437_jpg.rf.01a4aab995566eb43340b6a644a7d686.jpg","train/437_jpg.rf.01a4aab995566eb43340b6a644a7d686",0,4,"phoma",0.507031,0.501562,0.753906,0.762500,83.250008,76.999985,565.750000,565.000000,1,0,4,"phoma",0.953891,74.455109,82.787109,574.804382,561.427246,500.349274,478.640137,239487.250000,0.946478
"a9fc6876-610b-4bfd-9ca1-c79e07af7f28",65,"acad370d-2092-46a3-b7bc-8a2bcec36db7","benchmark/train/IMG_3129_1_JPG.rf.42478ea687ff4a5712282659df577a18.jpg","train/IMG_3129_1_JPG.rf.42478ea687ff4a5712282659df577a18",0,1,"brown_eye_spot",0.459375,0.518750,0.515625,0.730469,129.000000,98.250008,459.000000,565.750000,1,0,1,"brown_eye_spot",0.904428,122.863068,102.463074,457.815308,567.461182,334.952240,464.998108,155752.156250,0.966038
"a9fc6876-610b-4bfd-9ca1-c79e07af7f28",66,"597e32b1-b05d-406c-8131-77ccab937c9d","benchmark/train/IMG_3262_2_JPG.rf.8c92c06de9037a46bb3b1f93af731ef0.jpg","train/IMG_3262_2_JPG.rf.8c92c06de9037a46bb3b1f93af731ef0",0,4,"phoma",0.454688,0.560938,0.875781,0.618750,10.750008,161.000031,571.250000,557.000000,1,0,4,"phoma",0.959689,20.535095,152.330673,577.378418,563.723145,556.843323,411.392456,229081.140625,0.936155
"a9fc6876-610b-4bfd-9ca1-c79e07af7f28",67,"8630034e-4736-40e8-ad68-fd628366c559","benchmark/train/556_jpg.rf.ae1f161ed82aaf136c05ed7fea74a8b0.jpg","train/556_jpg.rf.ae1f161ed82aaf136c05ed7fea74a8b0",0,4,"phoma",0.533594,0.546875,0.753125,0.684375,100.500015,131.000000,582.500000,569.000000,1,0,4,"phoma",0.966039,119.519394,119.795013,530.597656,513.902527,411.078247,394.107513,162009.031250,0.729656
"a9fc6876-610b-4bfd-9ca1-c79e07af7f28",68,"b21cc6ab-f0d3-4ddb-afca-1cfc150737e3","benchmark/test/IMG_2566_2_JPG.rf.778d6a365a054ac06f37d484f563d257.jpg","test/IMG_2566_2_JPG.rf.778d6a365a054ac06f37d484f563d257",0,3,"miner",0.611719,0.581250,0.385938,0.627344,268.000000,171.250000,515.000000,572.750000,1,0,3,"miner",0.940014,263.310150,169.891739,512.991943,576.507446,249.681793,406.615723,101524.539063,0.961238
"a9fc6876-610b-4bfd-9ca1-c79e07af7f28",69,"3419cd68-4f4f-457c-b7e9-13e753b68f88","benchmark/train/IMG_3505_1_JPG.rf.71110f107f6dba70e127b5c8e312c3ed.jpg","train/IMG_3505_1_JPG.rf.71110f107f6dba70e127b5c8e312c3ed",0,0,"algal_spot",0.429688,0.615625,0.632031,0.668750,72.750000,180.000015,477.250000,608.000000,1,0,0,"algal_spot",0.948967,111.742096,180.480042,478.217346,594.597168,366.475250,414.117126,151763.671875,0.872276
"a9fc6876-610b-4bfd-9ca1-c79e07af7f28",70,"40ef405b-4666-408f-bbb0-370edc481055","benchmark/train/IMG_2973_JPG.rf.127e39beb6fb0254b7dfa9ac92cf826a.jpg","train/IMG_2973_JPG.rf.127e39beb6fb0254b7dfa9ac92cf826a",0,1,"brown_eye_spot",0.487500,0.555469,0.903906,0.442187,22.750015,214.000000,601.250000,496.999969,1,0,1,"brown_eye_spot",0.924409,6.368683,211.454803,610.653076,492.997803,604.284424,281.542999,170132.046875,0.935939
"a9fc6876-610b-4bfd-9ca1-c79e07af7f28",71,"24654343-a035-4b8e-9f9f-133a7ce27091","benchmark/train/340_jpg.rf.3b2cc838d10c2b747695b8f5c88f5132.jpg","train/340_jpg.rf.3b2cc838d10c2b747695b8f5c88f5132",0,4,"phoma",0.517187,0.532812,0.735937,0.677344,95.499992,124.249992,566.500000,557.750000,1,0,4,"phoma",0.961944,93.676529,124.608643,558.938110,542.771851,465.261597,418.163208,194555.281250,0.945603
"a9fc6876-610b-4bfd-9ca1-c79e07af7f28",72,"02296cd3-013a-4540-96ed-07d793c9e78e","benchmark/test/1409_jpg.rf.26f8dd98fb204e1238a3a5d3c262711e.jpg","test/1409_jpg.rf.26f8dd98fb204e1238a3a5d3c262711e",0,2,"healthy",0.506250,0.550781,0.904688,0.705469,34.500008,126.749992,613.500000,578.250000,1,0,2,"healthy",0.896387,43.132141,132.828293,604.130615,568.549683,560.998474,435.721375,244439.031250,0.935049
"a9fc6876-610b-4bfd-9ca1-c79e07af7f28",73,"3eb35c02-6d86-4127-bcf7-d026e4da3ac8","benchmark/train/IMG_3502_JPG.rf.3cceaa329df7d259326fcdf9bb15d32e.jpg","train/IMG_3502_JPG.rf.3cceaa329df7d259326fcdf9bb15d32e",0,0,"algal_spot",0.479688,0.482031,0.787500,0.695313,55.000000,86.000000,559.000000,531.000000,1,0,0,"algal_spot",0.932210,59.889526,90.176300,557.503967,530.652832,497.614441,440.476532,219187.484375,0.977294
"a9fc6876-610b-4bfd-9ca1-c79e07af7f28",74,"54945c9d-37fe-424e-8106-8e1a8b048b7f","benchmark/valid/IMG_2833_2_JPG.rf.56f8427ecb540a01ef16ebb88a5e5970.jpg","valid/IMG_2833_2_JPG.rf.56f8427ecb540a01ef16ebb88a5e5970",0,5,"powdery_mildew",0.447656,0.515625,0.429688,0.628906,149.000000,128.750000,424.000000,531.250000,1,0,5,"powdery_mildew",0.939223,150.132248,133.149323,426.312531,523.706421,276.180298,390.557098,107864.171875,0.958512
"a9fc6876-610b-4bfd-9ca1-c79e07af7f28",75,"8eb65676-2f6c-409f-9b1f-b2628310d471","benchmark/train/IMG_2811_2_JPG.rf.b9197df421d893daa8e0ba829ef228d9.jpg","train/IMG_2811_2_JPG.rf.b9197df421d893daa8e0ba829ef228d9",0,5,"powdery_mildew",0.512500,0.482031,0.894531,0.432813,41.749992,170.000000,614.250000,447.000000,1,0,5,"powdery_mildew",0.951162,46.745483,167.797760,610.908386,444.215057,564.162903,276.417297,155944.390625,0.967947
"a9fc6876-610b-4bfd-9ca1-c79e07af7f28",76,"a338aaf3-ad3e-499a-b04e-1d305ce5ad14","benchmark/train/IMG_2899_1_JPG.rf.f1bba827b587d1e14f5280f7ee1ce289.jpg","train/IMG_2899_1_JPG.rf.f1bba827b587d1e14f5280f7ee1ce289",0,0,"algal_spot",0.534375,0.486719,0.812500,0.432813,82.000008,173.000000,602.000000,450.000000,1,0,0,"algal_spot",0.944253,81.475708,176.093079,619.140564,452.452332,537.664856,276.359253,148588.656250,0.948298
"a9fc6876-610b-4bfd-9ca1-c79e07af7f28",77,"bfe39d5d-bdad-450d-b505-19d251f0904d","benchmark/test/1016_jpg.rf.b555e7a7f11f5b9da95d18be4f7682c0.jpg","test/1016_jpg.rf.b555e7a7f11f5b9da95d18be4f7682c0",0,2,"healthy",0.465625,0.491406,0.732813,0.668750,63.499985,100.500015,532.500000,528.500000,1,0,2,"healthy",0.963663,70.789459,102.344498,532.994934,522.800476,462.205475,420.455994,194337.062500,0.966104
"a9fc6876-610b-4bfd-9ca1-c79e07af7f28",78,"8b1d19d9-f92d-48a9-87d5-6c2f2028721f","benchmark/test/IMG_2529_JPG.rf.e7619c1bac4808c32c07a1939b71511e.jpg","test/IMG_2529_JPG.rf.e7619c1bac4808c32c07a1939b71511e",0,1,"brown_eye_spot",0.395312,0.459375,0.482031,0.765625,98.749992,48.999996,407.250000,539.000000,1,0,1,"brown_eye_spot",0.944604,94.432495,56.752121,404.536682,538.639282,310.104187,481.887146,149435.218750,0.961559
"a9fc6876-610b-4bfd-9ca1-c79e07af7f28",79,"303a2b81-9554-403b-82cd-937e60bcce4e","benchmark/valid/IMG_2914_1_JPG.rf.9e9d878bd901692017ddb7c92d1f335b.jpg","valid/IMG_2914_1_JPG.rf.9e9d878bd901692017ddb7c92d1f335b",0,1,"brown_eye_spot",0.482812,0.508594,0.628125,0.776563,107.999992,76.999985,510.000000,574.000000,1,0,1,"brown_eye_spot",0.937205,114.514587,54.483780,502.500000,566.443359,387.985413,511.959595,198632.859375,0.910645
"a9fc6876-610b-4bfd-9ca1-c79e07af7f28",80,"80f3fd63-eff7-4c87-a049-5c806d8b167d","benchmark/train/IMG_2376_2_JPG.rf.eab7fc4fc3cb95c7df48ff86bd0bd75b.jpg","train/IMG_2376_2_JPG.rf.eab7fc4fc3cb95c7df48ff86bd0bd75b",0,1,"brown_eye_spot",0.495313,0.607813,0.932031,0.328125,18.750000,284.000000,615.250000,494.000000,1,0,1,"brown_eye_spot",0.930788,12.671326,282.395386,616.808838,491.379944,604.137512,208.984558,126255.414063,0.967797
"a9fc6876-610b-4bfd-9ca1-c79e07af7f28",81,"13766070-4175-405e-9a37-b8428bfe14f5","benchmark/train/IMG_2388_2_JPG.rf.5d51a0e59f77b4a19c74e909769bd41d.jpg","train/IMG_2388_2_JPG.rf.5d51a0e59f77b4a19c74e909769bd41d",0,0,"algal_spot",0.495313,0.295312,0.644531,0.471094,110.750008,38.250000,523.250000,339.750000,1,0,0,"algal_spot",0.935155,112.797607,35.028168,521.477112,338.070709,408.679504,303.042542,123847.273438,0.974899
"a9fc6876-610b-4bfd-9ca1-c79e07af7f28",82,"0109dc30-2a34-4d6c-bd18-d504e9087943","benchmark/train/IMG_2859_JPG.rf.36504fb05e22dbe0ba2430984083d391.jpg","train/IMG_2859_JPG.rf.36504fb05e22dbe0ba2430984083d391",0,5,"powdery_mildew",0.521875,0.503125,0.785156,0.578906,82.750015,136.750015,585.250000,507.250000,1,0,5,"powdery_mildew",0.944147,62.504608,133.099670,594.300110,503.877289,531.795532,370.777618,197177.875000,0.927636
"a9fc6876-610b-4bfd-9ca1-c79e07af7f28",83,"6786039a-fdfc-4433-9ac6-bc461ca7092c","benchmark/test/764_jpg.rf.22ea318177a74803653f99a432feed12.jpg","test/764_jpg.rf.22ea318177a74803653f99a432feed12",0,2,"healthy",0.507031,0.507813,0.778125,0.661719,75.500015,113.250008,573.500000,536.750000,1,0,2,"healthy",0.901699,82.919312,117.035675,557.193176,521.688843,474.273865,404.653168,191916.421875,0.909975
"a9fc6876-610b-4bfd-9ca1-c79e07af7f28",84,"b9875edd-24ca-4f69-9d95-3783859044df","benchmark/test/IMG_2653_JPG.rf.0f4032f657e3e50d3403e7ec53ff724b.jpg","test/IMG_2653_JPG.rf.0f4032f657e3e50d3403e7ec53ff724b",0,3,"miner",0.585156,0.398438,0.676562,0.583594,158.000015,68.250008,591.000000,441.750000,1,0,3,"miner",0.925626,164.182480,68.238190,584.289795,429.137939,420.107300,360.899750,151616.625000,0.937434
"a9fc6876-610b-4bfd-9ca1-c79e07af7f28",85,"50fba59a-dbeb-4fd9-a257-1f3c551c97a5","benchmark/train/IMG_3230_2_JPG.rf.b68c188dbe137cbd7d7ba9f3f261f552.jpg","train/IMG_3230_2_JPG.rf.b68c188dbe137cbd7d7ba9f3f261f552",0,3,"miner",0.578125,0.509375,0.550000,0.630469,194.000000,124.249992,546.000000,527.750000,1,0,3,"miner",0.936054,192.719208,130.314789,539.862061,523.217102,347.142853,392.902313,136393.234375,0.953378
"a9fc6876-610b-4bfd-9ca1-c79e07af7f28",86,"a4be5b86-6a3b-429f-a43f-1cfe9ffd4553","benchmark/train/203_jpg.rf.3e48cf67b0eaaaa8840227cd955f3178.jpg","train/203_jpg.rf.3e48cf67b0eaaaa8840227cd955f3178",0,2,"healthy",0.531250,0.506250,0.844531,0.727344,69.750000,91.250015,610.250000,556.750000,1,0,2,"healthy",0.952675,74.606018,92.606247,616.439697,558.544373,541.833679,465.938110,252460.953125,0.973254
"a9fc6876-610b-4bfd-9ca1-c79e07af7f28",87,"17ad5eb5-521d-4c74-be31-5987e5c137aa","benchmark/valid/IMG_2395_JPG.rf.ea1c28e4444e8859baf6d2fd4b6a7df7.jpg","valid/IMG_2395_JPG.rf.ea1c28e4444e8859baf6d2fd4b6a7df7",0,0,"algal_spot",0.514063,0.503125,0.857031,0.471094,54.750023,171.250000,603.250000,472.750000,1,0,0,"algal_spot",0.824141,37.788361,168.474487,605.881104,476.010132,568.092773,307.535645,174708.781250,0.946562
"a9fc6876-610b-4bfd-9ca1-c79e07af7f28",88,"656c1abe-9971-49aa-a4ca-2fc660c53f7b","benchmark/valid/653_jpg.rf.7b765275ecf91da38064b96d9bcbae21.jpg","valid/653_jpg.rf.7b765275ecf91da38064b96d9bcbae21",0,4,"phoma",0.508594,0.490625,0.860937,0.645312,50.000000,107.500000,601.000000,520.500000,1,0,4,"phoma",0.959325,52.870636,101.295166,597.283081,524.132202,544.412476,422.837036,230197.750000,0.965327
"a9fc6876-610b-4bfd-9ca1-c79e07af7f28",89,"34cf96cc-2891-41a4-b2ee-45ed96852aa2","benchmark/train/IMG_3596_JPG.rf.76098ba51d51aefec74defaf078d0bf1.jpg","train/IMG_3596_JPG.rf.76098ba51d51aefec74defaf078d0bf1",0,0,"algal_spot",0.537500,0.509375,0.724219,0.414844,112.250023,193.249985,575.750000,458.750000,1,0,0,"algal_spot",0.929360,109.932007,195.183289,574.779541,467.307556,464.847534,272.124268,126496.296875,0.955027
"a9fc6876-610b-4bfd-9ca1-c79e07af7f28",90,"bf5375a8-83dd-4b91-8fea-74a92cb51236","benchmark/train/628_jpg.rf.0f5f5f293e0666cd6394fcff7fbe6177.jpg","train/628_jpg.rf.0f5f5f293e0666cd6394fcff7fbe6177",0,4,"phoma",0.513281,0.488281,0.827344,0.706250,63.749981,86.500000,593.250000,538.500000,1,0,4,"phoma",0.960645,58.680298,86.461502,584.605469,534.883057,525.925171,448.421570,235836.187500,0.966541
"a9fc6876-610b-4bfd-9ca1-c79e07af7f28",91,"3d8b1f14-7ee7-4409-a9ee-2b95dcb76645","benchmark/test/IMG_3268_JPG.rf.f5370d4a9335263e11377bba04ac582e.jpg","test/IMG_3268_JPG.rf.f5370d4a9335263e11377bba04ac582e",0,1,"brown_eye_spot",0.512500,0.453125,0.628906,0.740625,126.749992,52.999992,529.250000,527.000000,1,1,1,"brown_eye_spot",0.580860,127.534470,53.025879,525.232422,525.507996,397.697937,472.482117,187905.156250,0.984905
"a9fc6876-610b-4bfd-9ca1-c79e07af7f28",92,"b065fd40-6d41-4c83-84ff-5edfe29c89fa","benchmark/train/410_jpg.rf.17ebf9267f21e6ae223237b0fb3da314.jpg","train/410_jpg.rf.17ebf9267f21e6ae223237b0fb3da314",0,4,"phoma",0.513281,0.445313,0.725781,0.631250,96.249985,82.999992,560.750000,487.000000,1,0,4,"phoma",0.969443,96.444656,90.097794,553.118896,487.142700,456.674255,397.044922,181320.187500,0.965544
"a9fc6876-610b-4bfd-9ca1-c79e07af7f28",93,"a8ace9ca-24fc-4eb5-984c-179a85ba2bb9","benchmark/train/IMG_3059_1_JPG.rf.5b880aa2c75940cdf1605a1365502302.jpg","train/IMG_3059_1_JPG.rf.5b880aa2c75940cdf1605a1365502302",0,3,"miner",0.456250,0.551562,0.390625,0.544531,167.000000,178.750000,417.000000,527.250000,1,0,3,"miner",0.952172,166.122681,179.116028,418.619720,527.268127,252.497040,348.152100,87907.375000,0.989030
"a9fc6876-610b-4bfd-9ca1-c79e07af7f28",94,"445167ef-ce05-425e-ae44-314474304fc1","benchmark/test/208_jpg.rf.de2e91cc3886bb89b1eb49754f9e1059.jpg","test/208_jpg.rf.de2e91cc3886bb89b1eb49754f9e1059",0,2,"healthy",0.422656,0.532812,0.842969,0.574219,0.749989,157.249985,540.250000,524.750000,1,0,2,"healthy",0.962037,7.654541,153.585876,535.445313,523.254639,527.790771,369.668762,195107.765625,0.964904
"a9fc6876-610b-4bfd-9ca1-c79e07af7f28",95,"998cc6c3-8150-4b96-ac5f-e08320337bd5","benchmark/train/IMG_3322_1_JPG.rf.f8c27b8aac28ac3147cb6efd5630ca07.jpg","train/IMG_3322_1_JPG.rf.f8c27b8aac28ac3147cb6efd5630ca07",0,1,"brown_eye_spot",0.617188,0.668750,0.585156,0.231250,207.750000,353.999969,582.250000,502.000000,1,1,1,"brown_eye_spot",0.928970,203.483429,354.255920,576.161865,501.654846,372.678436,147.398926,54932.402344,0.968756
"a9fc6876-610b-4bfd-9ca1-c79e07af7f28",95,"998cc6c3-8150-4b96-ac5f-e08320337bd5","benchmark/train/IMG_3322_1_JPG.rf.f8c27b8aac28ac3147cb6efd5630ca07.jpg","train/IMG_3322_1_JPG.rf.f8c27b8aac28ac3147cb6efd5630ca07",1,1,"brown_eye_spot",0.431250,0.375000,0.405469,0.500781,146.250000,79.750000,405.750000,400.250000,1,0,1,"brown_eye_spot",0.933782,143.652924,89.829956,393.241669,393.554413,249.588745,303.724457,75806.203125,0.893505
"a9fc6876-610b-4bfd-9ca1-c79e07af7f28",96,"5d046fa1-d5ef-4257-8f20-6c02f3e1510b","benchmark/train/IMG_3311_2_JPG.rf.c48b03a37f803b2044ba1ba3c61f5fb1.jpg","train/IMG_3311_2_JPG.rf.c48b03a37f803b2044ba1ba3c61f5fb1",0,3,"miner",0.514063,0.445313,0.865625,0.377344,52.000008,164.250000,606.000000,405.750000,1,0,3,"miner",0.941408,53.605896,161.996399,609.529907,401.272278,555.924011,239.275879,133019.203125,0.963565
"a9fc6876-610b-4bfd-9ca1-c79e07af7f28",97,"a62e86a8-5cb0-44fc-85de-9fed2d6f4ad2","benchmark/train/IMG_2936_JPG.rf.07b58e22b09e6d57a97b3e71608935c7.jpg","train/IMG_2936_JPG.rf.07b58e22b09e6d57a97b3e71608935c7",0,3,"miner",0.556250,0.481250,0.643750,0.496094,149.999985,149.250000,562.000000,466.750000,1,0,3,"miner",0.937627,145.558380,140.138184,552.820679,469.493073,407.262299,329.354889,134133.828125,0.933216
"a9fc6876-610b-4bfd-9ca1-c79e07af7f28",98,"ecaca333-b900-4a91-af2d-004dbf857ec6","benchmark/train/305_jpg.rf.868f998de2f553ff3aa2d16990bffb41.jpg","train/305_jpg.rf.868f998de2f553ff3aa2d16990bffb41",0,4,"phoma",0.518750,0.496875,0.815625,0.682813,71.000000,99.499985,593.000000,536.500000,1,0,4,"phoma",0.961110,68.395905,100.434982,587.687073,536.691101,519.291138,436.256104,226543.921875,0.982387
"a9fc6876-610b-4bfd-9ca1-c79e07af7f28",99,"0ee2fcee-5757-41d0-8ac8-d3c79fdccbcf","benchmark/train/PXL_20240125_121705781_jpg.rf.f1e77041eec51ae5def02fdcbe51e92d.jpg","train/PXL_20240125_121705781_jpg.rf.f1e77041eec51ae5def02fdcbe51e92d",0,2,"healthy",0.428125,0.495313,0.550000,0.847656,97.999992,45.750008,450.000000,588.250000,1,0,2,"healthy",0.953984,95.761734,24.382751,453.267212,582.038818,357.505493,557.656067,199365.109375,0.936603
"a9fc6876-610b-4bfd-9ca1-c79e07af7f28",100,"39d4c85b-81f6-4449-b8a7-7580402b06fc","benchmark/train/IMG_3008_2_JPG.rf.fb7b23fff6a2df9dbb9d41f6f256253d.jpg","train/IMG_3008_2_JPG.rf.fb7b23fff6a2df9dbb9d41f6f256253d",0,3,"miner",0.478125,0.482031,0.416406,0.657812,172.750015,98.000015,439.250000,519.000000,1,0,3,"miner",0.923219,174.644592,95.283569,443.759186,524.483032,269.114594,429.199463,115503.835938,0.957846
"8ae0efc8-a8ca-49a9-a0bf-c77a275b7767",1,"12a68ac7-2409-44e8-ae5b-6b3c6d8d723d","benchmark/valid/1404_jpg.rf.50ac65567d17e44f4747ef772e1811a2.jpg","valid/1404_jpg.rf.50ac65567d17e44f4747ef772e1811a2",0,2,"healthy",0.520312,0.471094,0.907812,0.593750,42.500000,111.500000,623.500000,491.500000,1,0,2,"healthy",0.968490,38.262451,111.269775,617.320618,496.166992,579.058167,384.897217,222877.875000,0.969834
"8ae0efc8-a8ca-49a9-a0bf-c77a275b7767",2,"9a042a1d-2536-436b-a0cf-e00a702e8cf6","benchmark/test/IMG_2871_JPG.rf.97d0892eaeaab8aa7c1f633a7650cde5.jpg","test/IMG_2871_JPG.rf.97d0892eaeaab8aa7c1f633a7650cde5",0,3,"miner",0.523438,0.476563,0.562500,0.743750,155.000000,67.000008,515.000000,543.000000,1,0,3,"miner",0.961527,163.014984,57.321930,513.847534,544.084351,350.832550,486.762421,170772.093750,0.953525
"8ae0efc8-a8ca-49a9-a0bf-c77a275b7767",3,"40d46efc-d8a3-427f-89f7-c438ec58728c","benchmark/train/IMG_3464_2_JPG.rf.6728583e6548b9eab863e1055ce92150.jpg","train/IMG_3464_2_JPG.rf.6728583e6548b9eab863e1055ce92150",0,3,"miner",0.425000,0.504687,0.237500,0.595312,196.000000,132.500000,348.000000,513.500000,1,0,3,"miner",0.871407,200.810638,129.164551,346.840942,496.157013,146.030304,366.992462,53592.019531,0.909346
"8ae0efc8-a8ca-49a9-a0bf-c77a275b7767",4,"bd8d17f4-6978-44d5-a6ec-1cf6274d37ae","benchmark/valid/IMG_3330_JPG.rf.5078c6f22a2a2d19bce54d357a2bb92f.jpg","valid/IMG_3330_JPG.rf.5078c6f22a2a2d19bce54d357a2bb92f",0,1,"brown_eye_spot",0.671875,0.321875,0.422656,0.305469,294.750000,108.250008,565.250000,303.750000,1,1,1,"brown_eye_spot",0.887057,282.781189,107.476227,562.213684,294.669617,279.432495,187.193390,52307.914063,0.901144
"8ae0efc8-a8ca-49a9-a0bf-c77a275b7767",4,"bd8d17f4-6978-44d5-a6ec-1cf6274d37ae","benchmark/valid/IMG_3330_JPG.rf.5078c6f22a2a2d19bce54d357a2bb92f.jpg","valid/IMG_3330_JPG.rf.5078c6f22a2a2d19bce54d357a2bb92f",1,1,"brown_eye_spot",0.443750,0.635938,0.268750,0.664844,198.000000,194.250015,370.000000,619.750000,1,0,1,"brown_eye_spot",0.932568,198.437744,188.644608,369.963196,618.677734,171.525452,430.033142,73761.632813,0.981829
"8ae0efc8-a8ca-49a9-a0bf-c77a275b7767",5,"042a2eab-ef8d-4852-8fa9-b965e2109b3e","benchmark/train/PXL_20240125_084249888_jpg.rf.ceb9964f40b70330fa205f7110897ce8.jpg","train/PXL_20240125_084249888_jpg.rf.ceb9964f40b70330fa205f7110897ce8",0,2,"healthy",0.481250,0.516406,0.457812,0.624219,161.500000,130.749985,454.499969,530.250000,1,0,2,"healthy",0.904259,155.789459,122.250488,462.900330,543.527954,307.110870,421.277466,129378.890625,0.904734
"8ae0efc8-a8ca-49a9-a0bf-c77a275b7767",6,"19a72246-3716-40ad-83a7-977b559240f6","benchmark/train/1101_jpg.rf.e75d012fe6ff5f21b9c11be0e5c736ee.jpg","train/1101_jpg.rf.e75d012fe6ff5f21b9c11be0e5c736ee",0,4,"phoma",0.510938,0.529688,0.915625,0.678906,34.000015,121.750015,620.000000,556.250000,1,0,4,"phoma",0.952220,35.681335,116.848755,616.251587,557.872192,580.570251,441.023438,256045.093750,0.976214
"8ae0efc8-a8ca-49a9-a0bf-c77a275b7767",7,"f67e8506-2360-4426-8a9c-67d2eca59e51","benchmark/train/IMG_3511_1_JPG.rf.0b2c5cbb52213554d5a5a8af643ebb6c.jpg","train/IMG_3511_1_JPG.rf.0b2c5cbb52213554d5a5a8af643ebb6c",0,0,"algal_spot",0.595312,0.517187,0.581250,0.675000,194.999985,114.999985,567.000000,547.000000,1,0,0,"algal_spot",0.776807,197.932434,113.522964,569.886353,539.299377,371.953918,425.776428,158369.203125,0.963793
"8ae0efc8-a8ca-49a9-a0bf-c77a275b7767",8,"8d2e981c-f9b0-4a7b-8bf1-551d98da860c","benchmark/train/673_jpg.rf.e8861d8539e8376b98a82a66ef5912d9.jpg","train/673_jpg.rf.e8861d8539e8376b98a82a66ef5912d9",0,4,"phoma",0.485156,0.472656,0.827344,0.720312,45.749989,72.000008,575.250000,533.000000,1,0,4,"phoma",0.405090,46.700500,77.126572,570.648804,531.746155,523.948303,454.619568,238197.156250,0.975820
"8ae0efc8-a8ca-49a9-a0bf-c77a275b7767",9,"17167c67-e7db-4b90-9e21-890f37c71a10","benchmark/train/IMG_3623_JPG.rf.eb1a2ceafa55861cc1ac23f11cf08605.jpg","train/IMG_3623_JPG.rf.eb1a2ceafa55861cc1ac23f11cf08605",0,0,"algal_spot",0.517969,0.428125,0.492188,0.850781,174.000015,1.749992,489.000000,546.250000,1,0,0,"algal_spot",0.956353,182.320892,0.000000,488.538055,546.726929,306.217163,546.726929,167417.171875,0.968268
"8ae0efc8-a8ca-49a9-a0bf-c77a275b7767",10,"a4157207-1d43-4f07-9dd3-9a059c999042","benchmark/test/321_jpg.rf.501ceb66b6567f079ff1be176bd9c1b7.jpg","test/321_jpg.rf.501ceb66b6567f079ff1be176bd9c1b7",0,4,"phoma",0.510938,0.519531,0.637500,0.660937,123.000015,121.000000,531.000000,544.000000,1,0,4,"phoma",0.948437,123.150940,122.488159,532.506592,534.757874,409.355652,412.269714,168764.937500,0.970779
"8ae0efc8-a8ca-49a9-a0bf-c77a275b7767",11,"f3d6abca-bf2f-49fd-80f3-2902b8810d40","benchmark/test/IMG_3405_2_JPG.rf.87ae5282a71d26f43cef59d7ddae6fcf.jpg","test/IMG_3405_2_JPG.rf.87ae5282a71d26f43cef59d7ddae6fcf",0,3,"miner",0.617969,0.557813,0.415625,0.615625,262.500000,160.000000,528.500000,554.000000,1,0,3,"miner",0.940730,262.694427,152.949097,536.076477,554.728149,273.382050,401.779053,109839.179688,0.952797
"8ae0efc8-a8ca-49a9-a0bf-c77a275b7767",12,"330c6f89-82a0-4776-accf-004e00eb5b7e","benchmark/train/PXL_20240125_124224747_jpg.rf.cf77cd2dd1f7fa110f752041f0a10003.jpg","train/PXL_20240125_124224747_jpg.rf.cf77cd2dd1f7fa110f752041f0a10003",0,2,"healthy",0.441406,0.553125,0.532812,0.893750,112.000008,68.000015,453.000000,639.000000,1,0,2,"healthy",0.962492,114.453949,82.564880,454.326569,639.000000,339.872620,556.435120,189117.062500,0.963826
"8ae0efc8-a8ca-49a9-a0bf-c77a275b7767",12,"330c6f89-82a0-4776-accf-004e00eb5b7e","benchmark/train/PXL_20240125_124224747_jpg.rf.cf77cd2dd1f7fa110f752041f0a10003.jpg","train/PXL_20240125_124224747_jpg.rf.cf77cd2dd1f7fa110f752041f0a10003",1,2,"healthy",0.806250,0.575000,0.386719,0.767187,392.250000,122.500000,639.000000,613.500000,1,1,2,"healthy",0.940734,400.270386,122.091827,639.000000,605.860535,238.729614,483.768707,115489.914063,0.951677
"8ae0efc8-a8ca-49a9-a0bf-c77a275b7767",13,"51315888-2efb-4fcb-bed6-791b57a632cf","benchmark/train/PXL_20240124_144821293_jpg.rf.ba8ffb537ded5627b77f940779a497cd.jpg","train/PXL_20240124_144821293_jpg.rf.ba8ffb537ded5627b77f940779a497cd",0,2,"healthy",0.233594,0.411719,0.464844,0.575781,0.749998,79.250015,298.250000,447.750000,1,1,2,"healthy",0.883209,0.000000,81.618896,289.623474,452.441772,289.623474,370.822876,107399.007813,0.950598
"8ae0efc8-a8ca-49a9-a0bf-c77a275b7767",13,"51315888-2efb-4fcb-bed6-791b57a632cf","benchmark/train/PXL_20240124_144821293_jpg.rf.ba8ffb537ded5627b77f940779a497cd.jpg","train/PXL_20240124_144821293_jpg.rf.ba8ffb537ded5627b77f940779a497cd",1,2,"healthy",0.535156,0.511719,0.470313,0.586719,192.000000,139.750000,493.000000,515.250000,1,0,2,"healthy",0.948969,193.350357,139.784027,495.032928,523.421387,301.682556,383.637360,115736.703125,0.967780
"8ae0efc8-a8ca-49a9-a0bf-c77a275b7767",14,"eac35325-5850-4a51-b2d1-a15e0cfabdd9","benchmark/train/IMG_3393_JPG.rf.79cf41de2d1c618c36768992bd7dddf0.jpg","train/IMG_3393_JPG.rf.79cf41de2d1c618c36768992bd7dddf0",0,1,"brown_eye_spot",0.581250,0.490625,0.587500,0.565625,184.000015,133.000000,560.000000,495.000000,1,0,1,"brown_eye_spot",0.930560,181.182037,137.046249,563.043579,488.961670,381.861542,351.915405,134382.953125,0.957629
"8ae0efc8-a8ca-49a9-a0bf-c77a275b7767",15,"54ece9d1-14e4-408d-b12a-ab465369475a","benchmark/train/IMG_2831_1_JPG.rf.f9cabec18b85d377c8a9fec9351b4512.jpg","train/IMG_2831_1_JPG.rf.f9cabec18b85d377c8a9fec9351b4512",0,5,"powdery_mildew",0.546875,0.500781,0.903906,0.401563,60.750008,191.999985,639.000000,449.000000,1,0,5,"powdery_mildew",0.955803,53.106018,189.765228,639.000000,445.984985,585.893982,256.219757,150117.609375,0.967113
"8ae0efc8-a8ca-49a9-a0bf-c77a275b7767",16,"30902446-51a5-4da2-a724-bd88e1480f4a","benchmark/train/IMG_3203_JPG.rf.5a2c08236377543119038174c68f2b36.jpg","train/IMG_3203_JPG.rf.5a2c08236377543119038174c68f2b36",0,1,"brown_eye_spot",0.496094,0.568750,0.807813,0.471875,58.999996,213.000015,576.000000,515.000000,1,0,1,"brown_eye_spot",0.955482,53.854675,211.696732,569.461548,515.524292,515.606873,303.827576,156655.593750,0.971816
"8ae0efc8-a8ca-49a9-a0bf-c77a275b7767",17,"a8d05f36-cb6a-44e5-90dc-3348adcac1e1","benchmark/train/917_jpg.rf.5409d7f294d68c50f33b1ff46dc7f625.jpg","train/917_jpg.rf.5409d7f294d68c50f33b1ff46dc7f625",0,4,"phoma",0.541406,0.524219,0.854688,0.622656,73.000015,136.250000,620.000000,534.750000,1,0,4,"phoma",0.903197,70.820648,133.564316,623.585022,538.184448,552.764404,404.620117,223659.593750,0.974604
"8ae0efc8-a8ca-49a9-a0bf-c77a275b7767",18,"b3c779c5-363d-4aa0-b925-e1ecc23adde5","benchmark/valid/546_jpg.rf.f14ae47b651119516f37c2ae8acef8fa.jpg","valid/546_jpg.rf.f14ae47b651119516f37c2ae8acef8fa",0,4,"phoma",0.490625,0.544531,0.723437,0.657812,82.500000,138.000000,545.500000,559.000000,1,0,4,"phoma",0.960680,88.810440,133.446503,544.641418,564.735291,455.830994,431.288788,196594.796875,0.961385
"8ae0efc8-a8ca-49a9-a0bf-c77a275b7767",19,"eff7a639-de5c-4971-aeb1-45c44e50a340","benchmark/train/IMG_2337_2_JPG.rf.76fc88dcd48817d8fea338bf3736dca4.jpg","train/IMG_2337_2_JPG.rf.76fc88dcd48817d8fea338bf3736dca4",0,1,"brown_eye_spot",0.584375,0.443750,0.684375,0.768750,155.000015,37.999992,593.000000,530.000000,1,0,1,"brown_eye_spot",0.949108,153.146042,39.337601,591.467896,530.049011,438.321838,490.711426,215089.531250,0.989517
"8ae0efc8-a8ca-49a9-a0bf-c77a275b7767",20,"f1cd1e31-0639-47b1-8dc5-32e2b8c6d779","benchmark/train/IMG_2638_JPG.rf.a4fa59828279d5cc805f2f25869287af.jpg","train/IMG_2638_JPG.rf.a4fa59828279d5cc805f2f25869287af",0,1,"brown_eye_spot",0.514063,0.575781,0.635156,0.604688,125.750008,174.999985,532.250000,562.000000,1,0,1,"brown_eye_spot",0.948204,125.315857,177.026978,540.175537,571.584351,414.859680,394.557373,163685.953125,0.951259
"8ae0efc8-a8ca-49a9-a0bf-c77a275b7767",21,"1803b20a-dcae-4e77-aea6-0e2347127131","benchmark/train/IMG_2365_JPG.rf.db6f4a8469b1215123043e243d8b07bd.jpg","train/IMG_2365_JPG.rf.db6f4a8469b1215123043e243d8b07bd",0,1,"brown_eye_spot",0.444531,0.467187,0.820313,0.480469,22.000008,145.250000,547.000000,452.750000,1,0,1,"brown_eye_spot",0.955861,26.002258,146.271164,535.239624,457.887939,509.237366,311.616760,158686.890625,0.951337
"8ae0efc8-a8ca-49a9-a0bf-c77a275b7767",22,"7a226e8d-5c22-4837-9b30-172e30d899f1","benchmark/train/IMG_2850_2_JPG.rf.2e0bf3b7caae178a107ef18297cbab44.jpg","train/IMG_2850_2_JPG.rf.2e0bf3b7caae178a107ef18297cbab44",0,5,"powdery_mildew",0.545313,0.467187,0.725781,0.634375,116.750015,96.000000,581.250000,501.999969,1,0,5,"powdery_mildew",0.926650,111.567352,100.199310,589.734131,499.931915,478.166779,399.732605,191138.859375,0.956845
"8ae0efc8-a8ca-49a9-a0bf-c77a275b7767",23,"ef6c1a81-8012-4b69-9b7f-a62750d16127","benchmark/valid/IMG_20240125_114821_355_jpg.rf.990f31326967307bdcdf74dd4522b198.jpg","valid/IMG_20240125_114821_355_jpg.rf.990f31326967307bdcdf74dd4522b198",0,2,"healthy",0.494531,0.526563,0.859375,0.653125,41.499996,128.000015,591.500000,546.000000,1,0,2,"healthy",0.953868,7.709229,59.342102,595.232422,565.030151,587.523193,505.688049,297103.468750,0.773804
"8ae0efc8-a8ca-49a9-a0bf-c77a275b7767",23,"ef6c1a81-8012-4b69-9b7f-a62750d16127","benchmark/valid/IMG_20240125_114821_355_jpg.rf.990f31326967307bdcdf74dd4522b198.jpg","valid/IMG_20240125_114821_355_jpg.rf.990f31326967307bdcdf74dd4522b198",1,2,"healthy",0.317969,0.793750,0.623438,0.412500,3.999996,376.000000,403.000031,639.000000,0,,,,,,,,,,,,0.000000
"8ae0efc8-a8ca-49a9-a0bf-c77a275b7767",24,"c41d09cb-8ef4-4b48-8b38-bf0990f9f013","benchmark/train/IMG_3131_JPG.rf.749e40103d5f39481377402f74784c26.jpg","train/IMG_3131_JPG.rf.749e40103d5f39481377402f74784c26",0,4,"phoma",0.558594,0.541406,0.882813,0.604688,75.000000,153.000015,639.000000,540.000000,1,0,4,"phoma",0.953057,64.710022,162.436203,634.992981,552.809998,570.282959,390.373779,222623.515625,0.921444
"8ae0efc8-a8ca-49a9-a0bf-c77a275b7767",25,"da8a31ad-9285-41fd-b2ec-8bd188453675","benchmark/test/IMG_3509_2_JPG.rf.6e41d6365fa1654f5952b7fea6fd10ae.jpg","test/IMG_3509_2_JPG.rf.6e41d6365fa1654f5952b7fea6fd10ae",0,0,"algal_spot",0.410937,0.496875,0.366406,0.857031,145.749985,43.750000,380.250000,592.250000,1,0,0,"algal_spot",0.949158,147.500900,30.763779,378.572449,585.651123,231.071548,554.887329,128218.671875,0.951331
"8ae0efc8-a8ca-49a9-a0bf-c77a275b7767",26,"6cb85abd-65af-4f56-9f77-312598caf387","benchmark/train/IMG_2763_1_JPG.rf.a3d0beb69003724dba8142fd54e2dd39.jpg","train/IMG_2763_1_JPG.rf.a3d0beb69003724dba8142fd54e2dd39",0,0,"algal_spot",0.382031,0.542188,0.410937,0.596094,113.000015,156.250000,376.000000,537.750000,1,0,0,"algal_spot",0.947917,110.761230,156.758728,377.672394,540.424438,266.911163,383.665710,102404.664063,0.977201
"8ae0efc8-a8ca-49a9-a0bf-c77a275b7767",27,"3b78cae9-7107-4a1b-96ab-78fa36687bc3","benchmark/valid/1066_jpg.rf.f1e05ad2018c524de035d6a9678f31f9.jpg","valid/1066_jpg.rf.f1e05ad2018c524de035d6a9678f31f9",0,2,"healthy",0.511719,0.474219,0.875000,0.663281,47.500000,91.250000,607.500000,515.750000,1,0,2,"healthy",0.966460,49.471741,90.244934,605.497620,518.357422,556.025879,428.112488,238041.625000,0.984584
"8ae0efc8-a8ca-49a9-a0bf-c77a275b7767",28,"9961216a-d736-41e8-a6d3-bca66b3c2f17","benchmark/train/520_jpg.rf.77e19a6219d8b685203cc5c9d938999d.jpg","train/520_jpg.rf.77e19a6219d8b685203cc5c9d938999d",0,4,"phoma",0.534375,0.466406,0.750000,0.631250,102.000008,96.500000,582.000000,500.500031,1,0,4,"phoma",0.956382,105.018631,96.964371,575.861328,505.121765,470.842712,408.157410,192177.937500,0.968922
"8ae0efc8-a8ca-49a9-a0bf-c77a275b7767",29,"d09ea1c6-62c7-4e93-8ac6-5ee1b8a6d6fa","benchmark/valid/IMG_2241_2_JPG.rf.1c53be20b2f77559a6f12379a76c1c2b.jpg","valid/IMG_2241_2_JPG.rf.1c53be20b2f77559a6f12379a76c1c2b",0,3,"miner",0.557813,0.454688,0.584375,0.505469,170.000000,129.250015,544.000000,452.750000,1,0,3,"miner",0.923943,163.928421,126.380554,541.977783,466.294250,378.049377,339.913696,128504.164063,0.931684
"8ae0efc8-a8ca-49a9-a0bf-c77a275b7767",30,"55c81717-8ab7-4186-ad41-ccc47d8de097","benchmark/train/1037_jpg.rf.0f78a709b071dc3f9f7f9623e8a34df4.jpg","train/1037_jpg.rf.0f78a709b071dc3f9f7f9623e8a34df4",0,2,"healthy",0.479688,0.494531,0.813281,0.673437,46.750011,101.000000,567.250000,532.000000,1,0,2,"healthy",0.965855,45.266785,107.770721,567.856506,534.504150,522.589722,426.733429,223006.500000,0.974753
"8ae0efc8-a8ca-49a9-a0bf-c77a275b7767",31,"5c0cc16b-d204-4845-a519-99115af37f72","benchmark/train/IMG_3317_2_JPG.rf.0ba1117a95317cab7fdcaf00f32ce02a.jpg","train/IMG_3317_2_JPG.rf.0ba1117a95317cab7fdcaf00f32ce02a",0,3,"miner",0.485938,0.526563,0.614844,0.565625,114.250015,156.000000,507.750000,518.000000,1,0,3,"miner",0.960659,106.145157,154.412048,506.173218,517.858643,400.028076,363.446594,145388.843750,0.971275
"8ae0efc8-a8ca-49a9-a0bf-c77a275b7767",32,"6bb20141-c0e2-49f9-aeea-5d67d471531d","benchmark/train/IMG_2336_JPG.rf.6752ab7ee67bf842d524d8a05c72cfeb.jpg","train/IMG_2336_JPG.rf.6752ab7ee67bf842d524d8a05c72cfeb",0,1,"brown_eye_spot",0.476563,0.488281,0.630469,0.870313,103.250008,33.999996,506.750000,591.000000,1,0,1,"brown_eye_spot",0.918287,105.263885,30.542938,505.431702,596.143433,400.167816,565.600464,226335.109375,0.976784
"8ae0efc8-a8ca-49a9-a0bf-c77a275b7767",33,"ba4d5aa7-2e29-4220-a450-a665d748a5f6","benchmark/valid/IMG_2488_1_JPG.rf.ce99d338096fbc1af4a87fc40a9d5ffc.jpg","valid/IMG_2488_1_JPG.rf.ce99d338096fbc1af4a87fc40a9d5ffc",0,3,"miner",0.529688,0.510938,0.865625,0.346094,62.000008,216.250000,616.000000,437.750000,1,0,3,"miner",0.944496,50.030029,224.963379,578.716797,434.295685,528.686768,209.332306,110671.218750,0.863827
"8ae0efc8-a8ca-49a9-a0bf-c77a275b7767",34,"c6cc3a1d-a7b1-4a9b-b1ff-2d453556f772","benchmark/valid/IMG_2868_1_JPG.rf.045ab05df1319c49e4f7c93f6272f362.jpg","valid/IMG_2868_1_JPG.rf.045ab05df1319c49e4f7c93f6272f362",0,3,"miner",0.546875,0.465625,0.602344,0.856250,157.250000,23.999996,542.750000,572.000000,1,0,3,"miner",0.960474,163.434891,25.272690,533.501831,577.826660,370.066956,552.553955,204481.953125,0.948060
"8ae0efc8-a8ca-49a9-a0bf-c77a275b7767",35,"d7d78912-777c-4448-b29f-bf8770ad00c1","benchmark/train/IMG_2933_2_JPG.rf.6a7321f663ff8ed829b7887be02ac821.jpg","train/IMG_2933_2_JPG.rf.6a7321f663ff8ed829b7887be02ac821",0,4,"phoma",0.398438,0.518750,0.415625,0.696875,122.000000,109.000015,388.000000,555.000000,1,0,4,"phoma",0.953110,123.487305,114.988312,389.701904,561.507690,266.214600,446.519379,118869.976563,0.960958
"8ae0efc8-a8ca-49a9-a0bf-c77a275b7767",36,"20d8fec5-4277-42f8-a21f-1a7cf2abde44","benchmark/train/IMG_3197_2_JPG.rf.6da5a19f3793d5aae00dbb144643929b.jpg","train/IMG_3197_2_JPG.rf.6da5a19f3793d5aae00dbb144643929b",0,1,"brown_eye_spot",0.500000,0.502344,0.646094,0.776563,113.250008,73.000015,526.750000,570.000000,1,0,1,"brown_eye_spot",0.932144,112.121979,82.277405,520.943481,562.021851,408.821503,479.744446,196129.843750,0.949226
"8ae0efc8-a8ca-49a9-a0bf-c77a275b7767",37,"8a0d1b16-1ed2-4aea-81e1-0c3a058ea875","benchmark/test/331_jpg.rf.1196c06cf5208c11b05dce217180849b.jpg","test/331_jpg.rf.1196c06cf5208c11b05dce217180849b",0,4,"phoma",0.507031,0.471094,0.750781,0.681250,84.250015,83.500000,564.750000,519.500000,1,0,4,"phoma",0.966715,87.473938,81.058868,558.926636,521.525818,471.452698,440.466949,207659.328125,0.971406
"8ae0efc8-a8ca-49a9-a0bf-c77a275b7767",38,"bf25a077-cbb5-4057-bedb-c6acf61fe3a6","benchmark/valid/IMG_3423_2_JPG.rf.a256c9da512dea612d6d79e680c06daa.jpg","valid/IMG_3423_2_JPG.rf.a256c9da512dea612d6d79e680c06daa",0,3,"miner",0.565625,0.624219,0.377344,0.389062,241.250000,275.000000,482.750000,524.000000,1,0,3,"miner",0.821948,247.582718,268.654968,639.000000,563.596619,391.417297,294.941650,115445.265625,0.500390
"8ae0efc8-a8ca-49a9-a0bf-c77a275b7767",39,"619c1977-b624-4876-9f34-30ca54773f3b","benchmark/train/IMG_2331_JPG.rf.c10536672212cd3e44c0d9e21544f96b.jpg","train/IMG_2331_JPG.rf.c10536672212cd3e44c0d9e21544f96b",0,1,"brown_eye_spot",0.415625,0.597656,0.638281,0.804688,61.750011,125.000000,470.250000,639.000000,1,0,1,"brown_eye_spot",0.963215,64.038589,122.264633,470.385651,636.378845,406.347046,514.114197,208908.781250,0.983794
"8ae0efc8-a8ca-49a9-a0bf-c77a275b7767",40,"a5ac32d2-2685-47f1-9e5d-b67f5a487a77","benchmark/train/1172_jpg.rf.d3c67935f410f681c951122500f11a5f.jpg","train/1172_jpg.rf.d3c67935f410f681c951122500f11a5f",0,4,"phoma",0.509375,0.460938,0.907031,0.632031,35.749989,92.750000,616.250000,497.250000,1,0,4,"phoma",0.939102,36.815186,92.608246,604.370850,499.399475,567.555664,406.791229,230876.671875,0.972317
"8ae0efc8-a8ca-49a9-a0bf-c77a275b7767",41,"2dd671d1-4426-4e80-8da3-69ba55e8e5ed","benchmark/train/IMG_3295_1_JPG.rf.14433ff38bd0a3739bf1a3ab8dd06f05.jpg","train/IMG_3295_1_JPG.rf.14433ff38bd0a3739bf1a3ab8dd06f05",0,1,"brown_eye_spot",0.490625,0.406250,0.844531,0.421875,43.750000,125.000000,584.250000,395.000000,1,0,1,"brown_eye_spot",0.861514,26.670227,129.442871,601.778931,394.579224,575.108704,265.136353,152482.218750,0.923894
"8ae0efc8-a8ca-49a9-a0bf-c77a275b7767",42,"c8a2727b-f281-450d-bb2a-964ea4312b15","benchmark/train/IMG_3338_1_JPG.rf.3ba728d4250a6130aea446a9cc00bda3.jpg","train/IMG_3338_1_JPG.rf.3ba728d4250a6130aea446a9cc00bda3",0,3,"miner",0.520312,0.539063,0.506250,0.503125,170.999985,184.000000,495.000000,506.000000,1,0,3,"miner",0.936304,169.345871,189.458221,489.503723,503.000244,320.157837,313.542023,100382.937500,0.952480
"8ae0efc8-a8ca-49a9-a0bf-c77a275b7767",43,"0e1ac46f-f781-436b-b2e1-dfb1e792e3c8","benchmark/valid/1391_jpg.rf.494b60df96ae5493574699e8db1c74a4.jpg","valid/1391_jpg.rf.494b60df96ae5493574699e8db1c74a4",0,2,"healthy",0.483594,0.489062,0.833594,0.732031,42.750015,78.750000,576.250000,547.250000,1,0,2,"healthy",0.961648,44.826416,76.519135,574.368652,547.539978,529.542236,471.020844,249425.437500,0.987308
"8ae0efc8-a8ca-49a9-a0bf-c77a275b7767",44,"aff34989-a506-4f2a-a996-31368db96383","benchmark/train/IMG_2437_2_JPG.rf.3cf47381ea06b7db4f754f76758d76fa.jpg","train/IMG_2437_2_JPG.rf.3cf47381ea06b7db4f754f76758d76fa",0,1,"brown_eye_spot",0.389062,0.392188,0.641406,0.490625,43.750000,94.000008,454.250000,408.000000,1,1,1,"brown_eye_spot",0.922149,50.567032,100.228912,438.066040,403.553528,387.499023,303.324615,117537.992188,0.911875
"8ae0efc8-a8ca-49a9-a0bf-c77a275b7767",44,"aff34989-a506-4f2a-a996-31368db96383","benchmark/train/IMG_2437_2_JPG.rf.3cf47381ea06b7db4f754f76758d76fa.jpg","train/IMG_2437_2_JPG.rf.3cf47381ea06b7db4f754f76758d76fa",1,1,"brown_eye_spot",0.723437,0.589844,0.463281,0.595312,314.750000,187.000000,611.250000,568.000000,1,0,1,"brown_eye_spot",0.953089,313.555542,181.988358,609.832642,568.694702,296.277100,386.706360,114572.242188,0.976668
"8ae0efc8-a8ca-49a9-a0bf-c77a275b7767",45,"35d41d64-e017-4ab5-8b19-0873357b9e8e","benchmark/train/IMG_2735_1_JPG.rf.74af748f0056dd03e1be8c7f27371017.jpg","train/IMG_2735_1_JPG.rf.74af748f0056dd03e1be8c7f27371017",0,0,"algal_spot",0.575000,0.503125,0.563281,0.717969,187.750000,92.250000,548.250000,551.750000,1,0,0,"algal_spot",0.968235,192.263153,97.336166,560.475342,556.281128,368.212189,458.944946,168989.125000,0.935744
"8ae0efc8-a8ca-49a9-a0bf-c77a275b7767",46,"5e276fc3-fb29-4c86-9c6e-c06b5f61f967","benchmark/test/IMG_3199_2_JPG.rf.d39545ad9df47cfb509370902054f1f3.jpg","test/IMG_3199_2_JPG.rf.d39545ad9df47cfb509370902054f1f3",0,1,"brown_eye_spot",0.459375,0.539063,0.633594,0.774219,91.250000,97.250000,496.750000,592.750000,1,0,1,"brown_eye_spot",0.952136,90.414383,98.001678,491.580109,590.338623,401.165710,492.336945,197508.703125,0.978944
"8ae0efc8-a8ca-49a9-a0bf-c77a275b7767",47,"6479a737-a0aa-4798-bb6e-d05e1dad8218","benchmark/test/IMG_2404_2_JPG.rf.034830b0654fdd38f7770c9c6832ff56.jpg","test/IMG_2404_2_JPG.rf.034830b0654fdd38f7770c9c6832ff56",0,3,"miner",0.564062,0.483594,0.684375,0.739062,141.999985,73.000015,580.000000,546.000000,1,0,3,"miner",0.944723,142.809204,72.666733,581.333069,532.342102,438.523865,459.675354,201578.609375,0.965795
"8ae0efc8-a8ca-49a9-a0bf-c77a275b7767",48,"49a5289a-bb8e-459e-a4f9-9656fa5f37d4","benchmark/train/IMG_3249_JPG.rf.30007c5b831a803d0b62bf8383e5e641.jpg","train/IMG_3249_JPG.rf.30007c5b831a803d0b62bf8383e5e641",0,3,"miner",0.442969,0.522656,0.485938,0.776563,128.000000,86.000000,439.000000,583.000000,1,0,3,"miner",0.943761,128.539322,90.129379,442.322296,586.241028,313.782959,496.111633,155671.375000,0.973258
"8ae0efc8-a8ca-49a9-a0bf-c77a275b7767",49,"5e76e41a-352e-4abd-8149-bb11338cfaeb","benchmark/valid/IMG_3273_1_JPG.rf.347170cfb86a063931660d8dd8e06380.jpg","valid/IMG_3273_1_JPG.rf.347170cfb86a063931660d8dd8e06380",0,1,"brown_eye_spot",0.562500,0.470313,0.428125,0.940625,223.000000,0.000000,497.000000,602.000000,1,0,1,"brown_eye_spot",0.949975,226.558624,6.408386,500.079254,605.212463,273.520630,598.804077,163785.265625,0.960706
"8ae0efc8-a8ca-49a9-a0bf-c77a275b7767",50,"20c0c2d1-1086-467f-a442-77d89e431e46","benchmark/train/568_jpg.rf.21e5668cd3ca280afb1ee3484b4f292d.jpg","train/568_jpg.rf.21e5668cd3ca280afb1ee3484b4f292d",0,4,"phoma",0.439844,0.442187,0.782812,0.707031,31.000004,56.749992,532.000000,509.250000,1,0,4,"phoma",0.950093,33.531036,50.569275,536.565613,519.088257,503.034576,468.518982,235681.250000,0.952415
"8ae0efc8-a8ca-49a9-a0bf-c77a275b7767",51,"c099b121-c4d2-4fb8-98d3-ea50f3d9f41f","benchmark/train/IMG_3449_1_JPG.rf.bbc9588e89d9713f1959cab69dc2a84b.jpg","train/IMG_3449_1_JPG.rf.bbc9588e89d9713f1959cab69dc2a84b",0,3,"miner",0.429688,0.491406,0.702344,0.483594,50.249996,159.750000,499.750000,469.250031,1,0,3,"miner",0.948916,51.662445,164.731262,511.039673,463.678528,459.377228,298.947266,137329.562500,0.940063
"8ae0efc8-a8ca-49a9-a0bf-c77a275b7767",52,"8c1a4588-8115-430f-807d-d0f8ecc4702a","benchmark/train/IMG_2923_2_JPG.rf.88c110964732f0891db2cb777aaa5b00.jpg","train/IMG_2923_2_JPG.rf.88c110964732f0891db2cb777aaa5b00",0,1,"brown_eye_spot",0.504687,0.539844,0.905469,0.379687,33.249989,224.000000,612.750000,466.999969,1,0,1,"brown_eye_spot",0.936205,32.681152,218.677887,619.526733,468.279083,586.845581,249.601196,146477.359375,0.961367
"8ae0efc8-a8ca-49a9-a0bf-c77a275b7767",53,"a9d687bd-4e1a-4688-b839-add16e76ec4c","benchmark/test/IMG_3370_JPG.rf.e35095ba53d117cf04296603be0f8a75.jpg","test/IMG_3370_JPG.rf.e35095ba53d117cf04296603be0f8a75",0,1,"brown_eye_spot",0.403906,0.452344,0.339063,0.876562,150.000000,9.000015,367.000000,570.000000,1,0,1,"brown_eye_spot",0.915141,157.127823,0.000000,367.231781,587.157349,210.103958,587.157349,123364.085938,0.924432
"8ae0efc8-a8ca-49a9-a0bf-c77a275b7767",54,"7fc12a8b-0163-4067-83bc-d23a138d6fcb","benchmark/valid/IMG_2748_JPG.rf.a5ffbd08287b01b8c1b90f5164df339a.jpg","valid/IMG_2748_JPG.rf.a5ffbd08287b01b8c1b90f5164df339a",0,0,"algal_spot",0.492969,0.499219,0.757813,0.410937,72.999992,188.000015,558.000000,451.000000,1,0,0,"algal_spot",0.929524,75.095840,188.037598,539.604797,448.852264,464.508972,260.814667,121150.750000,0.949792
"8ae0efc8-a8ca-49a9-a0bf-c77a275b7767",55,"2a5fc000-9413-41d9-858c-92de00267b3f","benchmark/valid/IMG_3332_2_JPG.rf.d5dc854b2078c9a5b0e7026b3faaf32a.jpg","valid/IMG_3332_2_JPG.rf.d5dc854b2078c9a5b0e7026b3faaf32a",0,1,"brown_eye_spot",0.271875,0.525000,0.422656,0.372656,38.750000,216.750000,309.250000,455.249969,1,1,1,"brown_eye_spot",0.938600,42.287827,220.860382,292.576996,449.468048,250.289169,228.607666,57218.023438,0.886905
"8ae0efc8-a8ca-49a9-a0bf-c77a275b7767",55,"2a5fc000-9413-41d9-858c-92de00267b3f","benchmark/valid/IMG_3332_2_JPG.rf.d5dc854b2078c9a5b0e7026b3faaf32a.jpg","valid/IMG_3332_2_JPG.rf.d5dc854b2078c9a5b0e7026b3faaf32a",1,1,"brown_eye_spot",0.651563,0.621875,0.362500,0.519531,301.000000,231.750000,533.000000,564.250000,1,0,1,"brown_eye_spot",0.941576,302.446869,234.431046,537.008057,572.682617,234.561188,338.251587,79340.695313,0.945312
"8ae0efc8-a8ca-49a9-a0bf-c77a275b7767",56,"95be15f8-4f02-44d1-9c7f-f33ca55589af","benchmark/valid/618_jpg.rf.4f1bd5c494af7dac5a07407a26707253.jpg","valid/618_jpg.rf.4f1bd5c494af7dac5a07407a26707253",0,4,"phoma",0.514844,0.523438,0.755469,0.625000,87.750015,135.000000,571.250000,535.000000,1,0,4,"phoma",0.959628,89.919556,134.058044,562.904114,537.144104,472.984558,403.086060,190653.484375,0.970923
"8ae0efc8-a8ca-49a9-a0bf-c77a275b7767",57,"2d3d31e5-7d91-4456-914a-49e7d937b728","benchmark/train/IMG_2348_JPG.rf.ef4d280bc38122b206095ebf43776a49.jpg","train/IMG_2348_JPG.rf.ef4d280bc38122b206095ebf43776a49",0,3,"miner",0.500000,0.428906,1.000000,0.517187,0.000000,109.000015,639.000000,440.000000,1,0,3,"miner",0.943887,0.000000,118.857346,636.406250,451.625854,636.406250,332.768494,211775.953125,0.933622
"8ae0efc8-a8ca-49a9-a0bf-c77a275b7767",58,"ec613459-6d53-4d9f-9581-67b25668b965","benchmark/train/IMG_3515_JPG.rf.2a84a53959d875c758f3ced48edd3e75.jpg","train/IMG_3515_JPG.rf.2a84a53959d875c758f3ced48edd3e75",0,0,"algal_spot",0.528125,0.500000,0.833594,0.496875,71.250000,161.000000,604.750000,479.000000,1,0,0,"algal_spot",0.960351,61.243561,161.496368,606.966736,471.374359,545.723145,309.877991,169107.593750,0.953178
"8ae0efc8-a8ca-49a9-a0bf-c77a275b7767",59,"4e10d851-42fd-43cf-9511-6958dcaa3f9a","benchmark/train/IMG_3198_JPG.rf.7b494108cbc78ba3755c8abc0664392c.jpg","train/IMG_3198_JPG.rf.7b494108cbc78ba3755c8abc0664392c",0,1,"brown_eye_spot",0.642187,0.565625,0.534375,0.717969,239.999985,132.250000,582.000000,591.750000,1,0,1,"brown_eye_spot",0.951244,240.622330,125.427002,580.710815,603.220581,340.088501,477.793579,162492.109375,0.956542
"8ae0efc8-a8ca-49a9-a0bf-c77a275b7767",60,"33fb3608-45b6-47b3-9fad-153594b24c37","benchmark/train/PXL_20240125_083949268_jpg.rf.a2c6cc4e68b7c1a6e03b8c73a09e41e6.jpg","train/PXL_20240125_083949268_jpg.rf.a2c6cc4e68b7c1a6e03b8c73a09e41e6",0,2,"healthy",0.300000,0.167969,0.595312,0.335938,1.500015,0.000000,382.500000,215.000000,1,1,2,"healthy",0.736551,0.000000,2.189346,385.934662,228.040848,385.934662,225.851501,87163.921875,0.921394
"8ae0efc8-a8ca-49a9-a0bf-c77a275b7767",60,"33fb3608-45b6-47b3-9fad-153594b24c37","benchmark/train/PXL_20240125_083949268_jpg.rf.a2c6cc4e68b7c1a6e03b8c73a09e41e6.jpg","train/PXL_20240125_083949268_jpg.rf.a2c6cc4e68b7c1a6e03b8c73a09e41e6",1,2,"healthy",0.653125,0.441406,0.556250,0.816406,240.000000,21.250000,596.000000,543.750000,1,0,2,"healthy",0.917843,245.868683,28.677780,591.294617,538.741821,345.425934,510.064026,176189.343750,0.947204
"8ae0efc8-a8ca-49a9-a0bf-c77a275b7767",61,"c2e15a2b-c926-4914-a28a-ca4c37cc67c8","benchmark/train/IMG_3490_JPG.rf.34f4918fff38577b9392c8f4e7dcc889.jpg","train/IMG_3490_JPG.rf.34f4918fff38577b9392c8f4e7dcc889",0,0,"algal_spot",0.604688,0.537500,0.753125,0.552344,146.000000,167.250031,628.000000,520.750000,1,0,0,"algal_spot",0.957906,138.031189,160.410950,628.410706,523.747803,490.379517,363.336853,178172.953125,0.956301
"8ae0efc8-a8ca-49a9-a0bf-c77a275b7767",62,"17220512-dc8f-4c74-a16c-9550f41f74dc","benchmark/train/1324_jpg.rf.445af81d5f027e62010e531478835ff2.jpg","train/1324_jpg.rf.445af81d5f027e62010e531478835ff2",0,4,"phoma",0.492969,0.482031,0.881250,0.691406,33.499985,87.250000,597.500000,529.750000,1,0,4,"phoma",0.950088,28.636108,86.118744,594.535278,544.794495,565.899170,458.675751,259564.234375,0.951632
"8ae0efc8-a8ca-49a9-a0bf-c77a275b7767",63,"b255e429-ec27-4b9f-b866-9797dbbbe7a7","benchmark/train/IMG_3576_1_JPG.rf.9039eafef0253d5182bfb82cc02984bf.jpg","train/IMG_3576_1_JPG.rf.9039eafef0253d5182bfb82cc02984bf",0,0,"algal_spot",0.420312,0.537500,0.458594,0.367969,122.249992,226.250015,415.750000,461.750031,1,0,0,"algal_spot",0.959032,120.656525,226.247803,417.312561,461.436401,296.656036,235.188599,69770.117188,0.988048
"8ae0efc8-a8ca-49a9-a0bf-c77a275b7767",64,"f8fcbbf9-249f-4a84-ba44-b46ffe033bc8","benchmark/train/IMG_2782_1_JPG.rf.6f4bbcb2587b5a556ac6c48841c72a89.jpg","train/IMG_2782_1_JPG.rf.6f4bbcb2587b5a556ac6c48841c72a89",0,3,"miner",0.510156,0.454688,0.648438,0.696875,119.000015,68.000015,534.000000,514.000000,1,0,3,"miner",0.953588,118.394394,76.625000,530.997681,514.999756,412.603271,438.374756,180874.859375,0.970017
"8ae0efc8-a8ca-49a9-a0bf-c77a275b7767",65,"a0212944-f1c4-4098-be49-3cb2c8ccf547","benchmark/train/IMG_2467_JPG.rf.638c4cc8a5bb07b849fb0d8a7e29631d.jpg","train/IMG_2467_JPG.rf.638c4cc8a5bb07b849fb0d8a7e29631d",0,4,"phoma",0.423438,0.534375,0.544531,0.731250,96.750015,108.000015,445.250000,576.000000,1,0,4,"phoma",0.937232,97.862350,108.825348,444.860901,578.883057,346.998535,470.057709,163109.343750,0.987876
"8ae0efc8-a8ca-49a9-a0bf-c77a275b7767",66,"a77438f2-22be-40c2-8a96-df8f33dcf725","benchmark/train/341_jpg.rf.b7c811cfc57df17dafe9b55a2df8e454.jpg","train/341_jpg.rf.b7c811cfc57df17dafe9b55a2df8e454",0,4,"phoma",0.530469,0.565625,0.866406,0.591406,62.250004,172.750015,616.750000,551.250000,1,0,4,"phoma",0.978921,57.768646,170.615723,606.275330,550.177429,548.506714,379.561707,208192.140625,0.965168
"8ae0efc8-a8ca-49a9-a0bf-c77a275b7767",67,"534db48a-4ab5-4093-83f9-55a83c0649e1","benchmark/valid/IMG_3272_JPG.rf.db20176750b09f4d0d5cf1437296b444.jpg","valid/IMG_3272_JPG.rf.db20176750b09f4d0d5cf1437296b444",0,1,"brown_eye_spot",0.493750,0.477344,0.557031,0.879687,137.750000,23.999996,494.250031,587.000000,1,0,1,"brown_eye_spot",0.965149,137.541763,25.594193,500.412476,584.230347,362.870728,558.636169,202712.718750,0.974961
"8ae0efc8-a8ca-49a9-a0bf-c77a275b7767",68,"a8354622-06ae-4612-9250-d863c2403e1f","benchmark/train/IMG_3185_JPG.rf.49cdb545c106f55e6b3554a530afb560.jpg","train/IMG_3185_JPG.rf.49cdb545c106f55e6b3554a530afb560",0,1,"brown_eye_spot",0.773438,0.502344,0.321875,0.557813,392.000000,143.000015,598.000000,500.000000,1,0,1,"brown_eye_spot",0.957275,390.203918,141.465424,598.978516,505.666626,208.774597,364.201202,76035.960938,0.967200
"8ae0efc8-a8ca-49a9-a0bf-c77a275b7767",68,"a8354622-06ae-4612-9250-d863c2403e1f","benchmark/train/IMG_3185_JPG.rf.49cdb545c106f55e6b3554a530afb560.jpg","train/IMG_3185_JPG.rf.49cdb545c106f55e6b3554a530afb560",1,3,"miner",0.326562,0.376563,0.480469,0.432031,55.249996,102.750008,362.750000,379.250000,1,1,3,"miner",0.931114,53.887665,101.586884,369.034912,383.405518,315.147247,281.818634,88814.367188,0.957320
"8ae0efc8-a8ca-49a9-a0bf-c77a275b7767",69,"0d918f9e-307d-4806-9ade-4fe913e1f832","benchmark/train/IMG_3482_2_JPG.rf.c00c9640ef0a2e466ac7c3091b1efd14.jpg","train/IMG_3482_2_JPG.rf.c00c9640ef0a2e466ac7c3091b1efd14",0,3,"miner",0.479688,0.540625,0.850781,0.547656,34.750004,170.749985,579.250000,521.250000,1,0,3,"miner",0.900442,42.065674,191.982941,571.430420,531.589172,529.364746,339.606232,179775.562500,0.887846
"8ae0efc8-a8ca-49a9-a0bf-c77a275b7767",70,"b740955f-29df-4c5f-9e67-841450e16602","benchmark/valid/IMG_3028_2_JPG.rf.306137151dbe6c13b5439a651fd18f24.jpg","valid/IMG_3028_2_JPG.rf.306137151dbe6c13b5439a651fd18f24",0,1,"brown_eye_spot",0.570313,0.441406,0.528906,0.551562,195.750000,106.000000,534.250000,459.000000,1,0,1,"brown_eye_spot",0.913001,188.308777,99.659164,540.085449,469.855499,351.776672,370.196350,130226.437500,0.917559
"8ae0efc8-a8ca-49a9-a0bf-c77a275b7767",71,"50ff5f82-c674-4fb3-b1e0-911f8d0d853b","benchmark/test/214_jpg.rf.8f2de9afeced31eec8e79c587ce6d1d4.jpg","test/214_jpg.rf.8f2de9afeced31eec8e79c587ce6d1d4",0,2,"healthy",0.549219,0.547656,0.900781,0.699219,63.250008,126.749992,639.000000,574.250000,1,0,2,"healthy",0.968708,62.985138,123.999756,637.887451,580.948059,574.902344,456.948303,262700.656250,0.977020
"8ae0efc8-a8ca-49a9-a0bf-c77a275b7767",72,"29cb0589-0a4d-4874-8ee9-2933f9b82d5b","benchmark/train/IMG_2622_JPG.rf.4c29dd7c862c5f0e6377a80583794cf8.jpg","train/IMG_2622_JPG.rf.4c29dd7c862c5f0e6377a80583794cf8",0,1,"brown_eye_spot",0.491406,0.500781,0.554688,0.889063,137.000000,35.999985,492.000000,605.000000,1,0,1,"brown_eye_spot",0.949946,143.382401,22.625336,486.090820,613.223022,342.708435,590.597656,202402.796875,0.931252
"8ae0efc8-a8ca-49a9-a0bf-c77a275b7767",73,"78fedcb6-abac-45b5-a6a6-0fe88d1cf2fb","benchmark/test/4_jpg.rf.c424102cfeb32b23f2a05eaa1d251829.jpg","test/4_jpg.rf.c424102cfeb32b23f2a05eaa1d251829",0,2,"healthy",0.472656,0.467969,0.855469,0.649219,28.750000,91.750015,576.250000,507.250000,1,0,2,"healthy",0.964780,32.760468,90.357178,573.234558,514.357849,540.474121,424.000671,229161.390625,0.967625
"8ae0efc8-a8ca-49a9-a0bf-c77a275b7767",74,"791a22e1-ecef-49a4-87fb-5c7dd4d332a0","benchmark/train/IMG_2716_2_JPG.rf.5e2a716edea808709641cfd2b5b8fffd.jpg","train/IMG_2716_2_JPG.rf.5e2a716edea808709641cfd2b5b8fffd",0,0,"algal_spot",0.495313,0.534375,0.590625,0.671094,128.000015,127.250000,506.000000,556.750000,1,0,0,"algal_spot",0.965864,130.384750,121.578110,498.106750,559.743347,367.721985,438.165222,161122.984375,0.954084
"8ae0efc8-a8ca-49a9-a0bf-c77a275b7767",75,"0215b32b-60cb-4ee0-99ce-b20750e41884","benchmark/train/382_jpg.rf.dc63c7bacb1288cffb1fdbea60eb7823.jpg","train/382_jpg.rf.dc63c7bacb1288cffb1fdbea60eb7823",0,4,"phoma",0.479688,0.534375,0.656250,0.624219,97.000008,142.250000,517.000000,541.750000,1,0,4,"phoma",0.975507,100.506775,140.669540,514.577759,540.787476,414.070984,400.117920,165677.218750,0.979687
"8ae0efc8-a8ca-49a9-a0bf-c77a275b7767",76,"887791e4-7bd1-45e1-a0cf-964c820db487","benchmark/train/IMG_3255_2_JPG.rf.9a3db756905bfec392ad7c37fda26390.jpg","train/IMG_3255_2_JPG.rf.9a3db756905bfec392ad7c37fda26390",0,3,"miner",0.405469,0.548437,0.560938,0.681250,80.000000,133.000000,439.000000,569.000000,1,0,3,"miner",0.943682,85.088318,133.618225,440.186066,572.626953,355.097748,439.008728,155891.015625,0.973210
"8ae0efc8-a8ca-49a9-a0bf-c77a275b7767",77,"1d6bb28f-0b21-45e5-8de8-41e2b93704d3","benchmark/train/IMG_20240125_154538_387_jpg.rf.bdfe4d612984380ecb5368c9b0f972cd.jpg","train/IMG_20240125_154538_387_jpg.rf.bdfe4d612984380ecb5368c9b0f972cd",0,2,"healthy",0.628906,0.871094,0.585938,0.257813,215.000000,475.000000,590.000000,639.000000,1,1,2,"healthy",0.931333,217.399200,478.300018,580.350952,639.000000,362.951752,160.699982,58326.339844,0.948396
"8ae0efc8-a8ca-49a9-a0bf-c77a275b7767",77,"1d6bb28f-0b21-45e5-8de8-41e2b93704d3","benchmark/train/IMG_20240125_154538_387_jpg.rf.bdfe4d612984380ecb5368c9b0f972cd.jpg","train/IMG_20240125_154538_387_jpg.rf.bdfe4d612984380ecb5368c9b0f972cd",1,2,"healthy",0.634375,0.511719,0.730469,0.519531,172.249985,161.250000,639.000000,493.750000,1,0,2,"healthy",0.947817,175.696289,174.702545,639.000000,492.546844,463.303711,317.844299,147258.437500,0.948865
"8ae0efc8-a8ca-49a9-a0bf-c77a275b7767",78,"7c9461b8-7bf1-4334-b2a1-4bad8ade9af5","benchmark/train/1090_jpg.rf.01da34b0d1969541405f49d28d062ba1.jpg","train/1090_jpg.rf.01da34b0d1969541405f49d28d062ba1",0,1,"brown_eye_spot",0.502344,0.504687,0.907031,0.626562,31.250019,122.500000,611.750000,523.500000,1,0,1,"brown_eye_spot",0.741513,23.973450,120.034546,609.571228,520.444458,585.597778,400.409912,234479.156250,0.970563
"8ae0efc8-a8ca-49a9-a0bf-c77a275b7767",79,"f098309c-09db-4bfd-a510-48ec9190af7e","benchmark/valid/387_jpg.rf.4b086103f7010118e710c48387074e7e.jpg","valid/387_jpg.rf.4b086103f7010118e710c48387074e7e",0,4,"phoma",0.512500,0.497656,0.694531,0.635156,105.749985,115.250000,550.250000,521.750000,1,0,4,"phoma",0.964204,101.932159,115.874695,548.346313,518.805786,446.414154,402.931091,179874.140625,0.978643
"8ae0efc8-a8ca-49a9-a0bf-c77a275b7767",80,"695668bd-fd56-42c5-b6ea-a0c55a3d95ec","benchmark/train/IMG_2494_1_JPG.rf.52361a5b5e2adfe5039c41285994b030.jpg","train/IMG_2494_1_JPG.rf.52361a5b5e2adfe5039c41285994b030",0,1,"brown_eye_spot",0.500000,0.573438,0.608594,0.765625,125.250000,122.000008,514.750000,612.000000,1,0,1,"brown_eye_spot",0.951303,126.123657,120.799316,503.783813,608.515564,377.660156,487.716248,184191.000000,0.960426
"8ae0efc8-a8ca-49a9-a0bf-c77a275b7767",81,"021d6552-5364-447a-a96f-28e65e4b6631","benchmark/train/IMG_3588_JPG.rf.24001863445cb80d0ccb72e3d63d23b8.jpg","train/IMG_3588_JPG.rf.24001863445cb80d0ccb72e3d63d23b8",0,0,"algal_spot",0.651563,0.458594,0.538281,0.517187,244.750000,128.000015,589.250000,459.000000,1,0,0,"algal_spot",0.953346,253.014679,134.405731,586.735718,458.460022,333.721039,324.054291,108143.734375,0.948384
"8ae0efc8-a8ca-49a9-a0bf-c77a275b7767",82,"b3ca2bd4-3e72-4024-815d-6573cb8b1bae","benchmark/valid/IMG_2606_JPG.rf.ca101c648ed2c5e08bf6e65c753df65a.jpg","valid/IMG_2606_JPG.rf.ca101c648ed2c5e08bf6e65c753df65a",0,3,"miner",0.389062,0.457812,0.506250,0.690625,86.999985,71.999985,411.000000,514.000000,1,0,3,"miner",0.946134,84.464600,78.581558,408.003265,505.949280,323.538666,427.367737,138269.984375,0.950759
"8ae0efc8-a8ca-49a9-a0bf-c77a275b7767",83,"7a09c9ab-16e4-4534-810a-c4cce4bb71e5","benchmark/train/IMG_3144_2_JPG.rf.d8548b6f9636ec9dfd4a46c62d1c4dbf.jpg","train/IMG_3144_2_JPG.rf.d8548b6f9636ec9dfd4a46c62d1c4dbf",0,3,"miner",0.492188,0.512500,0.442969,0.968750,173.250000,17.999992,456.750000,638.000000,1,0,3,"miner",0.956032,173.506866,37.599258,453.287079,639.000000,279.780212,601.400757,168260.031250,0.954163
"8ae0efc8-a8ca-49a9-a0bf-c77a275b7767",84,"47c7af06-0e42-4531-a679-f967a1e08265","benchmark/valid/IMG_3020_1_JPG.rf.481f92dedf3bfe04a5af5c8d4ba0a648.jpg","valid/IMG_3020_1_JPG.rf.481f92dedf3bfe04a5af5c8d4ba0a648",0,3,"miner",0.495313,0.470313,0.525781,0.431250,148.750000,163.000000,485.250000,439.000000,1,0,3,"miner",0.914797,141.503662,171.348297,487.016754,455.292419,345.513092,283.944122,98106.414063,0.892476
"8ae0efc8-a8ca-49a9-a0bf-c77a275b7767",85,"ae86043d-ac84-4c19-91c1-c8121d6bbb28","benchmark/train/IMG_2242_2_JPG.rf.05f65555586788fc97cd1f6d4f5a23fa.jpg","train/IMG_2242_2_JPG.rf.05f65555586788fc97cd1f6d4f5a23fa",0,3,"miner",0.595312,0.657812,0.550000,0.310156,204.999985,321.750000,557.000000,520.250000,1,0,3,"miner",0.886491,204.197296,323.486847,557.443970,518.819031,353.246674,195.332184,69000.445313,0.980624
"8ae0efc8-a8ca-49a9-a0bf-c77a275b7767",86,"239fa5ef-d733-43b7-b3ee-f66a2a91035d","benchmark/test/860_jpg.rf.0202c5186835a8ab148fb15adf05715f.jpg","test/860_jpg.rf.0202c5186835a8ab148fb15adf05715f",0,2,"healthy",0.464844,0.493750,0.782031,0.582812,47.250004,129.500000,547.750000,502.500000,1,0,2,"healthy",0.977709,46.860413,127.803574,542.332336,510.484131,495.471924,382.680542,189607.468750,0.963666
"8ae0efc8-a8ca-49a9-a0bf-c77a275b7767",87,"890565a1-ad49-4b1b-86b8-396937fe2cb1","benchmark/train/IMG_2400_1_JPG.rf.e527170e1b5a6aa2221412209d2a1e75.jpg","train/IMG_2400_1_JPG.rf.e527170e1b5a6aa2221412209d2a1e75",0,3,"miner",0.448438,0.573438,0.878906,0.686719,5.750008,147.250000,568.250000,586.750000,1,0,3,"miner",0.618476,8.983887,145.589676,581.055664,582.484192,572.071777,436.894531,249935.031250,0.959288
"8ae0efc8-a8ca-49a9-a0bf-c77a275b7767",88,"69e7fa1e-1082-490a-b361-4df43da4561e","benchmark/train/IMG_2322_2_JPG.rf.aa9726aa9ffb852eede1a67c33b74ac4.jpg","train/IMG_2322_2_JPG.rf.aa9726aa9ffb852eede1a67c33b74ac4",0,3,"miner",0.471094,0.509375,0.673437,0.900000,86.000000,37.999992,517.000000,614.000000,1,0,3,"miner",0.956936,96.431427,34.584885,516.741455,624.811279,420.310028,590.226379,248078.062500,0.952261
"8ae0efc8-a8ca-49a9-a0bf-c77a275b7767",89,"2bbdc005-ec7d-4957-9884-76c6e1e4b439","benchmark/train/PXL_20240125_083238787_jpg.rf.5169463787fe8f9a095ae2546f54a288.jpg","train/PXL_20240125_083238787_jpg.rf.5169463787fe8f9a095ae2546f54a288",0,2,"healthy",0.443750,0.501562,0.767969,0.983594,38.249989,6.249981,529.750000,635.750000,1,0,2,"healthy",0.949230,56.954834,10.264206,522.319885,635.550415,465.365051,625.286194,290986.343750,0.940488
"8ae0efc8-a8ca-49a9-a0bf-c77a275b7767",90,"f38c9995-34c7-4e63-b795-6ced5c6ab9bb","benchmark/train/IMG_3122_1_JPG.rf.df7e2b249e0bedc6574bd265789d6246.jpg","train/IMG_3122_1_JPG.rf.df7e2b249e0bedc6574bd265789d6246",0,1,"brown_eye_spot",0.505469,0.482812,0.751562,0.714844,82.999992,80.250000,564.000000,537.750000,1,0,1,"brown_eye_spot",0.907151,81.728943,84.553345,566.447205,529.184021,484.718262,444.630676,215520.609375,0.964623
"8ae0efc8-a8ca-49a9-a0bf-c77a275b7767",91,"4767a0d8-c3c6-4cae-a7b2-596e4ab4b91a","benchmark/train/IMG_2548_JPG.rf.d9f31155774df7389abafd03be8f19be.jpg","train/IMG_2548_JPG.rf.d9f31155774df7389abafd03be8f19be",0,3,"miner",0.510938,0.479688,0.521875,0.814844,160.000000,46.250000,494.000000,567.750000,1,0,3,"miner",0.674866,162.155609,48.399750,494.602173,581.093994,332.446564,532.694214,177092.359375,0.963190
"8ae0efc8-a8ca-49a9-a0bf-c77a275b7767",92,"97348e08-da03-4dcc-989c-973a8bcde939","benchmark/train/652_jpg.rf.15e3cbba407cdf777f0d6f23c483edae.jpg","train/652_jpg.rf.15e3cbba407cdf777f0d6f23c483edae",0,4,"phoma",0.493750,0.475781,0.787500,0.597656,63.999996,113.250008,568.000000,495.750000,1,0,4,"phoma",0.962186,57.761658,109.860046,566.977661,493.918091,509.216003,384.058044,195568.500000,0.972504
"8ae0efc8-a8ca-49a9-a0bf-c77a275b7767",93,"02e21d5d-1372-40d1-b150-f5c5dfbe10e2","benchmark/train/IMG_3347_2_JPG.rf.48f8185b06dec54538c25356dea2549d.jpg","train/IMG_3347_2_JPG.rf.48f8185b06dec54538c25356dea2549d",0,3,"miner",0.476563,0.453125,0.632031,0.564844,102.750000,109.249992,507.250000,470.750000,1,0,3,"miner",0.946313,96.027954,104.675110,507.570679,474.229248,411.542725,369.554138,152087.312500,0.961466
"8ae0efc8-a8ca-49a9-a0bf-c77a275b7767",94,"eb4aee2f-35c0-497e-b19d-0549a726baeb","benchmark/train/IMG_3094_1_JPG.rf.4c8171d071c5add55b4292662ea0caba.jpg","train/IMG_3094_1_JPG.rf.4c8171d071c5add55b4292662ea0caba",0,3,"miner",0.404687,0.454688,0.671094,0.319531,44.249992,188.750000,473.750000,393.250000,1,0,3,"miner",0.919992,31.549515,193.159149,472.809814,400.035339,441.260315,206.876190,91286.250000,0.918418
"8ae0efc8-a8ca-49a9-a0bf-c77a275b7767",95,"eaa112fc-3974-4bdb-966a-d3343d9d00ac","benchmark/test/IMG_2549_JPG.rf.60b930fda2176b9750be97519e292201.jpg","test/IMG_2549_JPG.rf.60b930fda2176b9750be97519e292201",0,3,"miner",0.532031,0.490625,0.914063,0.435156,47.999992,174.749985,633.000000,453.250000,1,0,3,"miner",0.949006,57.102600,178.629135,636.676941,456.494690,579.574341,277.865540,161043.734375,0.953807
"8ae0efc8-a8ca-49a9-a0bf-c77a275b7767",96,"29363876-7340-4dc0-ae6d-be968a0b859b","benchmark/train/620_jpg.rf.d4f594286ff1543a2ec49d81d477b44a.jpg","train/620_jpg.rf.d4f594286ff1543a2ec49d81d477b44a",0,4,"phoma",0.512500,0.492969,0.846875,0.696875,56.999989,92.500000,599.000000,538.500000,1,0,4,"phoma",0.925826,62.913391,86.064148,592.873108,528.921753,529.959717,442.857605,234696.687500,0.943475
"8ae0efc8-a8ca-49a9-a0bf-c77a275b7767",97,"2031a573-73d0-47ae-ba39-81aba842ad3b","benchmark/train/1401_jpg.rf.4d58f5faad6e840797b800c6b58e3ead.jpg","train/1401_jpg.rf.4d58f5faad6e840797b800c6b58e3ead",0,2,"healthy",0.513281,0.509375,0.879687,0.695313,46.999989,103.499985,610.000000,548.500000,1,0,2,"healthy",0.967515,43.017822,98.053009,605.870972,559.683533,562.853149,461.630524,259830.187500,0.950433
"8ae0efc8-a8ca-49a9-a0bf-c77a275b7767",98,"43ea2842-fc1a-4e32-9160-faf2249d42b7","benchmark/valid/IMG_2675_1_JPG.rf.a0974b30272293891d7b16ec3eb00bff.jpg","valid/IMG_2675_1_JPG.rf.a0974b30272293891d7b16ec3eb00bff",0,0,"algal_spot",0.507813,0.438281,0.830469,0.482812,59.249992,125.999992,590.750000,435.000000,1,0,0,"algal_spot",0.397477,56.301422,131.082550,599.253052,439.490234,542.951660,308.407684,167450.468750,0.949341
"8ae0efc8-a8ca-49a9-a0bf-c77a275b7767",99,"0dd1366a-f877-4e6a-891b-4131723c7cb2","benchmark/train/544_jpg.rf.52aa92b1fc4e7ecbaff67340aa3f65eb.jpg","train/544_jpg.rf.52aa92b1fc4e7ecbaff67340aa3f65eb",0,4,"phoma",0.525781,0.501562,0.723437,0.514844,105.000015,156.249985,568.000000,485.749969,1,0,4,"phoma",0.967394,105.474014,153.202606,563.313660,489.952148,457.839661,336.749542,154177.296875,0.967799
"8ae0efc8-a8ca-49a9-a0bf-c77a275b7767",100,"82dc8dfb-9ef4-48e9-bb89-6d5168300b36","benchmark/train/429_jpg.rf.3ae1c70213906b1a09de7e5730bf5113.jpg","train/429_jpg.rf.3ae1c70213906b1a09de7e5730bf5113",0,4,"phoma",0.538281,0.467969,0.743750,0.768750,106.500015,53.500004,582.500000,545.500000,1,0,4,"phoma",0.974040,107.290939,57.693054,579.205811,545.061462,471.914856,487.368408,229996.390625,0.982085
"a3c331cb-45ea-4511-9d6c-cd66cc8807b1",1,"9840a763-b686-4f5f-b5d0-954a8890943e","benchmark/valid/302_jpg.rf.9166a911b3079952cfb28ff56dbc86b6.jpg","valid/302_jpg.rf.9166a911b3079952cfb28ff56dbc86b6",0,4,"phoma",0.463281,0.538281,0.723437,0.817969,65.000000,82.750015,528.000000,606.250000,1,0,4,"phoma",0.969201,67.677124,78.813171,529.834290,610.534546,462.157166,531.721375,245738.843750,0.975070
"a3c331cb-45ea-4511-9d6c-cd66cc8807b1",2,"7bf47605-a31b-4a5b-892c-fa9a981519b9","benchmark/train/PXL_20240125_085225522_jpg.rf.5f19b297f5b799cf06bd622aa1ec232f.jpg","train/PXL_20240125_085225522_jpg.rf.5f19b297f5b799cf06bd622aa1ec232f",0,2,"healthy",0.463281,0.470313,0.486719,0.796094,140.750000,46.250000,452.250000,555.750000,1,0,2,"healthy",0.956413,134.143158,36.257401,456.230225,568.604614,322.087067,532.347229,171462.156250,0.925623
"a3c331cb-45ea-4511-9d6c-cd66cc8807b1",3,"332a2dac-13d2-4ffc-9fac-34f61ed1cc03","benchmark/test/1388_jpg.rf.1f955fd16e8fde1cc2a634acbbd77b8d.jpg","test/1388_jpg.rf.1f955fd16e8fde1cc2a634acbbd77b8d",0,2,"healthy",0.516406,0.510156,0.833594,0.710938,63.750000,99.000015,597.250000,554.000000,1,0,2,"healthy",0.945981,63.020020,96.242279,594.718262,566.300720,531.698242,470.058441,249929.250000,0.962201
"a3c331cb-45ea-4511-9d6c-cd66cc8807b1",4,"01791b62-1321-430d-9b88-0101dd9bfe1b","benchmark/valid/998_jpg.rf.7a60de0fe17e23fd07852420c127efcc.jpg","valid/998_jpg.rf.7a60de0fe17e23fd07852420c127efcc",0,2,"healthy",0.504687,0.531250,0.803125,0.634375,65.999985,137.000000,580.000000,543.000000,1,0,2,"healthy",0.965261,59.320618,122.000885,585.642761,554.961365,526.322144,432.960480,227876.687500,0.915776
"a3c331cb-45ea-4511-9d6c-cd66cc8807b1",5,"82be38ae-ca2a-421a-8af1-9a6944aeb4b1","benchmark/train/PXL_20240125_124504339_jpg.rf.b418a850c7a52009e8dde87fcedf2e5f.jpg","train/PXL_20240125_124504339_jpg.rf.b418a850c7a52009e8dde87fcedf2e5f",0,2,"healthy",0.503125,0.529688,0.441406,0.791406,180.750000,85.750008,463.250000,592.250000,1,0,2,"healthy",0.939214,187.968216,69.274445,442.667755,596.648438,254.699539,527.374023,134321.921875,0.869291
"a3c331cb-45ea-4511-9d6c-cd66cc8807b1",6,"2be5ccd4-dcba-4a24-9cf5-2d8ec50a45ee","benchmark/train/IMG_2305_JPG.rf.cdb2d6fca6da1ca30fd0e243f0ee2063.jpg","train/IMG_2305_JPG.rf.cdb2d6fca6da1ca30fd0e243f0ee2063",0,3,"miner",0.421875,0.464063,0.825000,0.765625,6.000004,52.000008,534.000000,542.000000,1,0,3,"miner",0.960996,8.086121,71.060379,539.830017,543.600525,531.743896,472.540161,251270.343750,0.944178
"a3c331cb-45ea-4511-9d6c-cd66cc8807b1",7,"b11370e3-b159-4128-aef4-0f41b8154d1c","benchmark/valid/IMG_2636_2_JPG.rf.bf9817433a0c1f754032ca645691c52d.jpg","valid/IMG_2636_2_JPG.rf.bf9817433a0c1f754032ca645691c52d",0,1,"brown_eye_spot",0.518750,0.566406,0.731250,0.473437,98.000015,211.000000,566.000000,514.000000,1,0,1,"brown_eye_spot",0.946828,86.041229,217.459396,564.775024,515.526245,478.733795,298.066833,142694.671875,0.947541
"a3c331cb-45ea-4511-9d6c-cd66cc8807b1",8,"093f5277-35eb-4a1e-8b80-7c0a1a653645","benchmark/train/IMG_3418_1_JPG.rf.2e0b5637243a1cfc86febb000eeeffd1.jpg","train/IMG_3418_1_JPG.rf.2e0b5637243a1cfc86febb000eeeffd1",0,3,"miner",0.406250,0.564844,0.419531,0.442187,125.750000,220.000015,394.250000,503.000031,1,0,3,"miner",0.902826,104.230118,216.026306,397.694183,542.193298,293.464050,326.166992,95718.289063,0.793845
"a3c331cb-45ea-4511-9d6c-cd66cc8807b1",9,"8307b6a5-5c59-42aa-8ee3-932cf58d2abd","benchmark/train/IMG_3332_1_JPG.rf.f824a778c9a5e93117760728a5d98088.jpg","train/IMG_3332_1_JPG.rf.f824a778c9a5e93117760728a5d98088",0,1,"brown_eye_spot",0.726563,0.473437,0.422656,0.372656,329.750000,183.750000,600.250000,422.250000,1,1,1,"brown_eye_spot",0.916618,329.992462,184.422607,603.196716,420.562073,273.204254,236.139465,64514.304688,0.978659
"a3c331cb-45ea-4511-9d6c-cd66cc8807b1",9,"8307b6a5-5c59-42aa-8ee3-932cf58d2abd","benchmark/train/IMG_3332_1_JPG.rf.f824a778c9a5e93117760728a5d98088.jpg","train/IMG_3332_1_JPG.rf.f824a778c9a5e93117760728a5d98088",1,1,"brown_eye_spot",0.348437,0.376563,0.362500,0.519531,106.999985,74.750000,339.000000,407.250000,1,0,1,"brown_eye_spot",0.930863,107.308807,85.011551,337.625122,408.611450,230.316315,323.599915,74530.335938,0.958210
"a3c331cb-45ea-4511-9d6c-cd66cc8807b1",10,"f0c34192-a203-4573-9b4a-8212b5ff75a7","benchmark/train/PXL_20240125_124405692_jpg.rf.8ce24a5744d43272b98afb797715cc6e.jpg","train/PXL_20240125_124405692_jpg.rf.8ce24a5744d43272b98afb797715cc6e",0,2,"healthy",0.453906,0.578125,0.441406,0.821875,149.250000,107.000008,431.750000,633.000000,1,0,2,"healthy",0.962331,149.782410,95.385254,429.010437,637.140625,279.228027,541.755371,151273.281250,0.959996
"a3c331cb-45ea-4511-9d6c-cd66cc8807b1",10,"f0c34192-a203-4573-9b4a-8212b5ff75a7","benchmark/train/PXL_20240125_124405692_jpg.rf.8ce24a5744d43272b98afb797715cc6e.jpg","train/PXL_20240125_124405692_jpg.rf.8ce24a5744d43272b98afb797715cc6e",1,2,"healthy",0.738281,0.504687,0.334375,0.738281,365.500000,86.749992,579.500000,559.250000,1,1,2,"healthy",0.858016,371.491272,75.668610,581.317139,565.699219,209.825867,490.030609,102821.093750,0.930263
"a3c331cb-45ea-4511-9d6c-cd66cc8807b1",11,"c2109ca1-50d8-4442-ae83-1f74e27fb8ef","benchmark/train/IMG_2650_JPG.rf.77ee1413b8167b3f9f2cc2c9b8722922.jpg","train/IMG_2650_JPG.rf.77ee1413b8167b3f9f2cc2c9b8722922",0,1,"brown_eye_spot",0.485156,0.465625,0.842188,0.449219,40.999985,154.250000,580.000000,441.750000,1,0,1,"brown_eye_spot",0.941566,34.372131,148.015137,576.275146,435.758301,541.903015,287.743164,155928.890625,0.940561
"a3c331cb-45ea-4511-9d6c-cd66cc8807b1",12,"25cf861a-ae07-4bf2-b286-f4740faac3e5","benchmark/train/IMG_2989_1_JPG.rf.18de35a60dc4a88c0b152163ca0ba5ec.jpg","train/IMG_2989_1_JPG.rf.18de35a60dc4a88c0b152163ca0ba5ec",0,1,"brown_eye_spot",0.515625,0.423438,0.609375,0.677344,135.000000,54.250011,525.000000,487.750000,1,0,1,"brown_eye_spot",0.956803,130.216110,79.862076,528.774902,488.956390,398.558777,409.094299,163048.125000,0.919320
"a3c331cb-45ea-4511-9d6c-cd66cc8807b1",13,"92b56a2b-6a1a-4c91-bece-69cbee7b8aa3","benchmark/valid/IMG_3398_2_JPG.rf.7969a6c72b284d6168dffe6a731ce10a.jpg","valid/IMG_3398_2_JPG.rf.7969a6c72b284d6168dffe6a731ce10a",0,3,"miner",0.551562,0.517969,0.466406,0.776563,203.750000,83.000015,502.250000,580.000000,1,0,3,"miner",0.943678,240.170837,75.953186,501.160583,563.444824,260.989746,487.491638,127230.320313,0.834863
"a3c331cb-45ea-4511-9d6c-cd66cc8807b1",14,"19c098b6-5c46-4b0f-9efe-b3a71543dd76","benchmark/train/IMG_20240125_153134_936_jpg.rf.ccc1854bafe6f97af1894884272ccfae.jpg","train/IMG_20240125_153134_936_jpg.rf.ccc1854bafe6f97af1894884272ccfae",0,2,"healthy",0.427344,0.456250,0.664063,0.907812,61.000004,1.500015,486.000000,582.500000,1,0,2,"healthy",0.971734,55.542053,5.450623,487.897705,581.530518,432.355652,576.079895,249071.406250,0.974803
"a3c331cb-45ea-4511-9d6c-cd66cc8807b1",15,"c75d868c-1697-47ae-bc89-0321acb59c4c","benchmark/train/IMG_3638_JPG.rf.b66be2e74f1e53a6efa4a09920e86f0c.jpg","train/IMG_3638_JPG.rf.b66be2e74f1e53a6efa4a09920e86f0c",0,0,"algal_spot",0.737500,0.517187,0.364844,0.358594,355.250000,216.249985,588.750000,445.749969,1,1,0,"algal_spot",0.927926,356.239075,213.728760,590.382263,451.984467,234.143188,238.255707,55785.949219,0.952659
"a3c331cb-45ea-4511-9d6c-cd66cc8807b1",15,"c75d868c-1697-47ae-bc89-0321acb59c4c","benchmark/train/IMG_3638_JPG.rf.b66be2e74f1e53a6efa4a09920e86f0c.jpg","train/IMG_3638_JPG.rf.b66be2e74f1e53a6efa4a09920e86f0c",1,0,"algal_spot",0.283594,0.519531,0.498437,0.251563,21.999998,252.000000,341.000000,413.000000,1,0,0,"algal_spot",0.947316,13.611465,247.443207,338.943451,410.211365,325.331970,162.768158,52953.683594,0.925703
"a3c331cb-45ea-4511-9d6c-cd66cc8807b1",16,"0824bb30-68a1-4a2b-b170-2a3a556283ef","benchmark/valid/IMG_3504_JPG.rf.5c5e3919ca2ad59d0bd5c5fc334f02f6.jpg","valid/IMG_3504_JPG.rf.5c5e3919ca2ad59d0bd5c5fc334f02f6",0,0,"algal_spot",0.495313,0.375000,0.538281,0.700781,144.750000,15.750008,489.250031,464.250000,1,0,0,"algal_spot",0.942886,146.733307,7.561646,493.898865,462.843597,347.165558,455.281952,158058.218750,0.960532
"a3c331cb-45ea-4511-9d6c-cd66cc8807b1",17,"b549971f-f05b-4710-9152-4b58e9ae96e4","benchmark/valid/IMG_3236_JPG.rf.bad0dd230bd1fe43405a99d7d5969b43.jpg","valid/IMG_3236_JPG.rf.bad0dd230bd1fe43405a99d7d5969b43",0,3,"miner",0.512500,0.501562,0.378125,0.675000,206.999985,104.999985,449.000000,537.000000,1,0,3,"miner",0.943268,213.506210,91.603653,443.195587,537.043213,229.689377,445.439575,102312.742188,0.921908
"a3c331cb-45ea-4511-9d6c-cd66cc8807b1",18,"bc65840f-edb6-43e9-9651-e16db41a7527","benchmark/train/IMG_20240125_121023_482_jpg.rf.dd0a7ac26a3b105c1745d5a006336380.jpg","train/IMG_20240125_121023_482_jpg.rf.dd0a7ac26a3b105c1745d5a006336380",0,2,"healthy",0.508594,0.502344,0.634375,0.989844,122.500000,4.750023,528.500000,638.250000,1,0,2,"healthy",0.966308,120.673920,18.535629,529.907776,634.764404,409.233856,616.228760,252181.671875,0.965258
"a3c331cb-45ea-4511-9d6c-cd66cc8807b1",19,"fe160162-6d88-4a20-9740-d905f6787f4c","benchmark/train/IMG_3338_1_JPG.rf.3ba728d4250a6130aea446a9cc00bda3.jpg","train/IMG_3338_1_JPG.rf.3ba728d4250a6130aea446a9cc00bda3",0,3,"miner",0.520312,0.539063,0.506250,0.503125,170.999985,184.000000,495.000000,506.000000,1,0,3,"miner",0.936304,169.345871,189.458221,489.503723,503.000244,320.157837,313.542023,100382.937500,0.952480
"a3c331cb-45ea-4511-9d6c-cd66cc8807b1",20,"ebc53a37-1f7a-4241-9e60-8adc93152da2","benchmark/train/IMG_2827_1_JPG.rf.a3ba2479787b7ad1398c24d799ab9abd.jpg","train/IMG_2827_1_JPG.rf.a3ba2479787b7ad1398c24d799ab9abd",0,5,"powdery_mildew",0.434375,0.210938,0.639844,0.372656,73.249985,15.749998,482.750000,254.250000,1,0,5,"powdery_mildew",0.970832,76.174515,6.787979,482.209717,254.272430,406.035217,247.484451,100487.406250,0.955837
"a3c331cb-45ea-4511-9d6c-cd66cc8807b1",20,"ebc53a37-1f7a-4241-9e60-8adc93152da2","benchmark/train/IMG_2827_1_JPG.rf.a3ba2479787b7ad1398c24d799ab9abd.jpg","train/IMG_2827_1_JPG.rf.a3ba2479787b7ad1398c24d799ab9abd",1,5,"powdery_mildew",0.546875,0.561719,0.892969,0.257813,64.249992,277.000000,635.750000,442.000000,1,1,5,"powdery_mildew",0.825431,56.763092,271.860168,639.000000,442.651184,582.236938,170.791016,99440.835938,0.948277
"a3c331cb-45ea-4511-9d6c-cd66cc8807b1",21,"101838be-1154-4a09-bfbb-b3283cae5687","benchmark/train/IMG_2950_JPG.rf.b53479e37a244af6b841dd80d707ca6b.jpg","train/IMG_2950_JPG.rf.b53479e37a244af6b841dd80d707ca6b",0,1,"brown_eye_spot",0.493750,0.479688,0.618750,0.774219,118.000015,59.250011,514.000000,554.750000,1,0,1,"brown_eye_spot",0.948272,115.502380,58.694443,510.124268,576.000854,394.621887,517.306396,204140.421875,0.942914
"a3c331cb-45ea-4511-9d6c-cd66cc8807b1",22,"d21e973b-590f-4b97-a3a5-f3a22b7fd6d8","benchmark/train/IMG_3430_2_JPG.rf.c9d7883211e1389906029f621a31e630.jpg","train/IMG_3430_2_JPG.rf.c9d7883211e1389906029f621a31e630",0,3,"miner",0.481250,0.507813,0.553125,0.396094,130.999985,198.250000,485.000000,451.750000,1,0,3,"miner",0.948793,99.897385,186.130249,484.317413,449.704285,384.420044,263.574036,101323.140625,0.869146
"a3c331cb-45ea-4511-9d6c-cd66cc8807b1",23,"a801a23f-db58-4818-bb88-243c8879db99","benchmark/test/1005_jpg.rf.64b3abc5e7cfa15a1cf6fcdad43dfd74.jpg","test/1005_jpg.rf.64b3abc5e7cfa15a1cf6fcdad43dfd74",0,2,"healthy",0.482812,0.525781,0.965625,0.764063,0.000000,92.000008,618.000000,581.000000,1,0,2,"healthy",0.937625,6.124939,86.860931,601.492065,582.467346,595.367126,495.606415,295067.781250,0.951000
"a3c331cb-45ea-4511-9d6c-cd66cc8807b1",24,"8782ee0f-1dfa-4650-9c2e-2e0d4bef3b4b","benchmark/valid/IMG_2395_1_JPG.rf.49bf0211ab0316eb6fb7f5a8883f936c.jpg","valid/IMG_2395_1_JPG.rf.49bf0211ab0316eb6fb7f5a8883f936c",0,0,"algal_spot",0.514063,0.496875,0.857031,0.471094,54.750023,167.249985,603.250000,468.750000,1,0,0,"algal_spot",0.950218,25.941711,159.068024,605.607483,465.233215,579.665771,306.165192,177473.484375,0.911045
"a3c331cb-45ea-4511-9d6c-cd66cc8807b1",25,"15650339-534b-41e2-bce8-fb1f525aaebd","benchmark/train/IMG_2929_1_JPG.rf.ff2f5383bd01d27fab06b707c968c22c.jpg","train/IMG_2929_1_JPG.rf.ff2f5383bd01d27fab06b707c968c22c",0,1,"brown_eye_spot",0.546875,0.490625,0.836719,0.350781,82.250000,201.750000,617.750000,426.250000,1,0,1,"brown_eye_spot",0.651143,81.354309,203.011505,602.492737,432.282715,521.138428,229.271210,119482.039063,0.939906
"a3c331cb-45ea-4511-9d6c-cd66cc8807b1",26,"c6de0ae6-aa78-419e-8499-7d8d7a91fac8","benchmark/train/256_jpg.rf.a27a687f0528f71d991349b8c73313c6.jpg","train/256_jpg.rf.a27a687f0528f71d991349b8c73313c6",0,4,"phoma",0.536719,0.495313,0.624219,0.647656,143.749985,109.750000,543.250000,524.250000,1,0,4,"phoma",0.966387,144.431961,111.943481,543.627441,519.760986,399.195496,407.817505,162798.906250,0.981287
"a3c331cb-45ea-4511-9d6c-cd66cc8807b1",27,"6663fcbd-c5ae-4750-bb1b-440b915da4d3","benchmark/test/522_jpg.rf.3ca54d4dec9fb701a4c8563772855cf6.jpg","test/522_jpg.rf.3ca54d4dec9fb701a4c8563772855cf6",0,4,"phoma",0.501562,0.521875,0.817969,0.626562,59.249992,133.500031,582.750000,534.500000,1,0,4,"phoma",0.961642,64.217194,131.026337,575.470215,537.569519,511.253021,406.543182,207846.437500,0.963597
"a3c331cb-45ea-4511-9d6c-cd66cc8807b1",28,"65994dfb-e1cb-4a46-a02e-95adda3d4ad5","benchmark/train/517_jpg.rf.e4bdc216c4c2309b3af1f2c0d2340b2e.jpg","train/517_jpg.rf.e4bdc216c4c2309b3af1f2c0d2340b2e",0,4,"phoma",0.555469,0.488281,0.636719,0.633594,151.750000,109.750000,559.250000,515.250000,1,0,4,"phoma",0.964205,153.774048,111.049835,563.568726,509.875427,409.794678,398.825592,163436.609375,0.968559
"a3c331cb-45ea-4511-9d6c-cd66cc8807b1",29,"d4222a6a-df42-46b0-bcf2-fa568df1404a","benchmark/test/765_jpg.rf.79e0ba95bed60ba759b98c6d8daa5ca3.jpg","test/765_jpg.rf.79e0ba95bed60ba759b98c6d8daa5ca3",0,2,"healthy",0.509375,0.501562,0.759375,0.649219,82.999992,113.249985,569.000000,528.750000,1,0,2,"healthy",0.929696,82.906845,117.053314,566.720947,529.663940,483.814087,412.610626,199626.828125,0.983859
"a3c331cb-45ea-4511-9d6c-cd66cc8807b1",30,"2746330e-1943-4c31-b4af-443b11f2b539","benchmark/valid/IMG_3021_JPG.rf.89306bc7d476d7e2fe7f644a00036016.jpg","valid/IMG_3021_JPG.rf.89306bc7d476d7e2fe7f644a00036016",0,1,"brown_eye_spot",0.497656,0.494531,0.439063,0.695313,178.000000,94.000000,459.000000,539.000000,1,0,1,"brown_eye_spot",0.959483,177.701767,76.805786,457.805359,536.130737,280.103577,459.324951,128658.562500,0.951671
"a3c331cb-45ea-4511-9d6c-cd66cc8807b1",31,"61f902bc-d0ac-4f2e-ba45-1821d513226e","benchmark/train/IMG_2835_2_JPG.rf.97f48a16fd22ab0ebc3794491f9c4b1b.jpg","train/IMG_2835_2_JPG.rf.97f48a16fd22ab0ebc3794491f9c4b1b",0,5,"powdery_mildew",0.465625,0.484375,0.475000,0.815625,146.000000,48.999996,450.000000,571.000000,1,0,5,"powdery_mildew",0.958188,145.873566,45.862198,451.446716,574.386841,305.573151,528.524658,161502.937500,0.982570
"a3c331cb-45ea-4511-9d6c-cd66cc8807b1",32,"80b08e67-b12a-4321-9a54-b63b2b327013","benchmark/train/IMG_2933_2_JPG.rf.6a7321f663ff8ed829b7887be02ac821.jpg","train/IMG_2933_2_JPG.rf.6a7321f663ff8ed829b7887be02ac821",0,4,"phoma",0.398438,0.518750,0.415625,0.696875,122.000000,109.000015,388.000000,555.000000,1,0,4,"phoma",0.953110,123.487305,114.988312,389.701904,561.507690,266.214600,446.519379,118869.976563,0.960958
"a3c331cb-45ea-4511-9d6c-cd66cc8807b1",33,"6535ed33-4099-45a1-acfb-6e78d4eed29b","benchmark/test/863_jpg.rf.dda72c789d4eab757d0d468217b7221c.jpg","test/863_jpg.rf.dda72c789d4eab757d0d468217b7221c",0,2,"healthy",0.535937,0.503906,0.783594,0.610156,92.249985,127.250000,593.750000,517.750000,1,0,2,"healthy",0.959419,93.837555,135.044586,587.013611,518.638000,493.176056,383.593414,189179.093750,0.961622
"a3c331cb-45ea-4511-9d6c-cd66cc8807b1",34,"0de41519-29b7-4359-a03d-5bafd7d651fb","benchmark/train/IMG_3372_1_JPG.rf.7b1811e505f39da1c63fb01dd58444a0.jpg","train/IMG_3372_1_JPG.rf.7b1811e505f39da1c63fb01dd58444a0",0,1,"brown_eye_spot",0.457812,0.558594,0.463281,0.526563,144.750000,189.000000,441.250000,526.000000,1,0,1,"brown_eye_spot",0.953351,149.112259,185.108124,445.189911,526.817566,296.077637,341.709442,101172.523438,0.959157
"a3c331cb-45ea-4511-9d6c-cd66cc8807b1",35,"2b2d1ea1-537b-4056-b2c7-ae75b81959ad","benchmark/train/IMG_3274_2_JPG.rf.87b57a83c271bb5b8bfd77a2109e6b58.jpg","train/IMG_3274_2_JPG.rf.87b57a83c271bb5b8bfd77a2109e6b58",0,1,"brown_eye_spot",0.575000,0.511719,0.391406,0.895312,242.750000,41.000004,493.249969,614.000000,1,0,1,"brown_eye_spot",0.920370,246.332550,41.485779,495.283875,622.480835,248.951324,580.995056,144639.484375,0.962888
"a3c331cb-45ea-4511-9d6c-cd66cc8807b1",36,"3c3a68cc-cc9c-4445-b114-bd08f9b8c45a","benchmark/train/IMG_3060_JPG.rf.a0a72ae1bd9a38492e92ef2880af0812.jpg","train/IMG_3060_JPG.rf.a0a72ae1bd9a38492e92ef2880af0812",0,0,"algal_spot",0.401563,0.493750,0.484375,0.702344,102.000008,91.250000,412.000000,540.750000,1,0,0,"algal_spot",0.964214,103.868805,89.868744,416.119934,553.090393,312.251129,463.221649,144641.484375,0.952045
"a3c331cb-45ea-4511-9d6c-cd66cc8807b1",37,"6111dc56-2c36-4f5c-b6ee-2d716eb831f8","benchmark/train/IMG_3520_JPG.rf.945bac5ee394bf0b7cd29e244c7ad307.jpg","train/IMG_3520_JPG.rf.945bac5ee394bf0b7cd29e244c7ad307",0,0,"algal_spot",0.514844,0.545313,0.860937,0.538281,54.000015,176.750015,605.000000,521.250000,1,0,0,"algal_spot",0.965340,42.463257,171.422882,595.629944,526.279480,553.166687,354.856598,196294.843750,0.935189
"a3c331cb-45ea-4511-9d6c-cd66cc8807b1",38,"cde0b77a-043f-43b2-b6ab-b1a08c16c244","benchmark/train/396_jpg.rf.ec8551c447977ffdaa2506ca3f047722.jpg","train/396_jpg.rf.ec8551c447977ffdaa2506ca3f047722",0,4,"phoma",0.521875,0.514063,0.839063,0.594531,65.500015,138.750015,602.500000,519.250000,1,0,4,"phoma",0.970779,68.246033,136.638809,596.784241,514.636719,528.538208,377.997925,199786.343750,0.967028
"a3c331cb-45ea-4511-9d6c-cd66cc8807b1",39,"7a40b94f-30ad-4900-8b54-00ed5b15b78d","benchmark/valid/IMG_2345_1_JPG.rf.5cb1c3e6a21b1d4b78f73dfd41b040c2.jpg","valid/IMG_2345_1_JPG.rf.5cb1c3e6a21b1d4b78f73dfd41b040c2",0,3,"miner",0.454688,0.479688,0.586719,0.919531,103.250008,12.750015,478.750000,601.250000,1,0,3,"miner",0.941596,111.682968,37.512573,476.493774,593.697693,364.810791,556.185120,202902.328125,0.918186
"a3c331cb-45ea-4511-9d6c-cd66cc8807b1",40,"9eaa8497-9c52-48ef-b792-3ec9be22dfbb","benchmark/valid/IMG_3338_JPG.rf.9161af4b939f6be56a17cc2c79def2da.jpg","valid/IMG_3338_JPG.rf.9161af4b939f6be56a17cc2c79def2da",0,3,"miner",0.520312,0.459375,0.506250,0.503906,170.999985,132.750000,495.000000,455.250000,1,0,3,"miner",0.932415,174.203232,137.179108,492.411926,452.708923,318.208679,315.529816,100404.328125,0.960899
"a3c331cb-45ea-4511-9d6c-cd66cc8807b1",41,"b5a77ddd-e652-45bf-8c60-f903965cd50e","benchmark/train/247_jpg.rf.6ee86540aec9ee72f5d8178435573360.jpg","train/247_jpg.rf.6ee86540aec9ee72f5d8178435573360",0,4,"phoma",0.489844,0.425000,0.818750,0.725000,51.499996,40.000000,575.500000,504.000000,1,0,4,"phoma",0.968056,52.103180,39.184174,571.422791,510.058319,519.319580,470.874146,244534.156250,0.976727
"a3c331cb-45ea-4511-9d6c-cd66cc8807b1",42,"bd6a32d4-aa3c-4389-8a7b-29d3499e5104","benchmark/train/699_jpg.rf.da7a74e5d550954a4924842795b024f9.jpg","train/699_jpg.rf.da7a74e5d550954a4924842795b024f9",0,4,"phoma",0.532812,0.485156,0.773438,0.676562,93.499985,94.000000,588.500000,527.000000,1,0,4,"phoma",0.968706,85.420303,95.533966,582.936646,529.805908,497.516357,434.271942,216057.390625,0.963316
"a3c331cb-45ea-4511-9d6c-cd66cc8807b1",43,"0e39e7e1-a1e6-49b8-89ec-5aba499b21ff","benchmark/train/IMG_3307_JPG.rf.34aa78614eeed745f29af941e2bfede7.jpg","train/IMG_3307_JPG.rf.34aa78614eeed745f29af941e2bfede7",0,3,"miner",0.507813,0.517187,0.480469,0.618750,171.250000,133.000000,478.750000,529.000000,1,0,3,"miner",0.961411,170.270569,125.824310,474.030182,531.211609,303.759613,405.387299,123140.289063,0.959136
"a3c331cb-45ea-4511-9d6c-cd66cc8807b1",44,"690db992-2ba8-4aaf-afaa-38715517e10f","benchmark/train/IMG_2870_2_JPG.rf.ff3649920dc54a6007c136723caeb8e8.jpg","train/IMG_2870_2_JPG.rf.ff3649920dc54a6007c136723caeb8e8",0,3,"miner",0.549219,0.446875,0.748438,0.641406,112.000008,80.750008,591.000000,491.250000,1,0,3,"miner",0.947829,107.547363,83.987152,599.202209,494.237091,491.654846,410.249939,201701.375000,0.959789
"a3c331cb-45ea-4511-9d6c-cd66cc8807b1",45,"97a4fbf0-11c4-4d45-b944-1427f9006e20","benchmark/train/IMG_3095_JPG.rf.2c04b5ecaea7897a6ee65dcb8fc9bb34.jpg","train/IMG_3095_JPG.rf.2c04b5ecaea7897a6ee65dcb8fc9bb34",0,4,"phoma",0.458594,0.532812,0.685938,0.860156,74.000000,65.749985,513.000000,616.250000,1,0,4,"phoma",0.956741,70.579269,71.041611,514.950439,628.830322,444.371155,557.788696,247865.203125,0.956666
"a3c331cb-45ea-4511-9d6c-cd66cc8807b1",46,"346f4ccf-2b6d-4859-9b0a-b12dd65e9c9f","benchmark/valid/677_jpg.rf.a9c1b9e63174178b69dfb8a009df7f75.jpg","valid/677_jpg.rf.a9c1b9e63174178b69dfb8a009df7f75",0,4,"phoma",0.518750,0.498437,0.696094,0.689062,109.250015,98.500000,554.750000,539.500000,1,0,4,"phoma",0.968508,104.637878,98.344482,555.117676,538.173950,450.479797,439.829468,198134.296875,0.985657
"a3c331cb-45ea-4511-9d6c-cd66cc8807b1",47,"15b1c0e6-0b8d-4825-b81b-00c73c6ece45","benchmark/train/IMG_3613_2_JPG.rf.eaef06be6dde63f543c0ea74bce71a71.jpg","train/IMG_3613_2_JPG.rf.eaef06be6dde63f543c0ea74bce71a71",0,0,"algal_spot",0.470313,0.582812,0.552344,0.574219,124.250015,189.250000,477.750000,556.750000,1,0,0,"algal_spot",0.958884,136.315582,189.636139,478.735931,551.337708,342.420349,361.701569,123853.976563,0.948026
"a3c331cb-45ea-4511-9d6c-cd66cc8807b1",48,"6ea05a8f-7a91-4660-acb7-ce24a74d9d9e","benchmark/test/IMG_3329_JPG.rf.3bf682fd5837767aa1637b4674668455.jpg","test/IMG_3329_JPG.rf.3bf682fd5837767aa1637b4674668455",0,1,"brown_eye_spot",0.653125,0.329688,0.364844,0.413281,301.250000,78.750000,534.750000,343.250000,1,1,1,"brown_eye_spot",0.882783,299.880890,81.165283,537.731934,350.274231,237.851044,269.108948,64007.843750,0.947732
"a3c331cb-45ea-4511-9d6c-cd66cc8807b1",48,"6ea05a8f-7a91-4660-acb7-ce24a74d9d9e","benchmark/test/IMG_3329_JPG.rf.3bf682fd5837767aa1637b4674668455.jpg","test/IMG_3329_JPG.rf.3bf682fd5837767aa1637b4674668455",1,1,"brown_eye_spot",0.364062,0.520312,0.249219,0.667969,153.249985,119.249992,312.750000,546.750000,1,0,1,"brown_eye_spot",0.908079,152.338623,113.515442,315.288147,557.767639,162.949524,444.252197,72390.687500,0.941920
"a3c331cb-45ea-4511-9d6c-cd66cc8807b1",49,"ea1991b9-90a5-49d6-a040-d34f60b954e2","benchmark/valid/IMG_2641_JPG.rf.31965b5256aba036ca4bc23521515227.jpg","valid/IMG_2641_JPG.rf.31965b5256aba036ca4bc23521515227",0,1,"brown_eye_spot",0.510938,0.431250,0.683594,0.571094,108.250008,93.250008,545.750000,458.750000,1,0,1,"brown_eye_spot",0.956068,104.063110,93.275513,545.623962,444.730469,441.560852,351.454956,155188.750000,0.952531
"a3c331cb-45ea-4511-9d6c-cd66cc8807b1",50,"7384d685-c3d5-48e6-8f42-23a80b43a4e0","benchmark/train/IMG_2951_1_JPG.rf.49577672dcad3540f2fb5ff0b42cca77.jpg","train/IMG_2951_1_JPG.rf.49577672dcad3540f2fb5ff0b42cca77",0,3,"miner",0.531250,0.485938,0.446875,0.813281,197.000000,50.750008,483.000000,571.250000,1,0,3,"miner",0.953102,199.216492,46.979874,476.603363,574.876099,277.386871,527.896240,146431.484375,0.956699
"a3c331cb-45ea-4511-9d6c-cd66cc8807b1",51,"985bb756-f184-456b-8c28-4783d847f593","benchmark/train/593_jpg.rf.832c301aa9a52b14199bfdcf50c1ceb7.jpg","train/593_jpg.rf.832c301aa9a52b14199bfdcf50c1ceb7",0,4,"phoma",0.503906,0.512500,0.887500,0.592188,38.500004,138.499985,606.500000,517.500000,1,0,4,"phoma",0.961050,37.510162,137.335007,602.179871,520.594177,564.669678,383.259155,216414.828125,0.979741
"a3c331cb-45ea-4511-9d6c-cd66cc8807b1",52,"51b0ffb9-2d4e-40e0-8d9b-e5533b1ce5d5","benchmark/train/IMG_2315_JPG.rf.fb115a934b740005e64810f5b08c8544.jpg","train/IMG_2315_JPG.rf.fb115a934b740005e64810f5b08c8544",0,1,"brown_eye_spot",0.555469,0.526563,0.770312,0.586719,109.000000,149.250015,602.000000,524.750000,1,0,1,"brown_eye_spot",0.940758,101.625244,146.883087,604.388184,529.779480,502.762939,382.896393,192506.109375,0.961640
"a3c331cb-45ea-4511-9d6c-cd66cc8807b1",53,"80142c6b-73b4-4c28-b1a0-815ed916058c","benchmark/train/IMG_2369_1_JPG.rf.8590161d1d76d3433261006099aeea4f.jpg","train/IMG_2369_1_JPG.rf.8590161d1d76d3433261006099aeea4f",0,3,"miner",0.537500,0.575000,0.909375,0.438281,53.000011,227.750000,635.000000,508.249969,1,0,3,"miner",0.939782,50.742188,227.152206,634.503357,504.316040,583.761169,277.163818,161797.468750,0.979295
"a3c331cb-45ea-4511-9d6c-cd66cc8807b1",54,"3060d2f4-9299-497b-a191-dc6f59d234ff","benchmark/train/IMG_3259_2_JPG.rf.81ad4613e85b5c18ce06908f4d377877.jpg","train/IMG_3259_2_JPG.rf.81ad4613e85b5c18ce06908f4d377877",0,3,"miner",0.484375,0.465625,0.508594,0.794531,147.250000,43.750000,472.750000,552.250000,1,0,3,"miner",0.940843,147.993408,36.397125,471.736298,554.775269,323.742889,518.378174,167821.250000,0.975749
"a3c331cb-45ea-4511-9d6c-cd66cc8807b1",55,"3a20dab9-5542-41e0-a2b2-a9891e8a0ab8","benchmark/train/IMG_2731_1_JPG.rf.a9cb312bd61c4ec7f5ca159e20b834e5.jpg","train/IMG_2731_1_JPG.rf.a9cb312bd61c4ec7f5ca159e20b834e5",0,0,"algal_spot",0.425000,0.551562,0.583594,0.407031,85.250015,222.750000,458.750000,483.249969,1,0,0,"algal_spot",0.965121,85.951904,224.311874,460.540771,489.369202,374.588867,265.057312,99287.515625,0.964809
"a3c331cb-45ea-4511-9d6c-cd66cc8807b1",56,"957497e5-6ec4-471e-ae5f-ffee96a41c58","benchmark/valid/IMG_3155_2_JPG.rf.e3d2bdd8690e9653b8fc6492df2f5425.jpg","valid/IMG_3155_2_JPG.rf.e3d2bdd8690e9653b8fc6492df2f5425",0,1,"brown_eye_spot",0.471094,0.617969,0.479688,0.682813,148.000000,176.999985,455.000000,614.000000,1,0,1,"brown_eye_spot",0.819207,145.236023,176.279510,461.356750,633.479004,316.120728,457.199493,144530.234375,0.928242
"a3c331cb-45ea-4511-9d6c-cd66cc8807b1",57,"261bdb3b-be6e-45d0-a65e-eacf3f726953","benchmark/train/IMG_3083_JPG.rf.325f59ee4e9cfbe3e932e556630f7d71.jpg","train/IMG_3083_JPG.rf.325f59ee4e9cfbe3e932e556630f7d71",0,1,"brown_eye_spot",0.465625,0.498437,0.366406,0.622656,180.749985,119.750000,415.250000,518.250000,1,0,1,"brown_eye_spot",0.952576,184.792938,119.649353,414.543304,526.919189,229.750366,407.269836,93570.390625,0.959067
"a3c331cb-45ea-4511-9d6c-cd66cc8807b1",58,"d24fa28a-bba9-43a2-b086-786ee06eab51","benchmark/valid/IMG_2881_JPG.rf.e061b55e639d7a6d85f729b19b618094.jpg","valid/IMG_2881_JPG.rf.e061b55e639d7a6d85f729b19b618094",0,1,"brown_eye_spot",0.433594,0.575000,0.460938,0.743750,130.000000,130.000000,425.000000,606.000000,1,0,1,"brown_eye_spot",0.957438,131.218323,122.111160,422.788208,618.058289,291.569885,495.947144,144603.250000,0.949064
"a3c331cb-45ea-4511-9d6c-cd66cc8807b1",59,"e0a2f360-f0cb-4a53-bd6c-c4f5c7511711","benchmark/train/IMG_2407_1_JPG.rf.f3d7ec32e9803de9191bfd339360a8c6.jpg","train/IMG_2407_1_JPG.rf.f3d7ec32e9803de9191bfd339360a8c6",0,3,"miner",0.457812,0.532031,0.635156,0.610937,89.749985,145.000000,496.250000,536.000000,1,0,3,"miner",0.956405,100.039536,131.794525,499.820770,534.950378,399.781250,403.155853,161174.156250,0.932911
"a3c331cb-45ea-4511-9d6c-cd66cc8807b1",60,"fbd12345-ebb8-4efa-b1aa-d69e394dfd52","benchmark/train/IMG_2637_2_JPG.rf.e9349f8b6acd570134e06ee1b6a03018.jpg","train/IMG_2637_2_JPG.rf.e9349f8b6acd570134e06ee1b6a03018",0,1,"brown_eye_spot",0.644531,0.499219,0.592188,0.660937,223.000000,108.000015,602.000000,531.000000,1,0,1,"brown_eye_spot",0.959650,219.709167,112.978241,596.270752,529.255432,376.561584,416.277191,156754.000000,0.961018
"a3c331cb-45ea-4511-9d6c-cd66cc8807b1",61,"a80ff504-9375-4c56-8ea4-042f9ac8c6fe","benchmark/test/IMG_2923_JPG.rf.35d724cb51be966d873fddd542792598.jpg","test/IMG_2923_JPG.rf.35d724cb51be966d873fddd542792598",0,1,"brown_eye_spot",0.495313,0.539844,0.906250,0.379687,27.000008,224.000000,607.000000,466.999969,1,0,1,"brown_eye_spot",0.916680,19.379395,218.065811,608.702271,466.912811,589.322876,248.847000,146651.234375,0.960380
"a3c331cb-45ea-4511-9d6c-cd66cc8807b1",62,"b7432af7-ea6c-4075-b0a6-b8a997c3471f","benchmark/valid/IMG_2473_JPG.rf.9826c3fbac76d568952c41c1b38f8deb.jpg","valid/IMG_2473_JPG.rf.9826c3fbac76d568952c41c1b38f8deb",0,1,"brown_eye_spot",0.523438,0.505469,0.474219,0.645312,183.250000,116.999985,486.750000,530.000000,1,0,1,"brown_eye_spot",0.950073,182.058350,110.620575,484.706970,537.408875,302.648621,426.788300,129166.890625,0.957627
"a3c331cb-45ea-4511-9d6c-cd66cc8807b1",63,"d298db2e-1b4e-4996-b4c1-08fb8a3fd727","benchmark/train/IMG_3212_1_JPG.rf.687e4f83694fb7744a55aa2bca9611ae.jpg","train/IMG_3212_1_JPG.rf.687e4f83694fb7744a55aa2bca9611ae",0,3,"miner",0.484375,0.576563,0.613281,0.399219,113.750000,241.250015,506.250000,496.750031,1,0,3,"miner",0.947489,99.390823,243.928833,512.128784,494.216370,412.737976,250.287537,103303.171875,0.932499
"a3c331cb-45ea-4511-9d6c-cd66cc8807b1",64,"983fa166-4a9e-422f-912f-75036db62fd1","benchmark/train/700_jpg.rf.2644989503d14b6360e4dee9eca2b23e.jpg","train/700_jpg.rf.2644989503d14b6360e4dee9eca2b23e",0,4,"phoma",0.484375,0.478906,0.844531,0.617969,39.750004,108.750000,580.250000,504.250000,1,0,4,"phoma",0.955920,31.704834,108.785507,579.092773,504.887573,547.387939,396.102051,216821.484375,0.981558
"a3c331cb-45ea-4511-9d6c-cd66cc8807b1",65,"f8cbcf10-ad9e-4d7a-8b5a-f83175366e14","benchmark/test/IMG_3386_2_JPG.rf.b2822ee9cd9a8219cf95fc2cec9f46cb.jpg","test/IMG_3386_2_JPG.rf.b2822ee9cd9a8219cf95fc2cec9f46cb",0,1,"brown_eye_spot",0.509375,0.439844,0.489844,0.567187,169.250000,100.000000,482.749969,463.000000,1,0,1,"brown_eye_spot",0.941615,172.753937,100.157745,476.698181,469.335205,303.944244,369.177460,112209.367188,0.952973
"a3c331cb-45ea-4511-9d6c-cd66cc8807b1",66,"3fd3c625-5523-4aba-97d8-11690475ed77","benchmark/train/622_jpg.rf.d7fa2d90ea36aa8546a5c46853c8b1ab.jpg","train/622_jpg.rf.d7fa2d90ea36aa8546a5c46853c8b1ab",0,4,"phoma",0.489844,0.529688,0.779688,0.657031,63.999996,128.750015,563.000000,549.250000,1,0,4,"phoma",0.951159,65.966736,126.721512,556.564941,550.235779,490.598206,423.514282,207775.343750,0.976282
"a3c331cb-45ea-4511-9d6c-cd66cc8807b1",67,"2a5d2631-3cc3-4b39-8445-e8398664b0e4","benchmark/train/786_jpg.rf.4f8541a2a4f0b1a0f85c5bf07ac42aba.jpg","train/786_jpg.rf.4f8541a2a4f0b1a0f85c5bf07ac42aba",0,4,"phoma",0.507813,0.553906,0.910156,0.664063,33.750000,142.000000,616.250000,567.000000,1,0,4,"phoma",0.968382,35.075684,138.277466,616.016846,568.571472,580.941162,430.294006,249975.500000,0.985086
"a3c331cb-45ea-4511-9d6c-cd66cc8807b1",68,"b6bdbf7d-a2c5-4692-804e-94f9ef3e1eac","benchmark/train/IMG_2735_2_JPG.rf.7d62e7a09fa6e7fb6b473408bbd23a48.jpg","train/IMG_2735_2_JPG.rf.7d62e7a09fa6e7fb6b473408bbd23a48",0,0,"algal_spot",0.421875,0.496875,0.563281,0.717969,89.750000,88.249985,450.250000,547.750000,1,0,0,"algal_spot",0.972600,80.357452,83.769043,446.966370,545.010498,366.608917,461.241455,169095.234375,0.950925
"a3c331cb-45ea-4511-9d6c-cd66cc8807b1",69,"1b9ddd4e-e8f0-480e-89b1-e7946518eff4","benchmark/train/IMG_3663_JPG.rf.ada17c5cf963891333845a202723d36c.jpg","train/IMG_3663_JPG.rf.ada17c5cf963891333845a202723d36c",0,0,"algal_spot",0.302344,0.425781,0.399219,0.371875,65.750008,153.500000,321.250000,391.500000,1,0,0,"algal_spot",0.728535,40.665131,138.452118,331.093842,413.096832,290.428711,274.644714,79764.710938,0.762355
"a3c331cb-45ea-4511-9d6c-cd66cc8807b1",70,"b8c29b6b-cff3-417f-8558-e383d65df229","benchmark/valid/IMG_2521_2_JPG.rf.9fd0f8f20d633dc4bd05cf1101e1a3f2.jpg","valid/IMG_2521_2_JPG.rf.9fd0f8f20d633dc4bd05cf1101e1a3f2",0,0,"algal_spot",0.607813,0.423438,0.584375,0.719531,202.000000,40.750008,576.000000,501.250000,1,0,0,"algal_spot",0.955314,204.962021,47.801941,581.266235,503.943176,376.304199,456.141235,171647.859375,0.957968
"a3c331cb-45ea-4511-9d6c-cd66cc8807b1",71,"6cc1416a-3da9-4c42-b317-2f6eac94f486","benchmark/train/922_jpg.rf.31c921ea159ed42cc82322e11967795a.jpg","train/922_jpg.rf.31c921ea159ed42cc82322e11967795a",0,2,"healthy",0.499219,0.469531,0.935156,0.715625,20.250015,71.500000,618.750000,529.500000,1,0,2,"healthy",0.959036,25.243896,69.097229,620.106140,545.705627,594.862244,476.608398,283516.343750,0.951093
"a3c331cb-45ea-4511-9d6c-cd66cc8807b1",72,"69fc1283-59ca-40d2-a488-2fe86269f7a5","benchmark/train/IMG_2709_JPG.rf.508e8dd88d1639478daeda3f7e2d63e2.jpg","train/IMG_2709_JPG.rf.508e8dd88d1639478daeda3f7e2d63e2",0,0,"algal_spot",0.552344,0.533594,0.554688,0.426562,175.999985,205.000015,531.000000,478.000031,1,0,0,"algal_spot",0.778167,171.164429,193.948257,525.707581,484.389313,354.543152,290.441040,102973.882813,0.914301
"a3c331cb-45ea-4511-9d6c-cd66cc8807b1",73,"b86db117-73e5-48b9-84ea-8c5a122bfda2","benchmark/train/473_jpg.rf.459e497376120d3f2fbad4001f889241.jpg","train/473_jpg.rf.459e497376120d3f2fbad4001f889241",0,4,"phoma",0.507031,0.478906,0.742969,0.809375,86.750015,47.500000,562.250000,565.500000,1,0,4,"phoma",0.959675,78.894836,58.581512,562.899597,563.464233,484.004761,504.882721,244365.640625,0.957977
"a3c331cb-45ea-4511-9d6c-cd66cc8807b1",74,"2d5dcada-4c34-4dff-9812-4a944306a79e","benchmark/train/IMG_2392_1_JPG.rf.d26a89756752c1fa0796f30710a3cddb.jpg","train/IMG_2392_1_JPG.rf.d26a89756752c1fa0796f30710a3cddb",0,1,"brown_eye_spot",0.439844,0.495313,0.617188,0.612500,84.000000,121.000000,479.000000,513.000000,1,0,1,"brown_eye_spot",0.951705,85.795288,119.780487,474.114502,509.485596,388.319214,389.705109,151329.984375,0.971302
"a3c331cb-45ea-4511-9d6c-cd66cc8807b1",75,"e919f5e6-d723-4c82-9d95-81a7aaa908f0","benchmark/valid/IMG_2730_1_JPG.rf.13539fd4c746cbf0418dd50958f23b7a.jpg","valid/IMG_2730_1_JPG.rf.13539fd4c746cbf0418dd50958f23b7a",0,0,"algal_spot",0.418750,0.514063,0.569531,0.500781,85.749985,168.750015,450.250000,489.250031,1,0,0,"algal_spot",0.963096,87.758331,164.148605,454.808990,483.555817,367.050659,319.407227,117238.632813,0.951379
"a3c331cb-45ea-4511-9d6c-cd66cc8807b1",76,"a8d65727-e205-4c2b-99db-76a781c98145","benchmark/train/IMG_3361_JPG.rf.c015a4ca139362e8a677f004c2d33a96.jpg","train/IMG_3361_JPG.rf.c015a4ca139362e8a677f004c2d33a96",0,1,"brown_eye_spot",0.600781,0.554688,0.632813,0.431250,182.000000,217.000000,587.000000,493.000000,1,0,1,"brown_eye_spot",0.923686,176.862411,217.827316,588.313599,499.487885,411.451172,281.660583,115889.578125,0.958875
"a3c331cb-45ea-4511-9d6c-cd66cc8807b1",77,"b46dd2ad-1733-4880-b4ba-c33635a2da79","benchmark/train/676_jpg.rf.29870ade49626154aacc985bb7e499a9.jpg","train/676_jpg.rf.29870ade49626154aacc985bb7e499a9",0,4,"phoma",0.503125,0.531250,0.833594,0.600781,55.250015,147.750000,588.750000,532.250000,1,0,4,"phoma",0.966329,54.062683,144.983856,583.061035,536.665649,528.998352,391.681793,207199.015625,0.969229
"a3c331cb-45ea-4511-9d6c-cd66cc8807b1",78,"748bcb0a-7fa7-4387-bf76-4625590bcbd5","benchmark/train/IMG_20240125_154405_112_jpg.rf.cf20b8ee6a6332f8c312031c5ddbdafc.jpg","train/IMG_20240125_154405_112_jpg.rf.cf20b8ee6a6332f8c312031c5ddbdafc",0,2,"healthy",0.356250,0.532812,0.600000,0.933594,35.999985,42.249985,420.000000,639.000000,1,0,2,"healthy",0.628471,28.161194,36.622375,421.254761,639.000000,393.093567,602.377625,236790.765625,0.967740
"a3c331cb-45ea-4511-9d6c-cd66cc8807b1",79,"7a50abe5-97e8-4116-9322-afaaa76163dd","benchmark/train/459_jpg.rf.41964d0deb4968a20eec0ddcba780437.jpg","train/459_jpg.rf.41964d0deb4968a20eec0ddcba780437",0,4,"phoma",0.500000,0.507031,0.594531,0.723437,129.750000,93.000015,510.250000,556.000000,1,0,4,"phoma",0.951027,131.280426,94.169189,520.806641,563.047180,389.526215,468.877991,182640.265625,0.952272
"a3c331cb-45ea-4511-9d6c-cd66cc8807b1",80,"5309de6e-c6ba-4b53-afbf-b1c71778e367","benchmark/valid/IMG_2892_1_JPG.rf.951dd7a4d56930f366c4282b1c4c1e57.jpg","valid/IMG_2892_1_JPG.rf.951dd7a4d56930f366c4282b1c4c1e57",0,1,"brown_eye_spot",0.559375,0.486719,0.680469,0.948438,140.250000,7.999992,575.750000,615.000000,1,0,1,"brown_eye_spot",0.948008,144.383499,6.600449,567.539246,637.785339,423.155762,631.184875,267089.531250,0.935441
"a3c331cb-45ea-4511-9d6c-cd66cc8807b1",81,"c9c587da-40de-4856-a512-94c4d4873e98","benchmark/test/IMG_3318_2_JPG.rf.ada2f49fbc9065ccba9403820845a00e.jpg","test/IMG_3318_2_JPG.rf.ada2f49fbc9065ccba9403820845a00e",0,3,"miner",0.448438,0.615625,0.852344,0.416406,14.250011,260.750000,559.750000,527.250000,1,0,3,"miner",0.936053,10.659851,268.260620,562.193848,531.573364,551.533997,263.312744,145225.937500,0.946128
"a3c331cb-45ea-4511-9d6c-cd66cc8807b1",82,"87767091-2cbc-4721-9aaa-2d9fb35b1b95","benchmark/valid/755_jpg.rf.71aae36aa360f47fad662887757302aa.jpg","valid/755_jpg.rf.71aae36aa360f47fad662887757302aa",0,2,"healthy",0.530469,0.521875,0.769531,0.644531,93.250008,127.750015,585.750000,540.250000,1,0,2,"healthy",0.804999,95.020706,127.554138,582.309326,541.267822,487.288635,413.713684,201597.968750,0.986547
"a3c331cb-45ea-4511-9d6c-cd66cc8807b1",83,"f726b6bf-9968-4d8d-bfe4-9cd906b56bda","benchmark/train/PXL_20240125_083331116_jpg.rf.8276eb96dff2a4a141695d5c449821b0.jpg","train/PXL_20240125_083331116_jpg.rf.8276eb96dff2a4a141695d5c449821b0",0,2,"healthy",0.465625,0.531250,0.670313,0.921875,83.499985,45.000000,512.500000,635.000000,1,0,2,"healthy",0.917794,95.763855,59.237213,504.470215,610.954712,408.706360,551.717529,225490.468750,0.890879
"a3c331cb-45ea-4511-9d6c-cd66cc8807b1",84,"b1ade1c3-be93-42a1-bbe8-db5e0d75c87e","benchmark/valid/IMG_2949_2_JPG.rf.b965ddd5bfb06c5fa302c9436ea4ed2a.jpg","valid/IMG_2949_2_JPG.rf.b965ddd5bfb06c5fa302c9436ea4ed2a",0,1,"brown_eye_spot",0.510938,0.579687,0.860156,0.744531,51.750011,132.749969,602.250000,609.250000,1,0,1,"brown_eye_spot",0.946710,52.788177,128.147125,606.635742,628.580017,553.847534,500.432892,277163.531250,0.942953
"a3c331cb-45ea-4511-9d6c-cd66cc8807b1",85,"bd904e48-cca4-4241-a65e-4877652be4f5","benchmark/train/IMG_3611_JPG.rf.f2baaf87fe310c1b8c697846e94b5764.jpg","train/IMG_3611_JPG.rf.f2baaf87fe310c1b8c697846e94b5764",0,0,"algal_spot",0.438281,0.571094,0.798437,0.395312,25.000000,239.000000,536.000000,491.999969,1,0,0,"algal_spot",0.952774,24.035400,233.478577,529.222046,497.596375,505.186646,264.117798,133428.781250,0.943945
"a3c331cb-45ea-4511-9d6c-cd66cc8807b1",86,"9fe1ab55-ba17-4dc8-938e-e935ec622730","benchmark/train/IMG_3542_2_JPG.rf.7ff522843ef4a33ad5800488b5012a69.jpg","train/IMG_3542_2_JPG.rf.7ff522843ef4a33ad5800488b5012a69",0,0,"algal_spot",0.504687,0.518750,0.813281,0.808594,62.749996,73.250008,583.250000,590.750000,1,0,0,"algal_spot",0.910184,47.991455,72.798447,570.516968,592.227844,522.525513,519.429382,271415.093750,0.945198
"a3c331cb-45ea-4511-9d6c-cd66cc8807b1",87,"6759381b-e9b9-4466-867d-7cb50204fbdd","benchmark/valid/IMG_2718_1_JPG.rf.9c335b2f2cdfd99ce81144600ff1ff87.jpg","valid/IMG_2718_1_JPG.rf.9c335b2f2cdfd99ce81144600ff1ff87",0,0,"algal_spot",0.499219,0.453125,0.882813,0.468750,37.000008,140.000000,602.000000,440.000000,1,0,0,"algal_spot",0.925294,29.745544,147.997650,594.135071,440.601166,564.389526,292.603516,165142.359375,0.946075
"a3c331cb-45ea-4511-9d6c-cd66cc8807b1",88,"d35cb14e-7cc7-491c-b80b-2291baf9c5a7","benchmark/train/IMG_2663_JPG.rf.77fe91cb12393d1308a2577cfff73177.jpg","train/IMG_2663_JPG.rf.77fe91cb12393d1308a2577cfff73177",0,1,"brown_eye_spot",0.556250,0.543750,0.574219,0.774219,172.249985,100.250000,539.750000,595.750000,1,0,1,"brown_eye_spot",0.949231,176.861725,99.990631,531.505249,595.361572,354.643524,495.370941,175680.093750,0.963773
"a3c331cb-45ea-4511-9d6c-cd66cc8807b1",89,"a2d4977a-747f-4397-b7d1-4d825372439d","benchmark/valid/IMG_2310_2_JPG.rf.8292321de5dad470f56c149f00b21a4a.jpg","valid/IMG_2310_2_JPG.rf.8292321de5dad470f56c149f00b21a4a",0,1,"brown_eye_spot",0.575000,0.501562,0.475000,0.753125,215.999985,79.999985,520.000000,562.000000,1,0,1,"brown_eye_spot",0.673115,218.086029,86.175995,520.525879,561.140686,302.439850,474.964691,143648.250000,0.976977
"a3c331cb-45ea-4511-9d6c-cd66cc8807b1",90,"fdc1dbba-cc10-4cef-926e-39d93af9158a","benchmark/train/IMG_2530_JPG.rf.ff86582ce5cb45d192e14bccbce51d91.jpg","train/IMG_2530_JPG.rf.ff86582ce5cb45d192e14bccbce51d91",0,1,"brown_eye_spot",0.481250,0.479688,0.646875,0.646094,100.999985,100.250015,515.000000,513.750000,1,0,1,"brown_eye_spot",0.954055,98.441910,101.988251,511.382599,509.839020,412.940674,407.850769,168418.171875,0.971797
"a3c331cb-45ea-4511-9d6c-cd66cc8807b1",91,"89ace801-5385-43aa-9f70-900ac7f4947d","benchmark/valid/IMG_3480_2_JPG.rf.f01378f79b0abf7779905f5dff19ff00.jpg","valid/IMG_3480_2_JPG.rf.f01378f79b0abf7779905f5dff19ff00",0,3,"miner",0.539844,0.390625,0.860937,0.371875,70.000000,131.000000,621.000000,369.000000,1,0,3,"miner",0.949380,96.507721,123.271332,632.951538,376.139740,536.443848,252.868408,135649.703125,0.879336
"a3c331cb-45ea-4511-9d6c-cd66cc8807b1",91,"89ace801-5385-43aa-9f70-900ac7f4947d","benchmark/valid/IMG_3480_2_JPG.rf.f01378f79b0abf7779905f5dff19ff00.jpg","valid/IMG_3480_2_JPG.rf.f01378f79b0abf7779905f5dff19ff00",1,1,"brown_eye_spot",0.182031,0.263281,0.364062,0.526563,0.000000,0.000000,233.000000,337.000000,0,,,,,,,,,,,,0.000000
"a3c331cb-45ea-4511-9d6c-cd66cc8807b1",92,"42d7bde7-46a9-43d8-bcab-4ce0d05bf425","benchmark/train/PXL_20240124_141847057_jpg.rf.4bc0e1d0c5afdb7a2db320ba566ccc9b.jpg","train/PXL_20240124_141847057_jpg.rf.4bc0e1d0c5afdb7a2db320ba566ccc9b",0,2,"healthy",0.528125,0.500000,0.565625,1.000000,156.999985,0.000000,519.000000,639.000000,1,0,2,"healthy",0.965962,157.326355,14.715042,522.473694,639.000000,365.147339,624.284973,227956.000000,0.967025
"a3c331cb-45ea-4511-9d6c-cd66cc8807b1",93,"4af17c72-3e51-49a5-9a9b-24579aad0593","benchmark/train/IMG_3006_1_JPG.rf.7c5924150034c887d7c48a7cff14b654.jpg","train/IMG_3006_1_JPG.rf.7c5924150034c887d7c48a7cff14b654",0,3,"miner",0.453125,0.543750,0.844531,0.385156,19.750004,224.749985,560.250000,471.250000,1,0,3,"miner",0.946623,17.401123,221.761475,576.814941,459.914612,559.413818,238.153137,133226.156250,0.912119
"a3c331cb-45ea-4511-9d6c-cd66cc8807b1",94,"99c63e8e-a9d2-49e7-896f-6d778ff9fa3e","benchmark/train/IMG_2843_JPG.rf.d3305987f4521e6f356095d3e669183f.jpg","train/IMG_2843_JPG.rf.d3305987f4521e6f356095d3e669183f",0,5,"powdery_mildew",0.567187,0.484375,0.543750,0.787500,189.000000,57.999992,537.000000,562.000000,1,0,5,"powdery_mildew",0.943921,186.479630,61.523071,541.576172,562.746338,355.096558,501.223267,177982.656250,0.971861
"a3c331cb-45ea-4511-9d6c-cd66cc8807b1",95,"d8901a87-e7e0-4d6b-8b6a-ac52b8644378","benchmark/valid/711_jpg.rf.d79457900f0596b354b294f77167618e.jpg","valid/711_jpg.rf.d79457900f0596b354b294f77167618e",0,4,"phoma",0.514063,0.525000,0.800781,0.559375,72.750015,156.999985,585.250000,515.000000,1,0,4,"phoma",0.964566,73.942688,153.945862,582.334473,519.936890,508.391785,365.991028,186066.828125,0.970495
"a3c331cb-45ea-4511-9d6c-cd66cc8807b1",96,"e8e43de0-7ac1-43b2-91ca-22b8b9bb09b7","benchmark/valid/IMG_2887_1_JPG.rf.0aac2fc4440bb03335ca7203b3db5b9a.jpg","valid/IMG_2887_1_JPG.rf.0aac2fc4440bb03335ca7203b3db5b9a",0,1,"brown_eye_spot",0.521875,0.516406,0.871875,0.470313,55.000019,180.000000,613.000000,481.000000,1,0,1,"brown_eye_spot",0.624516,58.319458,175.359406,618.574158,492.386993,560.254700,317.027588,177616.203125,0.934740
"a3c331cb-45ea-4511-9d6c-cd66cc8807b1",97,"94de30ed-f4a8-4a4f-9d87-ae3d522965d8","benchmark/train/IMG_2236_JPG.rf.1f5e9d08b726cfe9583dc7cf75d82ee2.jpg","train/IMG_2236_JPG.rf.1f5e9d08b726cfe9583dc7cf75d82ee2",0,3,"miner",0.536719,0.499219,0.610937,0.707812,148.000000,93.000015,539.000000,546.000000,1,0,3,"miner",0.932050,148.153290,85.832306,560.913879,543.207275,412.760590,457.374969,188786.359375,0.926373
"a3c331cb-45ea-4511-9d6c-cd66cc8807b1",98,"da5569f5-a7ac-419c-b595-e8721cca1bb3","benchmark/train/IMG_3346_2_JPG.rf.b44586090c8934fa24d466df0f6750a1.jpg","train/IMG_3346_2_JPG.rf.b44586090c8934fa24d466df0f6750a1",0,3,"miner",0.544531,0.528125,0.307813,0.672656,249.999985,122.750000,446.999969,553.250000,1,0,3,"miner",0.926869,254.014923,125.573029,445.261597,558.496948,191.246674,432.923920,82795.257813,0.953152
"a3c331cb-45ea-4511-9d6c-cd66cc8807b1",99,"0514f722-c0e0-4a73-bcfc-ea07a01643bc","benchmark/valid/IMG_2335_JPG.rf.397ed7da7fd83e1774de5cecc952f8e8.jpg","valid/IMG_2335_JPG.rf.397ed7da7fd83e1774de5cecc952f8e8",0,1,"brown_eye_spot",0.582812,0.498437,0.681250,0.937500,155.000000,18.999996,591.000000,619.000000,1,0,1,"brown_eye_spot",0.955330,164.994873,6.720734,588.629028,639.000000,423.634155,632.279297,267855.093750,0.923371
"a3c331cb-45ea-4511-9d6c-cd66cc8807b1",100,"29a46a9c-ecb8-4f46-a572-9e20ca85a9ec","benchmark/valid/IMG_2769_2_JPG.rf.d062967511786351d61c1121df62e1f1.jpg","valid/IMG_2769_2_JPG.rf.d062967511786351d61c1121df62e1f1",0,0,"algal_spot",0.487500,0.453125,0.616406,0.636719,114.750000,86.250000,509.250031,493.750000,1,0,0,"algal_spot",0.861719,119.966690,84.011444,505.451599,494.162903,385.484924,410.151459,158107.203125,0.970975
"838dbe8f-70d1-438c-86d4-a389c16ea6b3",1,"bdb63291-e5e6-4319-9efe-5a5c7a290fea","benchmark/train/IMG_2852_JPG.rf.e7b5e5968435a918462ade0dbb9f48d5.jpg","train/IMG_2852_JPG.rf.e7b5e5968435a918462ade0dbb9f48d5",0,5,"powdery_mildew",0.514063,0.442187,0.825781,0.549219,64.750023,107.249985,593.250000,458.750000,1,0,5,"powdery_mildew",0.932694,64.080261,80.194153,603.726624,451.379639,539.646362,371.185486,200308.890625,0.890641
"838dbe8f-70d1-438c-86d4-a389c16ea6b3",2,"ab281a33-3b0a-4e71-bcf7-eef46db659a0","benchmark/test/IMG_3522_2_JPG.rf.a09b4a39e184b603184b0b3c6b87a187.jpg","test/IMG_3522_2_JPG.rf.a09b4a39e184b603184b0b3c6b87a187",0,0,"algal_spot",0.555469,0.523438,0.667188,0.619531,141.999985,136.750000,569.000000,533.250000,1,0,0,"algal_spot",0.953709,128.215851,133.287109,571.129822,543.270935,442.913971,409.983826,181587.562500,0.932363
"838dbe8f-70d1-438c-86d4-a389c16ea6b3",3,"d03a068e-fb9c-45cd-9a35-559791d5a2e1","benchmark/train/1172_jpg.rf.d3c67935f410f681c951122500f11a5f.jpg","train/1172_jpg.rf.d3c67935f410f681c951122500f11a5f",0,4,"phoma",0.509375,0.460938,0.907031,0.632031,35.749989,92.750000,616.250000,497.250000,1,0,4,"phoma",0.950018,35.766296,93.682922,612.440796,503.119080,576.674500,409.436157,236111.390625,0.977036
"838dbe8f-70d1-438c-86d4-a389c16ea6b3",4,"2ebf3047-2b91-465e-ab03-3c406494b205","benchmark/train/IMG_3593_2_JPG.rf.3c31aac58b9c2f2962e30eb10c6e1975.jpg","train/IMG_3593_2_JPG.rf.3c31aac58b9c2f2962e30eb10c6e1975",0,0,"algal_spot",0.632031,0.398438,0.401563,0.478125,276.000000,102.000000,533.000000,408.000000,1,0,0,"algal_spot",0.969762,274.640503,103.535461,538.390320,404.301636,263.749817,300.766174,79327.023438,0.958161
"838dbe8f-70d1-438c-86d4-a389c16ea6b3",5,"e27a52fd-4cb5-4e29-a3e3-7c45af067515","benchmark/valid/IMG_3565_JPG.rf.f285ececcdb165e22392a4b64138f2ef.jpg","valid/IMG_3565_JPG.rf.f285ececcdb165e22392a4b64138f2ef",0,0,"algal_spot",0.487500,0.487500,0.565625,0.524219,131.000000,144.250015,493.000031,479.750000,1,0,0,"algal_spot",0.959996,134.542725,144.138031,483.080231,480.584900,348.537506,336.446869,117264.351563,0.960202
"838dbe8f-70d1-438c-86d4-a389c16ea6b3",6,"03af4c3a-c5e9-41a9-9d70-f87fb6c26485","benchmark/valid/IMG_20240125_120436_039_jpg.rf.db9ce936d3654604dcd5f42d07e1527c.jpg","valid/IMG_20240125_120436_039_jpg.rf.db9ce936d3654604dcd5f42d07e1527c",0,2,"healthy",0.790625,0.367969,0.402344,0.731250,377.250000,1.499996,634.750000,469.499969,1,1,2,"healthy",0.507407,375.906555,0.000000,639.000000,485.012817,263.093445,485.012817,127603.695313,0.944408
"838dbe8f-70d1-438c-86d4-a389c16ea6b3",6,"03af4c3a-c5e9-41a9-9d70-f87fb6c26485","benchmark/valid/IMG_20240125_120436_039_jpg.rf.db9ce936d3654604dcd5f42d07e1527c.jpg","valid/IMG_20240125_120436_039_jpg.rf.db9ce936d3654604dcd5f42d07e1527c",1,2,"healthy",0.207813,0.270312,0.412500,0.533594,1.000004,2.249985,265.000000,343.750000,0,,,,,,,,,,,,0.160082
"838dbe8f-70d1-438c-86d4-a389c16ea6b3",6,"03af4c3a-c5e9-41a9-9d70-f87fb6c26485","benchmark/valid/IMG_20240125_120436_039_jpg.rf.db9ce936d3654604dcd5f42d07e1527c.jpg","valid/IMG_20240125_120436_039_jpg.rf.db9ce936d3654604dcd5f42d07e1527c",2,2,"healthy",0.494531,0.485156,0.585156,0.959375,129.250000,3.499985,503.750000,617.500000,1,0,2,"healthy",0.956819,127.785400,18.175110,504.035583,639.000000,376.250183,620.824890,233585.484375,0.938790
"838dbe8f-70d1-438c-86d4-a389c16ea6b3",7,"07a6a725-1db4-41b8-8438-2dc915b121b1","benchmark/train/IMG_2639_JPG.rf.a8f36527223429e53ab76911d6c0ff74.jpg","train/IMG_2639_JPG.rf.a8f36527223429e53ab76911d6c0ff74",0,1,"brown_eye_spot",0.484375,0.495313,0.689844,0.667969,89.249992,103.250008,530.750000,530.750000,1,0,1,"brown_eye_spot",0.971113,88.448822,108.652374,525.899841,557.978455,437.451019,449.326080,196558.156250,0.917003
"838dbe8f-70d1-438c-86d4-a389c16ea6b3",8,"44a4bdcf-a5ab-49ce-9a14-c00e282d61df","benchmark/valid/741_jpg.rf.e9f4f7dbefac07759da2c7c555e41ccf.jpg","valid/741_jpg.rf.e9f4f7dbefac07759da2c7c555e41ccf",0,2,"healthy",0.492188,0.509375,0.852344,0.721094,42.250004,95.249977,587.750000,556.750000,1,0,2,"healthy",0.966512,43.662567,100.613144,589.542664,550.728333,545.880127,450.115173,245708.921875,0.969697
"838dbe8f-70d1-438c-86d4-a389c16ea6b3",9,"b0d5e4f3-3ba6-49de-8dce-03f42b442411","benchmark/valid/IMG_3467_JPG.rf.204b7a0109c4d344512e4a4655d5037f.jpg","valid/IMG_3467_JPG.rf.204b7a0109c4d344512e4a4655d5037f",0,3,"miner",0.457812,0.581250,0.578125,0.797656,107.999992,116.750015,478.000000,627.250000,1,0,3,"miner",0.954283,110.001740,110.001038,487.097076,619.875732,377.095337,509.874695,192271.375000,0.944606
"838dbe8f-70d1-438c-86d4-a389c16ea6b3",10,"495cdb97-ce1c-4673-a5cb-27043681c691","benchmark/valid/IMG_2929_2_JPG.rf.f21dde0c4a5de6d962fe57ad2e3ebeb7.jpg","valid/IMG_2929_2_JPG.rf.f21dde0c4a5de6d962fe57ad2e3ebeb7",0,1,"brown_eye_spot",0.453125,0.507813,0.836719,0.350781,22.250004,212.750000,557.750000,437.250000,1,0,1,"brown_eye_spot",0.962115,39.286743,208.967819,557.561584,437.113647,518.274841,228.145828,118242.242188,0.951727
"838dbe8f-70d1-438c-86d4-a389c16ea6b3",11,"1d18fbe9-d4b3-4454-bb18-4e28994c3127","benchmark/test/1306_jpg.rf.f7f8ab42a9af1943f7b7c6588e9eb646.jpg","test/1306_jpg.rf.f7f8ab42a9af1943f7b7c6588e9eb646",0,2,"healthy",0.510938,0.520312,0.946094,0.707812,24.250011,106.500000,629.750000,559.500000,1,0,2,"healthy",0.966201,21.735992,114.870087,634.418701,557.098145,612.682739,442.228058,270945.500000,0.965045
"838dbe8f-70d1-438c-86d4-a389c16ea6b3",12,"0d342637-7666-4fd9-8a8c-0bcf54a7e9d4","benchmark/valid/IMG_2529_2_JPG.rf.78980f998aede68514d83387ca16cf11.jpg","valid/IMG_2529_2_JPG.rf.78980f998aede68514d83387ca16cf11",0,1,"brown_eye_spot",0.603125,0.457812,0.482031,0.766406,231.750000,47.749996,540.250000,538.250000,1,0,1,"brown_eye_spot",0.971235,236.600647,58.259842,544.517212,532.947998,307.916565,474.688171,146164.343750,0.939965
"838dbe8f-70d1-438c-86d4-a389c16ea6b3",13,"611e4b90-c29d-4917-a385-ced02447cec2","benchmark/train/IMG_2968_2_JPG.rf.b4379cdd8acfa86e98d07baa0d324212.jpg","train/IMG_2968_2_JPG.rf.b4379cdd8acfa86e98d07baa0d324212",0,1,"brown_eye_spot",0.528125,0.478125,0.742969,0.815625,100.250000,45.000000,575.750000,567.000000,1,0,1,"brown_eye_spot",0.962095,107.039673,34.230347,572.086487,569.526978,465.046814,535.296631,248938.000000,0.954244
"838dbe8f-70d1-438c-86d4-a389c16ea6b3",14,"87f8cb52-3cc6-4751-b91e-cd3de1573997","benchmark/train/IMG_2964_1_JPG.rf.aef506a6004bfc57a0686ee5f7202263.jpg","train/IMG_2964_1_JPG.rf.aef506a6004bfc57a0686ee5f7202263",0,3,"miner",0.440625,0.439063,0.758594,0.330469,39.250011,175.250015,524.750000,386.750000,1,0,3,"miner",0.935892,33.155151,172.890381,523.061768,387.755219,489.906616,214.864838,105263.703125,0.968807
"838dbe8f-70d1-438c-86d4-a389c16ea6b3",15,"2fdd4d6b-1989-43d9-8365-25f58ba6f97b","benchmark/test/1058_jpg.rf.e7d3fceaf810015929549f655b3fd29d.jpg","test/1058_jpg.rf.e7d3fceaf810015929549f655b3fd29d",0,2,"healthy",0.490625,0.506250,0.789844,0.646875,61.250000,117.000008,566.750000,531.000000,1,0,2,"healthy",0.964653,64.623917,117.751343,570.311707,519.818176,505.687805,402.066833,203320.296875,0.958137
"838dbe8f-70d1-438c-86d4-a389c16ea6b3",16,"5f43f62d-393d-413d-ad8f-be69c94e32c0","benchmark/valid/IMG_3365_1_JPG.rf.639d24f1eca5d4f7facd79d409894cd8.jpg","valid/IMG_3365_1_JPG.rf.639d24f1eca5d4f7facd79d409894cd8",0,1,"brown_eye_spot",0.503125,0.499219,0.577344,0.604688,137.250000,126.000000,506.750031,513.000000,1,0,1,"brown_eye_spot",0.957794,138.702438,126.428589,501.569580,504.684021,362.867126,378.255432,137256.468750,0.959859
"838dbe8f-70d1-438c-86d4-a389c16ea6b3",17,"1f217a5d-80fc-49bd-b791-18f3e7bf2ef5","benchmark/train/IMG_2484_JPG.rf.983546fcfb9acd7c48ca78326f7feb41.jpg","train/IMG_2484_JPG.rf.983546fcfb9acd7c48ca78326f7feb41",0,1,"brown_eye_spot",0.446875,0.413281,0.764844,0.332812,41.250000,158.000015,530.750000,371.000000,1,0,1,"brown_eye_spot",0.951761,44.878006,156.093323,530.599731,367.293213,485.721741,211.199890,102584.375000,0.966429
"838dbe8f-70d1-438c-86d4-a389c16ea6b3",17,"1f217a5d-80fc-49bd-b791-18f3e7bf2ef5","benchmark/train/IMG_2484_JPG.rf.983546fcfb9acd7c48ca78326f7feb41.jpg","train/IMG_2484_JPG.rf.983546fcfb9acd7c48ca78326f7feb41",1,1,"brown_eye_spot",0.489062,0.725781,0.592969,0.407813,123.249985,334.000000,502.750000,595.000000,1,1,1,"brown_eye_spot",0.947576,120.373154,334.502014,505.787170,593.151001,385.414001,258.648987,99686.937500,0.975921
"838dbe8f-70d1-438c-86d4-a389c16ea6b3",18,"f1b5b2d8-ef97-4a80-b86c-9f3affd99129","benchmark/train/IMG_2855_JPG.rf.12b14c3904ca723bf5c37ecf75002176.jpg","train/IMG_2855_JPG.rf.12b14c3904ca723bf5c37ecf75002176",0,5,"powdery_mildew",0.610937,0.517187,0.553125,0.821875,213.999969,67.999992,568.000000,594.000000,1,0,5,"powdery_mildew",0.972291,212.381638,62.971283,567.967041,592.182007,355.585388,529.210693,188179.593750,0.982539
"838dbe8f-70d1-438c-86d4-a389c16ea6b3",19,"5503b360-346f-4887-98ae-5189dbd51c63","benchmark/train/IMG_2777_1_JPG.rf.809faf97a352afbcf163204ccec4334b.jpg","train/IMG_2777_1_JPG.rf.809faf97a352afbcf163204ccec4334b",0,3,"miner",0.518750,0.489062,0.638281,0.811719,127.750015,53.249989,536.250000,572.750000,1,0,3,"miner",0.960510,127.069077,50.377777,537.842957,568.358032,410.773865,517.980225,212772.734375,0.980681
"838dbe8f-70d1-438c-86d4-a389c16ea6b3",20,"b52b6da9-7229-4b3c-8baa-3b61e57ed2fd","benchmark/valid/IMG_2369_JPG.rf.3bfad9a8013847a97abbd19981f3e0b5.jpg","valid/IMG_2369_JPG.rf.3bfad9a8013847a97abbd19981f3e0b5",0,3,"miner",0.539063,0.423438,0.908594,0.438281,54.249992,130.750000,635.750000,411.250000,1,0,3,"miner",0.933560,64.325836,130.357330,630.932312,414.212219,566.606445,283.854889,160834.015625,0.963163
"838dbe8f-70d1-438c-86d4-a389c16ea6b3",21,"a0905661-089a-43fc-b125-7f5fee38d73d","benchmark/train/724_jpg.rf.596abb38ae7e3e09aeaada33ec2f8cb4.jpg","train/724_jpg.rf.596abb38ae7e3e09aeaada33ec2f8cb4",0,4,"phoma",0.487500,0.484375,0.853125,0.614844,39.000015,113.250008,585.000000,506.750000,1,0,4,"phoma",0.970684,33.467804,113.243393,585.953796,508.865601,552.485962,395.622192,218575.703125,0.982959
"838dbe8f-70d1-438c-86d4-a389c16ea6b3",22,"8a315415-1709-4a93-a97a-bbb970c002c8","benchmark/test/IMG_2590_JPG.rf.62cf581585d6fc5f4e1d04454a3411f7.jpg","test/IMG_2590_JPG.rf.62cf581585d6fc5f4e1d04454a3411f7",0,1,"brown_eye_spot",0.373437,0.492188,0.472656,0.603906,87.750000,121.749992,390.250000,508.250000,1,0,1,"brown_eye_spot",0.956331,90.149811,129.400345,385.306213,508.615417,295.156403,379.215088,111927.757813,0.955529
"838dbe8f-70d1-438c-86d4-a389c16ea6b3",23,"b428c1fb-dc1d-45f7-9ca4-71ceb32a1115","benchmark/train/907_jpg.rf.a851a08eb3a5de9d68aca9655402b684.jpg","train/907_jpg.rf.a851a08eb3a5de9d68aca9655402b684",0,2,"healthy",0.500000,0.506250,0.882031,0.625000,37.749996,124.000015,602.250000,524.000000,1,0,2,"healthy",0.966167,43.726532,122.554749,602.204102,526.596130,558.477539,404.041382,225648.031250,0.979540
"838dbe8f-70d1-438c-86d4-a389c16ea6b3",24,"818b9537-2303-4b24-a183-ac98d67ae36d","benchmark/train/PXL_20240125_083818175_jpg.rf.bfe007d560da910200346b84196f5c99.jpg","train/PXL_20240125_083818175_jpg.rf.bfe007d560da910200346b84196f5c99",0,2,"healthy",0.392188,0.500000,0.721875,0.978125,20.000000,7.000008,482.000000,633.000000,1,0,2,"healthy",0.966442,37.574020,12.823761,481.067200,635.379028,443.493164,622.555298,276099.031250,0.947555
"838dbe8f-70d1-438c-86d4-a389c16ea6b3",25,"dcb7103c-4106-46a0-a043-442a4082e2f4","benchmark/train/IMG_20240125_154330_688_jpg.rf.a439b9de40fc2cebca27dd0844499c90.jpg","train/IMG_20240125_154330_688_jpg.rf.a439b9de40fc2cebca27dd0844499c90",0,1,"brown_eye_spot",0.161719,0.516406,0.323438,0.967188,0.000000,20.999985,207.000000,639.000000,1,1,1,"brown_eye_spot",0.784451,0.453506,37.961243,221.195908,632.183228,220.742401,594.221985,131169.984375,0.900067
"838dbe8f-70d1-438c-86d4-a389c16ea6b3",25,"dcb7103c-4106-46a0-a043-442a4082e2f4","benchmark/train/IMG_20240125_154330_688_jpg.rf.a439b9de40fc2cebca27dd0844499c90.jpg","train/IMG_20240125_154330_688_jpg.rf.a439b9de40fc2cebca27dd0844499c90",1,2,"healthy",0.500781,0.528906,0.548437,0.942187,145.000000,36.999989,496.000000,639.000000,1,0,2,"healthy",0.949488,162.432251,49.561249,490.788727,624.943665,328.356476,575.382446,188930.546875,0.894126
"838dbe8f-70d1-438c-86d4-a389c16ea6b3",26,"fffc55bc-5379-400a-a4a7-80285317f61b","benchmark/train/1719_jpg.rf.366563dd61cf927b327951979bb9f728.jpg","train/1719_jpg.rf.366563dd61cf927b327951979bb9f728",0,4,"phoma",0.535937,0.472656,0.916406,0.508594,49.749985,139.750000,636.250000,465.250000,1,0,4,"phoma",0.960304,55.723389,136.290375,638.471008,464.941010,582.747620,328.650635,191520.375000,0.974892
"838dbe8f-70d1-438c-86d4-a389c16ea6b3",27,"a1175413-65d0-401a-ad5f-854710dacd17","benchmark/train/541_jpg.rf.a329f56f3da018af01c9bc6f55a3673b.jpg","train/541_jpg.rf.a329f56f3da018af01c9bc6f55a3673b",0,4,"phoma",0.540625,0.516406,0.723437,0.684375,114.499985,111.500000,577.500000,549.500000,1,0,4,"phoma",0.961763,113.442383,119.407913,576.712036,546.298462,463.269653,426.890564,197765.437500,0.970816
"838dbe8f-70d1-438c-86d4-a389c16ea6b3",28,"16b43434-406f-4b7c-842c-f3d9afa83514","benchmark/train/IMG_3419_JPG.rf.83cd720c59dfca903807992a3d6360df.jpg","train/IMG_3419_JPG.rf.83cd720c59dfca903807992a3d6360df",0,3,"miner",0.538281,0.425781,0.339063,0.497656,236.000000,113.250000,453.000031,431.750000,1,0,3,"miner",0.921247,226.446930,102.416046,453.565887,418.207703,227.118958,315.791656,71722.273438,0.886351
"838dbe8f-70d1-438c-86d4-a389c16ea6b3",29,"fced3a87-db82-4f9d-927d-338d847297e7","benchmark/train/IMG_20240125_120555_120_jpg.rf.6bc70f2d7fac9be37f24940c4f082b6c.jpg","train/IMG_20240125_120555_120_jpg.rf.6bc70f2d7fac9be37f24940c4f082b6c",0,2,"healthy",0.533594,0.500781,0.932813,0.751562,43.000011,80.000000,639.000000,561.000000,1,0,2,"healthy",0.963333,45.901794,65.606979,639.000000,565.747070,593.098206,500.140076,296632.187500,0.957227
"838dbe8f-70d1-438c-86d4-a389c16ea6b3",30,"4024b43c-7659-405e-b503-268837547741","benchmark/train/IMG_2570_JPG.rf.591b477af57c20ff36249b8a70c7701e.jpg","train/IMG_2570_JPG.rf.591b477af57c20ff36249b8a70c7701e",0,3,"miner",0.448438,0.448438,0.672656,0.618750,71.750015,89.000015,502.250000,485.000000,1,0,3,"miner",0.934300,73.120468,77.092148,498.177124,484.913391,425.056641,407.821228,173347.125000,0.958677
"838dbe8f-70d1-438c-86d4-a389c16ea6b3",31,"3e684423-8312-4786-a8eb-2be59e9e65a0","benchmark/train/IMG_3070_1_JPG.rf.a78ca6a9beebc6f1d4210913e65a5185.jpg","train/IMG_3070_1_JPG.rf.a78ca6a9beebc6f1d4210913e65a5185",0,3,"miner",0.501562,0.490625,0.802344,0.390625,64.249992,189.000000,577.750000,439.000000,1,0,3,"miner",0.924266,51.479126,186.085556,567.159180,436.908356,515.680054,250.822800,129344.312500,0.937099
"838dbe8f-70d1-438c-86d4-a389c16ea6b3",32,"8dbd8ead-1fec-486e-8730-0436bf8f2435","benchmark/test/340_jpg.rf.edc22c0da4ca83cc006d3f9c62e753d1.jpg","test/340_jpg.rf.edc22c0da4ca83cc006d3f9c62e753d1",0,4,"phoma",0.517187,0.543750,0.735937,0.566406,95.499992,166.750000,566.500000,529.250000,1,0,4,"phoma",0.963743,94.795761,163.689697,560.958984,530.119751,466.163208,366.430054,170816.203125,0.976300
"838dbe8f-70d1-438c-86d4-a389c16ea6b3",33,"a9c28cae-d821-4f54-a0a6-55556e0affd8","benchmark/valid/IMG_2335_2_JPG.rf.5930ea82d6b4e2f03ec76f669e3a6a24.jpg","valid/IMG_2335_2_JPG.rf.5930ea82d6b4e2f03ec76f669e3a6a24",0,1,"brown_eye_spot",0.417188,0.498437,0.681250,0.937500,49.000015,18.999996,485.000000,619.000000,1,0,1,"brown_eye_spot",0.960669,41.582275,11.677734,485.203827,626.031738,443.621552,614.354004,272540.687500,0.959857
"838dbe8f-70d1-438c-86d4-a389c16ea6b3",34,"45fb6cd1-afe3-4d7f-a2f0-33b43219ebb8","benchmark/train/IMG_3278_JPG.rf.e8d9700bbd5a7916c1dd853d9c0c5241.jpg","train/IMG_3278_JPG.rf.e8d9700bbd5a7916c1dd853d9c0c5241",0,1,"brown_eye_spot",0.476563,0.537500,0.562500,0.771094,125.000000,97.250023,485.000000,590.750000,1,0,1,"brown_eye_spot",0.969272,125.691879,100.485626,486.839478,591.163452,361.147583,490.677826,177207.109375,0.985702
"838dbe8f-70d1-438c-86d4-a389c16ea6b3",35,"d4d4c527-bfc2-479c-bd75-6831db839f06","benchmark/train/401_jpg.rf.c8bcea0c448815b7d2a2cad62437ed32.jpg","train/401_jpg.rf.c8bcea0c448815b7d2a2cad62437ed32",0,4,"phoma",0.387500,0.514063,0.733594,0.862500,13.249989,53.000011,482.750000,605.000000,1,0,4,"phoma",0.969996,18.683838,47.931671,487.200592,608.290588,468.516754,560.358887,262537.531250,0.964704
"838dbe8f-70d1-438c-86d4-a389c16ea6b3",36,"6251969a-f982-4c2c-8607-2087d52a8d2d","benchmark/train/371_jpg.rf.92df72b91a7ea9585d1d92bcdbfcfb99.jpg","train/371_jpg.rf.92df72b91a7ea9585d1d92bcdbfcfb99",0,4,"phoma",0.507813,0.526563,0.755469,0.561719,83.250008,157.250000,566.750000,516.750000,1,0,4,"phoma",0.978735,81.026474,156.845032,569.432617,513.413757,488.406128,356.568726,174150.343750,0.979755
"838dbe8f-70d1-438c-86d4-a389c16ea6b3",37,"9c73f5a5-2a7c-4b62-bddd-8bf18a60323d","benchmark/test/206_jpg.rf.6f21994db835936fb34cdc6b40db7eee.jpg","test/206_jpg.rf.6f21994db835936fb34cdc6b40db7eee",0,2,"healthy",0.541406,0.520312,0.848437,0.685156,75.000015,113.750000,618.000000,552.250000,1,0,2,"healthy",0.743017,81.466934,118.310074,616.643005,547.630310,535.176086,429.320251,229761.937500,0.964959
"838dbe8f-70d1-438c-86d4-a389c16ea6b3",38,"223b26cc-3f8b-4ece-a54c-868cd0221b24","benchmark/train/IMG_3597_JPG.rf.aaac7ea44f7165d081bdff20e06ad395.jpg","train/IMG_3597_JPG.rf.aaac7ea44f7165d081bdff20e06ad395",0,0,"algal_spot",0.510938,0.511719,0.605469,0.770312,133.250000,81.000000,520.750000,574.000000,1,0,0,"algal_spot",0.962919,138.201263,77.535858,521.004028,577.885498,382.802765,500.349640,191535.218750,0.972266
"838dbe8f-70d1-438c-86d4-a389c16ea6b3",39,"4a08c511-6b44-4d39-a156-1e34058197c0","benchmark/train/IMG_2787_2_JPG.rf.da87f6b9d3d3c14c495602d219704c42.jpg","train/IMG_2787_2_JPG.rf.da87f6b9d3d3c14c495602d219704c42",0,3,"miner",0.534375,0.451562,0.519531,0.674219,175.750000,73.249985,508.250000,504.750000,1,0,3,"miner",0.957133,181.996964,66.674072,510.752319,495.547791,328.755371,428.873718,140994.531250,0.939217
"838dbe8f-70d1-438c-86d4-a389c16ea6b3",40,"1d96803d-e333-4b81-a766-433fa7869cc3","benchmark/valid/IMG_2567_1_JPG.rf.2546acf3fda71885f80f626d85a49f01.jpg","valid/IMG_2567_1_JPG.rf.2546acf3fda71885f80f626d85a49f01",0,3,"miner",0.431250,0.507813,0.407031,0.693750,145.750000,102.999992,406.250000,547.000000,1,0,3,"miner",0.964684,155.631531,105.512711,403.229706,559.493042,247.598175,453.980347,112404.703125,0.920477
"838dbe8f-70d1-438c-86d4-a389c16ea6b3",41,"658d5770-d83e-468b-b370-17442825fe4f","benchmark/train/IMG_2641_1_JPG.rf.b155fac66de3ab3d9c0b840c95d79737.jpg","train/IMG_2641_1_JPG.rf.b155fac66de3ab3d9c0b840c95d79737",0,1,"brown_eye_spot",0.509375,0.567969,0.683594,0.570313,107.249985,180.999985,544.750000,546.000000,1,0,1,"brown_eye_spot",0.946159,106.860748,179.115356,543.209412,546.115723,436.348663,367.000366,160140.125000,0.990185
"838dbe8f-70d1-438c-86d4-a389c16ea6b3",42,"a1d2b1c8-4f72-4fd9-acab-9aa7c220f6f5","benchmark/train/IMG_2713_2_JPG.rf.b681620e0b11180cd27944621ff8d9ad.jpg","train/IMG_2713_2_JPG.rf.b681620e0b11180cd27944621ff8d9ad",0,0,"algal_spot",0.453125,0.493750,0.778125,0.406250,41.000004,186.000000,539.000000,446.000000,1,0,0,"algal_spot",0.950235,32.323898,180.453995,546.179138,443.660706,513.855225,263.206726,135250.156250,0.940622
"838dbe8f-70d1-438c-86d4-a389c16ea6b3",43,"e204e3ee-4146-4fc9-b5ef-35a040a4103c","benchmark/train/IMG_3259_1_JPG.rf.4a5145ea768664e7e46a33655d52934b.jpg","train/IMG_3259_1_JPG.rf.4a5145ea768664e7e46a33655d52934b",0,3,"miner",0.514063,0.532812,0.508594,0.794531,166.250015,86.749992,491.750031,595.250000,1,0,3,"miner",0.961380,166.138367,82.855072,494.651367,603.647888,328.513000,520.792847,171087.218750,0.967441
"838dbe8f-70d1-438c-86d4-a389c16ea6b3",44,"d2f609c6-c412-45b1-a491-518743241c5c","benchmark/valid/IMG_3646_1_JPG.rf.1ccde1ffc035e1f77d3081375ae30986.jpg","valid/IMG_3646_1_JPG.rf.1ccde1ffc035e1f77d3081375ae30986",0,0,"algal_spot",0.404687,0.494531,0.472656,0.448438,107.750000,173.000000,410.250000,460.000000,1,0,0,"algal_spot",0.878163,110.553268,155.895172,416.557495,452.341003,306.004211,296.445831,90713.671875,0.892382
"838dbe8f-70d1-438c-86d4-a389c16ea6b3",45,"f1551a7a-9692-427c-9ddb-2dae4100b6a9","benchmark/train/IMG_3461_JPG.rf.7ff19e0b4fad7907e78ea105fabc2e0e.jpg","train/IMG_3461_JPG.rf.7ff19e0b4fad7907e78ea105fabc2e0e",0,3,"miner",0.610937,0.470313,0.417969,0.419531,257.250000,166.750000,524.750000,435.250000,1,0,3,"miner",0.918055,258.638184,170.936630,522.508484,438.683533,263.870300,267.746887,70650.453125,0.958953
"838dbe8f-70d1-438c-86d4-a389c16ea6b3",46,"b3ab3bbd-241c-4246-abb5-b98d9dac9faf","benchmark/train/PXL_20240125_114847555_jpg.rf.f86f89253ca8f6a77283a2932ca1df1f.jpg","train/PXL_20240125_114847555_jpg.rf.f86f89253ca8f6a77283a2932ca1df1f",0,2,"healthy",0.529688,0.467187,0.461719,0.899219,191.250015,11.250000,486.750031,586.750000,1,0,2,"healthy",0.865795,191.072250,36.660278,503.092438,601.967651,312.020203,565.307373,176387.328125,0.883932
"838dbe8f-70d1-438c-86d4-a389c16ea6b3",47,"9ead5f1f-cb15-4d28-a6c4-d45c2788bb40","benchmark/train/IMG_2308_JPG.rf.61d9f3b179b94715235e63d6195d041b.jpg","train/IMG_2308_JPG.rf.61d9f3b179b94715235e63d6195d041b",0,1,"brown_eye_spot",0.440625,0.535156,0.592969,0.845312,92.250000,72.000008,471.750031,613.000000,1,0,1,"brown_eye_spot",0.954874,95.191345,61.649780,473.388489,605.989868,378.197144,544.340088,205867.859375,0.957066
"838dbe8f-70d1-438c-86d4-a389c16ea6b3",48,"1dc39d5e-6c37-48ec-b4c9-6fbe421a3734","benchmark/valid/IMG_2394_1_JPG.rf.457c4236c91a0a55705aa629d0cc8250.jpg","valid/IMG_2394_1_JPG.rf.457c4236c91a0a55705aa629d0cc8250",0,0,"algal_spot",0.546875,0.495313,0.605469,0.784375,156.250000,66.000000,543.750000,568.000000,0,,,,,,,,,,,,0.000000
"838dbe8f-70d1-438c-86d4-a389c16ea6b3",49,"1a6ecea1-322a-4e7b-ab93-3b6836f28edc","benchmark/test/790_jpg.rf.a6d86c007174d6dd4f0a6b6df9b3c487.jpg","test/790_jpg.rf.a6d86c007174d6dd4f0a6b6df9b3c487",0,2,"healthy",0.485938,0.461719,0.940625,0.748438,10.000000,55.999985,612.000000,535.000000,1,0,2,"healthy",0.969151,2.629059,56.844910,618.632813,545.382935,616.003784,488.538025,300941.281250,0.954883
"838dbe8f-70d1-438c-86d4-a389c16ea6b3",50,"e89079fb-fb57-499b-acf8-f4180fc5e7e9","benchmark/test/372_jpg.rf.1397a4b9b23eee50c48a993f1c320def.jpg","test/372_jpg.rf.1397a4b9b23eee50c48a993f1c320def",0,4,"phoma",0.508594,0.533594,0.800000,0.514844,69.499985,176.750015,581.500000,506.250000,1,0,4,"phoma",0.962270,72.699951,171.847107,581.498047,512.073181,508.798096,340.226074,173106.375000,0.962607
"838dbe8f-70d1-438c-86d4-a389c16ea6b3",51,"c7785ef8-0ad3-4ad1-ad80-93959bb27da4","benchmark/train/IMG_3495_1_JPG.rf.7437d935efc5af583fb91d09d0c0a1d4.jpg","train/IMG_3495_1_JPG.rf.7437d935efc5af583fb91d09d0c0a1d4",0,0,"algal_spot",0.528125,0.535156,0.616406,0.539063,140.749985,170.000000,535.250000,515.000000,1,0,0,"algal_spot",0.951026,109.887070,176.231140,540.532532,522.833801,430.645447,346.602661,149262.859375,0.880855
"838dbe8f-70d1-438c-86d4-a389c16ea6b3",52,"dd8e00a9-af11-4365-a354-193bcd2d5a6d","benchmark/train/IMG_2899_1_JPG.rf.f1bba827b587d1e14f5280f7ee1ce289.jpg","train/IMG_2899_1_JPG.rf.f1bba827b587d1e14f5280f7ee1ce289",0,0,"algal_spot",0.534375,0.486719,0.812500,0.432813,82.000008,173.000000,602.000000,450.000000,1,0,0,"algal_spot",0.948459,80.152649,171.830750,614.880249,450.680206,534.727600,278.849457,149108.500000,0.966008
"838dbe8f-70d1-438c-86d4-a389c16ea6b3",53,"c4a3eb21-500b-4d40-8746-05cd11e8900a","benchmark/train/1591_jpg.rf.8b64adc9028b8965a17e80e936b736d3.jpg","train/1591_jpg.rf.8b64adc9028b8965a17e80e936b736d3",0,4,"phoma",0.514844,0.531250,0.954687,0.564062,24.000015,159.500000,635.000000,520.500000,1,0,4,"phoma",0.938395,25.264557,161.882996,632.234009,522.046021,606.969482,360.163025,218607.968750,0.982665
"838dbe8f-70d1-438c-86d4-a389c16ea6b3",54,"5a64b751-f32c-46e3-bdeb-95377b818d99","benchmark/train/499_jpg.rf.c363e65f6dbb10e0e1dcf164158e295a.jpg","train/499_jpg.rf.c363e65f6dbb10e0e1dcf164158e295a",0,4,"phoma",0.473437,0.462500,0.624219,0.566406,103.249985,114.750000,502.750000,477.250000,1,0,4,"phoma",0.965563,104.231644,113.696365,505.615356,479.222900,401.383728,365.526550,146716.406250,0.982258
"838dbe8f-70d1-438c-86d4-a389c16ea6b3",55,"32376790-f381-4ae3-a8e9-5381c746fbdc","benchmark/valid/IMG_2286_2_JPG.rf.1ad980569ca05c05faddca3a8a40a25f.jpg","valid/IMG_2286_2_JPG.rf.1ad980569ca05c05faddca3a8a40a25f",0,3,"miner",0.515625,0.434375,0.586719,0.863281,142.250000,1.749992,517.750000,554.250000,1,0,3,"miner",0.964581,146.034744,0.000000,520.914490,554.753235,374.879761,554.753235,207965.765625,0.977701
"838dbe8f-70d1-438c-86d4-a389c16ea6b3",56,"132a518c-6fd3-445f-b30b-61923891c6ed","benchmark/test/342_jpg.rf.717ff66c8463ab23d6755e0552d78381.jpg","test/342_jpg.rf.717ff66c8463ab23d6755e0552d78381",0,4,"phoma",0.483594,0.544531,0.728906,0.563281,76.250000,168.249985,542.750000,528.750000,1,0,4,"phoma",0.966375,77.755630,165.721588,541.754578,529.679077,463.998962,363.957489,168875.890625,0.985240
"838dbe8f-70d1-438c-86d4-a389c16ea6b3",57,"0d6892fe-5b3f-4d90-8589-6b823f29bf05","benchmark/train/479_jpg.rf.a1b66ce046a3f0532581c5ff6cc7676e.jpg","train/479_jpg.rf.a1b66ce046a3f0532581c5ff6cc7676e",0,4,"phoma",0.525000,0.485938,0.764844,0.678125,91.249985,94.000000,580.750000,528.000000,1,0,4,"phoma",0.969001,89.632584,94.766098,584.347107,528.754639,494.714539,433.988525,214700.437500,0.986017
"838dbe8f-70d1-438c-86d4-a389c16ea6b3",58,"34a1dc56-baaf-4d63-9b37-8cc6a9d2a87f","benchmark/valid/302_jpg.rf.9166a911b3079952cfb28ff56dbc86b6.jpg","valid/302_jpg.rf.9166a911b3079952cfb28ff56dbc86b6",0,4,"phoma",0.463281,0.538281,0.723437,0.817969,65.000000,82.750015,528.000000,606.250000,1,0,4,"phoma",0.969365,66.711151,80.200928,530.002563,609.324951,463.291412,529.124023,245138.609375,0.981508
"838dbe8f-70d1-438c-86d4-a389c16ea6b3",59,"6e2a411f-9f9b-41d7-9dbe-ef984c500216","benchmark/train/510_jpg.rf.22a63e2f0dfa3d9358ebb753095d50ca.jpg","train/510_jpg.rf.22a63e2f0dfa3d9358ebb753095d50ca",0,4,"phoma",0.517187,0.502344,0.823438,0.604688,67.499985,128.000015,594.500000,515.000000,1,0,4,"phoma",0.977565,70.766663,130.673492,599.939819,518.715698,529.173157,388.042206,205341.515625,0.967687
"838dbe8f-70d1-438c-86d4-a389c16ea6b3",60,"fe26c079-a5ce-4569-97f2-b0adafd1db6b","benchmark/train/IMG_2750_2_JPG.rf.df1868dbbe4d95c66dd480a72df3719a.jpg","train/IMG_2750_2_JPG.rf.df1868dbbe4d95c66dd480a72df3719a",0,0,"algal_spot",0.559375,0.450781,0.538281,0.617188,185.749985,91.000000,530.250000,486.000000,1,0,0,"algal_spot",0.962065,182.824448,92.507324,532.616943,489.644165,349.792480,397.136841,138915.484375,0.972198
"838dbe8f-70d1-438c-86d4-a389c16ea6b3",61,"ea1d5670-bc8f-4343-81fc-828e9b624dab","benchmark/valid/1386_jpg.rf.463254433ecc6bbe6bd4beb56b24383e.jpg","valid/1386_jpg.rf.463254433ecc6bbe6bd4beb56b24383e",0,2,"healthy",0.478125,0.493750,0.879687,0.670313,24.500008,101.500000,587.500000,530.500000,1,0,2,"healthy",0.951267,17.596863,108.685532,588.442810,523.163452,570.845947,414.477905,236603.031250,0.953313
"838dbe8f-70d1-438c-86d4-a389c16ea6b3",62,"178e377c-e529-4516-b59a-f73e796d5d2b","benchmark/train/IMG_20240125_114457_754_jpg.rf.42b6de1cd6a27359b1d83f41e91b5353.jpg","train/IMG_20240125_114457_754_jpg.rf.42b6de1cd6a27359b1d83f41e91b5353",0,2,"healthy",0.647656,0.498437,0.591406,0.903125,225.250015,30.000000,603.750000,608.000000,1,0,2,"healthy",0.962336,229.730865,27.576050,610.527954,620.685303,380.797089,593.109253,225854.281250,0.946328
"838dbe8f-70d1-438c-86d4-a389c16ea6b3",62,"178e377c-e529-4516-b59a-f73e796d5d2b","benchmark/train/IMG_20240125_114457_754_jpg.rf.42b6de1cd6a27359b1d83f41e91b5353.jpg","train/IMG_20240125_114457_754_jpg.rf.42b6de1cd6a27359b1d83f41e91b5353",1,2,"healthy",0.186719,0.517187,0.373437,0.806250,0.000000,72.999992,239.000000,589.000000,1,1,2,"healthy",0.939801,1.434937,88.322113,245.544006,592.833740,244.109070,504.511627,123155.867188,0.932625
"838dbe8f-70d1-438c-86d4-a389c16ea6b3",62,"178e377c-e529-4516-b59a-f73e796d5d2b","benchmark/train/IMG_20240125_114457_754_jpg.rf.42b6de1cd6a27359b1d83f41e91b5353.jpg","train/IMG_20240125_114457_754_jpg.rf.42b6de1cd6a27359b1d83f41e91b5353",2,2,"healthy",0.719531,0.124219,0.259375,0.244531,377.500000,1.250000,543.500000,157.750000,1,2,2,"healthy",0.719249,357.435547,0.000000,551.136169,155.045273,193.700623,155.045273,30032.365234,0.837562
"838dbe8f-70d1-438c-86d4-a389c16ea6b3",63,"895b20b0-1694-4b01-b0f8-a8acb9c06320","benchmark/valid/IMG_2601_1_JPG.rf.6eba7fcc7673299ed3569cb0aba9c489.jpg","valid/IMG_2601_1_JPG.rf.6eba7fcc7673299ed3569cb0aba9c489",0,1,"brown_eye_spot",0.559375,0.520312,0.843750,0.336719,87.999992,225.250000,628.000000,440.749969,1,0,1,"brown_eye_spot",0.955679,71.464661,221.115021,639.000000,436.256042,567.535339,215.141022,122100.132813,0.915010
"838dbe8f-70d1-438c-86d4-a389c16ea6b3",64,"8aabb087-d548-44e2-befc-eb49beb8cd78","benchmark/train/309_jpg.rf.267af181e88237dce7b51cb066ce635c.jpg","train/309_jpg.rf.267af181e88237dce7b51cb066ce635c",0,4,"phoma",0.504687,0.490625,0.796094,0.578125,68.249985,129.000000,577.750000,499.000000,1,0,4,"phoma",0.973244,70.333801,129.115173,575.864685,497.322876,505.530884,368.207703,186140.359375,0.987403
"838dbe8f-70d1-438c-86d4-a389c16ea6b3",65,"7ea915f7-ab0d-4bb9-ba3a-b4f50dbee3d7","benchmark/train/IMG_2973_JPG.rf.127e39beb6fb0254b7dfa9ac92cf826a.jpg","train/IMG_2973_JPG.rf.127e39beb6fb0254b7dfa9ac92cf826a",0,1,"brown_eye_spot",0.487500,0.555469,0.903906,0.442187,22.750015,214.000000,601.250000,496.999969,1,0,1,"brown_eye_spot",0.972674,14.105804,210.571762,608.180481,500.713715,594.074707,290.141968,172366.000000,0.949813
"838dbe8f-70d1-438c-86d4-a389c16ea6b3",66,"9096ef23-acbf-4d7b-a139-fb2c99b6e2c3","benchmark/valid/IMG_2856_JPG.rf.e3f802473625707eefa68525f2937aa0.jpg","valid/IMG_2856_JPG.rf.e3f802473625707eefa68525f2937aa0",0,5,"powdery_mildew",0.493750,0.520312,0.653906,0.767969,106.750015,87.249985,525.250000,578.750000,1,0,5,"powdery_mildew",0.962601,104.529694,85.257919,531.668579,576.815857,427.138885,491.557922,209963.500000,0.972057
"838dbe8f-70d1-438c-86d4-a389c16ea6b3",67,"169b21f2-4630-42e9-898f-c4b01c84ea7f","benchmark/train/IMG_2771_2_JPG.rf.4893abfe9ca91463324dbf407bc9875d.jpg","train/IMG_2771_2_JPG.rf.4893abfe9ca91463324dbf407bc9875d",0,0,"algal_spot",0.407813,0.437500,0.764844,0.315625,16.250000,179.000000,505.750000,381.000000,1,0,0,"algal_spot",0.949026,19.895935,177.096848,501.630371,381.013367,481.734436,203.916519,98233.609375,0.975032
"838dbe8f-70d1-438c-86d4-a389c16ea6b3",68,"3f9dafe3-95b7-402d-9cc1-28a376e4310c","benchmark/train/IMG_2235_JPG.rf.be6d26e55abd0e5375eeff8d7d1c2dad.jpg","train/IMG_2235_JPG.rf.be6d26e55abd0e5375eeff8d7d1c2dad",0,3,"miner",0.538281,0.453125,0.626562,0.743750,144.000015,52.000008,545.000000,528.000000,1,0,3,"miner",0.962077,142.955658,44.400574,548.281738,534.685791,405.326080,490.285217,198725.390625,0.960501
"838dbe8f-70d1-438c-86d4-a389c16ea6b3",69,"163e29f8-9958-492c-bae3-319575a06a7d","benchmark/valid/IMG_3062_JPG.rf.ed6231708723bdd5376cef97a9a0c39d.jpg","valid/IMG_3062_JPG.rf.ed6231708723bdd5376cef97a9a0c39d",0,0,"algal_spot",0.514063,0.479688,0.785156,0.374219,77.750015,187.250000,580.250000,426.750031,1,0,0,"algal_spot",0.959514,69.490051,188.288086,577.296204,424.628967,507.806152,236.340881,120015.351563,0.965350
"838dbe8f-70d1-438c-86d4-a389c16ea6b3",70,"acc39f05-31ab-44e1-bb21-65ec8020e77f","benchmark/train/IMG_3225_2_JPG.rf.b3954a6c5f23b4f34a373aa7092e8c9a.jpg","train/IMG_3225_2_JPG.rf.b3954a6c5f23b4f34a373aa7092e8c9a",0,3,"miner",0.481250,0.559375,0.521875,0.671875,140.999985,143.000000,475.000000,573.000000,1,0,3,"miner",0.962506,143.692093,146.901901,473.146576,586.569336,329.454468,439.667419,144850.390625,0.947934
"838dbe8f-70d1-438c-86d4-a389c16ea6b3",71,"6b86a821-8cab-449c-8f4b-0cf69cb6accd","benchmark/train/IMG_3658_1_JPG.rf.bdf117818f44cdc66dd5bdcf5e6075f0.jpg","train/IMG_3658_1_JPG.rf.bdf117818f44cdc66dd5bdcf5e6075f0",0,0,"algal_spot",0.443750,0.557031,0.603125,0.742188,91.000000,119.000015,476.999969,594.000000,1,0,0,"algal_spot",0.952725,90.506241,118.754028,469.014557,588.124023,378.508301,469.369995,177660.437500,0.965488
"838dbe8f-70d1-438c-86d4-a389c16ea6b3",72,"3ea329c3-62e7-4b04-ac64-1299a19c2764","benchmark/train/504_jpg.rf.82da0c8aa54a810f2de5cf9c28040b96.jpg","train/504_jpg.rf.82da0c8aa54a810f2de5cf9c28040b96",0,4,"phoma",0.514844,0.486719,0.817187,0.625000,68.000015,111.500000,591.000000,511.500000,1,0,4,"phoma",0.967884,76.506653,113.352234,585.295532,504.623718,508.788879,391.271484,199074.578125,0.951599
"838dbe8f-70d1-438c-86d4-a389c16ea6b3",73,"ac7b1000-757d-422e-8b01-60f7d35eeade","benchmark/train/331_jpg.rf.147b6de7a3ac712400844840af410ca1.jpg","train/331_jpg.rf.147b6de7a3ac712400844840af410ca1",0,4,"phoma",0.528125,0.492969,0.565625,0.603906,156.999985,122.249985,519.000000,508.750000,1,0,4,"phoma",0.966283,155.036880,124.198196,522.366699,510.046692,367.329834,385.848511,141733.671875,0.977315
"838dbe8f-70d1-438c-86d4-a389c16ea6b3",74,"e4c4aae2-87bc-4072-8803-978c9526a2aa","benchmark/train/IMG_3129_1_JPG.rf.42478ea687ff4a5712282659df577a18.jpg","train/IMG_3129_1_JPG.rf.42478ea687ff4a5712282659df577a18",0,1,"brown_eye_spot",0.459375,0.518750,0.515625,0.730469,129.000000,98.250008,459.000000,565.750000,1,0,1,"brown_eye_spot",0.957780,123.830719,98.246796,459.388855,560.890259,335.558136,462.643463,155243.781250,0.973374
"838dbe8f-70d1-438c-86d4-a389c16ea6b3",75,"d51779a1-3b05-4b69-a20e-8765bbea51c4","benchmark/train/IMG_3034_2_JPG.rf.4ff23d71d60015b1a0d09c816e29c88b.jpg","train/IMG_3034_2_JPG.rf.4ff23d71d60015b1a0d09c816e29c88b",0,1,"brown_eye_spot",0.468750,0.576563,0.512500,0.480469,136.000000,215.250015,464.000000,522.750000,1,0,1,"brown_eye_spot",0.963245,136.697418,214.249969,471.817169,523.038940,335.119751,308.788971,103481.281250,0.970585
"838dbe8f-70d1-438c-86d4-a389c16ea6b3",76,"78ce4ba7-f4ad-4387-9918-44f4034ac212","benchmark/test/IMG_3591_JPG.rf.b33d0e6acf32c93c7ff629a31bb96a14.jpg","test/IMG_3591_JPG.rf.b33d0e6acf32c93c7ff629a31bb96a14",0,0,"algal_spot",0.487500,0.517187,0.675000,0.353906,96.000000,217.749969,528.000000,444.250000,1,0,0,"algal_spot",0.943163,97.630295,222.766357,519.222534,451.499878,421.592224,228.733521,96432.273438,0.925388
"838dbe8f-70d1-438c-86d4-a389c16ea6b3",77,"3c58ba93-93c4-44f3-9d0b-dd1a21bda562","benchmark/train/IMG_2871_2_JPG.rf.0305945c238eebe4820edb6b2191a5df.jpg","train/IMG_2871_2_JPG.rf.0305945c238eebe4820edb6b2191a5df",0,3,"miner",0.476563,0.475000,0.562500,0.744531,125.000000,65.749985,485.000000,542.250000,1,0,3,"miner",0.962204,123.386093,55.259369,484.474121,547.494324,361.088013,492.234955,177740.140625,0.962350
"838dbe8f-70d1-438c-86d4-a389c16ea6b3",78,"3e783f1b-9403-4b85-8cf0-b487cc023435","benchmark/valid/628_jpg.rf.b61fc701e531435a9bf0938e9d852d00.jpg","valid/628_jpg.rf.b61fc701e531435a9bf0938e9d852d00",0,4,"phoma",0.521875,0.521875,0.819531,0.608594,71.750015,139.250015,596.250000,528.750000,1,0,4,"phoma",0.964094,76.451019,138.516815,597.782349,528.485474,521.331299,389.968658,203302.875000,0.985642
"838dbe8f-70d1-438c-86d4-a389c16ea6b3",79,"ec59bd5b-5b0c-45f1-bbd7-f47b27f9f49b","benchmark/valid/IMG_3640_1_JPG.rf.61dbbf55687e3d0c65fb449a653afdb3.jpg","valid/IMG_3640_1_JPG.rf.61dbbf55687e3d0c65fb449a653afdb3",0,0,"algal_spot",0.278125,0.471094,0.461719,0.335938,30.249996,194.000000,325.749969,409.000000,1,0,0,"algal_spot",0.951306,29.815552,194.775116,332.754364,425.284576,302.938812,230.509460,69830.265625,0.903569
"838dbe8f-70d1-438c-86d4-a389c16ea6b3",79,"ec59bd5b-5b0c-45f1-bbd7-f47b27f9f49b","benchmark/valid/IMG_3640_1_JPG.rf.61dbbf55687e3d0c65fb449a653afdb3.jpg","valid/IMG_3640_1_JPG.rf.61dbbf55687e3d0c65fb449a653afdb3",1,0,"algal_spot",0.735937,0.376563,0.435156,0.377344,331.750000,120.250008,610.250000,361.750000,1,1,0,"algal_spot",0.925353,322.814178,117.689484,604.205933,355.964722,281.391754,238.275238,67048.687500,0.916348
"838dbe8f-70d1-438c-86d4-a389c16ea6b3",80,"7194b904-1e8b-4086-baf0-083228a242a5","benchmark/train/1494_jpg.rf.464d7d85aeb268807ee64422fd51d923.jpg","train/1494_jpg.rf.464d7d85aeb268807ee64422fd51d923",0,4,"phoma",0.487500,0.529688,0.912500,0.612500,20.000000,143.000015,604.000000,535.000000,1,0,4,"phoma",0.975200,27.925781,143.182404,601.908508,533.723022,573.982727,390.540619,224163.562500,0.979188
"838dbe8f-70d1-438c-86d4-a389c16ea6b3",81,"2d4273e0-ab3f-40fa-80e1-aa5e64493987","benchmark/train/PXL_20240125_083331116_jpg.rf.8276eb96dff2a4a141695d5c449821b0.jpg","train/PXL_20240125_083331116_jpg.rf.8276eb96dff2a4a141695d5c449821b0",0,2,"healthy",0.465625,0.531250,0.670313,0.921875,83.499985,45.000000,512.500000,635.000000,1,0,2,"healthy",0.940657,86.706985,46.681305,520.264099,615.479431,433.557129,568.798096,246606.468750,0.940449
"838dbe8f-70d1-438c-86d4-a389c16ea6b3",82,"0d8485d2-366d-45cb-ad92-7d4f96df9d72","benchmark/train/299_jpg.rf.db1ba045a24f54226e7b44fa7be5ae22.jpg","train/299_jpg.rf.db1ba045a24f54226e7b44fa7be5ae22",0,4,"phoma",0.521875,0.501562,0.725000,0.560156,102.000008,141.750000,566.000000,500.249969,1,0,4,"phoma",0.971162,97.735580,144.190735,569.299744,496.859039,471.564148,352.668304,166305.734375,0.968206
"838dbe8f-70d1-438c-86d4-a389c16ea6b3",83,"6abce868-09b4-44da-8360-dde3714c2b3e","benchmark/train/353_jpg.rf.eeac0d22d42d15ecf99349c3efb9efe7.jpg","train/353_jpg.rf.eeac0d22d42d15ecf99349c3efb9efe7",0,4,"phoma",0.507813,0.535937,0.745313,0.656250,86.500000,133.000000,563.500000,553.000000,1,0,4,"phoma",0.978193,84.664963,131.917984,567.421753,550.261780,482.756775,418.343811,201958.312500,0.979187
"838dbe8f-70d1-438c-86d4-a389c16ea6b3",84,"6c7291a7-d75d-42c9-b864-025499c986a7","benchmark/train/IMG_2432_JPG.rf.a74af9b0c11d74219baf6243b92e7c05.jpg","train/IMG_2432_JPG.rf.a74af9b0c11d74219baf6243b92e7c05",0,3,"miner",0.423438,0.540625,0.833594,0.337500,4.250011,238.000000,537.750000,453.999969,1,0,3,"miner",0.942226,0.000000,240.422699,540.740356,457.791931,540.740356,217.369232,117540.312500,0.958855
"838dbe8f-70d1-438c-86d4-a389c16ea6b3",85,"549ec29e-a78c-4568-8815-a1c0f24e1299","benchmark/train/IMG_3122_1_JPG.rf.df7e2b249e0bedc6574bd265789d6246.jpg","train/IMG_3122_1_JPG.rf.df7e2b249e0bedc6574bd265789d6246",0,1,"brown_eye_spot",0.505469,0.482812,0.751562,0.714844,82.999992,80.250000,564.000000,537.750000,1,0,1,"brown_eye_spot",0.746367,84.388062,75.168320,567.988342,540.071411,483.600281,464.903076,224827.265625,0.973211
"838dbe8f-70d1-438c-86d4-a389c16ea6b3",86,"bed03868-7d85-4036-b9b6-f3a98d5628c7","benchmark/train/IMG_2474_1_JPG.rf.1258662152e6323a0486b832a97e2ba4.jpg","train/IMG_2474_1_JPG.rf.1258662152e6323a0486b832a97e2ba4",0,4,"phoma",0.454688,0.554688,0.689844,0.877344,70.250000,74.249992,511.750031,635.750000,1,0,4,"phoma",0.960565,72.070923,70.594849,508.598419,636.742859,436.527496,566.148010,247139.171875,0.980710
"838dbe8f-70d1-438c-86d4-a389c16ea6b3",87,"4489e525-013c-497c-8c89-1fcd2f015d92","benchmark/train/IMG_3083_JPG.rf.325f59ee4e9cfbe3e932e556630f7d71.jpg","train/IMG_3083_JPG.rf.325f59ee4e9cfbe3e932e556630f7d71",0,1,"brown_eye_spot",0.465625,0.498437,0.366406,0.622656,180.749985,119.750000,415.250000,518.250000,1,0,1,"brown_eye_spot",0.949051,183.605942,122.046448,416.308960,514.090759,232.703018,392.044312,91229.898438,0.967520
"838dbe8f-70d1-438c-86d4-a389c16ea6b3",88,"db965b41-0f23-41ed-a1f4-fbdef15edf78","benchmark/train/IMG_2689_JPG.rf.c142eb25380d9f3752d922deba3d4c98.jpg","train/IMG_2689_JPG.rf.c142eb25380d9f3752d922deba3d4c98",0,3,"miner",0.385938,0.623438,0.482031,0.664844,92.750008,186.250015,401.250000,611.750000,1,0,3,"miner",0.944257,95.088348,185.919907,394.855072,607.670532,299.766724,421.750610,126426.796875,0.961650
"838dbe8f-70d1-438c-86d4-a389c16ea6b3",89,"ece0fa60-417e-4bda-925c-ba35b249b476","benchmark/train/458_jpg.rf.fd32f77824a9c213d66da1788c6f7f08.jpg","train/458_jpg.rf.fd32f77824a9c213d66da1788c6f7f08",0,4,"phoma",0.489844,0.522656,0.767969,0.559375,67.750000,155.500015,559.250000,513.500000,1,0,4,"phoma",0.974344,73.864777,156.588928,558.823975,513.157349,484.959198,356.568420,172921.140625,0.982747
"838dbe8f-70d1-438c-86d4-a389c16ea6b3",90,"f6ad42ab-714c-4616-a2c5-85830a07ae69","benchmark/valid/IMG_3117_2_JPG.rf.b76b37f73a8466ff6ce61e4e084c708d.jpg","valid/IMG_3117_2_JPG.rf.b76b37f73a8466ff6ce61e4e084c708d",0,1,"brown_eye_spot",0.532812,0.567187,0.863281,0.555469,64.749985,185.250000,617.250000,540.750000,1,0,1,"brown_eye_spot",0.872098,50.701050,191.618805,629.342773,543.292297,578.641724,351.673492,203492.953125,0.931807
"838dbe8f-70d1-438c-86d4-a389c16ea6b3",91,"8a951bfb-f813-4f4e-8486-1cc801334b5f","benchmark/train/IMG_3299_JPG.rf.992162670d673c8cb0549fb66449abf3.jpg","train/IMG_3299_JPG.rf.992162670d673c8cb0549fb66449abf3",0,1,"brown_eye_spot",0.460938,0.417188,0.609375,0.630469,100.000000,65.250015,490.000000,468.750000,1,0,1,"brown_eye_spot",0.946993,98.690048,66.194824,492.505096,472.659851,393.815063,406.465027,160072.046875,0.978534
"838dbe8f-70d1-438c-86d4-a389c16ea6b3",92,"1abd16bd-f9f1-4726-aaa3-a838064e4bdf","benchmark/test/IMG_3243_2_JPG.rf.f061d003179e73990f4d90d4e269eeb0.jpg","test/IMG_3243_2_JPG.rf.f061d003179e73990f4d90d4e269eeb0",0,3,"miner",0.493750,0.575000,0.322656,0.850000,212.750015,95.999985,419.250000,639.000000,1,0,3,"miner",0.922602,216.050385,94.128723,420.239349,639.000000,204.188965,544.871277,111256.703125,0.976016
"838dbe8f-70d1-438c-86d4-a389c16ea6b3",93,"c8bd4806-1abb-4149-b0a9-47be774299ec","benchmark/train/559_jpg.rf.6992196f521b79cc1be3dd9519b6c53a.jpg","train/559_jpg.rf.6992196f521b79cc1be3dd9519b6c53a",0,4,"phoma",0.506250,0.526563,0.711719,0.655469,96.250015,127.250000,551.750000,546.750000,1,0,4,"phoma",0.971169,98.315964,130.450439,549.156250,532.951538,450.840271,402.501099,181463.703125,0.949663
"838dbe8f-70d1-438c-86d4-a389c16ea6b3",94,"eabe2a95-3108-479e-84d9-61b3c62fda66","benchmark/test/407_jpg.rf.e61520d49bd8794f28dd412d7636a642.jpg","test/407_jpg.rf.e61520d49bd8794f28dd412d7636a642",0,4,"phoma",0.491406,0.464844,0.867969,0.600781,36.750011,105.250000,592.250000,489.750000,1,0,4,"phoma",0.968177,40.153015,106.827011,595.927368,492.646576,555.774353,385.819580,214428.625000,0.976007
"838dbe8f-70d1-438c-86d4-a389c16ea6b3",95,"940de9f8-9126-4cf9-8c31-9655edfa79ff","benchmark/train/IMG_3577_1_JPG.rf.2095bf5dee4a628b23da5c29fe329b15.jpg","train/IMG_3577_1_JPG.rf.2095bf5dee4a628b23da5c29fe329b15",0,0,"algal_spot",0.456250,0.489062,0.391406,0.472656,166.750015,161.750000,417.250000,464.250000,1,0,0,"algal_spot",0.929984,166.809952,160.363831,411.656616,463.800232,244.846664,303.436401,74295.390625,0.971627
"838dbe8f-70d1-438c-86d4-a389c16ea6b3",96,"031a19ce-eb16-48b6-87f1-3d60050f255a","benchmark/valid/IMG_2797_2_JPG.rf.5643148129f22631c7af2060d828f9fc.jpg","valid/IMG_2797_2_JPG.rf.5643148129f22631c7af2060d828f9fc",0,1,"brown_eye_spot",0.606250,0.503125,0.500781,0.806250,227.750000,64.000015,548.250000,580.000000,1,0,1,"brown_eye_spot",0.897616,221.722839,57.515747,551.858154,588.057251,330.135315,530.541504,175150.484375,0.944205
"838dbe8f-70d1-438c-86d4-a389c16ea6b3",97,"cb6ac739-0bf4-44f9-bd28-8049e6c6b87f","benchmark/train/IMG_3157_JPG.rf.5be659958c6c72ad5e8bcaac3c6f346d.jpg","train/IMG_3157_JPG.rf.5be659958c6c72ad5e8bcaac3c6f346d",0,1,"brown_eye_spot",0.414063,0.469531,0.534375,0.810938,94.000000,40.999985,436.000000,560.000000,1,0,1,"brown_eye_spot",0.972227,95.337830,20.907715,435.096008,562.045471,339.758179,541.137756,183855.984375,0.953059
"838dbe8f-70d1-438c-86d4-a389c16ea6b3",98,"a8c2d160-b69b-4f21-bb79-6962ec2beef9","benchmark/valid/1428_jpg.rf.ed10831fbc83f8b6abddec620c98452e.jpg","valid/1428_jpg.rf.ed10831fbc83f8b6abddec620c98452e",0,2,"healthy",0.460938,0.471875,0.916406,0.821094,1.749992,39.250011,588.250000,564.750000,1,0,2,"healthy",0.974527,0.000000,39.456604,595.326233,564.987671,595.326233,525.531067,312862.437500,0.984347
"838dbe8f-70d1-438c-86d4-a389c16ea6b3",99,"7f628ff6-565c-4aea-8043-2db36d1719dc","benchmark/valid/IMG_3407_1_JPG.rf.87368a1c829fcf7e9f6a943966971aed.jpg","valid/IMG_3407_1_JPG.rf.87368a1c829fcf7e9f6a943966971aed",0,3,"miner",0.454688,0.521875,0.496875,0.659375,132.000000,123.000015,450.000000,545.000000,1,0,3,"miner",0.516389,131.172485,103.277939,462.915070,544.401550,331.742584,441.123596,146339.484375,0.914528
"838dbe8f-70d1-438c-86d4-a389c16ea6b3",100,"9c159bc4-2f9c-4505-861a-330f3a301253","benchmark/train/IMG_2510_JPG.rf.9047c38c3bf22a652be14c21aa4bcd8e.jpg","train/IMG_2510_JPG.rf.9047c38c3bf22a652be14c21aa4bcd8e",0,3,"miner",0.474219,0.509375,0.323438,0.315625,200.000000,224.999985,407.000000,426.999969,1,0,3,"miner",0.726333,197.948395,225.198181,415.317139,423.832458,217.368744,198.634277,43176.882813,0.937177
"1002e9b1-664b-4f4f-bdc8-5d3f4f821b85",1,"64a66219-80a9-4807-a62b-ca2abbd8538b","benchmark/test/IMG_2592_JPG.rf.c8b6679e4ed87a1288f7b11ac56a4884.jpg","test/IMG_2592_JPG.rf.c8b6679e4ed87a1288f7b11ac56a4884",0,1,"brown_eye_spot",0.575000,0.546875,0.836719,0.346094,100.250000,239.250000,635.750000,460.750000,1,0,1,"brown_eye_spot",0.964566,90.474945,240.456909,639.000000,463.482605,548.525024,223.025696,122335.171875,0.959225
"1002e9b1-664b-4f4f-bdc8-5d3f4f821b85",2,"8efb2e83-c2d1-43cc-b12b-917084bb70e6","benchmark/train/IMG_3184_JPG.rf.ae6b539af14e6ba653895885921c94f6.jpg","train/IMG_3184_JPG.rf.ae6b539af14e6ba653895885921c94f6",0,1,"brown_eye_spot",0.794531,0.504687,0.410937,0.500000,376.999969,163.000000,639.000000,483.000000,1,1,1,"brown_eye_spot",0.950356,377.748444,159.661819,639.000000,483.984619,261.251556,324.322815,84729.843750,0.983890
"1002e9b1-664b-4f4f-bdc8-5d3f4f821b85",2,"8efb2e83-c2d1-43cc-b12b-917084bb70e6","benchmark/train/IMG_3184_JPG.rf.ae6b539af14e6ba653895885921c94f6.jpg","train/IMG_3184_JPG.rf.ae6b539af14e6ba653895885921c94f6",1,3,"miner",0.317187,0.503125,0.421094,0.530469,68.249985,152.250000,337.750000,491.750031,1,0,3,"miner",0.953552,72.193420,151.347534,337.882568,496.451599,265.689148,345.104065,91690.406250,0.969120
"1002e9b1-664b-4f4f-bdc8-5d3f4f821b85",3,"69f8b7ea-461a-4a32-8dd4-f083f7e25c31","benchmark/train/IMG_2927_2_JPG.rf.0103abb3cacaa745632dd8de3b269275.jpg","train/IMG_2927_2_JPG.rf.0103abb3cacaa745632dd8de3b269275",0,1,"brown_eye_spot",0.448438,0.484375,0.564844,0.700781,106.250000,85.750008,467.750000,534.250000,1,0,1,"brown_eye_spot",0.971105,107.898529,78.098541,473.246155,539.360352,365.347626,461.261810,168520.906250,0.953522
"1002e9b1-664b-4f4f-bdc8-5d3f4f821b85",4,"d16f8d51-adbe-4db5-8c85-3bcf97d95739","benchmark/train/PXL_20240125_114556181_jpg.rf.f968f8118d65dc98b79841ab6ae02c6c.jpg","train/PXL_20240125_114556181_jpg.rf.f968f8118d65dc98b79841ab6ae02c6c",0,2,"healthy",0.493750,0.464063,0.589844,0.928125,127.250000,0.000000,504.750000,594.000000,1,0,2,"healthy",0.901459,138.609100,9.930298,503.955536,586.494812,365.346436,576.564514,210645.796875,0.939397
"1002e9b1-664b-4f4f-bdc8-5d3f4f821b85",5,"da6d6315-a197-4347-9660-06fb9f9be2db","benchmark/valid/0_jpg.rf.e00fb92b18f19f537a127f2b24caf75f.jpg","valid/0_jpg.rf.e00fb92b18f19f537a127f2b24caf75f",0,2,"healthy",0.457031,0.547656,0.896094,0.719531,5.750008,120.250000,579.250000,580.750000,1,0,2,"healthy",0.971689,1.295990,123.304474,578.070068,575.033142,576.774048,451.728668,260545.375000,0.971533
"1002e9b1-664b-4f4f-bdc8-5d3f4f821b85",6,"0d7decae-1a86-4ac2-af24-83363744b4d9","benchmark/train/PXL_20240125_090912033_jpg.rf.f82ac45ca177b36b17a58ce17efcd4be.jpg","train/PXL_20240125_090912033_jpg.rf.f82ac45ca177b36b17a58ce17efcd4be",0,2,"healthy",0.507031,0.516406,0.556250,0.884375,146.500015,47.500000,502.500000,613.500000,1,0,2,"healthy",0.946227,151.612213,55.974854,483.596863,592.627869,331.984650,536.653015,178160.562500,0.884189
"1002e9b1-664b-4f4f-bdc8-5d3f4f821b85",7,"e37369a3-134e-4fc6-be48-f4b7a8650a5a","benchmark/train/PXL_20240125_124828853_jpg.rf.dc607e519ad97ca432a49e188de133cb.jpg","train/PXL_20240125_124828853_jpg.rf.dc607e519ad97ca432a49e188de133cb",0,2,"healthy",0.450000,0.500781,0.406250,0.998438,158.000000,0.999985,418.000000,639.000000,1,1,2,"healthy",0.906240,163.381409,0.000000,429.894958,639.000000,266.513550,639.000000,170302.156250,0.935023
"1002e9b1-664b-4f4f-bdc8-5d3f4f821b85",7,"e37369a3-134e-4fc6-be48-f4b7a8650a5a","benchmark/train/PXL_20240125_124828853_jpg.rf.dc607e519ad97ca432a49e188de133cb.jpg","train/PXL_20240125_124828853_jpg.rf.dc607e519ad97ca432a49e188de133cb",1,2,"healthy",0.762500,0.360938,0.475000,0.715625,336.000000,2.000008,639.000000,460.000000,1,0,2,"healthy",0.921370,345.435028,0.000000,639.000000,450.129028,293.564972,450.129028,132142.109375,0.943986
"1002e9b1-664b-4f4f-bdc8-5d3f4f821b85",8,"40aab6cb-c202-41f4-8649-7c82b0936511","benchmark/train/IMG_2632_JPG.rf.6877fdad64bd9e1263536f49047d2c69.jpg","train/IMG_2632_JPG.rf.6877fdad64bd9e1263536f49047d2c69",0,0,"algal_spot",0.567969,0.550000,0.557813,0.797656,184.999985,96.750015,542.000000,607.250000,1,0,0,"algal_spot",0.954625,185.956940,100.338501,546.616333,602.340942,360.659393,502.002441,181051.890625,0.968405
"1002e9b1-664b-4f4f-bdc8-5d3f4f821b85",9,"e1b639e2-f2c7-4b16-b7e4-fafa40629e13","benchmark/train/IMG_3492_JPG.rf.09dfa7b983b750c2cb477a7fcb35c4f3.jpg","train/IMG_3492_JPG.rf.09dfa7b983b750c2cb477a7fcb35c4f3",0,0,"algal_spot",0.531250,0.434375,0.815625,0.624219,79.000000,78.249985,601.000000,477.750000,1,0,0,"algal_spot",0.945061,80.441376,80.654617,601.034973,472.913452,520.593628,392.258850,204207.453125,0.979099
"1002e9b1-664b-4f4f-bdc8-5d3f4f821b85",10,"5a23356f-879c-40b4-81fc-3e83db4fe8e4","benchmark/train/IMG_2438_2_JPG.rf.cd952a1eec9858bd466d3c8c068c3e5d.jpg","train/IMG_2438_2_JPG.rf.cd952a1eec9858bd466d3c8c068c3e5d",0,5,"powdery_mildew",0.589063,0.446875,0.665625,0.887500,164.000015,2.000008,590.000000,570.000000,1,0,5,"powdery_mildew",0.950256,160.176056,2.041718,590.912720,571.238831,430.736664,569.197144,245174.078125,0.986779
"1002e9b1-664b-4f4f-bdc8-5d3f4f821b85",11,"e8b006fa-c04f-40a7-8dc3-ab2ffe52ed96","benchmark/train/IMG_20240125_155509_222_jpg.rf.b2e968d87068fc796a9b24942d7a5a49.jpg","train/IMG_20240125_155509_222_jpg.rf.b2e968d87068fc796a9b24942d7a5a49",0,2,"healthy",0.473437,0.500781,0.709375,0.998438,75.999985,0.999985,530.000000,639.000000,1,0,2,"healthy",0.886850,84.313202,0.000000,543.077454,639.000000,458.764252,639.000000,293150.343750,0.952736
"1002e9b1-664b-4f4f-bdc8-5d3f4f821b85",12,"ef0c4c5e-5276-46c2-9968-b5c4d70d5329","benchmark/valid/IMG_3389_2_JPG.rf.390b71f03c611b2922b1d644378b4d63.jpg","valid/IMG_3389_2_JPG.rf.390b71f03c611b2922b1d644378b4d63",0,1,"brown_eye_spot",0.464844,0.476563,0.373437,0.903125,178.000000,16.000004,417.000000,594.000000,1,0,1,"brown_eye_spot",0.961642,179.235687,24.276245,417.905701,594.041931,238.670013,569.765686,135985.984375,0.976865
"1002e9b1-664b-4f4f-bdc8-5d3f4f821b85",13,"dc0c2212-d9a7-438a-a88b-d0b31d18f5cf","benchmark/valid/IMG_2689_2_JPG.rf.a97124aaab8acf6e94ad12adbf16c7b2.jpg","valid/IMG_2689_2_JPG.rf.a97124aaab8acf6e94ad12adbf16c7b2",0,3,"miner",0.612500,0.623438,0.482031,0.664844,237.750015,186.250015,546.250000,611.750000,1,0,3,"miner",0.950363,244.292999,185.736404,544.022034,589.642761,299.729034,403.906372,121062.468750,0.920011
"1002e9b1-664b-4f4f-bdc8-5d3f4f821b85",14,"82c6200c-bee8-4f38-af84-8507a85e156b","benchmark/valid/IMG_3287_JPG.rf.d8a4391f66a977d600f9c4cb743fa916.jpg","valid/IMG_3287_JPG.rf.d8a4391f66a977d600f9c4cb743fa916",0,3,"miner",0.394531,0.588281,0.667188,0.317187,38.999996,275.000031,466.000000,478.000031,1,0,3,"miner",0.944110,36.775131,272.639038,465.333038,476.660431,428.557922,204.021393,87434.984375,0.975415
"1002e9b1-664b-4f4f-bdc8-5d3f4f821b85",15,"ddfc96a9-605c-4441-8b69-67b9bdf3ef8a","benchmark/valid/IMG_3038_2_JPG.rf.8564ca53ce232258e6691ff54eea160e.jpg","valid/IMG_3038_2_JPG.rf.8564ca53ce232258e6691ff54eea160e",0,1,"brown_eye_spot",0.417969,0.535156,0.576563,0.601563,82.999992,150.000000,452.000000,535.000000,1,0,1,"brown_eye_spot",0.968732,71.568954,153.058258,457.074829,532.539307,385.505859,379.481049,146292.171875,0.944042
"1002e9b1-664b-4f4f-bdc8-5d3f4f821b85",16,"acd9f729-b7f5-4bde-8522-b0c669fe98bf","benchmark/test/617_jpg.rf.04427b9b98f1a89d65dde4cabcdcac6d.jpg","test/617_jpg.rf.04427b9b98f1a89d65dde4cabcdcac6d",0,4,"phoma",0.504687,0.475000,0.793750,0.571875,69.000000,121.000000,577.000000,486.999969,1,0,4,"phoma",0.973079,63.870605,123.794022,576.167847,484.951447,512.297241,361.157410,185019.937500,0.975434
"1002e9b1-664b-4f4f-bdc8-5d3f4f821b85",17,"9b7c241e-5768-4ec6-bf6a-bc92dafe2b53","benchmark/train/257_jpg.rf.6f30096e62018a8b7fc890b35953a123.jpg","train/257_jpg.rf.6f30096e62018a8b7fc890b35953a123",0,4,"phoma",0.514063,0.458594,0.778125,0.525781,80.000015,125.250000,578.000000,461.750031,1,0,4,"phoma",0.974185,77.142090,125.839966,575.231079,462.721588,498.088989,336.881622,167797.031250,0.984216
"1002e9b1-664b-4f4f-bdc8-5d3f4f821b85",18,"e0717143-e1e7-4717-b57a-9379e65a72c1","benchmark/train/IMG_2236_JPG.rf.1f5e9d08b726cfe9583dc7cf75d82ee2.jpg","train/IMG_2236_JPG.rf.1f5e9d08b726cfe9583dc7cf75d82ee2",0,3,"miner",0.536719,0.499219,0.610937,0.707812,148.000000,93.000015,539.000000,546.000000,1,0,3,"miner",0.959563,142.539703,89.979630,555.950562,550.024231,413.410858,460.044617,190187.437500,0.931308
"1002e9b1-664b-4f4f-bdc8-5d3f4f821b85",19,"9a9af81a-424d-46a5-b29b-a617f4b0c26a","benchmark/test/IMG_3132_1_JPG.rf.27477fbd79f85575b44d3c5885988644.jpg","test/IMG_3132_1_JPG.rf.27477fbd79f85575b44d3c5885988644",0,1,"brown_eye_spot",0.524219,0.479688,0.495313,0.810156,176.999985,47.750015,494.000000,566.250000,1,0,1,"brown_eye_spot",0.978319,173.234619,42.076538,495.026825,565.808472,321.792206,523.731934,168532.859375,0.973628
"1002e9b1-664b-4f4f-bdc8-5d3f4f821b85",20,"2f5a4d12-2f88-4e15-9558-6161cbd0f27b","benchmark/valid/IMG_2369_JPG.rf.3bfad9a8013847a97abbd19981f3e0b5.jpg","valid/IMG_2369_JPG.rf.3bfad9a8013847a97abbd19981f3e0b5",0,3,"miner",0.539063,0.423438,0.908594,0.438281,54.249992,130.750000,635.750000,411.250000,1,0,3,"miner",0.933560,64.325836,130.357330,630.932312,414.212219,566.606445,283.854889,160834.015625,0.963163
"1002e9b1-664b-4f4f-bdc8-5d3f4f821b85",21,"071b8540-5494-47da-b576-b32a19340b08","benchmark/train/291_jpg.rf.727cfb45510f63567f3b6fed59651814.jpg","train/291_jpg.rf.727cfb45510f63567f3b6fed59651814",0,4,"phoma",0.497656,0.532031,0.708594,0.553906,91.750015,163.249985,545.250000,517.750000,1,0,4,"phoma",0.973602,87.520782,165.958557,547.560059,515.049316,460.039276,349.090759,160595.453125,0.970954
"1002e9b1-664b-4f4f-bdc8-5d3f4f821b85",22,"9b71eb04-088e-47d0-9efe-41ac87382bf1","benchmark/train/IMG_2782_1_JPG.rf.6f4bbcb2587b5a556ac6c48841c72a89.jpg","train/IMG_2782_1_JPG.rf.6f4bbcb2587b5a556ac6c48841c72a89",0,3,"miner",0.510156,0.454688,0.648438,0.696875,119.000015,68.000015,534.000000,514.000000,1,0,3,"miner",0.951651,120.238495,66.759674,536.208862,512.432251,415.970367,445.672577,185386.578125,0.985537
"1002e9b1-664b-4f4f-bdc8-5d3f4f821b85",23,"ad1511df-abd5-4253-89dc-0d573258a253","benchmark/train/296_jpg.rf.321dcee1e083ea18036752de1b3faee9.jpg","train/296_jpg.rf.321dcee1e083ea18036752de1b3faee9",0,4,"phoma",0.550781,0.539844,0.661719,0.702344,140.750000,120.749985,564.250000,570.250000,1,0,4,"phoma",0.978770,141.624924,122.685989,568.194702,569.390015,426.569763,446.704041,190550.437500,0.982631
"1002e9b1-664b-4f4f-bdc8-5d3f4f821b85",24,"8874d356-e946-4908-87ce-65b6aa7261a6","benchmark/train/IMG_2567_2_JPG.rf.a62e39d5f5622ac328f83a6d75ada923.jpg","train/IMG_2567_2_JPG.rf.a62e39d5f5622ac328f83a6d75ada923",0,3,"miner",0.567187,0.492188,0.407031,0.693750,232.750000,92.999992,493.249969,537.000000,1,0,3,"miner",0.967136,234.460327,89.632492,487.171417,537.323730,252.711090,447.691223,113136.539063,0.962339
"1002e9b1-664b-4f4f-bdc8-5d3f4f821b85",25,"c60beb76-eb64-4088-81b7-92bd4acf2934","benchmark/test/IMG_2459_2_JPG.rf.e0f03ef7b75e42a4e5d2f0c7d8e92e9a.jpg","test/IMG_2459_2_JPG.rf.e0f03ef7b75e42a4e5d2f0c7d8e92e9a",0,3,"miner",0.464063,0.592969,0.843750,0.301562,27.000008,283.000000,567.000000,476.000000,1,0,3,"miner",0.913301,29.272156,275.454102,568.650818,474.335327,539.378662,198.881226,107272.289063,0.947336
"1002e9b1-664b-4f4f-bdc8-5d3f4f821b85",26,"09792e0c-c636-4f74-811b-b1b8863a3745","benchmark/train/IMG_2876_1_JPG.rf.43d77e8e9092bea62f7e3eedf9079322.jpg","train/IMG_2876_1_JPG.rf.43d77e8e9092bea62f7e3eedf9079322",0,5,"powdery_mildew",0.544531,0.565625,0.651563,0.356250,139.999985,248.000015,557.000000,476.000000,1,0,5,"powdery_mildew",0.963998,139.043564,234.916748,555.456787,474.281799,416.413208,239.365051,99674.765625,0.933193
"1002e9b1-664b-4f4f-bdc8-5d3f4f821b85",26,"09792e0c-c636-4f74-811b-b1b8863a3745","benchmark/train/IMG_2876_1_JPG.rf.43d77e8e9092bea62f7e3eedf9079322.jpg","train/IMG_2876_1_JPG.rf.43d77e8e9092bea62f7e3eedf9079322",1,5,"powdery_mildew",0.641406,0.154687,0.495313,0.222656,251.999985,27.749996,569.000000,170.250000,1,1,5,"powdery_mildew",0.934394,256.139557,27.211304,567.244385,168.921692,311.104828,141.710388,44086.785156,0.968661
"1002e9b1-664b-4f4f-bdc8-5d3f4f821b85",27,"618118ec-6205-4c06-b582-cdbb3b5cf38c","benchmark/train/IMG_3257_2_JPG.rf.d239e3e43c5d5ea4137297d0c4f08eca.jpg","train/IMG_3257_2_JPG.rf.d239e3e43c5d5ea4137297d0c4f08eca",0,3,"miner",0.528125,0.495313,0.493750,0.805469,180.000000,59.250011,496.000000,574.750000,1,0,3,"miner",0.960543,180.583496,47.927307,496.659241,575.737610,316.075745,527.810303,166828.031250,0.972885
"1002e9b1-664b-4f4f-bdc8-5d3f4f821b85",28,"e921bf9e-128c-4893-8f95-790c42355018","benchmark/train/IMG_3623_JPG.rf.eb1a2ceafa55861cc1ac23f11cf08605.jpg","train/IMG_3623_JPG.rf.eb1a2ceafa55861cc1ac23f11cf08605",0,0,"algal_spot",0.517969,0.428125,0.492188,0.850781,174.000015,1.749992,489.000000,546.250000,1,0,0,"algal_spot",0.963107,176.114014,0.000000,491.884735,544.307312,315.770721,544.307312,171876.312500,0.977674
"1002e9b1-664b-4f4f-bdc8-5d3f4f821b85",29,"c633fcdc-e158-46bd-9275-0cb22ce82f2b","benchmark/train/IMG_3068_2_JPG.rf.12e0dd771d46eb6bebf9d7f00a71a70a.jpg","train/IMG_3068_2_JPG.rf.12e0dd771d46eb6bebf9d7f00a71a70a",0,3,"miner",0.520312,0.460156,0.616406,0.714063,135.749985,66.000000,530.250000,523.000000,1,0,3,"miner",0.952134,134.875305,68.210205,531.009644,517.648926,396.134338,449.438721,178038.109375,0.979464
"1002e9b1-664b-4f4f-bdc8-5d3f4f821b85",30,"649120ef-4bd5-4ef6-8c63-a2e7fe3c56b8","benchmark/valid/IMG_2601_JPG.rf.e1fd9dabcfd3751536ce2e84b93b197d.jpg","valid/IMG_2601_JPG.rf.e1fd9dabcfd3751536ce2e84b93b197d",0,1,"brown_eye_spot",0.560938,0.479688,0.843750,0.336719,89.000015,199.250015,629.000000,414.750000,1,0,1,"brown_eye_spot",0.968437,82.217239,199.291245,638.387573,415.447449,556.170349,216.156204,120219.671875,0.967614
"1002e9b1-664b-4f4f-bdc8-5d3f4f821b85",31,"0db214c0-2b75-4d81-9158-2847265e1c9a","benchmark/train/465_jpg.rf.35d437cb91f03c68f39fab6a4bc15168.jpg","train/465_jpg.rf.35d437cb91f03c68f39fab6a4bc15168",0,4,"phoma",0.519531,0.537500,0.745313,0.620313,94.000000,145.500015,571.000000,542.500000,1,0,4,"phoma",0.970365,89.624268,142.143402,577.332825,539.286987,487.708557,397.143585,193690.328125,0.962164
"1002e9b1-664b-4f4f-bdc8-5d3f4f821b85",32,"c227899e-3dbb-4c47-a75d-93b964f20a82","benchmark/train/483_jpg.rf.15e7c42df4c7212d3d777d9c786beda2.jpg","train/483_jpg.rf.15e7c42df4c7212d3d777d9c786beda2",0,4,"phoma",0.506250,0.523438,0.801562,0.528125,67.500015,166.000000,580.500000,504.000000,1,0,4,"phoma",0.970361,66.232025,165.820953,583.914307,504.848450,517.682251,339.027496,175508.515625,0.987952
"1002e9b1-664b-4f4f-bdc8-5d3f4f821b85",33,"a9d1f674-7447-4ca1-aa18-2bdbe5bb2745","benchmark/train/IMG_2909_1_JPG.rf.d8fbb89575261107b2751a694cf919c4.jpg","train/IMG_2909_1_JPG.rf.d8fbb89575261107b2751a694cf919c4",0,3,"miner",0.389062,0.511719,0.549219,0.785937,73.249985,76.000000,424.750000,579.000000,1,0,3,"miner",0.945549,70.563919,70.528442,425.886658,586.471069,355.322754,515.942627,183326.156250,0.964426
"1002e9b1-664b-4f4f-bdc8-5d3f4f821b85",34,"67ff0fa4-0e8a-42e8-b3eb-3c407e1ff29b","benchmark/valid/1369_jpg.rf.b3a31e02b2ddb05fbb672ffdd9e2b733.jpg","valid/1369_jpg.rf.b3a31e02b2ddb05fbb672ffdd9e2b733",0,2,"healthy",0.479688,0.527344,0.902344,0.653125,18.250008,128.500000,595.750000,546.500000,1,0,2,"healthy",0.955972,17.385284,115.173706,590.485718,545.389771,573.100464,430.216064,246557.031250,0.956560
"1002e9b1-664b-4f4f-bdc8-5d3f4f821b85",35,"a498067d-5b8e-418f-b3f4-d6fe8d9a3a8f","benchmark/train/240_jpg.rf.95e365f78b55eb3f1ebcb21ff4b2f0ab.jpg","train/240_jpg.rf.95e365f78b55eb3f1ebcb21ff4b2f0ab",0,4,"phoma",0.492969,0.539063,0.732813,0.532031,80.999985,174.750000,550.000000,515.250000,1,0,4,"phoma",0.969254,76.587143,177.221832,549.935181,515.362549,473.348022,338.140717,160058.234375,0.983092
"1002e9b1-664b-4f4f-bdc8-5d3f4f821b85",36,"3f8cc7af-5aab-4b05-9d54-3d134d46866b","benchmark/train/966_jpg.rf.82e55edd90b9bbf17fbda936d16bce86.jpg","train/966_jpg.rf.82e55edd90b9bbf17fbda936d16bce86",0,2,"healthy",0.509375,0.482812,0.818750,0.612500,63.999977,112.999992,588.000000,505.000000,1,0,2,"healthy",0.962357,68.156097,118.015274,590.839661,502.077515,522.683594,384.062256,200743.046875,0.966846
"1002e9b1-664b-4f4f-bdc8-5d3f4f821b85",37,"00bb5103-5505-45aa-bea1-97c15c3bd5c4","benchmark/test/1584_jpg.rf.fb81a061b23abde457e15183eecf2ba3.jpg","test/1584_jpg.rf.fb81a061b23abde457e15183eecf2ba3",0,2,"healthy",0.503906,0.515625,0.934375,0.632031,23.500004,127.750000,621.500000,532.250000,1,1,2,"healthy",0.271812,24.588043,131.217682,622.945679,518.699158,598.357666,387.481476,231852.515625,0.953975
"1002e9b1-664b-4f4f-bdc8-5d3f4f821b85",38,"7de47a54-62df-406e-bdab-6fc174e535f4","benchmark/test/6_jpg.rf.86361579b0534549eea679e545af1a44.jpg","test/6_jpg.rf.86361579b0534549eea679e545af1a44",0,2,"healthy",0.525000,0.469531,0.857031,0.654688,61.749992,90.999985,610.250000,510.000000,1,0,2,"healthy",0.955347,59.711670,94.969955,609.892090,514.972473,550.180420,420.002502,231077.156250,0.974688
"1002e9b1-664b-4f4f-bdc8-5d3f4f821b85",39,"5262a5c1-22dc-410e-b29f-0d23d12f8195","benchmark/valid/IMG_2688_JPG.rf.42554b8313cf45becf3b686323d34a1a.jpg","valid/IMG_2688_JPG.rf.42554b8313cf45becf3b686323d34a1a",0,3,"miner",0.426562,0.432813,0.482031,0.471094,118.749992,126.250008,427.250000,427.750000,1,0,3,"miner",0.931756,128.559875,134.610092,423.434113,423.129333,294.874237,288.519226,85076.882813,0.914680
"1002e9b1-664b-4f4f-bdc8-5d3f4f821b85",40,"d82aebb6-74c8-4027-8314-dfd8f7746b8c","benchmark/train/IMG_3310_JPG.rf.f96c5d833ac2771fb72055a4d7f53546.jpg","train/IMG_3310_JPG.rf.f96c5d833ac2771fb72055a4d7f53546",0,3,"miner",0.514063,0.518750,0.710156,0.568750,101.750015,150.000000,556.250000,514.000000,1,0,3,"miner",0.941986,102.687790,153.406128,557.341675,518.961914,454.653870,365.555786,166201.359375,0.973015
"1002e9b1-664b-4f4f-bdc8-5d3f4f821b85",41,"e1980b69-280c-4f49-9b2f-72d9f87f5b8a","benchmark/train/IMG_2448_JPG.rf.d3a4485e3a90d84bfcb1c52990daa875.jpg","train/IMG_2448_JPG.rf.d3a4485e3a90d84bfcb1c52990daa875",0,0,"algal_spot",0.512500,0.522656,0.555469,0.576563,150.250000,150.000000,505.749969,519.000000,1,0,0,"algal_spot",0.959637,146.549255,150.989227,504.392029,523.157471,357.842773,372.168243,133177.718750,0.972386
"1002e9b1-664b-4f4f-bdc8-5d3f4f821b85",42,"21fe67ea-438a-4594-abde-057cada93419","benchmark/train/IMG_3556_1_JPG.rf.5e51fc313ab88792e34c5225e6767743.jpg","train/IMG_3556_1_JPG.rf.5e51fc313ab88792e34c5225e6767743",0,0,"algal_spot",0.567187,0.508594,0.708594,0.539063,136.250000,153.000000,589.750000,498.000000,1,0,0,"algal_spot",0.949273,141.053741,147.916718,589.276123,504.692230,448.222382,356.775513,159914.765625,0.956109
"1002e9b1-664b-4f4f-bdc8-5d3f4f821b85",43,"52043f0c-62ec-4e5a-b852-23de14681136","benchmark/valid/IMG_2339_2_JPG.rf.995b1247a2d2d5a57c0127fca589fc7e.jpg","valid/IMG_2339_2_JPG.rf.995b1247a2d2d5a57c0127fca589fc7e",0,3,"miner",0.456250,0.510938,0.877344,0.388281,11.250000,202.750015,572.750000,451.250000,1,0,3,"miner",0.951317,59.630325,204.685883,564.022949,454.898438,504.392639,250.212555,126205.367188,0.879695
"1002e9b1-664b-4f4f-bdc8-5d3f4f821b85",44,"7f3055c7-3b2c-42b2-8442-635599c3432b","benchmark/train/247_jpg.rf.6ee86540aec9ee72f5d8178435573360.jpg","train/247_jpg.rf.6ee86540aec9ee72f5d8178435573360",0,4,"phoma",0.489844,0.425000,0.818750,0.725000,51.499996,40.000000,575.500000,504.000000,1,0,4,"phoma",0.967701,53.929214,42.454971,578.322632,507.530121,524.393433,465.075134,243882.343750,0.977419
"1002e9b1-664b-4f4f-bdc8-5d3f4f821b85",45,"15b62e95-5b6b-4539-88e4-134307081bdc","benchmark/train/821_jpg.rf.89a58a41b03b1353586253f6374bd4ea.jpg","train/821_jpg.rf.89a58a41b03b1353586253f6374bd4ea",0,4,"phoma",0.498437,0.507813,0.723437,0.701563,87.500000,100.499992,550.500000,549.500000,1,0,4,"phoma",0.960485,87.874420,98.513138,550.504211,550.582214,462.629791,452.069092,209140.625000,0.992404
"1002e9b1-664b-4f4f-bdc8-5d3f4f821b85",46,"fa88242a-a664-4b81-8daa-e0e6fb1004a0","benchmark/train/IMG_3578_2_JPG.rf.39b49a9ead31962a1bebf21acd7ad208.jpg","train/IMG_3578_2_JPG.rf.39b49a9ead31962a1bebf21acd7ad208",0,0,"algal_spot",0.499219,0.523438,0.410937,0.458594,188.000015,188.250000,451.000000,481.750000,1,0,0,"algal_spot",0.948809,187.429352,184.406830,453.198059,481.534912,265.768707,297.128082,78967.343750,0.976083
"1002e9b1-664b-4f4f-bdc8-5d3f4f821b85",47,"71b8db56-9052-42c2-9e25-5f38718cd437","benchmark/train/IMG_2861_1_JPG.rf.4be3b43b9f1d0b26354955d88317de68.jpg","train/IMG_2861_1_JPG.rf.4be3b43b9f1d0b26354955d88317de68",0,5,"powdery_mildew",0.452344,0.479688,0.710938,0.641406,62.000008,101.750015,517.000000,512.250000,1,0,5,"powdery_mildew",0.960725,50.590958,99.612320,520.201172,518.408813,469.610229,418.796509,196671.125000,0.949695
"1002e9b1-664b-4f4f-bdc8-5d3f4f821b85",48,"56c28985-a858-4493-ab87-f61fc4306c52","benchmark/valid/IMG_3306_1_JPG.rf.f02a6305512e3d427bf3592f3175eeab.jpg","valid/IMG_3306_1_JPG.rf.f02a6305512e3d427bf3592f3175eeab",0,3,"miner",0.515625,0.494531,0.614844,0.501562,133.250000,156.000000,526.750000,476.999969,1,0,3,"miner",0.955260,132.778397,152.676971,515.721680,477.407318,382.943298,324.730347,124353.312500,0.959967
"1002e9b1-664b-4f4f-bdc8-5d3f4f821b85",49,"6046a611-1fb8-4fd5-9f60-ce47b578aa57","benchmark/test/1036_jpg.rf.309e09044db8b680a459f34777b33f7e.jpg","test/1036_jpg.rf.309e09044db8b680a459f34777b33f7e",0,2,"healthy",0.477344,0.505469,0.795313,0.659375,50.999985,112.499985,560.000000,534.500000,1,0,2,"healthy",0.962949,48.286865,111.526871,563.490112,531.864380,515.203247,420.337524,216559.250000,0.979604
"1002e9b1-664b-4f4f-bdc8-5d3f4f821b85",50,"f73b2bb5-86c2-4966-af45-03794bb47529","benchmark/valid/263_jpg.rf.9e8dbb420b1f887e2a000889e7a0039c.jpg","valid/263_jpg.rf.9e8dbb420b1f887e2a000889e7a0039c",0,4,"phoma",0.522656,0.535937,0.821875,0.550000,71.500015,166.999985,597.500000,519.000000,1,0,4,"phoma",0.964972,73.485962,167.813889,598.004272,519.312378,524.518311,351.498474,184367.390625,0.992094
"1002e9b1-664b-4f4f-bdc8-5d3f4f821b85",51,"b292eef2-e6e1-4f69-984f-226e6dfb631b","benchmark/train/IMG_3484_JPG.rf.3750dfd2c254d791d273341d02b9fbe7.jpg","train/IMG_3484_JPG.rf.3750dfd2c254d791d273341d02b9fbe7",0,3,"miner",0.529688,0.476563,0.732813,0.844531,104.500008,34.750004,573.500000,575.250000,1,0,3,"miner",0.948184,116.129303,39.510376,552.724731,573.989502,436.595428,534.479126,233351.140625,0.920537
"1002e9b1-664b-4f4f-bdc8-5d3f4f821b85",52,"7e13b544-61d3-4e35-90b4-85a48f4cb6c2","benchmark/test/789_jpg.rf.68c197b071b95ced35962967ac5d374d.jpg","test/789_jpg.rf.68c197b071b95ced35962967ac5d374d",0,2,"healthy",0.520312,0.535156,0.946094,0.759375,30.249996,99.500008,635.750000,585.500000,1,0,2,"healthy",0.985453,22.961914,99.962357,635.820190,590.157776,612.858276,490.195435,300420.343750,0.977695
"1002e9b1-664b-4f4f-bdc8-5d3f4f821b85",53,"9d4e973d-99fb-4502-863a-aa2c535fb678","benchmark/train/395_jpg.rf.79b76a1961b3b06864d348b764968c59.jpg","train/395_jpg.rf.79b76a1961b3b06864d348b764968c59",0,4,"phoma",0.523438,0.530469,0.624219,0.571094,135.250000,156.750015,534.750000,522.250000,1,0,4,"phoma",0.958954,136.835007,157.660080,536.094482,521.783386,399.259460,364.123291,145379.671875,0.988965
"1002e9b1-664b-4f4f-bdc8-5d3f4f821b85",54,"660dc6a3-3202-47bb-96bb-c4e35c2828ae","benchmark/train/401_jpg.rf.549e90135e3417c31472c1dc98e68ff8.jpg","train/401_jpg.rf.549e90135e3417c31472c1dc98e68ff8",0,4,"phoma",0.511719,0.442969,0.860156,0.737500,52.250004,47.500000,602.750000,519.500000,1,0,4,"phoma",0.954072,54.172043,50.316528,606.184692,521.486206,552.012634,471.169678,260091.609375,0.980345
"1002e9b1-664b-4f4f-bdc8-5d3f4f821b85",55,"adc1c923-8a80-4ff9-9e24-8e166d29a5ba","benchmark/train/IMG_3357_1_JPG.rf.3cd8526c6c96f9c02be5e57fb68711c4.jpg","train/IMG_3357_1_JPG.rf.3cd8526c6c96f9c02be5e57fb68711c4",0,1,"brown_eye_spot",0.470313,0.479688,0.744531,0.387500,62.749996,183.000015,539.250000,431.000000,1,0,1,"brown_eye_spot",0.961067,56.960815,180.314499,548.068787,433.138367,491.107971,252.823868,124163.820313,0.951743
"1002e9b1-664b-4f4f-bdc8-5d3f4f821b85",56,"caffbad4-0d06-4724-a800-f75f82608142","benchmark/test/531_jpg.rf.e1be1acf818ea82f9956b97f1eaed26d.jpg","test/531_jpg.rf.e1be1acf818ea82f9956b97f1eaed26d",0,4,"phoma",0.504687,0.525781,0.863281,0.586719,46.749992,148.750015,599.250000,524.250000,1,0,4,"phoma",0.967414,49.868744,143.863861,600.068176,513.464172,550.199463,369.600311,203353.890625,0.952087
"1002e9b1-664b-4f4f-bdc8-5d3f4f821b85",57,"6c9e1871-49ed-4827-84a8-b78666878713","benchmark/test/IMG_2980_JPG.rf.50d1a296e1f4ef53aa128208cdd10613.jpg","test/IMG_2980_JPG.rf.50d1a296e1f4ef53aa128208cdd10613",0,1,"brown_eye_spot",0.472656,0.535937,0.764063,0.816406,57.999992,81.749992,547.000000,604.250000,1,0,1,"brown_eye_spot",0.751686,20.818832,85.239700,550.204529,615.130920,529.385681,529.891235,280516.843750,0.899274
"1002e9b1-664b-4f4f-bdc8-5d3f4f821b85",58,"07e97f63-efa8-429a-a781-af030dcf8183","benchmark/test/IMG_2716_1_JPG.rf.c3e5aa36a061f6c4eaf77b62f2baa046.jpg","test/IMG_2716_1_JPG.rf.c3e5aa36a061f6c4eaf77b62f2baa046",0,0,"algal_spot",0.504687,0.465625,0.590625,0.671094,134.000000,83.249985,511.999969,512.750000,1,0,0,"algal_spot",0.972302,135.659851,81.421097,508.609283,515.222412,372.949432,433.801331,161785.953125,0.976985
"1002e9b1-664b-4f4f-bdc8-5d3f4f821b85",59,"1748f151-e4c3-4299-820f-b0595f85227b","benchmark/train/IMG_2469_JPG.rf.2c9e09e16755a2bfaf979ae6577a46e7.jpg","train/IMG_2469_JPG.rf.2c9e09e16755a2bfaf979ae6577a46e7",0,5,"powdery_mildew",0.307031,0.459375,0.351563,0.581250,84.000000,107.999992,309.000000,480.000000,1,0,5,"powdery_mildew",0.961909,86.428604,109.541382,309.838440,481.433350,223.409836,371.891968,83084.320313,0.977738
"1002e9b1-664b-4f4f-bdc8-5d3f4f821b85",59,"1748f151-e4c3-4299-820f-b0595f85227b","benchmark/train/IMG_2469_JPG.rf.2c9e09e16755a2bfaf979ae6577a46e7.jpg","train/IMG_2469_JPG.rf.2c9e09e16755a2bfaf979ae6577a46e7",1,5,"powdery_mildew",0.631250,0.518750,0.393750,0.527344,278.000000,163.250000,530.000000,500.750000,1,1,5,"powdery_mildew",0.504202,282.706360,168.695587,540.783386,497.134186,258.077026,328.438599,84762.453125,0.916799
"1002e9b1-664b-4f4f-bdc8-5d3f4f821b85",60,"9ec0ce98-c566-429c-b291-9899e596371b","benchmark/train/IMG_2676_2_JPG.rf.88d78acbb3f64847cf285948c0577763.jpg","train/IMG_2676_2_JPG.rf.88d78acbb3f64847cf285948c0577763",0,0,"algal_spot",0.539063,0.445313,0.725781,0.478125,112.750000,132.000000,577.250000,438.000000,1,0,0,"algal_spot",0.963402,125.983368,131.672028,574.028931,434.259705,448.045563,302.587677,135573.062500,0.951802
"1002e9b1-664b-4f4f-bdc8-5d3f4f821b85",61,"69918114-1087-46be-a451-76a9dc178977","benchmark/train/IMG_3312_JPG.rf.41ee920f32bac568498fd10c409e0de2.jpg","train/IMG_3312_JPG.rf.41ee920f32bac568498fd10c409e0de2",0,3,"miner",0.509375,0.475781,0.830469,0.332812,60.249977,198.000015,591.750000,411.000000,1,0,3,"miner",0.955558,58.882645,194.906738,609.585938,415.890137,550.703308,220.983398,121696.289063,0.930263
"1002e9b1-664b-4f4f-bdc8-5d3f4f821b85",62,"fe2125c9-95e0-481d-9bbb-98eed66dceae","benchmark/train/492_jpg.rf.1b5bab7239232806e245722fc2f78b1d.jpg","train/492_jpg.rf.1b5bab7239232806e245722fc2f78b1d",0,4,"phoma",0.514844,0.480469,0.728906,0.614062,96.250000,111.000000,562.750000,504.000000,1,0,4,"phoma",0.970808,94.986816,104.565445,563.350586,504.913147,468.363770,400.347717,187508.359375,0.977740
"1002e9b1-664b-4f4f-bdc8-5d3f4f821b85",63,"3111c6e9-9799-4477-b21b-7c40168dc194","benchmark/train/321_jpg.rf.a2afb9d33bc683f6624184b8485d7186.jpg","train/321_jpg.rf.a2afb9d33bc683f6624184b8485d7186",0,4,"phoma",0.546094,0.472656,0.771094,0.617969,102.750015,104.750000,596.250000,500.250000,1,0,4,"phoma",0.967373,103.981491,107.035675,598.136230,498.580200,494.154724,391.544525,193483.578125,0.983806
"1002e9b1-664b-4f4f-bdc8-5d3f4f821b85",64,"af460957-f52a-4ad2-ac82-581a8e6112ac","benchmark/valid/IMG_2937_JPG.rf.e825b2c5a4e7112bb0c06ca25da37703.jpg","valid/IMG_2937_JPG.rf.e825b2c5a4e7112bb0c06ca25da37703",0,3,"miner",0.542969,0.487500,0.539063,0.540625,175.000000,139.000015,520.000000,485.000000,1,0,3,"miner",0.970791,175.268768,135.537369,528.586670,519.493835,353.317902,383.956482,135658.703125,0.878641
"1002e9b1-664b-4f4f-bdc8-5d3f4f821b85",65,"9b401b22-c707-4a97-944f-55b296dbd098","benchmark/train/IMG_2981_JPG.rf.b28cc686e622aafa6054cc43754b8c5f.jpg","train/IMG_2981_JPG.rf.b28cc686e622aafa6054cc43754b8c5f",0,1,"brown_eye_spot",0.479688,0.448438,0.833594,0.356250,40.250015,173.000015,573.750000,401.000000,1,0,1,"brown_eye_spot",0.941575,30.074341,172.219208,567.541077,402.241150,537.466736,230.021942,123629.140625,0.961435
"1002e9b1-664b-4f4f-bdc8-5d3f4f821b85",66,"e2a279b6-f5f8-4c0e-bdd9-00b368beddf1","benchmark/train/PXL_20240125_083258747_jpg.rf.d64e6f473828fa3a45e76ba62cfaedbf.jpg","train/PXL_20240125_083258747_jpg.rf.d64e6f473828fa3a45e76ba62cfaedbf",0,2,"healthy",0.389844,0.465625,0.743750,0.931250,11.500015,0.000000,487.500000,596.000000,1,0,2,"healthy",0.955444,20.990723,0.000000,480.383423,588.887695,459.392700,588.887695,270530.718750,0.953594
"1002e9b1-664b-4f4f-bdc8-5d3f4f821b85",67,"743c79fe-e511-4290-a0df-56e6bdb536a1","benchmark/train/IMG_3198_1_JPG.rf.8682651c0af78952adeec297388faa72.jpg","train/IMG_3198_1_JPG.rf.8682651c0af78952adeec297388faa72",0,1,"brown_eye_spot",0.642187,0.435937,0.534375,0.717969,239.999985,49.249992,582.000000,508.750000,1,0,1,"brown_eye_spot",0.966562,237.459396,35.051544,588.067261,508.435059,350.607849,473.383514,165971.968750,0.945578
"1002e9b1-664b-4f4f-bdc8-5d3f4f821b85",68,"f92f6e18-c46b-4e8e-9d8e-2e819b564668","benchmark/train/IMG_2351_2_JPG.rf.f29d88c353bbd66d581f11de7144f012.jpg","train/IMG_2351_2_JPG.rf.f29d88c353bbd66d581f11de7144f012",0,0,"algal_spot",0.581250,0.521875,0.472656,0.781250,220.750000,84.000015,523.250000,584.000000,1,0,0,"algal_spot",0.954609,215.006531,82.597946,521.932739,591.069458,306.926208,508.471497,156063.234375,0.960883
"1002e9b1-664b-4f4f-bdc8-5d3f4f821b85",69,"a2c9ea85-869c-4d81-bbc9-5b7c16e7149f","benchmark/train/IMG_3232_JPG.rf.52c2d463a4a381881f993ded534e115f.jpg","train/IMG_3232_JPG.rf.52c2d463a4a381881f993ded534e115f",0,3,"miner",0.513281,0.540625,0.804688,0.369531,70.999985,227.749969,586.000000,464.250000,1,0,3,"miner",0.933617,66.572784,229.213837,594.968994,465.131653,528.396240,235.917816,124658.085938,0.965168
"1002e9b1-664b-4f4f-bdc8-5d3f4f821b85",70,"98073988-7f1e-49a8-a264-e97c5c28e892","benchmark/train/IMG_3516_1_JPG.rf.8c1860433a7841ba321d55c2235765af.jpg","train/IMG_3516_1_JPG.rf.8c1860433a7841ba321d55c2235765af",0,0,"algal_spot",0.491406,0.489062,0.895312,0.460156,28.000011,165.749985,601.000000,460.250000,1,0,0,"algal_spot",0.950166,23.751892,166.536255,600.415771,462.781342,576.663879,296.245087,170833.843750,0.980580
"1002e9b1-664b-4f4f-bdc8-5d3f4f821b85",71,"a2da9b4e-04c5-4e91-97f8-1881345497fd","benchmark/train/IMG_2642_2_JPG.rf.1eed9fd07c59d2a61249d28afe7e084a.jpg","train/IMG_2642_2_JPG.rf.1eed9fd07c59d2a61249d28afe7e084a",0,1,"brown_eye_spot",0.465625,0.489844,0.565625,0.717188,116.999985,84.000000,479.000000,543.000000,1,0,1,"brown_eye_spot",0.956115,113.359222,84.724289,479.891663,549.134033,366.532440,464.409729,170221.234375,0.973090
"1002e9b1-664b-4f4f-bdc8-5d3f4f821b85",72,"837a5d3c-d20b-4784-bea8-6ced91590c2e","benchmark/train/IMG_2793_1_JPG.rf.18cba7ab1b1ca8e627084cc24e639d28.jpg","train/IMG_2793_1_JPG.rf.18cba7ab1b1ca8e627084cc24e639d28",0,1,"brown_eye_spot",0.423438,0.542188,0.521875,0.852344,104.000000,74.250015,438.000031,619.750000,1,0,1,"brown_eye_spot",0.956338,100.491623,77.837555,434.182556,630.354492,333.690918,552.516968,184369.890625,0.953598
"1002e9b1-664b-4f4f-bdc8-5d3f4f821b85",73,"8352ee59-4307-455c-98a4-d01c502826b0","benchmark/train/IMG_3209_JPG.rf.9d2310aea93fff3809fbcfe6fb491eb5.jpg","train/IMG_3209_JPG.rf.9d2310aea93fff3809fbcfe6fb491eb5",0,1,"brown_eye_spot",0.509375,0.457812,0.280469,0.683594,236.249985,74.249992,415.749969,511.750000,1,0,1,"brown_eye_spot",0.933166,236.055389,68.957260,416.889069,509.889709,180.833679,440.932434,79735.437500,0.976620
"1002e9b1-664b-4f4f-bdc8-5d3f4f821b85",74,"2d1ed800-3d36-4607-b97b-04f2b2c648ef","benchmark/train/IMG_3335_1_JPG.rf.5f925cc9818f147f0251fbd743d59555.jpg","train/IMG_3335_1_JPG.rf.5f925cc9818f147f0251fbd743d59555",0,3,"miner",0.468750,0.453125,0.511719,0.497656,136.250000,130.750000,463.750000,449.250000,1,0,3,"miner",0.952033,130.415771,121.913284,463.643036,450.242462,333.227264,328.329163,109408.226563,0.952782
"1002e9b1-664b-4f4f-bdc8-5d3f4f821b85",75,"e39fa8d0-22e8-4a3f-affa-93fa1d3e175c","benchmark/train/417_jpg.rf.488590fdb296ae7cdfa343c71e12dd95.jpg","train/417_jpg.rf.488590fdb296ae7cdfa343c71e12dd95",0,4,"phoma",0.528125,0.512500,0.860156,0.740625,62.749996,90.999985,613.250000,565.000000,1,0,4,"phoma",0.964809,64.947632,91.791656,617.811646,560.518555,552.864014,468.726898,259142.234375,0.976922
"1002e9b1-664b-4f4f-bdc8-5d3f4f821b85",76,"9e1091fc-0c50-4567-960a-eda6e8dc4c11","benchmark/train/IMG_3212_2_JPG.rf.c696204bf8d81a6779b5801d34ce5c0b.jpg","train/IMG_3212_2_JPG.rf.c696204bf8d81a6779b5801d34ce5c0b",0,3,"miner",0.514063,0.423438,0.613281,0.399219,132.750015,143.250000,525.250000,398.750000,1,0,3,"miner",0.454088,126.382645,146.513641,518.279358,396.188660,391.896729,249.675018,97846.820313,0.944868
"1002e9b1-664b-4f4f-bdc8-5d3f4f821b85",77,"00336ee4-0299-4de8-8a9b-8c669e80f52f","benchmark/train/504_jpg.rf.82da0c8aa54a810f2de5cf9c28040b96.jpg","train/504_jpg.rf.82da0c8aa54a810f2de5cf9c28040b96",0,4,"phoma",0.514844,0.486719,0.817187,0.625000,68.000015,111.500000,591.000000,511.500000,1,0,4,"phoma",0.967884,76.506653,113.352234,585.295532,504.623718,508.788879,391.271484,199074.578125,0.951599
"1002e9b1-664b-4f4f-bdc8-5d3f4f821b85",78,"2cc4a18a-2b29-49ec-84f1-e991184f39e0","benchmark/test/IMG_3260_2_JPG.rf.b68a1afa83a2fb9b89f418f5e9fb141d.jpg","test/IMG_3260_2_JPG.rf.b68a1afa83a2fb9b89f418f5e9fb141d",0,3,"miner",0.578125,0.585938,0.461719,0.656250,222.250000,165.000000,517.750000,585.000000,1,0,3,"miner",0.961163,223.032211,172.741745,515.457764,599.371643,292.425537,426.629883,124757.468750,0.939540
"1002e9b1-664b-4f4f-bdc8-5d3f4f821b85",79,"1453b618-92e0-4cd8-b05e-f48daf2f5f90","benchmark/train/IMG_2441_2_JPG.rf.d0b03b355436973366e188428cbbffa5.jpg","train/IMG_2441_2_JPG.rf.d0b03b355436973366e188428cbbffa5",0,5,"powdery_mildew",0.429688,0.556250,0.590625,0.561719,86.000000,176.249985,464.000000,535.750000,1,0,5,"powdery_mildew",0.971272,87.793976,177.413666,460.800812,521.561646,373.006836,344.147980,128369.546875,0.944651
"1002e9b1-664b-4f4f-bdc8-5d3f4f821b85",80,"423cc586-6945-4fef-b103-1eada179e8ad","benchmark/train/401_jpg.rf.c8bcea0c448815b7d2a2cad62437ed32.jpg","train/401_jpg.rf.c8bcea0c448815b7d2a2cad62437ed32",0,4,"phoma",0.387500,0.514063,0.733594,0.862500,13.249989,53.000011,482.750000,605.000000,1,0,4,"phoma",0.969996,18.683838,47.931671,487.200592,608.290588,468.516754,560.358887,262537.531250,0.964704
"1002e9b1-664b-4f4f-bdc8-5d3f4f821b85",81,"56686315-0d14-4bc6-af0e-de7df16a90f3","benchmark/train/IMG_3676_JPG.rf.e476e97bba84d54079b1f515865a4ba3.jpg","train/IMG_3676_JPG.rf.e476e97bba84d54079b1f515865a4ba3",0,0,"algal_spot",0.533594,0.494531,0.417969,0.562500,207.750015,136.500000,475.250000,496.500000,1,0,0,"algal_spot",0.969414,197.910019,127.530121,489.176117,507.986023,291.266113,380.455902,110813.914063,0.869025
"1002e9b1-664b-4f4f-bdc8-5d3f4f821b85",82,"8af28bec-23ec-469e-a379-64c60f7b25d2","benchmark/train/IMG_3276_2_JPG.rf.8752020d2fb01a66a0c58266931e2ea8.jpg","train/IMG_3276_2_JPG.rf.8752020d2fb01a66a0c58266931e2ea8",0,1,"brown_eye_spot",0.482031,0.507031,0.767187,0.589063,63.000011,136.000000,554.000000,513.000000,1,0,1,"brown_eye_spot",0.959263,57.931198,138.678772,555.690247,512.627014,497.759033,373.948242,186136.109375,0.978544
"1002e9b1-664b-4f4f-bdc8-5d3f4f821b85",83,"af2b2b08-9d2e-445f-a35c-1543d491eabc","benchmark/valid/IMG_2776_2_JPG.rf.e0ed3e1c346a053bf034a72b403a4a32.jpg","valid/IMG_2776_2_JPG.rf.e0ed3e1c346a053bf034a72b403a4a32",0,1,"brown_eye_spot",0.406250,0.542188,0.812500,0.915625,0.000000,54.000015,520.000000,639.000000,1,0,1,"brown_eye_spot",0.962996,10.079041,44.047516,530.137024,639.000000,520.057983,594.952515,309409.812500,0.946077
"1002e9b1-664b-4f4f-bdc8-5d3f4f821b85",84,"f29f17d9-b991-4387-ab14-a4778a127d81","benchmark/train/1591_jpg.rf.8b64adc9028b8965a17e80e936b736d3.jpg","train/1591_jpg.rf.8b64adc9028b8965a17e80e936b736d3",0,4,"phoma",0.514844,0.531250,0.954687,0.564062,24.000015,159.500000,635.000000,520.500000,1,0,4,"phoma",0.938395,25.264557,161.882996,632.234009,522.046021,606.969482,360.163025,218607.968750,0.982665
"1002e9b1-664b-4f4f-bdc8-5d3f4f821b85",85,"9767c4b1-1c7e-4885-bb32-aa1dfe640298","benchmark/train/IMG_2287_2_JPG.rf.db56b2ada74061c4b5921039ad23f8df.jpg","train/IMG_2287_2_JPG.rf.db56b2ada74061c4b5921039ad23f8df",0,3,"miner",0.546094,0.513281,0.410937,0.726563,218.000015,95.999985,481.000000,561.000000,1,0,3,"miner",0.959842,218.883820,93.257080,479.940918,564.727051,261.057098,471.469971,123080.585938,0.979090
"1002e9b1-664b-4f4f-bdc8-5d3f4f821b85",86,"78155bb5-1d49-4f6b-a022-a925c702a4df","benchmark/train/313_jpg.rf.587212099b474cd976ac774591e55262.jpg","train/313_jpg.rf.587212099b474cd976ac774591e55262",0,4,"phoma",0.546094,0.492969,0.702344,0.677344,124.750000,98.750000,574.250000,532.250000,1,0,4,"phoma",0.966639,127.425919,98.324921,571.278564,534.412964,443.852661,436.088043,193558.843750,0.981649
"1002e9b1-664b-4f4f-bdc8-5d3f4f821b85",87,"5093f8be-c3af-4451-a0fe-81745c377cb4","benchmark/train/IMG_2736_1_JPG.rf.f0dd212df4b116fb703f51a0ba67b3b8.jpg","train/IMG_2736_1_JPG.rf.f0dd212df4b116fb703f51a0ba67b3b8",0,0,"algal_spot",0.528906,0.445313,0.714063,0.358594,109.999985,170.250000,567.000000,399.750000,1,0,0,"algal_spot",0.942169,108.737015,170.743484,565.308716,402.876709,456.571716,232.133224,105985.460938,0.978146
"1002e9b1-664b-4f4f-bdc8-5d3f4f821b85",87,"5093f8be-c3af-4451-a0fe-81745c377cb4","benchmark/train/IMG_2736_1_JPG.rf.f0dd212df4b116fb703f51a0ba67b3b8.jpg","train/IMG_2736_1_JPG.rf.f0dd212df4b116fb703f51a0ba67b3b8",1,0,"algal_spot",0.347656,0.842188,0.554688,0.216406,45.000000,469.750031,400.000000,608.250000,1,1,0,"algal_spot",0.908704,59.800003,474.328064,396.420074,606.411682,336.620056,132.083618,44461.996094,0.904297
"1002e9b1-664b-4f4f-bdc8-5d3f4f821b85",88,"30df0784-46a6-42b4-8e14-dd7997db3398","benchmark/test/409_jpg.rf.ab8face4952f3cdece41c4bfc8292545.jpg","test/409_jpg.rf.ab8face4952f3cdece41c4bfc8292545",0,4,"phoma",0.557813,0.507031,0.630469,0.634375,155.250015,121.500015,558.750000,527.500000,1,0,4,"phoma",0.961543,154.582947,125.586853,563.759460,532.119934,409.176514,406.533081,166343.781250,0.965350
"1002e9b1-664b-4f4f-bdc8-5d3f4f821b85",89,"7de9334a-0adf-4f7b-9f62-66868b5bb0d1","benchmark/valid/1051_jpg.rf.0a72eea690fd524bcbf3b610c307eeec.jpg","valid/1051_jpg.rf.0a72eea690fd524bcbf3b610c307eeec",0,2,"healthy",0.505469,0.509375,0.789063,0.691406,70.999985,104.749985,576.000000,547.250000,1,0,2,"healthy",0.965361,68.372009,105.278030,582.504578,554.737671,514.132568,449.459656,231081.843750,0.964760
"1002e9b1-664b-4f4f-bdc8-5d3f4f821b85",90,"87e59667-6c49-4106-b7aa-bb86fd51e46a","benchmark/test/208_jpg.rf.de2e91cc3886bb89b1eb49754f9e1059.jpg","test/208_jpg.rf.de2e91cc3886bb89b1eb49754f9e1059",0,2,"healthy",0.422656,0.532812,0.842969,0.574219,0.749989,157.249985,540.250000,524.750000,1,0,2,"healthy",0.960217,3.266296,158.232422,538.580383,523.179321,535.314087,364.946899,195361.218750,0.985348
"1002e9b1-664b-4f4f-bdc8-5d3f4f821b85",91,"9e34dbcb-325e-4dd4-a60f-76e4b4904405","benchmark/valid/754_jpg.rf.cc1b6d008868f845bbf05335fed131ad.jpg","valid/754_jpg.rf.cc1b6d008868f845bbf05335fed131ad",0,2,"healthy",0.528125,0.492969,0.787500,0.658594,85.999985,104.749985,590.000000,526.250000,0,,,,,,,,,,,,0.000000
"1002e9b1-664b-4f4f-bdc8-5d3f4f821b85",92,"0cc31dd6-b052-461f-be5e-8d774fcecf7b","benchmark/train/1189_jpg.rf.dcd2d94b2a525abb4bdc6c1410c108f9.jpg","train/1189_jpg.rf.dcd2d94b2a525abb4bdc6c1410c108f9",0,4,"phoma",0.506250,0.501562,0.940625,0.717188,23.000011,91.499977,625.000000,550.500000,1,0,4,"phoma",0.923375,27.605255,91.496109,625.517578,555.923279,597.912354,464.427185,277686.750000,0.979999
"1002e9b1-664b-4f4f-bdc8-5d3f4f821b85",93,"0f4f253a-5279-489f-91cc-0caf664a6912","benchmark/train/IMG_3053_2_JPG.rf.03e0257f820c93bdba1c5c504b42b9e0.jpg","train/IMG_3053_2_JPG.rf.03e0257f820c93bdba1c5c504b42b9e0",0,3,"miner",0.568750,0.435937,0.483594,0.475000,209.250015,127.000000,518.750000,431.000000,1,0,3,"miner",0.949504,213.386078,126.709625,522.737976,432.477356,309.351898,305.767731,94589.828125,0.968527
"1002e9b1-664b-4f4f-bdc8-5d3f4f821b85",94,"03336d24-770c-47dd-ae93-e9fa52fb22e1","benchmark/train/548_jpg.rf.82336b823c9bfedd89da36d5bd4400ca.jpg","train/548_jpg.rf.82336b823c9bfedd89da36d5bd4400ca",0,4,"phoma",0.508594,0.534375,0.686719,0.557813,105.749985,163.500000,545.250000,520.500000,1,0,4,"phoma",0.963979,102.052856,161.835709,548.918457,519.849243,446.865601,358.013550,159983.937500,0.977198
"1002e9b1-664b-4f4f-bdc8-5d3f4f821b85",95,"4d3d159a-3dc5-4848-acda-13c2a592cde4","benchmark/test/IMG_2382_1_JPG.rf.ccfffe6ef556ef1b0e80905b908d6f45.jpg","test/IMG_2382_1_JPG.rf.ccfffe6ef556ef1b0e80905b908d6f45",0,0,"algal_spot",0.493750,0.554688,0.468750,0.696875,166.000000,132.000000,466.000000,578.000000,1,0,0,"algal_spot",0.959504,171.121613,143.955078,466.226685,576.474792,295.105072,432.519714,127638.757813,0.952521
"1002e9b1-664b-4f4f-bdc8-5d3f4f821b85",96,"5616304a-8f79-44e1-8cfe-8b6098266987","benchmark/test/1013_jpg.rf.f0cd364acd92efb6ae099a02306dc28f.jpg","test/1013_jpg.rf.f0cd364acd92efb6ae099a02306dc28f",0,2,"healthy",0.454688,0.489844,0.748438,0.657812,51.499996,103.000015,530.500000,524.000000,1,0,2,"healthy",0.959712,52.868866,102.890610,531.834717,526.571228,478.965851,423.680603,202928.546875,0.988098
"1002e9b1-664b-4f4f-bdc8-5d3f4f821b85",97,"6b0a93e6-4078-4f91-bd08-3727c94bd25b","benchmark/valid/IMG_2620_JPG.rf.2a2cf1cf38bead7222e789b4b5dd9d61.jpg","valid/IMG_2620_JPG.rf.2a2cf1cf38bead7222e789b4b5dd9d61",0,0,"algal_spot",0.542188,0.625000,0.506250,0.718750,185.000000,170.000000,509.000000,630.000000,1,0,0,"algal_spot",0.669695,175.743896,163.158081,517.003357,636.721497,341.259460,473.563416,161608.000000,0.922232
"1002e9b1-664b-4f4f-bdc8-5d3f4f821b85",98,"f84fb41c-42ea-47b2-b1d9-8ae94d154532","benchmark/train/IMG_3473_2_JPG.rf.a88c6a50619539b3c71da2672112b6d2.jpg","train/IMG_3473_2_JPG.rf.a88c6a50619539b3c71da2672112b6d2",0,3,"miner",0.534375,0.396875,0.662500,0.564062,130.000000,73.500000,554.000000,434.499969,1,0,3,"miner",0.961373,128.614792,74.725800,549.898682,427.322021,421.283875,352.596222,148543.109375,0.964196
"1002e9b1-664b-4f4f-bdc8-5d3f4f821b85",99,"9182955a-1fb1-44ca-8d8d-03dbba22edec","benchmark/train/IMG_3138_2_JPG.rf.4fb5824a308653309827cf34eec7a6f0.jpg","train/IMG_3138_2_JPG.rf.4fb5824a308653309827cf34eec7a6f0",0,5,"powdery_mildew",0.523438,0.466406,0.474219,0.696875,183.250000,75.500015,486.750000,521.500000,1,0,5,"powdery_mildew",0.966531,178.204895,68.033875,489.935608,515.395325,311.730713,447.361450,139456.296875,0.944796
"1002e9b1-664b-4f4f-bdc8-5d3f4f821b85",100,"a3b986f1-38c4-4b22-a5e3-55cf7b7461d2","benchmark/train/IMG_3288_2_JPG.rf.f6ac138a7fcbc8cfc762bee8bed52ff3.jpg","train/IMG_3288_2_JPG.rf.f6ac138a7fcbc8cfc762bee8bed52ff3",0,3,"miner",0.563281,0.543750,0.654688,0.371875,150.999985,229.000000,570.000000,466.999969,1,0,3,"miner",0.954599,154.101990,228.268723,569.935181,467.674255,415.833191,239.405533,99552.765625,0.986659
