run_id,rank,class_id,class_name,confidence,x1,y1,x2,y2,width,height,area
"c0600f8a-9601-4a9b-8da2-d828fa2c6507",0,1,"brown_eye_spot",0.815431,73.131073,66.841110,527.299011,639.000000,454.167938,572.158875,259856.218750
"88d4197f-b0a6-40b1-a1d3-11dc7eb74043",0,1,"brown_eye_spot",0.974390,177.219894,15.281860,411.254395,636.329346,234.034500,621.047485,145346.531250
"6cea3c1a-f704-4c88-947e-0a0e206180c5",0,3,"miner",0.960661,128.090881,72.534180,589.501343,401.467682,461.410461,328.933502,151773.359375
"6cea3c1a-f704-4c88-947e-0a0e206180c5",1,1,"brown_eye_spot",0.941030,5.316162,426.312927,517.086670,582.527283,511.770508,156.214355,79945.898438
"5b12c7b0-aa9a-4781-9219-4f650479491a",0,4,"phoma",0.962984,75.542816,148.703827,569.215881,520.123230,493.673065,371.419403,183359.750000
"5cb2a691-2667-4391-a41b-9804a6446b99",0,4,"phoma",0.971238,114.474640,174.817078,397.755371,532.593872,283.280731,357.776794,101351.273438
"787b3f37-8c38-482e-93e7-11cad05e9604",0,1,"brown_eye_spot",0.981308,3.212891,231.015350,577.993408,473.838470,574.780518,242.823120,139570.000000
"eca5d1ca-1ea6-425d-a899-81a71e8fa844",0,3,"miner",0.947848,123.190186,62.480682,494.113586,499.847229,370.923401,437.366547,162229.484375
"c6825fed-cae7-491c-8fab-75752d08d66a",0,1,"brown_eye_spot",0.872053,112.405167,177.801895,594.813477,430.500183,482.408325,252.698288,121903.757813
"9349b40d-9a0d-4550-b9f1-fcfa005918d5",0,2,"healthy",0.964346,50.201752,91.788452,579.405212,515.541138,529.203491,423.752686,224251.406250
"366fe214-7f0b-45ee-a953-59e89e2c257e",0,2,"healthy",0.941248,10.706573,6.205261,486.733093,598.013916,476.026520,591.808655,281716.625000
"366fe214-7f0b-45ee-a953-59e89e2c257e",1,2,"healthy",0.286106,0.000000,0.000000,260.681030,394.903107,260.681030,394.903107,102943.750000
"f179faf6-e253-43fd-874b-38bf3baaa085",0,3,"miner",0.971907,145.317017,4.578056,275.648163,206.797607,130.331146,202.219543,26355.505859
"f179faf6-e253-43fd-874b-38bf3baaa085",1,3,"miner",0.968958,265.911499,45.479340,480.536621,213.026962,214.625122,167.547623,35959.929688
"f179faf6-e253-43fd-874b-38bf3baaa085",2,1,"brown_eye_spot",0.893850,258.204620,293.777405,612.440613,421.650879,354.235992,127.873474,45297.386719
"702ac605-21f6-46b3-a153-b3aed0064dbb",0,3,"miner",0.954797,76.108459,183.958588,547.768982,362.344727,471.660522,178.386139,84137.703125
"4f6aed4c-045a-471e-bedd-9be78d28dbf2",0,4,"phoma",0.977411,59.476257,153.916351,580.332275,535.459045,520.856018,381.542694,198728.812500
"95565580-4a27-44c0-a369-9484009dc41f",0,4,"phoma",0.361964,111.682495,111.950500,551.887451,526.211853,440.204956,414.261353,182359.906250
"ec8dfca3-029b-45dc-a103-27c6c4f3aebe",0,3,"miner",0.978752,116.868637,163.890930,505.637756,491.278961,388.769104,327.388031,127278.351563
"d2c0d7c4-3382-4c6f-b8e4-3b920c54f3d9",0,0,"algal_spot",0.963843,121.418365,225.863800,417.262360,461.126038,295.843994,235.262238,69600.921875
"35b1880a-b6ee-4e03-ad3c-4844b167cebb",0,0,"algal_spot",0.976741,233.642334,93.690689,554.456848,479.023285,320.814514,385.332581,123620.281250
"88ba2a71-c382-44d6-9ea8-ec5199f99568",0,5,"powdery_mildew",0.961542,78.574585,49.028091,577.707947,544.412476,499.133362,495.384399,247262.875000
"9654de90-8411-4ff8-853e-9f68af8cb26d",0,1,"brown_eye_spot",0.979347,31.200195,132.609253,630.393860,415.806763,599.193665,283.197510,169690.156250
"504457cf-e9a8-402a-86db-6079b0675bca",0,3,"miner",0.940989,47.998627,80.749893,528.908386,496.446350,480.909760,415.696472,199912.484375
"e8a1f1cc-2a47-4b29-a4b4-1c56758aec6c",0,0,"algal_spot",0.974288,100.550720,92.130127,414.640808,540.337524,314.090088,448.207397,140777.500000
"45000f65-1213-4c25-beef-3dad499c1279",0,1,"brown_eye_spot",0.969391,8.482269,96.407150,430.761169,557.778076,422.278900,461.370911,194827.203125
"9ab3fd9e-2d1c-41c6-9235-5f4498172871",0,3,"miner",0.960635,28.414001,83.192230,499.264099,576.399170,470.850098,493.206940,232226.531250
"29290faa-d400-4135-8503-49e69c40338d",0,4,"phoma",0.970039,46.124542,191.920959,595.102905,548.482483,548.978394,356.561523,195744.578125
"bb411c77-02eb-4a39-a2f6-f6c90546109a",0,2,"healthy",0.965288,0.822235,73.855301,289.780182,407.016083,288.957947,333.160767,96269.453125
"bb411c77-02eb-4a39-a2f6-f6c90546109a",1,2,"healthy",0.947659,170.507431,113.139053,495.194489,598.238098,324.687073,485.099060,157505.390625
"3243021d-d6a6-4acc-8138-8506b9d2748b",0,4,"phoma",0.972993,17.375305,105.122253,604.638000,517.899170,587.262695,412.776917,242408.484375
"b71c0a6e-de20-49d2-8be7-4be62166087e",0,3,"miner",0.932041,204.960999,118.295563,397.369934,604.658020,192.408936,486.362457,93580.484375
"45a94695-06fb-416f-88f3-b1a28db7c333",0,0,"algal_spot",0.940365,260.542053,0.044487,639.000000,299.831360,378.457947,299.786865,113456.718750
"45a94695-06fb-416f-88f3-b1a28db7c333",1,0,"algal_spot",0.540394,97.085373,337.302612,608.281677,517.836548,511.196289,180.533936,92288.281250
"36319093-bf16-452e-bb7f-e18099011e51",0,4,"phoma",0.965046,75.001953,107.163437,599.692993,496.494659,524.691040,389.331238,204278.609375
"8ec798f8-9a7f-49d5-b6dc-38159eebe586",0,0,"algal_spot",0.886744,92.588699,194.234589,549.101196,474.432495,456.512512,280.197906,127913.851563
"6627aa35-99e4-46f7-a135-545eb5bdf7a4",0,3,"miner",0.967473,7.573395,50.957199,572.584717,497.990601,565.011353,447.033386,252578.937500
"212cc48c-de39-4d04-a0fa-7a1add2c1e08",0,2,"healthy",0.980242,69.874573,108.668243,595.711365,533.028870,525.836792,424.360626,223144.437500
"5c3bc7e1-5639-4bd5-a8ae-dff8246dcef7",0,1,"brown_eye_spot",0.772218,136.323715,196.494354,435.950226,519.649902,299.626526,323.155548,96825.976563
"5c3bc7e1-5639-4bd5-a8ae-dff8246dcef7",1,0,"algal_spot",0.366573,135.949280,195.078934,436.911285,521.118042,300.962006,326.039124,98125.390625
"3e51e92c-f347-4c41-a371-4c9048f56b3b",0,4,"phoma",0.971322,106.397629,139.348389,557.395691,573.133484,450.998047,433.785095,195636.234375
"7905b088-8361-496b-ba6f-ff16de5bbbc1",0,2,"healthy",0.981084,62.283325,115.156387,585.265137,552.881287,522.981812,437.724915,228922.171875
"92c8070b-c817-4f4f-928a-12622da26540",0,1,"brown_eye_spot",0.966262,118.570877,134.087204,585.876709,429.096924,467.305847,295.009705,137859.765625
"2461288b-1266-46f6-a277-859a88dfbe07",0,5,"powdery_mildew",0.931648,69.781631,33.619308,421.033936,528.932983,351.252319,495.313660,173980.078125
"e7c9caaa-9d00-4fc9-afa1-888317625f4b",0,4,"phoma",0.976052,167.422424,41.632019,462.765625,572.769775,295.343201,531.137756,156867.921875
"612ca7ae-b7ea-4c59-8979-666931679752",0,5,"powdery_mildew",0.940160,47.971344,192.391205,639.000000,386.059235,591.028687,193.668030,114463.359375
"612ca7ae-b7ea-4c59-8979-666931679752",1,5,"powdery_mildew",0.910662,68.520279,0.000000,510.081604,187.564835,441.561340,187.564835,82821.382813
"612ca7ae-b7ea-4c59-8979-666931679752",2,5,"powdery_mildew",0.605662,0.082863,0.000000,120.663704,94.676041,120.580841,94.676041,11416.116211
"081f2b41-0d55-46ff-adb8-b9f06dbff230",0,4,"phoma",0.827889,25.852448,115.182892,557.623413,547.959106,531.770996,432.776215,230137.843750
"1e5db4fa-a1da-4a82-a14a-78d4ebdee6e6",0,1,"brown_eye_spot",0.974277,227.045425,28.391373,483.054077,583.752136,256.008667,555.360779,142177.171875
"b133bcdd-c62b-4ff1-98a1-70fd87e11ae2",0,0,"algal_spot",0.961843,124.050735,185.800705,477.653412,512.962097,353.602661,327.161377,115685.132813
"e91e119e-f1f0-4b79-b0d4-f12ec09859e4",0,4,"phoma",0.969808,23.561401,114.230667,607.340088,549.439087,583.778687,435.208435,254065.406250
"6e1bae43-71a7-4861-ab37-3efb7ddcd01c",0,3,"miner",0.955396,134.616699,110.110535,520.993774,484.858765,386.377075,374.748230,144794.125000
"c1a949b4-c186-4702-9226-e7eab15fd61b",0,2,"healthy",0.928105,108.424820,4.535034,494.675232,615.099976,386.250427,610.564941,235830.968750
"79f97c47-786d-4bb9-b8df-7bb54cfeea8b",0,1,"brown_eye_spot",0.961822,135.091003,52.797012,558.232239,510.997040,423.141235,458.200012,193883.312500
"0af40471-93d5-484f-8192-a81268d6dd3b",0,0,"algal_spot",0.975068,38.305466,244.043091,408.979065,592.925720,370.673584,348.882629,129321.578125
"27f58c48-8f05-4028-a329-b31e2daa9e6b",0,3,"miner",0.971843,272.687744,242.830627,564.393250,591.005127,291.705505,348.174500,101564.421875
"27f58c48-8f05-4028-a329-b31e2daa9e6b",1,1,"brown_eye_spot",0.674160,2.370972,174.907623,425.842987,297.392670,423.472015,122.485046,51868.988281
"457d9325-3152-454e-a834-f4450481691a",0,3,"miner",0.928877,82.623672,165.058090,472.621674,510.839996,389.997986,345.781921,134854.250000
"d3b914d7-e5dd-4044-aacd-5e892f0615b7",0,4,"phoma",0.951210,29.826782,88.315552,599.931763,538.354858,570.104980,450.039307,256569.656250
"798539f8-54e6-4e4e-b3b5-44dff550898e",0,4,"phoma",0.969995,59.851929,171.037659,613.418213,547.990356,553.566284,376.952698,208668.296875
"a9eaf021-f8eb-4d07-aec0-3d6aa744d20b",0,1,"brown_eye_spot",0.946391,268.010681,64.528091,526.291748,556.686401,258.281067,492.158325,127115.179688
"07fe2d5a-235e-4f9e-8d8a-af8327f8c675",0,2,"healthy",0.979365,17.713104,100.251312,599.848267,567.538818,582.135132,467.287506,272024.468750
"96278ca9-114f-4100-be42-af79bc8cc411",0,4,"phoma",0.971522,83.320221,135.267181,603.526855,526.887817,520.206665,391.620636,203723.671875
"48ae2f78-287b-4ea1-8a27-210165de5d34",0,5,"powdery_mildew",0.925133,213.563187,106.796051,491.288330,509.599060,277.725159,402.803009,111868.531250
"36ea2d4b-eb55-4e0c-85d6-8bebe94dbd3b",0,4,"phoma",0.968808,62.414551,130.501923,546.344238,512.818237,483.929688,382.316315,185014.218750
"7716a3a2-e99f-47eb-beca-7c5012902aec",0,1,"brown_eye_spot",0.978460,185.231293,138.280243,565.406982,500.218567,380.175690,361.938324,137600.156250
"737c9e6c-c925-4e3b-914e-8e261fd77618",0,3,"miner",0.943942,147.045792,66.772156,553.643921,514.632324,406.598145,447.860168,182099.109375
"28dfed6e-fd15-42fa-bb09-cf4b8ee1030a",0,0,"algal_spot",0.970208,99.849121,86.698982,636.388733,416.958496,536.539612,330.259521,177197.312500
"465999e3-1a1b-4df6-91b5-90ff8459066c",0,4,"phoma",0.968933,51.439026,39.302475,578.184021,509.248047,526.744995,469.945557,247541.468750
"2fb8db32-b622-425e-b7b5-af9aaa53b867",0,3,"miner",0.880185,50.167053,28.390137,529.608276,588.012939,479.441223,559.622803,268306.250000
"f07f094f-ed7b-4400-9f9c-cb900f0c9c40",0,3,"miner",0.946686,53.404297,165.701294,630.262939,339.722656,576.858643,174.021362,100385.726563
"bc47422f-c76b-4d24-82a6-1da41ba46eb8",0,1,"brown_eye_spot",0.984404,138.544754,145.911835,545.398682,639.000000,406.853943,493.088165,200614.859375
"b6e2bc35-b556-4df8-88c8-625f71bd1a2e",0,0,"algal_spot",0.966317,153.349777,214.458160,588.647461,506.339355,435.297668,291.881195,127055.203125
"d772a1c9-cfc0-4713-9326-2bb8539f69e8",0,4,"phoma",0.976623,40.007782,139.612579,605.271545,513.470398,565.263794,373.857819,211328.281250
"4fb7fd6c-eea0-4265-b65c-01f16784caad",0,3,"miner",0.970197,91.038269,103.153488,620.053955,343.326752,529.015686,240.173264,127055.421875
"4fb7fd6c-eea0-4265-b65c-01f16784caad",1,1,"brown_eye_spot",0.940527,98.830048,367.551666,555.407715,605.300171,456.577667,237.748505,108550.656250
"4f07f549-7b2a-41a1-9ec6-e6528ceb4728",0,4,"phoma",0.935634,37.434174,43.774612,597.992065,533.141602,560.557861,489.367004,274318.531250
"d685de6c-7f2c-4b8b-bf23-01b331c594fd",0,3,"miner",0.971145,139.330765,104.972839,363.943420,595.418457,224.612656,490.445618,110160.289063
"d28f3d5b-7867-4a9b-b53a-8c4881f91cfb",0,1,"brown_eye_spot",0.979378,148.725769,60.736404,475.771545,598.681519,327.045776,537.945129,175932.687500
"2f6b1e25-2b9e-4c45-9f47-8f7810cc6c43",0,5,"powdery_mildew",0.958493,128.994522,143.358795,586.965393,531.534790,457.970886,388.175995,177773.296875
"87cee069-7f95-4c80-b826-795d4069b394",0,2,"healthy",0.976961,78.879639,47.410233,520.242310,639.000000,441.362671,591.589783,261105.640625
"cc56956b-c0c9-40c2-8625-695b6c3fe310",0,4,"phoma",0.958888,66.859528,118.366882,597.197510,509.490570,530.338013,391.123688,207427.765625
"f75eb0ff-f66d-4cdf-9d76-6b8a9fc71909",0,0,"algal_spot",0.968622,191.982697,98.889740,553.321655,551.640442,361.338959,452.750702,163596.468750
"699f636c-c34c-40aa-9b53-9b7d215444b8",0,5,"powdery_mildew",0.954081,56.110840,189.556839,639.000000,447.787689,582.889160,258.230835,150519.953125
"699f636c-c34c-40aa-9b53-9b7d215444b8",1,5,"powdery_mildew",0.586549,0.000572,374.464508,220.590057,532.623718,220.589478,158.159210,34888.257813
"699f636c-c34c-40aa-9b53-9b7d215444b8",2,5,"powdery_mildew",0.497686,28.434113,0.000000,581.366455,188.942291,552.932373,188.942291,104472.312500
"af0a20b7-81f5-40ac-939a-cfee6b2074c3",0,3,"miner",0.963031,8.395691,220.977020,589.148743,509.320679,580.753052,288.343658,167456.453125
"ea428b10-33a7-4028-8f93-2a22a9c38584",0,2,"healthy",0.954825,81.287537,123.771835,565.762329,532.025391,484.474792,408.253540,197788.546875
"6b0464ef-faab-475a-952e-e315326efd64",0,1,"brown_eye_spot",0.966915,110.584106,19.179138,503.578857,528.063660,392.994751,508.884521,199988.953125
"7287fa48-8357-4b30-a9d1-6ae3d832cb3d",0,3,"miner",0.971904,193.147034,85.168182,388.406311,517.136536,195.259277,431.968353,84345.828125
"52884328-4045-4e48-be71-3254fb5374f3",0,1,"brown_eye_spot",0.974269,38.167938,221.484406,613.862244,465.856598,575.694336,244.372192,140683.687500
"fec24d2f-b888-4c2f-bce7-3a3ffc73beb8",0,5,"powdery_mildew",0.927092,66.479431,24.170441,567.741333,544.298645,501.261902,520.128174,260720.437500
"f0e35bff-4c96-4b56-819f-96af3e4ae9b7",0,0,"algal_spot",0.960349,240.359940,5.752136,485.139435,590.691528,244.779495,584.939392,143181.171875
"bf3c9648-74ad-42e3-b61d-49f03459da69",0,0,"algal_spot",0.959517,104.781525,131.168564,490.706848,500.301727,385.925323,369.133179,142457.843750
"c5485a4f-bd66-48c4-9061-a298f4fb0e92",0,3,"miner",0.967522,80.795822,141.016006,571.231506,414.108673,490.435669,273.092651,133934.375000
"d1f39f18-8ca9-4fcc-9153-d1097b13baff",0,3,"miner",0.954583,39.257629,173.249786,524.181396,386.206696,484.923767,212.956909,103267.867188
"f8763cd2-92b2-4d1c-a2bb-1a6309850549",0,0,"algal_spot",0.973122,114.138275,206.498138,470.393188,483.194031,356.254913,276.695892,98574.273438
"44a172af-98e2-48b9-bb06-1da72f788462",0,4,"phoma",0.974557,161.502121,139.457031,519.637634,522.649658,358.135498,383.192627,137234.875000
"668d3ef7-6918-492b-a0f1-c0cc717354a2",0,2,"healthy",0.929965,150.867340,107.367493,422.858734,524.247803,271.991394,416.880310,113387.859375
"668d3ef7-6918-492b-a0f1-c0cc717354a2",1,2,"healthy",0.675426,385.647491,490.367310,608.959229,639.000000,223.311737,148.632690,33191.425781
"2370039a-1f7f-4bcb-8b27-60a7e409e9f6",0,3,"miner",0.922717,75.266296,14.295471,562.986938,537.883545,487.720642,523.588074,255364.718750
"259ebe22-6bb8-48a0-a34f-f041b1acb8a9",0,3,"miner",0.965422,133.636230,68.312225,532.017883,521.769470,398.381653,453.457245,180649.046875
"5ccf39be-a841-4322-b383-6ea7a60e3763",0,2,"healthy",0.983169,4.333282,76.726364,634.862732,553.404114,630.529419,476.677734,300559.343750
"018b207b-d01d-4af3-b41d-90c403357019",0,0,"algal_spot",0.973476,148.322128,62.441833,515.668457,414.121826,367.346313,351.679993,129188.351563
"88ce916e-ada8-4576-b4a9-649638b38060",0,4,"phoma",0.961020,35.500244,171.043793,604.122009,513.055908,568.621765,342.012115,194475.531250
"48527449-c014-4e32-8d5c-8476fd8cc24e",0,2,"healthy",0.923220,102.914307,157.465515,635.961060,521.191650,533.046753,363.726135,193883.031250
"87038f88-ae4d-4ac7-901b-7c4643438057",0,2,"healthy",0.946267,44.866791,82.818970,578.220703,542.600464,533.353882,459.781494,245226.250000
"c801cd7e-b511-412d-ad2b-666e58676ffa",0,4,"phoma",0.970721,31.430786,104.579575,601.469360,549.415588,570.038574,444.835999,253573.671875
"0ec3ea92-c19c-42b9-9afe-dde1cf871d84",0,3,"miner",0.953521,62.028137,229.223679,638.739624,473.295715,576.711487,244.072037,140759.140625
"f523ea37-9cb4-4c9d-9e83-dca2335d6027",0,5,"powdery_mildew",0.874848,204.841568,169.267212,486.333710,526.382629,281.492126,357.115417,100525.179688
"35acbf16-6e2e-4bdb-9886-608d6f5b30cf",0,4,"phoma",0.971775,124.081284,122.193390,538.885437,518.276489,414.804138,396.083099,164296.906250
"53dde969-2fe6-4d16-9c74-566f002509aa",0,0,"algal_spot",0.980973,79.883759,118.493484,493.093292,474.040344,413.209534,355.546875,146915.359375
"239cde2a-d404-4393-9dcf-c9ccd3749f06",0,1,"brown_eye_spot",0.958418,168.303101,155.418549,480.166443,524.234497,311.863342,368.815948,115020.171875
"f1ef3f48-3f5b-45c5-95f7-6e9208728ee5",0,3,"miner",0.969711,46.168915,192.935272,477.778931,396.607971,431.610016,203.672699,87907.179688
"741cbc76-4270-43e3-8415-d6f230ac7966",0,3,"miner",0.970605,129.304092,198.785950,485.771454,447.078979,356.467346,248.293030,88508.359375
"6f831e9e-e166-4e2c-bf98-284f49a585ab",0,0,"algal_spot",0.976631,206.736771,176.773438,483.099335,547.994873,276.362549,371.221436,102591.703125
"3dcf9e3f-9a5d-48dd-8a86-4f1f908f3216",0,0,"algal_spot",0.746117,103.070053,111.808441,514.557190,477.609985,411.487122,365.801544,150522.625000
"1ad54dfc-a42a-4e0e-ab74-57da4eddded8",0,0,"algal_spot",0.955277,128.424118,188.276428,555.320923,383.803070,426.896790,195.526642,83469.695313
"da39b4f0-b699-4516-a6e9-fad69d04cfc9",0,3,"miner",0.962423,82.436066,149.565704,431.614777,575.001343,349.178711,425.435638,148553.062500
"6eacb20f-0cc0-499e-89bc-c8b9b2fb93e5",0,4,"phoma",0.967367,87.155563,96.685516,587.845154,551.658997,500.689575,454.973480,227800.484375
"2a6b8a2c-cad9-491d-8554-05054a613784",0,1,"brown_eye_spot",0.971236,195.810089,93.213318,476.888184,519.358887,281.078094,426.145569,119780.187500
"5b734427-a8f3-4b8a-be77-62c4d5de4a30",0,3,"miner",0.968140,205.704620,322.245605,558.317627,518.718140,352.613007,196.472534,69278.773438
"86be7390-db58-4d53-ad5a-afa7f0464176",0,3,"miner",0.966273,135.049805,114.842972,550.089722,598.119202,415.039917,483.276245,200578.937500
"2f80d340-c828-49f9-ba83-469c90d3b76e",0,1,"brown_eye_spot",0.972295,88.417480,154.003433,512.473877,439.417755,424.056396,285.414307,121031.765625
"2f80d340-c828-49f9-ba83-469c90d3b76e",1,1,"brown_eye_spot",0.491032,165.331070,0.000000,533.390930,212.957520,368.059875,212.957520,78381.117188
"04c27e34-b2a5-4320-b5e8-cb58edfc3f9c",0,3,"miner",0.966122,0.000000,135.017685,591.622803,417.681305,591.622803,282.663635,167230.250000
"8f1c9c77-d862-4730-aa73-b3aac0b893d4",0,5,"powdery_mildew",0.921426,109.969971,84.386902,535.802124,582.995728,425.832153,498.608826,212323.671875
"c25c7e62-b416-4a4f-962a-f3b9efe668f5",0,5,"powdery_mildew",0.926935,105.181519,195.708054,629.136841,487.154388,523.955322,291.446350,152704.859375
"c25c7e62-b416-4a4f-962a-f3b9efe668f5",1,5,"powdery_mildew",0.423234,0.263031,207.715973,172.544312,408.570068,172.281281,200.854095,34603.402344
"c25c7e62-b416-4a4f-962a-f3b9efe668f5",2,5,"powdery_mildew",0.413427,485.032837,0.000000,639.000000,136.759338,153.967163,136.759338,21056.447266
"73d3f78b-f73b-49f8-aca6-df48fb688da9",0,4,"phoma",0.968646,58.633850,96.796768,583.615540,480.929077,524.981689,384.132324,201662.437500
"645b13bc-4946-4291-a800-3a8a8d87c051",0,1,"brown_eye_spot",0.974923,90.371399,117.336914,493.228149,585.109192,402.856750,467.772278,188445.218750
"cf2fbf97-420b-4d32-854c-a9d91183b497",0,2,"healthy",0.965276,40.390869,71.229858,615.348999,563.989136,574.958130,492.759277,283315.937500
"6fb0c3e2-287e-4e41-adf6-eb9ca701a8ea",0,3,"miner",0.962735,133.276779,103.244156,457.645203,539.447388,324.368408,436.203247,141490.546875
"07b058aa-236c-44c2-bb31-a12443e0ee56",0,4,"phoma",0.972529,41.222748,117.275986,585.125061,561.684692,543.902344,444.408691,241714.921875
"d0af81aa-5739-473c-9e02-07854a48c108",0,1,"brown_eye_spot",0.972753,69.895187,68.218857,508.022888,541.214355,438.127686,472.995483,207232.421875
"2f403948-c22f-46a1-854c-7e4293104676",0,0,"algal_spot",0.795763,63.637131,204.191284,597.794312,446.315338,534.157166,242.124054,129332.296875
"38111ca6-c5cd-4052-817f-bf0ce5fd6c95",0,1,"brown_eye_spot",0.970643,39.206573,126.578751,587.587708,394.901428,548.381104,268.322693,147143.093750
"b8c6c675-b052-46a7-996e-c21cb24af1c0",0,2,"healthy",0.980905,40.403625,91.262634,612.736450,546.617188,572.332825,455.354553,260614.359375
"e346066a-5c9e-45b5-b252-590980c0c9d7",0,1,"brown_eye_spot",0.972956,127.834656,123.602325,528.539917,466.581635,400.705261,342.979309,137433.609375
"e346066a-5c9e-45b5-b252-590980c0c9d7",1,1,"brown_eye_spot",0.463096,313.600098,0.000000,624.867004,362.053589,311.266907,362.053589,112695.296875
"ff1dc125-b0f0-453f-b6c6-5fd9385e0f40",0,3,"miner",0.966613,218.402069,137.688278,450.018280,573.449219,231.616211,435.760925,100929.296875
"bae03450-53c1-420f-b757-727d14c721a0",0,1,"brown_eye_spot",0.961754,168.595139,128.121964,575.324707,639.000000,406.729553,510.878052,207789.203125
"39e014bb-41e4-4a4b-9eb3-55a03d95e66a",0,1,"brown_eye_spot",0.876150,71.926025,71.860260,383.206146,543.793457,311.280121,471.933197,146903.421875
"39e014bb-41e4-4a4b-9eb3-55a03d95e66a",1,3,"miner",0.264751,72.391876,70.211884,383.985779,541.771179,311.593903,471.559296,146935.000000
"6de0b8b1-d89e-46c3-87a4-ba4ea0219787",0,3,"miner",0.962701,199.928940,220.481903,408.002563,421.893402,208.073624,201.411499,41908.421875
"b6a08c23-489e-4a1d-b217-def4a0f5ec02",0,3,"miner",0.968472,51.445190,29.787842,472.686279,572.216064,421.241089,542.428223,228493.062500
"954f7ece-06e0-42eb-982d-289424295030",0,1,"brown_eye_spot",0.977221,52.559021,199.154297,533.323914,550.258545,480.764893,351.104248,168798.593750
"63b95cd3-3a9a-43c8-b19b-8674f02471d9",0,4,"phoma",0.970721,31.430786,104.579575,601.469360,549.415588,570.038574,444.835999,253573.671875
"13814c59-5d57-4962-aaf6-1675dafee269",0,3,"miner",0.969826,179.113190,104.999146,484.012665,502.713196,304.899475,397.714050,121262.804688
"6664f94d-923a-42bc-b004-06f5a73328a2",0,4,"phoma",0.692349,26.870911,118.155762,617.563354,509.014343,590.692444,390.858582,230877.203125
"78c44b97-7f99-48c2-953b-53011ef87c0b",0,1,"brown_eye_spot",0.967149,64.559296,153.490204,412.643616,459.409546,348.084320,305.919342,106485.726563
"78c44b97-7f99-48c2-953b-53011ef87c0b",1,1,"brown_eye_spot",0.957715,423.036987,172.277008,593.256409,446.865326,170.219421,274.588318,46740.265625
"e69db25b-a63c-4aee-8514-bf8a5d9078bd",0,2,"healthy",0.979249,32.807465,112.687561,628.534668,515.898560,595.727173,403.210999,240203.750000
"f2375f3b-cd4f-4dc8-ad6b-92100226dfe3",0,2,"healthy",0.864826,25.292938,115.853760,587.898560,522.903198,562.605591,407.049438,229008.296875
"40898312-e31e-4282-b01f-fc67525493c6",0,4,"phoma",0.941890,79.927917,92.897827,602.635986,568.816528,522.708069,475.918701,248766.546875
"ecfa65e7-b976-4e5b-acb7-8d7d7eee8eea",0,1,"brown_eye_spot",0.781531,142.522858,89.298218,592.939575,570.632080,450.416718,481.333862,216800.812500
"28e83660-504f-4a75-8a28-28ffe6ab6b3e",0,1,"brown_eye_spot",0.982715,96.836487,88.412872,619.526489,465.942261,522.690002,377.529388,197330.843750
"501e45a7-8be9-40c7-ba1b-42e5f92b0ce9",0,1,"brown_eye_spot",0.971012,187.855148,115.244293,492.928101,535.366882,305.072937,420.122589,128168.031250
"eec16dd0-735c-4901-a9f1-3a0db66952e8",0,4,"phoma",0.927041,34.674713,50.146072,619.473083,552.618896,584.798340,502.472839,293845.281250
"ca54edca-28bf-44c2-a555-1b7498613a56",0,2,"healthy",0.968993,74.366638,150.027908,562.696106,553.173584,488.329468,403.145691,196867.921875
"27f3195d-67fb-42f6-a7b9-857faba60485",0,1,"brown_eye_spot",0.975470,126.000656,179.795837,531.808899,565.465515,405.808228,385.669678,156507.921875
"d31219a9-e256-438f-8083-4775769f3eae",0,3,"miner",0.973032,93.097137,174.489761,525.316589,526.610352,432.219452,352.120605,152193.375000
"ae8cc921-b205-4116-8de1-3869931c9b03",0,3,"miner",0.956636,165.233948,69.067017,497.422913,377.730469,332.188965,308.663452,102534.593750
"d1273535-aecd-4992-a176-376f84224ca2",0,5,"powdery_mildew",0.952696,251.218033,28.121658,568.716675,167.922058,317.498657,139.800400,44386.437500
"d1273535-aecd-4992-a176-376f84224ca2",1,5,"powdery_mildew",0.746001,0.605476,506.277740,144.606598,639.000000,144.001129,132.722260,19112.154297
"d1273535-aecd-4992-a176-376f84224ca2",2,5,"powdery_mildew",0.605952,140.908585,234.496307,553.942749,475.363251,413.034180,240.866943,99486.281250
"9b752ebb-b88e-4e20-b7d6-a3f8f025c3ca",0,0,"algal_spot",0.972219,114.784500,174.664307,511.839935,597.800171,397.055420,423.135864,168008.390625
"5409535a-a78a-4ec5-ad06-0b1d49ba88fd",0,1,"brown_eye_spot",0.929901,136.120056,22.367340,518.719971,477.657349,382.599915,455.290009,174193.921875
"a00c6746-56dc-458f-800e-5229f5b68050",0,0,"algal_spot",0.968027,115.764374,220.197174,564.176880,559.303101,448.412506,339.105927,152059.343750
"e38f4147-a999-41ce-bb68-2247c411c727",0,0,"algal_spot",0.969746,29.046844,343.088013,482.086273,515.930237,453.039429,172.842224,78304.343750
"e38f4147-a999-41ce-bb68-2247c411c727",1,0,"algal_spot",0.964090,323.084961,99.164642,582.620483,368.106537,259.535522,268.941895,69799.976563
"3a9404d9-fb72-435d-af60-6963d66a7b94",0,4,"phoma",0.823737,57.991638,86.850922,574.237183,535.077271,516.245544,448.226349,231394.859375
"f7b664c1-f047-45a2-b2ce-8036ce88d2df",0,2,"healthy",0.960044,0.000000,127.169434,582.798462,571.502563,582.798462,444.333130,258956.671875
"a02070a8-4498-4112-9587-68df5420c5ca",0,2,"healthy",0.958407,0.000000,64.544891,616.508423,546.513062,616.508423,481.968170,297137.437500
"e0224605-e556-48ae-b2e7-1461367a8085",0,1,"brown_eye_spot",0.974527,51.568542,83.991104,574.121216,516.849365,522.552673,432.858276,226191.250000
"519ce2a1-68d1-4e16-b5f3-0b7319d23dd5",0,2,"healthy",0.935363,193.952728,50.513779,447.735779,489.418915,253.783051,438.905151,111386.687500
"602c8a66-3c2c-4023-8f51-e00544ee87e8",0,4,"phoma",0.970861,89.467621,150.225952,570.037109,516.637695,480.569489,366.411743,176086.296875
"d57e285e-0771-47ec-b1c1-94270acea451",0,1,"brown_eye_spot",0.976381,181.078339,218.063263,593.132996,491.279480,412.054657,273.216217,112580.015625
"67c4cf6c-8bcd-44da-832e-8399ac0ef0d1",0,0,"algal_spot",0.961756,62.524429,146.923141,580.111633,323.106689,517.587219,176.183548,91190.351563
"67c4cf6c-8bcd-44da-832e-8399ac0ef0d1",1,0,"algal_spot",0.569457,0.000000,342.030945,351.351440,638.395691,351.351440,296.364746,104128.179688
"2757d72a-2767-4c05-8e62-8061b687007f",0,4,"phoma",0.981602,192.741013,37.994095,504.451965,503.225250,311.710938,465.231140,145017.640625
"19ddea9d-dda0-496d-9ed7-376970e7b3f8",0,1,"brown_eye_spot",0.906237,158.236191,65.799713,603.549988,535.956543,445.313782,470.156830,209367.312500
"8f311796-792a-4e9c-846b-a723f9f2e198",0,4,"phoma",0.964742,89.786179,104.705963,568.997070,568.931885,479.210876,464.225922,222462.109375
"1519121f-be92-43c9-9bd0-37d0b14e1b60",0,3,"miner",0.970966,93.879456,80.790985,441.953949,431.058716,348.074493,350.267731,121919.265625
"93e77bba-531e-46ef-ad21-8d360c503e13",0,2,"healthy",0.978543,0.000000,91.206406,620.950012,582.044434,620.950012,490.838013,304785.875000
"a935d345-fd9a-4154-a4ad-84ed3a2db7d9",0,3,"miner",0.963031,8.395691,220.977020,589.148743,509.320679,580.753052,288.343658,167456.453125
"203ef35c-8d8c-402b-b037-ac569bf034cd",0,1,"brown_eye_spot",0.981963,184.917999,64.023422,464.223267,535.020752,279.305267,470.997314,131552.031250
"cf423e9c-97ba-439b-984a-2cdca326571d",0,4,"phoma",0.892124,40.083496,80.911530,620.393005,535.071655,580.309509,454.160126,263553.437500
"a8ff6ce1-1a8a-4fd1-8c92-2a8c21bb5699",0,0,"algal_spot",0.954727,14.072266,89.364105,633.465210,446.425446,619.392944,357.061340,221161.281250
"075ba62f-0f08-4700-92fe-ccbbf3dec344",0,3,"miner",0.962793,142.864243,89.159393,439.027161,434.076660,296.162903,344.917267,102151.695313
"a2e61ee1-09b3-4725-acd9-7fa7123c0309",0,4,"phoma",0.973215,63.954346,142.221619,607.065552,514.329712,543.111206,372.108093,202096.078125
"862d0e09-a825-4d45-bed7-52393bc4bb04",0,4,"phoma",0.914599,27.390594,99.358459,597.824646,491.012634,570.434082,391.654175,223412.890625
"80ecd632-f0e7-4edf-ae93-8247f7a48e0e",0,0,"algal_spot",0.963890,50.230972,139.378876,500.672180,490.813232,450.441223,351.434357,158300.515625
"840febf2-f7bf-4692-b9b6-5d7a9d8be9df",0,0,"algal_spot",0.972730,129.101654,212.990234,459.060242,486.783203,329.958588,273.792969,90340.343750
"87526e05-2c30-4d15-8519-4eb1d3220599",0,4,"phoma",0.963341,132.466110,106.080292,544.070251,537.366089,411.604126,431.285797,177519.015625
"01411fd4-bcc6-432b-8232-a5ec68590b20",0,0,"algal_spot",0.957941,49.674805,149.698196,529.992798,355.289520,480.317993,205.591324,98749.210938
"a5e9f006-83a3-4df0-b43c-eea43d6e932b",0,2,"healthy",0.973012,60.933350,91.537018,592.262695,515.134583,531.329346,423.597565,225069.812500
"97367e39-b30b-40ba-81a5-478eb45168ad",0,3,"miner",0.949861,42.577148,156.724487,608.612671,390.399994,566.035522,233.675507,132268.640625
"4e915159-485e-4993-96ca-a175750acce1",0,3,"miner",0.958207,104.815369,131.078430,568.963867,481.691956,464.148499,350.613525,162736.734375
"2a60c150-cf38-4eea-83bf-420a0d01fbb8",0,2,"healthy",0.982375,69.095947,135.678802,550.423035,554.200928,481.327087,418.522125,201446.031250
"454a87df-6e8e-4d98-8ac5-47f836733219",0,1,"brown_eye_spot",0.917738,142.094604,38.924957,416.977356,639.000000,274.882751,600.075073,164950.281250
"11bb2c96-f98e-4e49-a1cd-58e8b6b700c0",0,4,"phoma",0.975971,61.605469,144.455353,565.140137,553.169067,503.534668,408.713715,205801.531250
"0d9ddef9-e36e-4896-bd56-70ec83cf1263",0,2,"healthy",0.959232,80.776169,50.455978,441.096436,602.910278,360.320251,552.454285,199060.468750
"cb642a53-067f-4f00-a9df-a1428026b05c",0,3,"miner",0.963251,229.155945,224.519485,451.899170,523.041504,222.743225,298.522034,66493.757813
"ca5ce763-39b9-4612-b51b-3b9330d13cab",0,4,"phoma",0.960441,121.247330,141.435730,540.369385,544.544067,419.122070,403.108337,168951.593750
"2437a888-5f93-46cc-9bd2-94f9f3fa2bc6",0,4,"phoma",0.979229,103.798721,116.075165,556.210022,522.405579,452.411316,406.330414,183828.484375
"67f61f2a-6ab5-4a9a-b39c-cac065197c73",0,4,"phoma",0.968236,80.943176,128.211456,557.678955,520.802002,476.735779,392.590546,187161.953125
"644b295c-b043-4d2b-9c8b-5dfad2123f9b",0,0,"algal_spot",0.933365,86.291946,198.516068,533.462585,517.103760,447.170654,318.587708,142463.078125
"a465a5d0-736c-4a60-850c-2c3ceeba40f3",0,0,"algal_spot",0.964368,147.655441,148.919495,477.248352,551.328918,329.592896,402.409424,132631.281250
"3a9cc560-fb74-4293-9271-5d10cde9abb6",0,0,"algal_spot",0.969183,175.992828,2.040359,489.421417,551.197876,313.428589,549.157532,172121.671875
"36b5ff1a-dbaa-477d-b7f1-3173f1e3db75",0,0,"algal_spot",0.968578,74.646225,204.796112,500.949127,402.269012,426.302917,197.472900,84183.273438
"36b5ff1a-dbaa-477d-b7f1-3173f1e3db75",1,4,"phoma",0.894455,99.306488,451.193481,545.115540,639.000000,445.809052,187.806519,83725.843750
"81a6ac56-90ae-40c0-b8ba-69efec9ac2d5",0,4,"phoma",0.787165,39.229492,89.491898,609.435791,575.662231,570.206299,486.170349,277217.406250
"45833685-e3e3-41bb-8987-2e3f506a21aa",0,1,"brown_eye_spot",0.976418,111.927689,351.353912,458.908020,557.157410,346.980347,205.803497,71409.765625
"45833685-e3e3-41bb-8987-2e3f506a21aa",1,1,"brown_eye_spot",0.971292,80.146133,81.510681,475.676605,359.948425,395.530457,278.437744,110130.609375
"45833685-e3e3-41bb-8987-2e3f506a21aa",2,1,"brown_eye_spot",0.959787,433.710175,52.734436,606.678406,210.861542,172.968231,158.127106,27350.964844
"45833685-e3e3-41bb-8987-2e3f506a21aa",3,3,"miner",0.677557,233.918976,42.360260,492.984558,133.319519,259.065582,90.959259,23564.414063
"78becd6d-42d3-4f1e-92f4-11ff2bbc5a3f",0,3,"miner",0.973392,205.528412,247.735001,469.121368,521.641357,263.592957,273.906372,72199.789063
"3b6c6094-c9a4-4156-9056-fc266f3c7369",0,3,"miner",0.958185,88.137894,210.328857,489.770264,412.378662,401.632385,202.049805,81149.742188
"d3697197-a8e3-474f-a2d0-f0494566a9f7",0,3,"miner",0.647054,105.038574,270.181152,560.418701,459.234833,455.380127,189.053680,86091.289063
"9ab6e4ce-2ac3-4197-a1e3-a824ba43232b",0,0,"algal_spot",0.969982,258.129791,195.118713,513.054871,521.009644,254.925079,325.890930,83077.773438
"2901ce93-eab5-4771-8a28-7cb04b8a7701",0,4,"phoma",0.948104,107.991516,31.569626,572.807129,561.964417,464.815613,530.394775,246535.765625
"8b8275e7-9c5a-46d9-ad54-c9de3e0c8e2a",0,2,"healthy",0.973393,43.058380,136.683731,615.697876,532.735718,572.639526,396.052002,226795.031250
"0d4f0204-4e35-4929-9161-61fef08190ff",0,4,"phoma",0.926815,34.667999,50.127960,619.479187,552.619629,584.811157,502.491669,293862.718750
"47d4b6c6-c7c5-41ff-80a1-35374bdb6518",0,4,"phoma",0.975918,114.626495,110.492584,396.628815,469.201508,282.002319,358.708923,101156.750000
"47d4b6c6-c7c5-41ff-80a1-35374bdb6518",1,4,"phoma",0.301873,0.555740,143.046967,111.918655,511.634491,111.362915,368.587524,41046.980469
"46836af3-edc2-4787-8219-dd511b6d667f",0,4,"phoma",0.972192,7.842163,115.439117,608.598450,517.793091,600.756287,402.353973,241716.671875
"09858abd-a5bd-4563-be78-88000ba95c92",0,4,"phoma",0.965891,73.537537,131.266571,575.365662,573.645142,501.828125,442.378571,221998.015625
"1d332cc8-1a59-4aad-ac37-90b8995ace45",0,3,"miner",0.952596,188.231354,107.151520,464.813293,567.958496,276.581940,460.806976,127450.890625
"1d332cc8-1a59-4aad-ac37-90b8995ace45",1,3,"miner",0.358371,0.000000,89.753815,157.872559,494.647064,157.872559,404.893250,63921.535156
"1b1a48b1-a9fd-4bb2-966a-03355dae53fe",0,1,"brown_eye_spot",0.786034,97.512711,135.286774,496.429871,501.768372,398.917175,366.481598,146195.796875
"8bdd64dd-a91e-4891-ae2f-91e00465f742",0,3,"miner",0.916693,44.169830,166.003601,636.853027,539.213257,592.683228,373.209656,221195.109375
"6c4e18fd-7c27-45d7-af86-f4cb8e2da2ba",0,2,"healthy",0.953296,52.332397,108.871933,595.800781,538.094727,543.468384,429.222778,233269.015625
"9c3225b0-07a8-418d-a4c3-37b0b4d19c06",0,0,"algal_spot",0.913937,159.941254,138.143219,471.939850,569.933960,311.998596,431.790741,134718.109375
"5e23cb58-8279-4805-b1c8-c8282ce2865c",0,4,"phoma",0.964263,85.828339,95.672775,579.881409,568.462036,494.053070,472.789246,233582.984375
"e3ad813f-57e8-4f0f-889a-ac8db9bb942a",0,3,"miner",0.919482,198.737854,19.274124,512.135620,535.261841,313.397766,515.987732,161709.406250
"a095406c-9fdc-4bb0-aadc-fffeecda637c",0,3,"miner",0.939649,58.803558,173.288361,591.647949,473.769104,532.844360,300.480743,160109.468750
"7e0cb0cc-cc95-4b18-9a85-830d67764e65",0,2,"healthy",0.941692,39.160278,72.905441,612.511536,548.769531,573.351257,475.864075,272837.250000
"f0201831-d39e-40ea-828b-d5e02e06a20a",0,5,"powdery_mildew",0.925455,14.238525,180.168213,621.226379,412.084686,606.987854,231.916473,140770.484375
"014547b7-4c09-4aaf-b96c-a7368aa73008",0,2,"healthy",0.943207,179.165756,67.186310,426.216553,593.464905,247.050797,526.278564,130017.539063
"014547b7-4c09-4aaf-b96c-a7368aa73008",1,2,"healthy",0.789187,0.172318,11.291245,266.430908,339.718689,266.258606,328.427429,87446.632813
"1b4b2a56-b067-44f6-807c-a523b5051b09",0,4,"phoma",0.719590,113.154678,147.118561,580.590027,572.241821,467.435364,425.123260,198717.640625
"6aee4841-f2ce-4df0-9a89-34562dd504b0",0,3,"miner",0.897279,255.010132,192.845428,495.169800,382.117523,240.159668,189.272095,45455.523438
"5b1f4ec3-7737-42b3-9fe8-d94ce532fe4d",0,3,"miner",0.922256,77.310730,124.259460,636.783447,382.545837,559.472717,258.286377,144504.187500
"58593de2-3815-4cae-b927-1e6b8ef69a10",0,1,"brown_eye_spot",0.834055,73.667603,129.299591,610.871094,506.262512,537.203491,376.962921,202505.796875
"b765e80c-7f6f-4c1a-8c79-7d0d9a1615d6",0,4,"phoma",0.967650,77.589386,84.234467,569.678589,506.394684,492.089203,422.160217,207740.484375
"5c3138a7-798e-4031-bbe3-303c08204117",0,4,"phoma",0.950062,63.903992,136.902924,561.246216,503.147614,497.342224,366.244690,182148.953125
"ceaee3a1-507c-4634-a0ce-9089a2203dfd",0,4,"phoma",0.967145,80.406204,171.485413,572.365601,512.321472,491.959412,340.836060,167677.500000
"8b6d9d12-7cd2-4b8e-be1d-e9ae2737675a",0,0,"algal_spot",0.954991,135.021118,73.422577,574.636108,576.887573,439.614990,503.464996,221330.765625
"77e8e586-6563-4b63-bc62-3a216a9c1fd6",0,3,"miner",0.920178,211.813507,155.383514,458.786713,417.948639,246.973206,262.565125,64846.550781
"121d44ed-dd48-4751-a583-7eb7bc87f23b",0,0,"algal_spot",0.941116,138.683868,193.464386,565.547485,448.184845,426.863617,254.720459,108730.898438
"1392dea8-12dd-4e09-89c7-b097071b311d",0,4,"phoma",0.960247,51.332886,124.046829,630.359863,548.503540,579.026978,424.456726,245771.890625
"466869f1-c8e5-4b83-8974-6a2d1ff8697c",0,3,"miner",0.916138,167.648560,80.802826,491.174744,588.184570,323.526184,507.381744,164151.281250
"6197ac30-2507-4f1d-89fc-7576f3a915cc",0,1,"brown_eye_spot",0.886548,171.530609,91.313080,532.714050,588.111450,361.183441,496.798370,179435.343750
"0fab915d-08b8-4a3d-b8e4-f9e737510935",0,2,"healthy",0.608338,47.511627,268.256927,625.447021,628.858521,577.935425,360.601593,208404.437500
"27e0ffcd-08c8-4d71-8bac-ba27793c0c5e",0,1,"brown_eye_spot",0.911593,231.964081,114.580795,604.188599,526.611084,372.224518,412.030273,153367.765625
"c7d3dd8b-f46d-4db5-8d39-2cc2be59a32a",0,1,"brown_eye_spot",0.927283,36.066589,87.932129,509.201996,630.137634,473.135406,542.205505,256536.625000
"25c41810-0196-4236-ba2d-d02b08b33823",0,3,"miner",0.930705,146.016235,51.546051,453.267365,507.485596,307.251129,455.939545,140087.937500
"25c41810-0196-4236-ba2d-d02b08b33823",1,1,"brown_eye_spot",0.912832,400.491302,12.153603,639.000000,255.034851,238.508698,242.881256,57929.292969
"3ef9a14a-25ed-41b9-9d93-1bd840197a60",0,2,"healthy",0.933208,25.644165,91.161499,604.937683,534.912842,579.293518,443.751343,257062.281250
"62b65d76-cf02-4eeb-857d-b65f8601a364",0,0,"algal_spot",0.952663,30.912384,181.091675,470.089081,530.615662,439.176697,349.523987,153502.796875
"100835b4-9a85-4c29-9ce4-cf1a16445df9",0,4,"phoma",0.764405,74.318817,181.364563,594.286621,525.886719,519.967773,344.522156,179140.421875
"e758c3c5-3ae8-4e1c-9d26-44f2dda046be",0,4,"phoma",0.963138,101.488556,113.170227,546.569946,519.055725,445.081390,405.885498,180652.078125
"2072dbbd-a8fa-4a64-8ad2-f1af3afc88b7",0,3,"miner",0.935972,164.968140,53.912109,501.738037,520.838623,336.769897,466.926514,157246.796875
"f164c101-7b72-4a27-b0fe-2cc2533f5937",0,4,"phoma",0.969960,84.302582,120.487091,583.558716,478.162537,499.256134,357.675446,178571.656250
"9a0eefe2-3cab-42f8-a20d-56d0cba5fd20",0,4,"phoma",0.955744,131.560944,103.893692,556.846008,526.118408,425.285065,422.224731,179565.875000
"238a7253-2561-4d52-a6ef-d6883c0d3c1e",0,0,"algal_spot",0.941131,51.356659,267.310486,548.777527,495.911316,497.420868,228.600830,113710.820313
"0636f562-c600-48f9-94f6-727e0e14e3bf",0,3,"miner",0.818150,69.484314,140.408661,541.196960,450.234985,471.712646,309.826324,146149.000000
"2f6c408f-c992-443c-bfbe-6ad6c144185f",0,3,"miner",0.948971,134.073639,154.675842,519.668335,513.456421,385.594696,358.780579,138343.890625
"1069afb4-86fa-4ed8-9f2e-920f525d4c49",0,4,"phoma",0.957876,32.674835,62.053864,586.195801,553.911560,553.520996,491.857697,272253.562500
"5aa9f3cb-2f6d-4c60-bf13-0f5517813d83",0,2,"healthy",0.936735,0.000000,77.848877,639.000000,593.200928,639.000000,515.352051,329309.968750
"d1c48441-7761-4138-aac5-0dfd3dcc7468",0,1,"brown_eye_spot",0.951551,165.560059,74.663437,494.069489,506.622070,328.509430,431.958618,141902.484375
"7331ab4e-d680-4d24-8093-a27143c23f37",0,1,"brown_eye_spot",0.927005,42.586365,128.007660,566.631775,422.138306,524.045410,294.130646,154137.812500
"52d071be-3e46-4554-bc39-f89dcf3552f3",0,2,"healthy",0.911058,38.992645,125.502930,587.822510,542.965759,548.829834,417.462830,229116.062500
"627c2baa-4194-4085-aa02-7ca79ed98f89",0,2,"healthy",0.950880,27.245605,102.911331,590.341064,507.975952,563.095459,405.064636,228090.062500
"3971693a-b0b3-4f47-bd10-ce5aa62a2786",0,4,"phoma",0.961500,116.382004,73.714630,569.482666,571.448242,453.100647,497.733612,225523.421875
"3d54624b-7708-405a-8d05-0a0de0a05b46",0,3,"miner",0.930369,75.049988,74.808701,590.123535,534.759094,515.073547,459.950378,236908.265625
"fbf626eb-0e03-40f5-a06d-69dd8d9cbdba",0,3,"miner",0.931382,113.039215,138.021652,464.766083,516.449463,351.726868,378.427795,133103.218750
"b72db099-8bb6-404f-8421-b6852d50fb52",0,5,"powdery_mildew",0.919681,48.779617,76.186829,470.354370,638.152649,421.574768,561.965820,236910.609375
"4581b4df-e89a-4f5e-b6e8-b1495dcefbee",0,0,"algal_spot",0.960164,121.660461,98.897430,471.628723,533.643677,349.968262,434.746246,152147.390625
"451b1128-375d-4009-9752-2bb6f9369be6",0,4,"phoma",0.920714,40.767517,82.952454,620.176392,537.794189,579.408875,454.841736,263539.343750
"c151f30e-0d95-40e4-a345-9714bebc9933",0,1,"brown_eye_spot",0.700621,135.303177,77.316589,525.524109,481.925049,390.220947,404.608459,157886.703125
"7c85351d-ac35-46e4-ad7d-e7b987411906",0,0,"algal_spot",0.882747,105.487762,15.583618,555.270996,591.732056,449.783234,576.148438,259141.906250
"122ac52d-c7a8-4d92-aeb5-7c173a3e1d8a",0,2,"healthy",0.951470,173.170807,72.129150,432.191162,581.687439,259.020355,509.558289,131985.968750
"122ac52d-c7a8-4d92-aeb5-7c173a3e1d8a",1,2,"healthy",0.452717,466.188995,0.000000,639.000000,322.651062,172.811005,322.651062,55757.652344
"99fbbff7-ee49-411e-9d51-e88003ec7d6e",0,4,"phoma",0.965101,86.891357,163.357315,541.632385,514.241821,454.741028,350.884521,159561.593750
"712a3bc2-d76c-4f4d-8fc7-c6f6b681838a",0,1,"brown_eye_spot",0.804839,27.567871,184.711945,622.155212,450.690948,594.587341,265.979004,158147.750000
"3f85e4d2-85f1-41a0-9ff1-ac5f556bd169",0,3,"miner",0.917675,82.006165,106.560310,619.165222,338.713745,537.159058,232.153442,124703.328125
"3f85e4d2-85f1-41a0-9ff1-ac5f556bd169",1,1,"brown_eye_spot",0.892152,94.143661,364.726898,554.449463,598.743774,460.305786,234.016876,107719.320313
"c8c4e6b6-b3a8-4b36-b6d3-5db008b01f44",0,0,"algal_spot",0.951629,91.108292,231.661469,575.352783,483.417633,484.244507,251.756165,121911.539063
"3fc3ed24-47d9-48ed-b020-026358d23b95",0,2,"healthy",0.939501,4.727539,53.013123,506.690247,639.000000,501.962708,585.986877,294143.562500
"8d8f6520-c4f5-4e01-852b-62ceed13637e",0,3,"miner",0.902750,47.909821,175.189270,628.675903,452.172668,580.766113,276.983398,160862.578125
"8d8f6520-c4f5-4e01-852b-62ceed13637e",1,1,"brown_eye_spot",0.270121,246.532990,558.558044,600.551147,639.000000,354.018158,80.441956,28477.912109
"3a715bdd-6f27-48ee-b264-8f22d2826dd0",0,4,"phoma",0.964229,71.976974,32.643402,533.395386,550.232239,461.418396,517.588867,238825.031250
"98d92f1e-a44d-4f44-affb-5edd786b44b9",0,0,"algal_spot",0.898067,41.505188,218.850708,622.066833,445.521729,580.561646,226.671021,131596.500000
"ab93cee9-39a9-46ae-b3a1-0af67bf99783",0,4,"phoma",0.967039,85.415710,96.184921,569.818176,544.770630,484.402466,448.585693,217296.015625
"6815b10f-26a7-4ee4-ad37-aee9ee5ecdd6",0,2,"healthy",0.951115,24.958710,87.735153,557.443115,527.963928,532.484375,440.228760,234414.937500
"6c462955-cd79-46a3-9b7f-bcbe9e9bb307",0,1,"brown_eye_spot",0.938673,70.134857,90.122986,529.661133,629.949524,459.526276,539.826538,248064.484375
"ccdbae53-d856-495b-bf8b-4932706668d7",0,1,"brown_eye_spot",0.915633,100.194717,187.616760,342.252563,558.779846,242.057846,371.163086,89842.937500
"ccdbae53-d856-495b-bf8b-4932706668d7",1,1,"brown_eye_spot",0.908661,339.005219,164.755951,597.641296,390.070770,258.636078,225.314819,58274.542969
"377f24ad-5524-46f1-bddb-4b05005b4d34",0,5,"powdery_mildew",0.932567,129.572479,213.829132,600.595581,412.853699,471.023102,199.024567,93745.171875
"377f24ad-5524-46f1-bddb-4b05005b4d34",1,5,"powdery_mildew",0.854903,223.953308,76.033707,637.824097,224.769409,413.870789,148.735703,61557.363281
"377f24ad-5524-46f1-bddb-4b05005b4d34",2,5,"powdery_mildew",0.837068,410.404419,442.667236,639.000000,588.671509,228.595581,146.004272,33375.929688
"377f24ad-5524-46f1-bddb-4b05005b4d34",3,5,"powdery_mildew",0.392562,0.000000,343.270508,63.148067,527.063477,63.148067,183.792969,11606.170898
"377f24ad-5524-46f1-bddb-4b05005b4d34",4,5,"powdery_mildew",0.275087,52.279694,0.000000,392.521667,193.021851,340.241974,193.021851,65674.132813
"952aa402-be82-4a17-b703-22c9650ae682",0,0,"algal_spot",0.951301,160.365585,39.342010,433.971924,358.037659,273.606323,318.695648,87197.148438
"952aa402-be82-4a17-b703-22c9650ae682",1,0,"algal_spot",0.924816,109.584961,368.497681,563.557800,596.687317,453.972839,228.189636,103591.898438
"2fb67e41-0005-4d3b-8756-2da95d298662",0,5,"powdery_mildew",0.967011,72.151459,4.592896,489.314575,549.021851,417.163116,544.428955,227115.671875
"5064d99c-6e79-46b7-8363-c39d6ed91f43",0,3,"miner",0.918691,56.985840,154.098724,598.411499,430.884521,541.425659,276.785797,149858.937500
"a4c97d47-dc31-48ee-ae49-50f5f467cc3c",0,1,"brown_eye_spot",0.792704,190.009720,123.085968,491.000458,521.303955,300.990723,398.217987,119859.921875
"f24bbe00-434b-4ac5-8811-8a1804c0f723",0,2,"healthy",0.965118,63.109894,105.523056,570.522095,551.975769,507.412201,446.452698,226535.546875
"eff1a29d-8c0f-4c87-a2f1-731eb741fb59",0,4,"phoma",0.966305,51.647644,120.863556,557.505798,533.478210,505.858154,412.614655,208724.484375
"68573b09-d37a-46d2-b8e6-1608cdaa8e93",0,4,"phoma",0.948182,48.148468,98.612793,585.431763,581.376465,537.283325,482.763672,259380.875000
"0525944a-0024-4d1a-84f9-12c34b761293",0,3,"miner",0.896926,10.683929,235.846786,605.821533,412.858337,595.137573,177.011551,105346.226563
"cbfd72b2-2c7f-424e-80b8-df2e72617ae1",0,4,"phoma",0.967349,62.108704,115.026443,585.108887,559.683472,523.000183,444.657043,232555.718750
"b424add2-baa9-4438-ba2a-3ce5a4cf9d61",0,3,"miner",0.866742,41.885193,181.004669,405.192047,505.856232,363.306854,324.851563,118020.796875
"9b385b73-f1af-4e70-b0a1-fa0d4c955c96",0,4,"phoma",0.963319,55.759521,121.936279,595.559570,513.049683,539.800049,391.113403,211123.031250
"114f52ce-69a9-432b-bbc7-1cb90d2e3b18",0,3,"miner",0.928911,41.800873,198.743393,615.389282,452.806976,573.588379,254.063583,145727.921875
"d6d68227-7321-4aae-b64b-86def6745466",0,4,"phoma",0.598926,127.534470,53.025879,525.232422,525.507996,397.697937,472.482117,187905.156250
"d6d68227-7321-4aae-b64b-86def6745466",1,1,"brown_eye_spot",0.580860,127.534470,53.025879,525.232422,525.507996,397.697937,472.482117,187905.156250
"48e9dbfa-d234-4ebf-939b-4251868526fb",0,2,"healthy",0.948154,69.852295,88.671143,605.419189,547.093445,535.566895,458.422302,245515.812500
"39369ba5-7e90-40ba-90c9-6d1c8d8f59f2",0,3,"miner",0.929870,82.391296,133.978882,528.049438,534.370361,445.658142,400.391479,178437.718750
"33f52e82-2bb4-422e-8215-0d37e5960d7d",0,4,"phoma",0.960137,78.817657,64.342377,578.085571,563.042358,499.267914,498.699982,248984.906250
"3baa9db4-2e8e-457f-b001-56f99987873a",0,1,"brown_eye_spot",0.816038,115.080139,60.587524,525.215088,631.314941,410.134949,570.727417,234075.265625
"22696117-c8b6-4034-aab0-a655f8cf3415",0,3,"miner",0.921538,96.761215,102.715424,580.467529,446.107758,483.706299,343.392334,166101.031250
"bfe0f906-790f-45ab-864f-9c3e4bbf2582",0,0,"algal_spot",0.954221,141.659790,70.019165,508.080933,581.808960,366.421143,511.789795,187530.593750
"f54e73b3-0042-4201-b6da-3eb64d89fbd4",0,4,"phoma",0.966745,183.643326,81.608932,488.808502,505.128784,305.165161,423.519836,129243.500000
"ecfa2097-7c9d-4c95-b7f5-62ecacc642cd",0,3,"miner",0.923872,32.898407,132.583084,595.776672,511.710205,562.878296,379.127136,213402.437500
"54c35ef9-222d-4cca-bae7-6f1fe00d10ba",0,4,"phoma",0.961241,62.522156,59.963013,598.320801,539.871094,535.798645,479.908081,257134.093750
"a9b25d50-115c-4d65-958a-e50db78db0bf",0,4,"phoma",0.968330,123.628189,138.721664,533.663086,540.521362,410.034912,401.799683,164751.890625
"37bbfb06-9aeb-43a9-b78e-db6d1bdabea5",0,1,"brown_eye_spot",0.911547,185.436523,216.088654,486.596344,548.477295,301.159821,332.388641,100102.101563
"680dab28-f835-48e5-9068-c0d61b077599",0,3,"miner",0.923398,58.566254,170.020233,549.360718,435.222839,490.794464,265.202606,130159.968750
"49f2542c-41ad-4f68-aec0-e1d06d72dc5c",0,3,"miner",0.906474,211.859085,9.782806,371.091888,537.968750,159.232803,528.185913,84104.523438
"74041d3b-1e00-4c1f-a7f2-49cb20643585",0,0,"algal_spot",0.926035,70.558075,16.970825,475.317749,589.271973,404.759674,572.301147,231644.421875
"ef7abc08-14a3-4c57-8095-e8aafe8cf8c2",0,0,"algal_spot",0.949445,202.398163,116.006439,495.214111,493.208496,292.815948,377.202057,110450.781250
"2ec6fd92-e0b9-44b9-ad0f-d9a0974c6059",0,3,"miner",0.904278,28.833618,170.084839,540.920105,404.085968,512.086487,234.001129,119828.812500
"38051fb2-8d42-4048-9093-b21f841ef4e6",0,4,"phoma",0.968334,43.652527,96.287491,601.007690,491.151917,557.355164,394.864441,220079.734375
"4b8f566c-18d3-4626-9ab3-bbd4fb1069df",0,3,"miner",0.924534,41.694305,205.569336,624.570801,415.000183,582.876465,209.430847,122072.312500
"7abc811b-7ba4-4159-ae2c-1dbbf2633a93",0,0,"algal_spot",0.963037,204.126099,152.610703,468.610474,628.618164,264.484375,476.007446,125896.531250
"7abc811b-7ba4-4159-ae2c-1dbbf2633a93",1,0,"algal_spot",0.861067,0.960709,0.000000,264.122345,283.034485,263.161621,283.034485,74483.812500
"ec238b7c-8f69-4745-96a6-42e99cd29668",0,0,"algal_spot",0.955368,129.912521,122.615753,487.250183,542.784668,357.337646,420.168915,150142.171875
"7d70dbca-f02e-472d-a701-896368b41c8b",0,5,"powdery_mildew",0.956076,121.029846,124.858505,580.794006,536.968933,459.764160,412.110413,189473.593750
"bd23f7e0-7165-409d-903a-6a73407d07c9",0,1,"brown_eye_spot",0.910015,102.716034,96.491608,561.976685,610.388794,459.260651,513.897217,236012.765625
"1538fe16-2e1a-4426-a6c0-ac96f920050c",0,1,"brown_eye_spot",0.950761,146.604294,90.887299,522.963867,599.430603,376.359558,508.543304,191395.140625
"211f5fcb-8a01-4cdb-bb56-1b5f1d99f496",0,1,"brown_eye_spot",0.938598,79.407166,251.155807,636.854431,480.781067,557.447266,229.625259,128003.976563
"7c2f95f7-9355-4c5e-86a1-973140e445e9",0,2,"healthy",0.957816,45.621338,88.576401,603.397217,510.334473,557.775879,421.758057,235246.468750
"c8437b35-ca60-4027-a6e7-071e2a9580e8",0,2,"healthy",0.926393,90.368362,93.694290,580.079163,539.237488,489.710815,445.543213,218187.328125
"e090ce7f-15d2-4ec5-852c-2f72a8207b4a",0,5,"powdery_mildew",0.947254,156.994659,387.228851,567.249512,629.419495,410.254852,242.190643,99359.882813
"e090ce7f-15d2-4ec5-852c-2f72a8207b4a",1,5,"powdery_mildew",0.926853,0.000000,200.345520,587.993408,362.018127,587.993408,161.672607,95062.429688
"c9235fc6-ea07-474e-b017-1f5b158d1856",0,4,"phoma",0.962635,51.726929,124.726044,573.576538,528.742065,521.849609,404.016022,210835.609375
"39bea4cb-3743-48f8-a9dd-b8a85446b2a6",0,4,"phoma",0.961792,42.008972,126.012604,578.652466,519.580322,536.643494,393.567719,211205.562500
"345d5b62-080f-44a9-a5dc-c6e849f76604",0,3,"miner",0.921159,56.403259,97.947403,559.787720,553.605164,503.384460,455.657776,229371.046875
"d108d3b1-ec17-4036-809f-441caf59cd84",0,4,"phoma",0.963825,34.346191,133.099503,590.222839,526.407227,555.876648,393.307739,218630.593750
"a584827a-87b1-41a3-b318-67b8c48a1074",0,0,"algal_spot",0.827508,55.939148,159.708206,633.656189,539.032288,577.717041,379.324097,219142.000000
"5f99d8bb-af0b-4de9-8fad-1a78adb4f9b2",0,1,"brown_eye_spot",0.946018,96.680542,147.995514,459.718384,530.845764,363.037842,382.850250,138989.125000
"906f02dc-df8c-4b51-8f49-5ee2eac11cfc",0,1,"brown_eye_spot",0.949635,167.291718,219.842392,502.185791,515.345520,334.894073,295.503113,98962.242188
"09745fb9-997b-4f37-af7d-4604deabdef7",0,1,"brown_eye_spot",0.938008,135.210129,341.963135,511.261749,585.086975,376.051636,243.123840,91427.117188
"09745fb9-997b-4f37-af7d-4604deabdef7",1,1,"brown_eye_spot",0.924135,113.090439,155.768448,602.683655,367.522949,489.593201,211.754501,103673.562500
"50df0df5-165d-4bbc-92ff-f97e853dadc5",0,1,"brown_eye_spot",0.635440,144.473663,85.188950,475.245941,606.207581,330.772278,521.018616,172338.515625
"5ef76721-d8e0-43c7-9c0f-5d6defb0dc51",0,4,"phoma",0.950062,63.903992,136.902924,561.246216,503.147614,497.342224,366.244690,182148.953125
"f93fbf16-40bd-429b-a907-23b4d50ce77f",0,4,"phoma",0.971445,60.366150,133.675583,614.342285,583.326294,553.976135,449.650696,249095.750000
"69e3a900-869b-41ed-b22e-ada07cf60412",0,3,"miner",0.938918,128.237305,73.195770,546.531982,427.864624,418.294678,354.668854,148356.093750
"fa573e0b-c298-49b3-a185-1b00b3306ba6",0,4,"phoma",0.964713,163.844116,114.484818,461.496704,533.800110,297.652588,419.315308,124810.289063
"9f3c60bd-3fad-40f0-970b-8f32ea279d58",0,4,"phoma",0.967906,21.589417,130.217590,619.301147,468.930359,597.711731,338.712769,202452.593750
"561c2ab7-8e43-4fc9-86da-cd048626e93b",0,1,"brown_eye_spot",0.946007,39.892334,117.415497,404.549408,531.262878,364.657074,413.847382,150912.375000
"4ff2031e-8b76-4b6c-ac8f-2df5e7bf43b9",0,4,"phoma",0.936901,19.020813,115.334961,612.691467,548.482666,593.670654,433.147705,257147.078125
"f99b1073-042e-44c2-9cd3-a1ffdaef2281",0,4,"phoma",0.958561,86.571472,111.952515,546.794373,554.794495,460.222900,442.841980,203806.015625
"1db729e8-09f1-456a-868a-cb6ef2d62f10",0,4,"phoma",0.965273,44.103638,63.891846,530.613892,501.263306,486.510254,437.371460,212785.703125
"2348332f-e7c6-4229-b5cb-ab6445df5ea2",0,0,"algal_spot",0.952251,105.321243,71.767410,473.368073,510.901093,368.046814,439.133667,161621.750000
"fe4ce99a-3157-44da-b247-3d52a16d89cf",0,4,"phoma",0.954712,143.101593,123.211975,542.010803,519.719482,398.909210,396.507507,158170.500000
"5150a76b-b4b3-49df-b116-1625eb30cf8d",0,3,"miner",0.942671,187.723679,35.020569,515.533203,639.000000,327.809509,603.979431,197990.203125
"8247fc54-1b7b-4c8f-9bc3-8a089986c7a6",0,4,"phoma",0.968783,81.077667,151.487366,560.321167,514.944824,479.243500,363.457458,174184.625000
"0aaa875a-7d60-41b8-a0e8-8123ad15bbdb",0,2,"healthy",0.940034,104.002350,13.724976,614.614746,578.338196,510.612396,564.613220,288298.500000
"b2cef3c4-5fb8-454e-8da4-294aad0ff6fb",0,4,"phoma",0.949004,46.393921,90.750961,586.070496,546.809082,539.676575,456.058105,246123.875000
"cc94434a-2a7c-434a-bdcf-646b558a02db",0,3,"miner",0.916044,69.770950,197.386810,493.388733,432.895996,423.617798,235.509186,99765.882813
"cc94434a-2a7c-434a-bdcf-646b558a02db",1,3,"miner",0.517469,191.022629,0.000000,547.839844,102.606438,356.817200,102.606438,36611.742188
"b1220c38-8f1a-48a5-822d-fad1849d9bfa",0,2,"healthy",0.928447,167.170181,0.000000,426.030579,639.000000,258.860413,639.000000,165411.796875
"b1220c38-8f1a-48a5-822d-fad1849d9bfa",1,2,"healthy",0.761536,330.519897,0.000000,639.000000,440.522186,308.480103,440.522186,135892.328125
"e9d34d0b-99d4-4304-962f-af4599c23064",0,4,"phoma",0.946969,67.901367,115.242676,551.792603,525.785583,483.891235,410.542908,198658.109375
"8ff50886-590d-4911-be57-83eabe97c143",0,0,"algal_spot",0.956198,170.089966,102.014679,444.675507,406.368134,274.585541,304.353455,83571.054688
"467f4cfe-1c38-4dc8-a30f-36c4499e7c85",0,1,"brown_eye_spot",0.939286,82.121643,241.604279,631.165161,458.068726,549.043518,216.464447,118848.398438
"1973ee17-3d9f-4ae3-8821-7cb6a26e619f",0,0,"algal_spot",0.955420,130.602005,135.436020,587.723267,521.365234,457.121277,385.929199,176416.453125
"1bf67dba-9611-4dfb-a2b2-59cbd010d220",0,0,"algal_spot",0.954088,98.606537,169.857071,429.132935,419.397186,330.526398,249.540115,82479.593750
"1bf67dba-9611-4dfb-a2b2-59cbd010d220",1,3,"miner",0.499400,135.272797,581.054626,513.120972,639.000000,377.848175,57.945374,21894.552734
"ac3204b1-5617-44cc-8d50-0870ab7267c0",0,0,"algal_spot",0.939610,80.025116,116.522949,557.175964,472.898895,477.150848,356.375946,170045.078125
"9e033728-570e-4826-9ce4-5bfab4b4bed6",0,4,"phoma",0.955621,37.168640,141.432068,591.100220,537.487610,553.931580,396.055542,219387.671875
"ce188582-6e51-4194-a7f8-3f865f72b0d1",0,4,"phoma",0.964726,61.827637,126.210815,561.282104,489.292023,499.454468,363.081207,181342.531250
"e00cc96c-93d1-4bc5-8b04-8911633c52b2",0,1,"brown_eye_spot",0.803456,81.634460,55.006836,425.227112,583.760742,343.592651,528.753906,181675.953125
"4c4e6107-f0a0-48a9-ac2d-6dbe8dd43e84",0,1,"brown_eye_spot",0.930442,166.107971,212.579819,538.678467,515.485352,372.570496,302.905518,112853.656250
"543094b4-0f03-4a96-9a05-45fc9ed19b03",0,0,"algal_spot",0.956199,179.467102,0.740540,491.602966,529.628296,312.135864,528.887756,165084.843750
"d2d91ae3-85bf-4082-afbd-297df389d9b1",0,1,"brown_eye_spot",0.938429,71.409592,127.589935,412.382263,586.533447,340.972656,458.943512,156487.187500
"04e39f49-6f1e-4cbb-aeed-edbefc497a06",0,1,"brown_eye_spot",0.930324,81.002243,148.972870,499.045013,427.280334,418.042786,278.307465,116344.429688
"c33d38dd-9bb6-4528-83ed-a560be286729",0,1,"brown_eye_spot",0.944200,180.706238,80.607742,514.467529,563.305176,333.761292,482.697449,161105.718750
"3cc2d39f-2ff7-423d-910a-e0fe339e8cdf",0,0,"algal_spot",0.951489,205.764389,181.025360,483.714294,533.482605,277.949890,352.457245,97965.453125
"867bd048-59f8-4641-a0fa-5381b7a312cd",0,3,"miner",0.926116,120.476471,146.059784,432.719727,436.936157,312.243256,290.876373,90824.187500
"5f80562c-d2ab-4dd2-be42-eb8c18d1ab81",0,0,"algal_spot",0.930061,108.925415,79.864594,546.124878,614.067200,437.199463,534.202637,233553.109375
"b1978f73-05d5-464b-8648-ae9357ac3f7f",0,1,"brown_eye_spot",0.948106,51.282043,176.962753,547.074707,428.995056,495.792664,252.032303,124955.765625
"bee71304-17b1-4d15-aeeb-4b0e4aeccaa5",0,1,"brown_eye_spot",0.938102,31.049194,176.483963,608.037537,374.579529,576.988342,198.095566,114298.835938
"bee71304-17b1-4d15-aeeb-4b0e4aeccaa5",1,1,"brown_eye_spot",0.893147,2.929718,2.179123,344.053864,234.439392,341.124146,232.260269,79229.585938
"65fe473a-736c-47d0-bee4-2f060ccd609c",0,1,"brown_eye_spot",0.852760,172.047043,138.067139,513.833313,475.387054,341.786255,337.319916,115291.312500
"316081e8-df22-47c6-af6d-16442f2f16ee",0,5,"powdery_mildew",0.972571,196.208603,78.560699,526.586914,490.798309,330.378296,412.237610,136194.359375
"316081e8-df22-47c6-af6d-16442f2f16ee",1,5,"powdery_mildew",0.304696,511.857544,105.423279,639.000000,481.025909,127.142456,375.602631,47755.039063
"d4e62960-99ce-4355-8542-b60bf1ece72b",0,4,"phoma",0.952388,120.403473,40.347656,510.505219,601.837952,390.101746,561.490295,219038.343750
"6d71a54b-c5b0-4fc4-831f-018ee189576e",0,4,"phoma",0.963894,50.600372,138.237366,535.613098,512.968872,485.012726,374.731506,181749.546875
"b1bbc044-e4c6-4884-acd2-0c53df364c67",0,5,"powdery_mildew",0.953745,109.851852,53.305191,516.221924,557.659485,406.370056,504.354309,204954.484375
"4a3c5050-1ece-4730-8e0c-6d13716e893f",0,4,"phoma",0.962153,44.197296,139.650970,602.255493,530.775085,558.058228,391.124115,218270.031250
"955820fb-062f-4742-81e6-5e7d2b214a81",0,3,"miner",0.782216,0.000000,70.954742,635.062500,426.999420,635.062500,356.044678,226110.625000
"85043f7c-79bc-49bb-b2c4-2426a13120c9",0,0,"algal_spot",0.941789,140.781631,221.954437,487.579102,461.479858,346.797485,239.525421,83066.812500
"56613313-50ee-4afb-bff9-dc95bfb8e596",0,1,"brown_eye_spot",0.931497,51.658249,217.426819,455.705414,490.037354,404.047180,272.610535,110147.515625
"a287039f-158a-4864-999a-2164b4cfc1bd",0,0,"algal_spot",0.927657,18.166077,199.191223,616.541016,490.290039,598.374939,291.098816,174186.234375
"a132215f-6afa-4d1d-96f4-cbece564bb20",0,0,"algal_spot",0.646686,171.810349,91.482788,363.352356,365.038330,191.542007,273.555542,52397.378906
"6fd70ac6-fb0c-447d-bc95-6e37caa87bac",0,4,"phoma",0.953891,74.455109,82.787109,574.804382,561.427246,500.349274,478.640137,239487.250000
"acad370d-2092-46a3-b7bc-8a2bcec36db7",0,1,"brown_eye_spot",0.904428,122.863068,102.463074,457.815308,567.461182,334.952240,464.998108,155752.156250
"597e32b1-b05d-406c-8131-77ccab937c9d",0,4,"phoma",0.959689,20.535095,152.330673,577.378418,563.723145,556.843323,411.392456,229081.140625
"8630034e-4736-40e8-ad68-fd628366c559",0,4,"phoma",0.966039,119.519394,119.795013,530.597656,513.902527,411.078247,394.107513,162009.031250
"b21cc6ab-f0d3-4ddb-afca-1cfc150737e3",0,3,"miner",0.940014,263.310150,169.891739,512.991943,576.507446,249.681793,406.615723,101524.539063
"3419cd68-4f4f-457c-b7e9-13e753b68f88",0,0,"algal_spot",0.948967,111.742096,180.480042,478.217346,594.597168,366.475250,414.117126,151763.671875
"40ef405b-4666-408f-bbb0-370edc481055",0,1,"brown_eye_spot",0.924409,6.368683,211.454803,610.653076,492.997803,604.284424,281.542999,170132.046875
"24654343-a035-4b8e-9f9f-133a7ce27091",0,4,"phoma",0.961944,93.676529,124.608643,558.938110,542.771851,465.261597,418.163208,194555.281250
"02296cd3-013a-4540-96ed-07d793c9e78e",0,2,"healthy",0.896387,43.132141,132.828293,604.130615,568.549683,560.998474,435.721375,244439.031250
"3eb35c02-6d86-4127-bcf7-d026e4da3ac8",0,0,"algal_spot",0.932210,59.889526,90.176300,557.503967,530.652832,497.614441,440.476532,219187.484375
"54945c9d-37fe-424e-8106-8e1a8b048b7f",0,5,"powdery_mildew",0.939223,150.132248,133.149323,426.312531,523.706421,276.180298,390.557098,107864.171875
"54945c9d-37fe-424e-8106-8e1a8b048b7f",1,5,"powdery_mildew",0.620872,18.195053,0.375546,293.723206,63.364136,275.528137,62.988590,17355.128906
"54945c9d-37fe-424e-8106-8e1a8b048b7f",2,5,"powdery_mildew",0.514615,278.828857,0.529259,639.000000,140.856873,360.171143,140.327606,50541.953125
"8eb65676-2f6c-409f-9b1f-b2628310d471",0,5,"powdery_mildew",0.951162,46.745483,167.797760,610.908386,444.215057,564.162903,276.417297,155944.390625
"a338aaf3-ad3e-499a-b04e-1d305ce5ad14",0,0,"algal_spot",0.944253,81.475708,176.093079,619.140564,452.452332,537.664856,276.359253,148588.656250
"bfe39d5d-bdad-450d-b505-19d251f0904d",0,2,"healthy",0.963663,70.789459,102.344498,532.994934,522.800476,462.205475,420.455994,194337.062500
"8b1d19d9-f92d-48a9-87d5-6c2f2028721f",0,1,"brown_eye_spot",0.944604,94.432495,56.752121,404.536682,538.639282,310.104187,481.887146,149435.218750
"303a2b81-9554-403b-82cd-937e60bcce4e",0,1,"brown_eye_spot",0.937205,114.514587,54.483780,502.500000,566.443359,387.985413,511.959595,198632.859375
"80f3fd63-eff7-4c87-a049-5c806d8b167d",0,1,"brown_eye_spot",0.930788,12.671326,282.395386,616.808838,491.379944,604.137512,208.984558,126255.414063
"13766070-4175-405e-9a37-b8428bfe14f5",0,0,"algal_spot",0.935155,112.797607,35.028168,521.477112,338.070709,408.679504,303.042542,123847.273438
"0109dc30-2a34-4d6c-bd18-d504e9087943",0,5,"powdery_mildew",0.944147,62.504608,133.099670,594.300110,503.877289,531.795532,370.777618,197177.875000
"6786039a-fdfc-4433-9ac6-bc461ca7092c",0,2,"healthy",0.901699,82.919312,117.035675,557.193176,521.688843,474.273865,404.653168,191916.421875
"b9875edd-24ca-4f69-9d95-3783859044df",0,3,"miner",0.925626,164.182480,68.238190,584.289795,429.137939,420.107300,360.899750,151616.625000
"50fba59a-dbeb-4fd9-a257-1f3c551c97a5",0,3,"miner",0.936054,192.719208,130.314789,539.862061,523.217102,347.142853,392.902313,136393.234375
"a4be5b86-6a3b-429f-a43f-1cfe9ffd4553",0,2,"healthy",0.952675,74.606018,92.606247,616.439697,558.544373,541.833679,465.938110,252460.953125
"17ad5eb5-521d-4c74-be31-5987e5c137aa",0,0,"algal_spot",0.824141,37.788361,168.474487,605.881104,476.010132,568.092773,307.535645,174708.781250
"656c1abe-9971-49aa-a4ca-2fc660c53f7b",0,4,"phoma",0.959325,52.870636,101.295166,597.283081,524.132202,544.412476,422.837036,230197.750000
"34cf96cc-2891-41a4-b2ee-45ed96852aa2",0,0,"algal_spot",0.929360,109.932007,195.183289,574.779541,467.307556,464.847534,272.124268,126496.296875
"bf5375a8-83dd-4b91-8fea-74a92cb51236",0,4,"phoma",0.960645,58.680298,86.461502,584.605469,534.883057,525.925171,448.421570,235836.187500
"3d8b1f14-7ee7-4409-a9ee-2b95dcb76645",0,4,"phoma",0.598926,127.534470,53.025879,525.232422,525.507996,397.697937,472.482117,187905.156250
"3d8b1f14-7ee7-4409-a9ee-2b95dcb76645",1,1,"brown_eye_spot",0.580860,127.534470,53.025879,525.232422,525.507996,397.697937,472.482117,187905.156250
"b065fd40-6d41-4c83-84ff-5edfe29c89fa",0,4,"phoma",0.969443,96.444656,90.097794,553.118896,487.142700,456.674255,397.044922,181320.187500
"a8ace9ca-24fc-4eb5-984c-179a85ba2bb9",0,3,"miner",0.952172,166.122681,179.116028,418.619720,527.268127,252.497040,348.152100,87907.375000
"a8ace9ca-24fc-4eb5-984c-179a85ba2bb9",1,3,"miner",0.305972,218.036865,578.963562,446.911011,639.000000,228.874146,60.036438,13740.788086
"445167ef-ce05-425e-ae44-314474304fc1",0,2,"healthy",0.962037,7.654541,153.585876,535.445313,523.254639,527.790771,369.668762,195107.765625
"998cc6c3-8150-4b96-ac5f-e08320337bd5",0,1,"brown_eye_spot",0.933782,143.652924,89.829956,393.241669,393.554413,249.588745,303.724457,75806.203125
"998cc6c3-8150-4b96-ac5f-e08320337bd5",1,1,"brown_eye_spot",0.928970,203.483429,354.255920,576.161865,501.654846,372.678436,147.398926,54932.402344
"5d046fa1-d5ef-4257-8f20-6c02f3e1510b",0,3,"miner",0.941408,53.605896,161.996399,609.529907,401.272278,555.924011,239.275879,133019.203125
"a62e86a8-5cb0-44fc-85de-9fed2d6f4ad2",0,3,"miner",0.937627,145.558380,140.138184,552.820679,469.493073,407.262299,329.354889,134133.828125
"ecaca333-b900-4a91-af2d-004dbf857ec6",0,4,"phoma",0.961110,68.395905,100.434982,587.687073,536.691101,519.291138,436.256104,226543.921875
"0ee2fcee-5757-41d0-8ac8-d3c79fdccbcf",0,2,"healthy",0.953984,95.761734,24.382751,453.267212,582.038818,357.505493,557.656067,199365.109375
"39d4c85b-81f6-4449-b8a7-7580402b06fc",0,3,"miner",0.923219,174.644592,95.283569,443.759186,524.483032,269.114594,429.199463,115503.835938
"12a68ac7-2409-44e8-ae5b-6b3c6d8d723d",0,2,"healthy",0.968490,38.262451,111.269775,617.320618,496.166992,579.058167,384.897217,222877.875000
"9a042a1d-2536-436b-a0cf-e00a702e8cf6",0,3,"miner",0.961527,163.014984,57.321930,513.847534,544.084351,350.832550,486.762421,170772.093750
"40d46efc-d8a3-427f-89f7-c438ec58728c",0,3,"miner",0.871407,200.810638,129.164551,346.840942,496.157013,146.030304,366.992462,53592.019531
"bd8d17f4-6978-44d5-a6ec-1cf6274d37ae",0,1,"brown_eye_spot",0.932568,198.437744,188.644608,369.963196,618.677734,171.525452,430.033142,73761.632813
"bd8d17f4-6978-44d5-a6ec-1cf6274d37ae",1,1,"brown_eye_spot",0.887057,282.781189,107.476227,562.213684,294.669617,279.432495,187.193390,52307.914063
"042a2eab-ef8d-4852-8fa9-b965e2109b3e",0,2,"healthy",0.904259,155.789459,122.250488,462.900330,543.527954,307.110870,421.277466,129378.890625
"19a72246-3716-40ad-83a7-977b559240f6",0,4,"phoma",0.952220,35.681335,116.848755,616.251587,557.872192,580.570251,441.023438,256045.093750
"f67e8506-2360-4426-8a9c-67d2eca59e51",0,0,"algal_spot",0.776807,197.932434,113.522964,569.886353,539.299377,371.953918,425.776428,158369.203125
"8d2e981c-f9b0-4a7b-8bf1-551d98da860c",0,4,"phoma",0.405090,46.700500,77.126572,570.648804,531.746155,523.948303,454.619568,238197.156250
"17167c67-e7db-4b90-9e21-890f37c71a10",0,0,"algal_spot",0.956353,182.320892,0.000000,488.538055,546.726929,306.217163,546.726929,167417.171875
"a4157207-1d43-4f07-9dd3-9a059c999042",0,4,"phoma",0.948437,123.150940,122.488159,532.506592,534.757874,409.355652,412.269714,168764.937500
"f3d6abca-bf2f-49fd-80f3-2902b8810d40",0,3,"miner",0.940730,262.694427,152.949097,536.076477,554.728149,273.382050,401.779053,109839.179688
"330c6f89-82a0-4776-accf-004e00eb5b7e",0,2,"healthy",0.962492,114.453949,82.564880,454.326569,639.000000,339.872620,556.435120,189117.062500
"330c6f89-82a0-4776-accf-004e00eb5b7e",1,2,"healthy",0.940734,400.270386,122.091827,639.000000,605.860535,238.729614,483.768707,115489.914063
"51315888-2efb-4fcb-bed6-791b57a632cf",0,2,"healthy",0.948969,193.350357,139.784027,495.032928,523.421387,301.682556,383.637360,115736.703125
"51315888-2efb-4fcb-bed6-791b57a632cf",1,2,"healthy",0.883209,0.000000,81.618896,289.623474,452.441772,289.623474,370.822876,107399.007813
"51315888-2efb-4fcb-bed6-791b57a632cf",2,2,"healthy",0.320989,460.522827,199.323334,639.000000,612.699707,178.477173,413.376373,73778.250000
"eac35325-5850-4a51-b2d1-a15e0cfabdd9",0,1,"brown_eye_spot",0.930560,181.182037,137.046249,563.043579,488.961670,381.861542,351.915405,134382.953125
"54ece9d1-14e4-408d-b12a-ab465369475a",0,5,"powdery_mildew",0.955803,53.106018,189.765228,639.000000,445.984985,585.893982,256.219757,150117.609375
"54ece9d1-14e4-408d-b12a-ab465369475a",1,5,"powdery_mildew",0.701452,39.528503,0.950455,574.010681,163.808685,534.482178,162.858231,87044.820313
"54ece9d1-14e4-408d-b12a-ab465369475a",2,5,"powdery_mildew",0.684983,0.000000,374.483521,234.212784,531.955566,234.212784,157.472046,36881.964844
"30902446-51a5-4da2-a724-bd88e1480f4a",0,1,"brown_eye_spot",0.955482,53.854675,211.696732,569.461548,515.524292,515.606873,303.827576,156655.593750
"a8d05f36-cb6a-44e5-90dc-3348adcac1e1",0,4,"phoma",0.903197,70.820648,133.564316,623.585022,538.184448,552.764404,404.620117,223659.593750
"b3c779c5-363d-4aa0-b925-e1ecc23adde5",0,4,"phoma",0.960680,88.810440,133.446503,544.641418,564.735291,455.830994,431.288788,196594.796875
"eff7a639-de5c-4971-aeb1-45c44e50a340",0,1,"brown_eye_spot",0.949108,153.146042,39.337601,591.467896,530.049011,438.321838,490.711426,215089.531250
"f1cd1e31-0639-47b1-8dc5-32e2b8c6d779",0,1,"brown_eye_spot",0.948204,125.315857,177.026978,540.175537,571.584351,414.859680,394.557373,163685.953125
"1803b20a-dcae-4e77-aea6-0e2347127131",0,1,"brown_eye_spot",0.955861,26.002258,146.271164,535.239624,457.887939,509.237366,311.616760,158686.890625
"7a226e8d-5c22-4837-9b30-172e30d899f1",0,5,"powdery_mildew",0.926650,111.567352,100.199310,589.734131,499.931915,478.166779,399.732605,191138.859375
"ef6c1a81-8012-4b69-9b7f-a62750d16127",0,2,"healthy",0.953868,7.709229,59.342102,595.232422,565.030151,587.523193,505.688049,297103.468750
"c41d09cb-8ef4-4b48-8b38-bf0990f9f013",0,4,"phoma",0.953057,64.710022,162.436203,634.992981,552.809998,570.282959,390.373779,222623.515625
"da8a31ad-9285-41fd-b2ec-8bd188453675",0,0,"algal_spot",0.949158,147.500900,30.763779,378.572449,585.651123,231.071548,554.887329,128218.671875
"6cb85abd-65af-4f56-9f77-312598caf387",0,0,"algal_spot",0.947917,110.761230,156.758728,377.672394,540.424438,266.911163,383.665710,102404.664063
"3b78cae9-7107-4a1b-96ab-78fa36687bc3",0,2,"healthy",0.966460,49.471741,90.244934,605.497620,518.357422,556.025879,428.112488,238041.625000
"9961216a-d736-41e8-a6d3-bca66b3c2f17",0,4,"phoma",0.956382,105.018631,96.964371,575.861328,505.121765,470.842712,408.157410,192177.937500
"d09ea1c6-62c7-4e93-8ac6-5ee1b8a6d6fa",0,3,"miner",0.923943,163.928421,126.380554,541.977783,466.294250,378.049377,339.913696,128504.164063
"55c81717-8ab7-4186-ad41-ccc47d8de097",0,2,"healthy",0.965855,45.266785,107.770721,567.856506,534.504150,522.589722,426.733429,223006.500000
"5c0cc16b-d204-4845-a519-99115af37f72",0,3,"miner",0.960659,106.145157,154.412048,506.173218,517.858643,400.028076,363.446594,145388.843750
"6bb20141-c0e2-49f9-aeea-5d67d471531d",0,1,"brown_eye_spot",0.918287,105.263885,30.542938,505.431702,596.143433,400.167816,565.600464,226335.109375
"ba4d5aa7-2e29-4220-a450-a665d748a5f6",0,3,"miner",0.944496,50.030029,224.963379,578.716797,434.295685,528.686768,209.332306,110671.218750
"c6cc3a1d-a7b1-4a9b-b1ff-2d453556f772",0,3,"miner",0.960474,163.434891,25.272690,533.501831,577.826660,370.066956,552.553955,204481.953125
"d7d78912-777c-4448-b29f-bf8770ad00c1",0,4,"phoma",0.953110,123.487305,114.988312,389.701904,561.507690,266.214600,446.519379,118869.976563
"20d8fec5-4277-42f8-a21f-1a7cf2abde44",0,1,"brown_eye_spot",0.932144,112.121979,82.277405,520.943481,562.021851,408.821503,479.744446,196129.843750
"8a0d1b16-1ed2-4aea-81e1-0c3a058ea875",0,4,"phoma",0.966715,87.473938,81.058868,558.926636,521.525818,471.452698,440.466949,207659.328125
"bf25a077-cbb5-4057-bedb-c6acf61fe3a6",0,3,"miner",0.821948,247.582718,268.654968,639.000000,563.596619,391.417297,294.941650,115445.265625
"619c1977-b624-4876-9f34-30ca54773f3b",0,1,"brown_eye_spot",0.963215,64.038589,122.264633,470.385651,636.378845,406.347046,514.114197,208908.781250
"a5ac32d2-2685-47f1-9e5d-b67f5a487a77",0,4,"phoma",0.939102,36.815186,92.608246,604.370850,499.399475,567.555664,406.791229,230876.671875
"2dd671d1-4426-4e80-8da3-69ba55e8e5ed",0,1,"brown_eye_spot",0.861514,26.670227,129.442871,601.778931,394.579224,575.108704,265.136353,152482.218750
"c8a2727b-f281-450d-bb2a-964ea4312b15",0,3,"miner",0.936304,169.345871,189.458221,489.503723,503.000244,320.157837,313.542023,100382.937500
"0e1ac46f-f781-436b-b2e1-dfb1e792e3c8",0,2,"healthy",0.961648,44.826416,76.519135,574.368652,547.539978,529.542236,471.020844,249425.437500
"aff34989-a506-4f2a-a996-31368db96383",0,1,"brown_eye_spot",0.953089,313.555542,181.988358,609.832642,568.694702,296.277100,386.706360,114572.242188
"aff34989-a506-4f2a-a996-31368db96383",1,1,"brown_eye_spot",0.922149,50.567032,100.228912,438.066040,403.553528,387.499023,303.324615,117537.992188
"35d41d64-e017-4ab5-8b19-0873357b9e8e",0,0,"algal_spot",0.968235,192.263153,97.336166,560.475342,556.281128,368.212189,458.944946,168989.125000
"5e276fc3-fb29-4c86-9c6e-c06b5f61f967",0,1,"brown_eye_spot",0.952136,90.414383,98.001678,491.580109,590.338623,401.165710,492.336945,197508.703125
"6479a737-a0aa-4798-bb6e-d05e1dad8218",0,3,"miner",0.944723,142.809204,72.666733,581.333069,532.342102,438.523865,459.675354,201578.609375
"49a5289a-bb8e-459e-a4f9-9656fa5f37d4",0,3,"miner",0.943761,128.539322,90.129379,442.322296,586.241028,313.782959,496.111633,155671.375000
"5e76e41a-352e-4abd-8149-bb11338cfaeb",0,1,"brown_eye_spot",0.949975,226.558624,6.408386,500.079254,605.212463,273.520630,598.804077,163785.265625
"20c0c2d1-1086-467f-a442-77d89e431e46",0,4,"phoma",0.950093,33.531036,50.569275,536.565613,519.088257,503.034576,468.518982,235681.250000
"c099b121-c4d2-4fb8-98d3-ea50f3d9f41f",0,3,"miner",0.948916,51.662445,164.731262,511.039673,463.678528,459.377228,298.947266,137329.562500
"8c1a4588-8115-430f-807d-d0f8ecc4702a",0,1,"brown_eye_spot",0.936205,32.681152,218.677887,619.526733,468.279083,586.845581,249.601196,146477.359375
"a9d687bd-4e1a-4688-b839-add16e76ec4c",0,1,"brown_eye_spot",0.915141,157.127823,0.000000,367.231781,587.157349,210.103958,587.157349,123364.085938
"7fc12a8b-0163-4067-83bc-d23a138d6fcb",0,0,"algal_spot",0.929524,75.095840,188.037598,539.604797,448.852264,464.508972,260.814667,121150.750000
"2a5fc000-9413-41d9-858c-92de00267b3f",0,1,"brown_eye_spot",0.941576,302.446869,234.431046,537.008057,572.682617,234.561188,338.251587,79340.695313
"2a5fc000-9413-41d9-858c-92de00267b3f",1,1,"brown_eye_spot",0.938600,42.287827,220.860382,292.576996,449.468048,250.289169,228.607666,57218.023438
"95be15f8-4f02-44d1-9c7f-f33ca55589af",0,4,"phoma",0.959628,89.919556,134.058044,562.904114,537.144104,472.984558,403.086060,190653.484375
"2d3d31e5-7d91-4456-914a-49e7d937b728",0,3,"miner",0.943887,0.000000,118.857346,636.406250,451.625854,636.406250,332.768494,211775.953125
"ec613459-6d53-4d9f-9581-67b25668b965",0,0,"algal_spot",0.960351,61.243561,161.496368,606.966736,471.374359,545.723145,309.877991,169107.593750
"4e10d851-42fd-43cf-9511-6958dcaa3f9a",0,1,"brown_eye_spot",0.951244,240.622330,125.427002,580.710815,603.220581,340.088501,477.793579,162492.109375
"33fb3608-45b6-47b3-9fad-153594b24c37",0,2,"healthy",0.917843,245.868683,28.677780,591.294617,538.741821,345.425934,510.064026,176189.343750
"33fb3608-45b6-47b3-9fad-153594b24c37",1,2,"healthy",0.736551,0.000000,2.189346,385.934662,228.040848,385.934662,225.851501,87163.921875
"c2e15a2b-c926-4914-a28a-ca4c37cc67c8",0,0,"algal_spot",0.957906,138.031189,160.410950,628.410706,523.747803,490.379517,363.336853,178172.953125
"17220512-dc8f-4c74-a16c-9550f41f74dc",0,4,"phoma",0.950088,28.636108,86.118744,594.535278,544.794495,565.899170,458.675751,259564.234375
"b255e429-ec27-4b9f-b866-9797dbbbe7a7",0,0,"algal_spot",0.959032,120.656525,226.247803,417.312561,461.436401,296.656036,235.188599,69770.117188
"f8fcbbf9-249f-4a84-ba44-b46ffe033bc8",0,3,"miner",0.953588,118.394394,76.625000,530.997681,514.999756,412.603271,438.374756,180874.859375
"a0212944-f1c4-4098-be49-3cb2c8ccf547",0,4,"phoma",0.937232,97.862350,108.825348,444.860901,578.883057,346.998535,470.057709,163109.343750
"a0212944-f1c4-4098-be49-3cb2c8ccf547",1,4,"phoma",0.364631,403.134521,13.287170,637.520813,547.512939,234.386292,534.225769,125215.195313
"a77438f2-22be-40c2-8a96-df8f33dcf725",0,4,"phoma",0.978921,57.768646,170.615723,606.275330,550.177429,548.506714,379.561707,208192.140625
"534db48a-4ab5-4093-83f9-55a83c0649e1",0,1,"brown_eye_spot",0.965149,137.541763,25.594193,500.412476,584.230347,362.870728,558.636169,202712.718750
"a8354622-06ae-4612-9250-d863c2403e1f",0,1,"brown_eye_spot",0.957275,390.203918,141.465424,598.978516,505.666626,208.774597,364.201202,76035.960938
"a8354622-06ae-4612-9250-d863c2403e1f",1,3,"miner",0.931114,53.887665,101.586884,369.034912,383.405518,315.147247,281.818634,88814.367188
"0d918f9e-307d-4806-9ade-4fe913e1f832",0,3,"miner",0.900442,42.065674,191.982941,571.430420,531.589172,529.364746,339.606232,179775.562500
"b740955f-29df-4c5f-9e67-841450e16602",0,1,"brown_eye_spot",0.913001,188.308777,99.659164,540.085449,469.855499,351.776672,370.196350,130226.437500
"50ff5f82-c674-4fb3-b1e0-911f8d0d853b",0,2,"healthy",0.968708,62.985138,123.999756,637.887451,580.948059,574.902344,456.948303,262700.656250
"29cb0589-0a4d-4874-8ee9-2933f9b82d5b",0,1,"brown_eye_spot",0.949946,143.382401,22.625336,486.090820,613.223022,342.708435,590.597656,202402.796875
"78fedcb6-abac-45b5-a6a6-0fe88d1cf2fb",0,2,"healthy",0.964780,32.760468,90.357178,573.234558,514.357849,540.474121,424.000671,229161.390625
"791a22e1-ecef-49a4-87fb-5c7dd4d332a0",0,0,"algal_spot",0.965864,130.384750,121.578110,498.106750,559.743347,367.721985,438.165222,161122.984375
"0215b32b-60cb-4ee0-99ce-b20750e41884",0,4,"phoma",0.975507,100.506775,140.669540,514.577759,540.787476,414.070984,400.117920,165677.218750
"887791e4-7bd1-45e1-a0cf-964c820db487",0,3,"miner",0.943682,85.088318,133.618225,440.186066,572.626953,355.097748,439.008728,155891.015625
"1d6bb28f-0b21-45e5-8de8-41e2b93704d3",0,2,"healthy",0.947817,175.696289,174.702545,639.000000,492.546844,463.303711,317.844299,147258.437500
"1d6bb28f-0b21-45e5-8de8-41e2b93704d3",1,2,"healthy",0.931333,217.399200,478.300018,580.350952,639.000000,362.951752,160.699982,58326.339844
"1d6bb28f-0b21-45e5-8de8-41e2b93704d3",2,2,"healthy",0.720682,382.137848,0.122467,639.000000,148.133392,256.862152,148.010925,38018.406250
"7c9461b8-7bf1-4334-b2a1-4bad8ade9af5",0,1,"brown_eye_spot",0.741513,23.973450,120.034546,609.571228,520.444458,585.597778,400.409912,234479.156250
"f098309c-09db-4bfd-a510-48ec9190af7e",0,4,"phoma",0.964204,101.932159,115.874695,548.346313,518.805786,446.414154,402.931091,179874.140625
"695668bd-fd56-42c5-b6ea-a0c55a3d95ec",0,1,"brown_eye_spot",0.951303,126.123657,120.799316,503.783813,608.515564,377.660156,487.716248,184191.000000
"021d6552-5364-447a-a96f-28e65e4b6631",0,0,"algal_spot",0.953346,253.014679,134.405731,586.735718,458.460022,333.721039,324.054291,108143.734375
"b3ca2bd4-3e72-4024-815d-6573cb8b1bae",0,3,"miner",0.946134,84.464600,78.581558,408.003265,505.949280,323.538666,427.367737,138269.984375
"7a09c9ab-16e4-4534-810a-c4cce4bb71e5",0,3,"miner",0.956032,173.506866,37.599258,453.287079,639.000000,279.780212,601.400757,168260.031250
"47c7af06-0e42-4531-a679-f967a1e08265",0,3,"miner",0.914797,141.503662,171.348297,487.016754,455.292419,345.513092,283.944122,98106.414063
"ae86043d-ac84-4c19-91c1-c8121d6bbb28",0,3,"miner",0.886491,204.197296,323.486847,557.443970,518.819031,353.246674,195.332184,69000.445313
"239fa5ef-d733-43b7-b3ee-f66a2a91035d",0,2,"healthy",0.977709,46.860413,127.803574,542.332336,510.484131,495.471924,382.680542,189607.468750
"890565a1-ad49-4b1b-86b8-396937fe2cb1",0,3,"miner",0.618476,8.983887,145.589676,581.055664,582.484192,572.071777,436.894531,249935.031250
"69e7fa1e-1082-490a-b361-4df43da4561e",0,3,"miner",0.956936,96.431427,34.584885,516.741455,624.811279,420.310028,590.226379,248078.062500
"2bbdc005-ec7d-4957-9884-76c6e1e4b439",0,2,"healthy",0.949230,56.954834,10.264206,522.319885,635.550415,465.365051,625.286194,290986.343750
"2bbdc005-ec7d-4957-9884-76c6e1e4b439",1,2,"healthy",0.305744,0.333389,4.796234,145.202728,429.165222,144.869339,424.368988,61478.054688
"f38c9995-34c7-4e63-b795-6ced5c6ab9bb",0,1,"brown_eye_spot",0.907151,81.728943,84.553345,566.447205,529.184021,484.718262,444.630676,215520.609375
"4767a0d8-c3c6-4cae-a7b2-596e4ab4b91a",0,3,"miner",0.674866,162.155609,48.399750,494.602173,581.093994,332.446564,532.694214,177092.359375
"97348e08-da03-4dcc-989c-973a8bcde939",0,4,"phoma",0.962186,57.761658,109.860046,566.977661,493.918091,509.216003,384.058044,195568.500000
"02e21d5d-1372-40d1-b150-f5c5dfbe10e2",0,3,"miner",0.946313,96.027954,104.675110,507.570679,474.229248,411.542725,369.554138,152087.312500
"eb4aee2f-35c0-497e-b19d-0549a726baeb",0,3,"miner",0.919992,31.549515,193.159149,472.809814,400.035339,441.260315,206.876190,91286.250000
"eaa112fc-3974-4bdb-966a-d3343d9d00ac",0,3,"miner",0.949006,57.102600,178.629135,636.676941,456.494690,579.574341,277.865540,161043.734375
"29363876-7340-4dc0-ae6d-be968a0b859b",0,4,"phoma",0.925826,62.913391,86.064148,592.873108,528.921753,529.959717,442.857605,234696.687500
"2031a573-73d0-47ae-ba39-81aba842ad3b",0,2,"healthy",0.967515,43.017822,98.053009,605.870972,559.683533,562.853149,461.630524,259830.187500
"43ea2842-fc1a-4e32-9160-faf2249d42b7",0,0,"algal_spot",0.397477,56.301422,131.082550,599.253052,439.490234,542.951660,308.407684,167450.468750
"0dd1366a-f877-4e6a-891b-4131723c7cb2",0,4,"phoma",0.967394,105.474014,153.202606,563.313660,489.952148,457.839661,336.749542,154177.296875
"82dc8dfb-9ef4-48e9-bb89-6d5168300b36",0,4,"phoma",0.974040,107.290939,57.693054,579.205811,545.061462,471.914856,487.368408,229996.390625
"9840a763-b686-4f5f-b5d0-954a8890943e",0,4,"phoma",0.969201,67.677124,78.813171,529.834290,610.534546,462.157166,531.721375,245738.843750
"7bf47605-a31b-4a5b-892c-fa9a981519b9",0,2,"healthy",0.956413,134.143158,36.257401,456.230225,568.604614,322.087067,532.347229,171462.156250
"332a2dac-13d2-4ffc-9fac-34f61ed1cc03",0,2,"healthy",0.945981,63.020020,96.242279,594.718262,566.300720,531.698242,470.058441,249929.250000
"01791b62-1321-430d-9b88-0101dd9bfe1b",0,2,"healthy",0.965261,59.320618,122.000885,585.642761,554.961365,526.322144,432.960480,227876.687500
"82be38ae-ca2a-421a-8af1-9a6944aeb4b1",0,2,"healthy",0.939214,187.968216,69.274445,442.667755,596.648438,254.699539,527.374023,134321.921875
"82be38ae-ca2a-421a-8af1-9a6944aeb4b1",1,2,"healthy",0.645478,379.195557,121.075317,581.537842,539.292664,202.342285,418.217346,84623.054688
"82be38ae-ca2a-421a-8af1-9a6944aeb4b1",2,2,"healthy",0.273813,1.184929,55.030441,219.504517,439.539185,218.319580,384.508728,83945.781250
"2be5ccd4-dcba-4a24-9cf5-2d8ec50a45ee",0,3,"miner",0.960996,8.086121,71.060379,539.830017,543.600525,531.743896,472.540161,251270.343750
"b11370e3-b159-4128-aef4-0f41b8154d1c",0,1,"brown_eye_spot",0.946828,86.041229,217.459396,564.775024,515.526245,478.733795,298.066833,142694.671875
"093f5277-35eb-4a1e-8b80-7c0a1a653645",0,3,"miner",0.902826,104.230118,216.026306,397.694183,542.193298,293.464050,326.166992,95718.289063
"8307b6a5-5c59-42aa-8ee3-932cf58d2abd",0,1,"brown_eye_spot",0.930863,107.308807,85.011551,337.625122,408.611450,230.316315,323.599915,74530.335938
"8307b6a5-5c59-42aa-8ee3-932cf58d2abd",1,1,"brown_eye_spot",0.916618,329.992462,184.422607,603.196716,420.562073,273.204254,236.139465,64514.304688
"f0c34192-a203-4573-9b4a-8212b5ff75a7",0,2,"healthy",0.962331,149.782410,95.385254,429.010437,637.140625,279.228027,541.755371,151273.281250
"f0c34192-a203-4573-9b4a-8212b5ff75a7",1,2,"healthy",0.858016,371.491272,75.668610,581.317139,565.699219,209.825867,490.030609,102821.093750
"c2109ca1-50d8-4442-ae83-1f74e27fb8ef",0,1,"brown_eye_spot",0.941566,34.372131,148.015137,576.275146,435.758301,541.903015,287.743164,155928.890625
"25cf861a-ae07-4bf2-b286-f4740faac3e5",0,1,"brown_eye_spot",0.956803,130.216110,79.862076,528.774902,488.956390,398.558777,409.094299,163048.125000
"92b56a2b-6a1a-4c91-bece-69cbee7b8aa3",0,3,"miner",0.943678,240.170837,75.953186,501.160583,563.444824,260.989746,487.491638,127230.320313
"19c098b6-5c46-4b0f-9efe-b3a71543dd76",0,2,"healthy",0.971734,55.542053,5.450623,487.897705,581.530518,432.355652,576.079895,249071.406250
"19c098b6-5c46-4b0f-9efe-b3a71543dd76",1,2,"healthy",0.395027,360.167206,0.445465,639.000000,280.878174,278.832794,280.432709,78193.835938
"c75d868c-1697-47ae-bc89-0321acb59c4c",0,0,"algal_spot",0.947316,13.611465,247.443207,338.943451,410.211365,325.331970,162.768158,52953.683594
"c75d868c-1697-47ae-bc89-0321acb59c4c",1,0,"algal_spot",0.927926,356.239075,213.728760,590.382263,451.984467,234.143188,238.255707,55785.949219
"c75d868c-1697-47ae-bc89-0321acb59c4c",2,0,"algal_spot",0.848312,0.206810,478.668640,155.156097,639.000000,154.949280,160.331360,24843.228516
"0824bb30-68a1-4a2b-b170-2a3a556283ef",0,0,"algal_spot",0.942886,146.733307,7.561646,493.898865,462.843597,347.165558,455.281952,158058.218750
"b549971f-f05b-4710-9152-4b58e9ae96e4",0,3,"miner",0.943268,213.506210,91.603653,443.195587,537.043213,229.689377,445.439575,102312.742188
"bc65840f-edb6-43e9-9651-e16db41a7527",0,2,"healthy",0.966308,120.673920,18.535629,529.907776,634.764404,409.233856,616.228760,252181.671875
"bc65840f-edb6-43e9-9651-e16db41a7527",1,2,"healthy",0.481860,6.130501,8.838959,222.596222,359.325806,216.465729,350.486847,75868.390625
"fe160162-6d88-4a20-9740-d905f6787f4c",0,3,"miner",0.936304,169.345871,189.458221,489.503723,503.000244,320.157837,313.542023,100382.937500
"ebc53a37-1f7a-4241-9e60-8adc93152da2",0,5,"powdery_mildew",0.970832,76.174515,6.787979,482.209717,254.272430,406.035217,247.484451,100487.406250
"ebc53a37-1f7a-4241-9e60-8adc93152da2",1,5,"powdery_mildew",0.825431,56.763092,271.860168,639.000000,442.651184,582.236938,170.791016,99440.835938
"101838be-1154-4a09-bfbb-b3283cae5687",0,1,"brown_eye_spot",0.948272,115.502380,58.694443,510.124268,576.000854,394.621887,517.306396,204140.421875
"d21e973b-590f-4b97-a3a5-f3a22b7fd6d8",0,3,"miner",0.948793,99.897385,186.130249,484.317413,449.704285,384.420044,263.574036,101323.140625
"a801a23f-db58-4818-bb88-243c8879db99",0,2,"healthy",0.937625,6.124939,86.860931,601.492065,582.467346,595.367126,495.606415,295067.781250
"8782ee0f-1dfa-4650-9c2e-2e0d4bef3b4b",0,0,"algal_spot",0.950218,25.941711,159.068024,605.607483,465.233215,579.665771,306.165192,177473.484375
"15650339-534b-41e2-bce8-fb1f525aaebd",0,1,"brown_eye_spot",0.651143,81.354309,203.011505,602.492737,432.282715,521.138428,229.271210,119482.039063
"c6de0ae6-aa78-419e-8499-7d8d7a91fac8",0,4,"phoma",0.966387,144.431961,111.943481,543.627441,519.760986,399.195496,407.817505,162798.906250
"6663fcbd-c5ae-4750-bb1b-440b915da4d3",0,4,"phoma",0.961642,64.217194,131.026337,575.470215,537.569519,511.253021,406.543182,207846.437500
"65994dfb-e1cb-4a46-a02e-95adda3d4ad5",0,4,"phoma",0.964205,153.774048,111.049835,563.568726,509.875427,409.794678,398.825592,163436.609375
"d4222a6a-df42-46b0-bcf2-fa568df1404a",0,2,"healthy",0.929696,82.906845,117.053314,566.720947,529.663940,483.814087,412.610626,199626.828125
"2746330e-1943-4c31-b4af-443b11f2b539",0,1,"brown_eye_spot",0.959483,177.701767,76.805786,457.805359,536.130737,280.103577,459.324951,128658.562500
"61f902bc-d0ac-4f2e-ba45-1821d513226e",0,5,"powdery_mildew",0.958188,145.873566,45.862198,451.446716,574.386841,305.573151,528.524658,161502.937500
"80b08e67-b12a-4321-9a54-b63b2b327013",0,4,"phoma",0.953110,123.487305,114.988312,389.701904,561.507690,266.214600,446.519379,118869.976563
"6535ed33-4099-45a1-acfb-6e78d4eed29b",0,2,"healthy",0.959419,93.837555,135.044586,587.013611,518.638000,493.176056,383.593414,189179.093750
"0de41519-29b7-4359-a03d-5bafd7d651fb",0,1,"brown_eye_spot",0.953351,149.112259,185.108124,445.189911,526.817566,296.077637,341.709442,101172.523438
"2b2d1ea1-537b-4056-b2c7-ae75b81959ad",0,1,"brown_eye_spot",0.920370,246.332550,41.485779,495.283875,622.480835,248.951324,580.995056,144639.484375
"3c3a68cc-cc9c-4445-b114-bd08f9b8c45a",0,0,"algal_spot",0.964214,103.868805,89.868744,416.119934,553.090393,312.251129,463.221649,144641.484375
"6111dc56-2c36-4f5c-b6ee-2d716eb831f8",0,0,"algal_spot",0.965340,42.463257,171.422882,595.629944,526.279480,553.166687,354.856598,196294.843750
"cde0b77a-043f-43b2-b6ab-b1a08c16c244",0,4,"phoma",0.970779,68.246033,136.638809,596.784241,514.636719,528.538208,377.997925,199786.343750
"7a40b94f-30ad-4900-8b54-00ed5b15b78d",0,3,"miner",0.941596,111.682968,37.512573,476.493774,593.697693,364.810791,556.185120,202902.328125
"9eaa8497-9c52-48ef-b792-3ec9be22dfbb",0,3,"miner",0.932415,174.203232,137.179108,492.411926,452.708923,318.208679,315.529816,100404.328125
"b5a77ddd-e652-45bf-8c60-f903965cd50e",0,4,"phoma",0.968056,52.103180,39.184174,571.422791,510.058319,519.319580,470.874146,244534.156250
"bd6a32d4-aa3c-4389-8a7b-29d3499e5104",0,4,"phoma",0.968706,85.420303,95.533966,582.936646,529.805908,497.516357,434.271942,216057.390625
"0e39e7e1-a1e6-49b8-89ec-5aba499b21ff",0,3,"miner",0.961411,170.270569,125.824310,474.030182,531.211609,303.759613,405.387299,123140.289063
"690db992-2ba8-4aaf-afaa-38715517e10f",0,3,"miner",0.947829,107.547363,83.987152,599.202209,494.237091,491.654846,410.249939,201701.375000
"97a4fbf0-11c4-4d45-b944-1427f9006e20",0,4,"phoma",0.956741,70.579269,71.041611,514.950439,628.830322,444.371155,557.788696,247865.203125
"346f4ccf-2b6d-4859-9b0a-b12dd65e9c9f",0,4,"phoma",0.968508,104.637878,98.344482,555.117676,538.173950,450.479797,439.829468,198134.296875
"15b1c0e6-0b8d-4825-b81b-00c73c6ece45",0,0,"algal_spot",0.958884,136.315582,189.636139,478.735931,551.337708,342.420349,361.701569,123853.976563
"15b1c0e6-0b8d-4825-b81b-00c73c6ece45",1,4,"phoma",0.353666,531.989685,0.000000,639.000000,145.318176,107.010315,145.318176,15550.543945
"6ea05a8f-7a91-4660-acb7-ce24a74d9d9e",0,1,"brown_eye_spot",0.908079,152.338623,113.515442,315.288147,557.767639,162.949524,444.252197,72390.687500
"6ea05a8f-7a91-4660-acb7-ce24a74d9d9e",1,1,"brown_eye_spot",0.882783,299.880890,81.165283,537.731934,350.274231,237.851044,269.108948,64007.843750
"ea1991b9-90a5-49d6-a040-d34f60b954e2",0,1,"brown_eye_spot",0.956068,104.063110,93.275513,545.623962,444.730469,441.560852,351.454956,155188.750000
"7384d685-c3d5-48e6-8f42-23a80b43a4e0",0,3,"miner",0.953102,199.216492,46.979874,476.603363,574.876099,277.386871,527.896240,146431.484375
"985bb756-f184-456b-8c28-4783d847f593",0,4,"phoma",0.961050,37.510162,137.335007,602.179871,520.594177,564.669678,383.259155,216414.828125
"51b0ffb9-2d4e-40e0-8d9b-e5533b1ce5d5",0,1,"brown_eye_spot",0.940758,101.625244,146.883087,604.388184,529.779480,502.762939,382.896393,192506.109375
"80142c6b-73b4-4c28-b1a0-815ed916058c",0,3,"miner",0.939782,50.742188,227.152206,634.503357,504.316040,583.761169,277.163818,161797.468750
"3060d2f4-9299-497b-a191-dc6f59d234ff",0,3,"miner",0.940843,147.993408,36.397125,471.736298,554.775269,323.742889,518.378174,167821.250000
"3a20dab9-5542-41e0-a2b2-a9891e8a0ab8",0,0,"algal_spot",0.965121,85.951904,224.311874,460.540771,489.369202,374.588867,265.057312,99287.515625
"957497e5-6ec4-471e-ae5f-ffee96a41c58",0,1,"brown_eye_spot",0.819207,145.236023,176.279510,461.356750,633.479004,316.120728,457.199493,144530.234375
"261bdb3b-be6e-45d0-a65e-eacf3f726953",0,1,"brown_eye_spot",0.952576,184.792938,119.649353,414.543304,526.919189,229.750366,407.269836,93570.390625
"d24fa28a-bba9-43a2-b086-786ee06eab51",0,1,"brown_eye_spot",0.957438,131.218323,122.111160,422.788208,618.058289,291.569885,495.947144,144603.250000
"e0a2f360-f0cb-4a53-bd6c-c4f5c7511711",0,3,"miner",0.956405,100.039536,131.794525,499.820770,534.950378,399.781250,403.155853,161174.156250
"fbd12345-ebb8-4efa-b1aa-d69e394dfd52",0,1,"brown_eye_spot",0.959650,219.709167,112.978241,596.270752,529.255432,376.561584,416.277191,156754.000000
"a80ff504-9375-4c56-8ea4-042f9ac8c6fe",0,1,"brown_eye_spot",0.916680,19.379395,218.065811,608.702271,466.912811,589.322876,248.847000,146651.234375
"b7432af7-ea6c-4075-b0a6-b8a997c3471f",0,1,"brown_eye_spot",0.950073,182.058350,110.620575,484.706970,537.408875,302.648621,426.788300,129166.890625
"d298db2e-1b4e-4996-b4c1-08fb8a3fd727",0,3,"miner",0.947489,99.390823,243.928833,512.128784,494.216370,412.737976,250.287537,103303.171875
"983fa166-4a9e-422f-912f-75036db62fd1",0,4,"phoma",0.955920,31.704834,108.785507,579.092773,504.887573,547.387939,396.102051,216821.484375
"f8cbcf10-ad9e-4d7a-8b5a-f83175366e14",0,1,"brown_eye_spot",0.941615,172.753937,100.157745,476.698181,469.335205,303.944244,369.177460,112209.367188
"3fd3c625-5523-4aba-97d8-11690475ed77",0,4,"phoma",0.951159,65.966736,126.721512,556.564941,550.235779,490.598206,423.514282,207775.343750
"2a5d2631-3cc3-4b39-8445-e8398664b0e4",0,4,"phoma",0.968382,35.075684,138.277466,616.016846,568.571472,580.941162,430.294006,249975.500000
"b6bdbf7d-a2c5-4692-804e-94f9ef3e1eac",0,0,"algal_spot",0.972600,80.357452,83.769043,446.966370,545.010498,366.608917,461.241455,169095.234375
"1b9ddd4e-e8f0-480e-89b1-e7946518eff4",0,0,"algal_spot",0.728535,40.665131,138.452118,331.093842,413.096832,290.428711,274.644714,79764.710938
"b8c29b6b-cff3-417f-8558-e383d65df229",0,0,"algal_spot",0.955314,204.962021,47.801941,581.266235,503.943176,376.304199,456.141235,171647.859375
"6cc1416a-3da9-4c42-b317-2f6eac94f486",0,2,"healthy",0.959036,25.243896,69.097229,620.106140,545.705627,594.862244,476.608398,283516.343750
"69fc1283-59ca-40d2-a488-2fe86269f7a5",0,0,"algal_spot",0.778167,171.164429,193.948257,525.707581,484.389313,354.543152,290.441040,102973.882813
"69fc1283-59ca-40d2-a488-2fe86269f7a5",1,0,"algal_spot",0.756036,313.170959,0.161583,639.000000,145.054718,325.829041,144.893127,47210.390625
"b86db117-73e5-48b9-84ea-8c5a122bfda2",0,4,"phoma",0.959675,78.894836,58.581512,562.899597,563.464233,484.004761,504.882721,244365.640625
"2d5dcada-4c34-4dff-9812-4a944306a79e",0,1,"brown_eye_spot",0.951705,85.795288,119.780487,474.114502,509.485596,388.319214,389.705109,151329.984375
"e919f5e6-d723-4c82-9d95-81a7aaa908f0",0,0,"algal_spot",0.963096,87.758331,164.148605,454.808990,483.555817,367.050659,319.407227,117238.632813
"a8d65727-e205-4c2b-99db-76a781c98145",0,1,"brown_eye_spot",0.923686,176.862411,217.827316,588.313599,499.487885,411.451172,281.660583,115889.578125
"b46dd2ad-1733-4880-b4ba-c33635a2da79",0,4,"phoma",0.966329,54.062683,144.983856,583.061035,536.665649,528.998352,391.681793,207199.015625
"748bcb0a-7fa7-4387-bf76-4625590bcbd5",0,2,"healthy",0.628471,28.161194,36.622375,421.254761,639.000000,393.093567,602.377625,236790.765625
"7a50abe5-97e8-4116-9322-afaaa76163dd",0,4,"phoma",0.951027,131.280426,94.169189,520.806641,563.047180,389.526215,468.877991,182640.265625
"5309de6e-c6ba-4b53-afbf-b1c71778e367",0,1,"brown_eye_spot",0.948008,144.383499,6.600449,567.539246,637.785339,423.155762,631.184875,267089.531250
"c9c587da-40de-4856-a512-94c4d4873e98",0,3,"miner",0.936053,10.659851,268.260620,562.193848,531.573364,551.533997,263.312744,145225.937500
"87767091-2cbc-4721-9aaa-2d9fb35b1b95",0,2,"healthy",0.804999,95.020706,127.554138,582.309326,541.267822,487.288635,413.713684,201597.968750
"f726b6bf-9968-4d8d-bfe4-9cd906b56bda",0,2,"healthy",0.917794,95.763855,59.237213,504.470215,610.954712,408.706360,551.717529,225490.468750
"b1ade1c3-be93-42a1-bbe8-db5e0d75c87e",0,1,"brown_eye_spot",0.946710,52.788177,128.147125,606.635742,628.580017,553.847534,500.432892,277163.531250
"bd904e48-cca4-4241-a65e-4877652be4f5",0,0,"algal_spot",0.952774,24.035400,233.478577,529.222046,497.596375,505.186646,264.117798,133428.781250
"9fe1ab55-ba17-4dc8-938e-e935ec622730",0,0,"algal_spot",0.910184,47.991455,72.798447,570.516968,592.227844,522.525513,519.429382,271415.093750
"6759381b-e9b9-4466-867d-7cb50204fbdd",0,0,"algal_spot",0.925294,29.745544,147.997650,594.135071,440.601166,564.389526,292.603516,165142.359375
"d35cb14e-7cc7-491c-b80b-2291baf9c5a7",0,1,"brown_eye_spot",0.949231,176.861725,99.990631,531.505249,595.361572,354.643524,495.370941,175680.093750
"a2d4977a-747f-4397-b7d1-4d825372439d",0,1,"brown_eye_spot",0.673115,218.086029,86.175995,520.525879,561.140686,302.439850,474.964691,143648.250000
"a2d4977a-747f-4397-b7d1-4d825372439d",1,0,"algal_spot",0.326641,218.086029,86.175995,520.525879,561.140686,302.439850,474.964691,143648.250000
"fdc1dbba-cc10-4cef-926e-39d93af9158a",0,1,"brown_eye_spot",0.954055,98.441910,101.988251,511.382599,509.839020,412.940674,407.850769,168418.171875
"89ace801-5385-43aa-9f70-900ac7f4947d",0,3,"miner",0.949380,96.507721,123.271332,632.951538,376.139740,536.443848,252.868408,135649.703125
"42d7bde7-46a9-43d8-bcab-4ce0d05bf425",0,2,"healthy",0.965962,157.326355,14.715042,522.473694,639.000000,365.147339,624.284973,227956.000000
"4af17c72-3e51-49a5-9a9b-24579aad0593",0,3,"miner",0.946623,17.401123,221.761475,576.814941,459.914612,559.413818,238.153137,133226.156250
"99c63e8e-a9d2-49e7-896f-6d778ff9fa3e",0,5,"powdery_mildew",0.943921,186.479630,61.523071,541.576172,562.746338,355.096558,501.223267,177982.656250
"d8901a87-e7e0-4d6b-8b6a-ac52b8644378",0,4,"phoma",0.964566,73.942688,153.945862,582.334473,519.936890,508.391785,365.991028,186066.828125
"e8e43de0-7ac1-43b2-91ca-22b8b9bb09b7",0,1,"brown_eye_spot",0.624516,58.319458,175.359406,618.574158,492.386993,560.254700,317.027588,177616.203125
"e8e43de0-7ac1-43b2-91ca-22b8b9bb09b7",1,0,"algal_spot",0.292687,58.319458,175.359406,618.574158,492.386993,560.254700,317.027588,177616.203125
"94de30ed-f4a8-4a4f-9d87-ae3d522965d8",0,3,"miner",0.932050,148.153290,85.832306,560.913879,543.207275,412.760590,457.374969,188786.359375
"da5569f5-a7ac-419c-b595-e8721cca1bb3",0,3,"miner",0.926869,254.014923,125.573029,445.261597,558.496948,191.246674,432.923920,82795.257813
"0514f722-c0e0-4a73-bcfc-ea07a01643bc",0,1,"brown_eye_spot",0.955330,164.994873,6.720734,588.629028,639.000000,423.634155,632.279297,267855.093750
"29a46a9c-ecb8-4f46-a572-9e20ca85a9ec",0,0,"algal_spot",0.861719,119.966690,84.011444,505.451599,494.162903,385.484924,410.151459,158107.203125
"bdb63291-e5e6-4319-9efe-5a5c7a290fea",0,5,"powdery_mildew",0.932694,64.080261,80.194153,603.726624,451.379639,539.646362,371.185486,200308.890625
"bdb63291-e5e6-4319-9efe-5a5c7a290fea",1,5,"powdery_mildew",0.818181,124.565109,532.422913,581.938232,639.000000,457.373108,106.577087,48745.492188
"ab281a33-3b0a-4e71-bcf7-eef46db659a0",0,0,"algal_spot",0.953709,128.215851,133.287109,571.129822,543.270935,442.913971,409.983826,181587.562500
"d03a068e-fb9c-45cd-9a35-559791d5a2e1",0,4,"phoma",0.950018,35.766296,93.682922,612.440796,503.119080,576.674500,409.436157,236111.390625
"2ebf3047-2b91-465e-ab03-3c406494b205",0,0,"algal_spot",0.969762,274.640503,103.535461,538.390320,404.301636,263.749817,300.766174,79327.023438
"e27a52fd-4cb5-4e29-a3e3-7c45af067515",0,0,"algal_spot",0.959996,134.542725,144.138031,483.080231,480.584900,348.537506,336.446869,117264.351563
"e27a52fd-4cb5-4e29-a3e3-7c45af067515",1,4,"phoma",0.427934,321.412781,491.737366,639.000000,638.551636,317.587219,146.814270,46626.335938
"03af4c3a-c5e9-41a9-9d70-f87fb6c26485",0,2,"healthy",0.956819,127.785400,18.175110,504.035583,639.000000,376.250183,620.824890,233585.484375
"03af4c3a-c5e9-41a9-9d70-f87fb6c26485",1,2,"healthy",0.507407,375.906555,0.000000,639.000000,485.012817,263.093445,485.012817,127603.695313
"07a6a725-1db4-41b8-8438-2dc915b121b1",0,1,"brown_eye_spot",0.971113,88.448822,108.652374,525.899841,557.978455,437.451019,449.326080,196558.156250
"44a4bdcf-a5ab-49ce-9a14-c00e282d61df",0,2,"healthy",0.966512,43.662567,100.613144,589.542664,550.728333,545.880127,450.115173,245708.921875
"b0d5e4f3-3ba6-49de-8dce-03f42b442411",0,3,"miner",0.954283,110.001740,110.001038,487.097076,619.875732,377.095337,509.874695,192271.375000
"495cdb97-ce1c-4673-a5cb-27043681c691",0,1,"brown_eye_spot",0.962115,39.286743,208.967819,557.561584,437.113647,518.274841,228.145828,118242.242188
"1d18fbe9-d4b3-4454-bb18-4e28994c3127",0,2,"healthy",0.966201,21.735992,114.870087,634.418701,557.098145,612.682739,442.228058,270945.500000
"0d342637-7666-4fd9-8a8c-0bcf54a7e9d4",0,1,"brown_eye_spot",0.971235,236.600647,58.259842,544.517212,532.947998,307.916565,474.688171,146164.343750
"611e4b90-c29d-4917-a385-ced02447cec2",0,1,"brown_eye_spot",0.962095,107.039673,34.230347,572.086487,569.526978,465.046814,535.296631,248938.000000
"87f8cb52-3cc6-4751-b91e-cd3de1573997",0,3,"miner",0.935892,33.155151,172.890381,523.061768,387.755219,489.906616,214.864838,105263.703125
"2fdd4d6b-1989-43d9-8365-25f58ba6f97b",0,2,"healthy",0.964653,64.623917,117.751343,570.311707,519.818176,505.687805,402.066833,203320.296875
"5f43f62d-393d-413d-ad8f-be69c94e32c0",0,1,"brown_eye_spot",0.957794,138.702438,126.428589,501.569580,504.684021,362.867126,378.255432,137256.468750
"1f217a5d-80fc-49bd-b791-18f3e7bf2ef5",0,1,"brown_eye_spot",0.951761,44.878006,156.093323,530.599731,367.293213,485.721741,211.199890,102584.375000
"1f217a5d-80fc-49bd-b791-18f3e7bf2ef5",1,1,"brown_eye_spot",0.947576,120.373154,334.502014,505.787170,593.151001,385.414001,258.648987,99686.937500
"f1b5b2d8-ef97-4a80-b86c-9f3affd99129",0,5,"powdery_mildew",0.972291,212.381638,62.971283,567.967041,592.182007,355.585388,529.210693,188179.593750
"5503b360-346f-4887-98ae-5189dbd51c63",0,3,"miner",0.960510,127.069077,50.377777,537.842957,568.358032,410.773865,517.980225,212772.734375
"b52b6da9-7229-4b3c-8baa-3b61e57ed2fd",0,3,"miner",0.933560,64.325836,130.357330,630.932312,414.212219,566.606445,283.854889,160834.015625
"a0905661-089a-43fc-b125-7f5fee38d73d",0,4,"phoma",0.970684,33.467804,113.243393,585.953796,508.865601,552.485962,395.622192,218575.703125
"8a315415-1709-4a93-a97a-bbb970c002c8",0,1,"brown_eye_spot",0.956331,90.149811,129.400345,385.306213,508.615417,295.156403,379.215088,111927.757813
"b428c1fb-dc1d-45f7-9ca4-71ceb32a1115",0,2,"healthy",0.966167,43.726532,122.554749,602.204102,526.596130,558.477539,404.041382,225648.031250
"818b9537-2303-4b24-a183-ac98d67ae36d",0,2,"healthy",0.966442,37.574020,12.823761,481.067200,635.379028,443.493164,622.555298,276099.031250
"dcb7103c-4106-46a0-a043-442a4082e2f4",0,2,"healthy",0.949488,162.432251,49.561249,490.788727,624.943665,328.356476,575.382446,188930.546875
"dcb7103c-4106-46a0-a043-442a4082e2f4",1,1,"brown_eye_spot",0.784451,0.453506,37.961243,221.195908,632.183228,220.742401,594.221985,131169.984375
"fffc55bc-5379-400a-a4a7-80285317f61b",0,4,"phoma",0.960304,55.723389,136.290375,638.471008,464.941010,582.747620,328.650635,191520.375000
"a1175413-65d0-401a-ad5f-854710dacd17",0,4,"phoma",0.961763,113.442383,119.407913,576.712036,546.298462,463.269653,426.890564,197765.437500
"16b43434-406f-4b7c-842c-f3d9afa83514",0,3,"miner",0.921247,226.446930,102.416046,453.565887,418.207703,227.118958,315.791656,71722.273438
"fced3a87-db82-4f9d-927d-338d847297e7",0,2,"healthy",0.963333,45.901794,65.606979,639.000000,565.747070,593.098206,500.140076,296632.187500
"fced3a87-db82-4f9d-927d-338d847297e7",1,2,"healthy",0.442044,221.621246,0.000000,475.265015,100.114197,253.643768,100.114197,25393.341797
"4024b43c-7659-405e-b503-268837547741",0,3,"miner",0.934300,73.120468,77.092148,498.177124,484.913391,425.056641,407.821228,173347.125000
"3e684423-8312-4786-a8eb-2be59e9e65a0",0,3,"miner",0.924266,51.479126,186.085556,567.159180,436.908356,515.680054,250.822800,129344.312500
"8dbd8ead-1fec-486e-8730-0436bf8f2435",0,4,"phoma",0.963743,94.795761,163.689697,560.958984,530.119751,466.163208,366.430054,170816.203125
"a9c28cae-d821-4f54-a0a6-55556e0affd8",0,1,"brown_eye_spot",0.960669,41.582275,11.677734,485.203827,626.031738,443.621552,614.354004,272540.687500
"45fb6cd1-afe3-4d7f-a2f0-33b43219ebb8",0,1,"brown_eye_spot",0.969272,125.691879,100.485626,486.839478,591.163452,361.147583,490.677826,177207.109375
"d4d4c527-bfc2-479c-bd75-6831db839f06",0,4,"phoma",0.969996,18.683838,47.931671,487.200592,608.290588,468.516754,560.358887,262537.531250
"6251969a-f982-4c2c-8607-2087d52a8d2d",0,4,"phoma",0.978735,81.026474,156.845032,569.432617,513.413757,488.406128,356.568726,174150.343750
"9c73f5a5-2a7c-4b62-bddd-8bf18a60323d",0,2,"healthy",0.743017,81.466934,118.310074,616.643005,547.630310,535.176086,429.320251,229761.937500
"223b26cc-3f8b-4ece-a54c-868cd0221b24",0,0,"algal_spot",0.962919,138.201263,77.535858,521.004028,577.885498,382.802765,500.349640,191535.218750
"4a08c511-6b44-4d39-a156-1e34058197c0",0,3,"miner",0.957133,181.996964,66.674072,510.752319,495.547791,328.755371,428.873718,140994.531250
"1d96803d-e333-4b81-a766-433fa7869cc3",0,3,"miner",0.964684,155.631531,105.512711,403.229706,559.493042,247.598175,453.980347,112404.703125
"658d5770-d83e-468b-b370-17442825fe4f",0,1,"brown_eye_spot",0.946159,106.860748,179.115356,543.209412,546.115723,436.348663,367.000366,160140.125000
"a1d2b1c8-4f72-4fd9-acab-9aa7c220f6f5",0,0,"algal_spot",0.950235,32.323898,180.453995,546.179138,443.660706,513.855225,263.206726,135250.156250
"e204e3ee-4146-4fc9-b5ef-35a040a4103c",0,3,"miner",0.961380,166.138367,82.855072,494.651367,603.647888,328.513000,520.792847,171087.218750
"d2f609c6-c412-45b1-a491-518743241c5c",0,0,"algal_spot",0.878163,110.553268,155.895172,416.557495,452.341003,306.004211,296.445831,90713.671875
"f1551a7a-9692-427c-9ddb-2dae4100b6a9",0,3,"miner",0.918055,258.638184,170.936630,522.508484,438.683533,263.870300,267.746887,70650.453125
"b3ab3bbd-241c-4246-abb5-b98d9dac9faf",0,2,"healthy",0.865795,191.072250,36.660278,503.092438,601.967651,312.020203,565.307373,176387.328125
"9ead5f1f-cb15-4d28-a6c4-d45c2788bb40",0,1,"brown_eye_spot",0.954874,95.191345,61.649780,473.388489,605.989868,378.197144,544.340088,205867.859375
"1dc39d5e-6c37-48ec-b4c9-6fbe421a3734",0,4,"phoma",0.427260,158.285263,71.983490,540.356750,589.139160,382.071472,517.155640,197590.421875
"1dc39d5e-6c37-48ec-b4c9-6fbe421a3734",1,1,"brown_eye_spot",0.385216,158.285263,71.983490,540.356750,589.139160,382.071472,517.155640,197590.421875
"1a6ecea1-322a-4e7b-ab93-3b6836f28edc",0,2,"healthy",0.969151,2.629059,56.844910,618.632813,545.382935,616.003784,488.538025,300941.281250
"e89079fb-fb57-499b-acf8-f4180fc5e7e9",0,4,"phoma",0.962270,72.699951,171.847107,581.498047,512.073181,508.798096,340.226074,173106.375000
"c7785ef8-0ad3-4ad1-ad80-93959bb27da4",0,0,"algal_spot",0.951026,109.887070,176.231140,540.532532,522.833801,430.645447,346.602661,149262.859375
"dd8e00a9-af11-4365-a354-193bcd2d5a6d",0,0,"algal_spot",0.948459,80.152649,171.830750,614.880249,450.680206,534.727600,278.849457,149108.500000
"c4a3eb21-500b-4d40-8746-05cd11e8900a",0,4,"phoma",0.938395,25.264557,161.882996,632.234009,522.046021,606.969482,360.163025,218607.968750
"5a64b751-f32c-46e3-bdeb-95377b818d99",0,4,"phoma",0.965563,104.231644,113.696365,505.615356,479.222900,401.383728,365.526550,146716.406250
"32376790-f381-4ae3-a8e9-5381c746fbdc",0,3,"miner",0.964581,146.034744,0.000000,520.914490,554.753235,374.879761,554.753235,207965.765625
"132a518c-6fd3-445f-b30b-61923891c6ed",0,4,"phoma",0.966375,77.755630,165.721588,541.754578,529.679077,463.998962,363.957489,168875.890625
"0d6892fe-5b3f-4d90-8589-6b823f29bf05",0,4,"phoma",0.969001,89.632584,94.766098,584.347107,528.754639,494.714539,433.988525,214700.437500
"34a1dc56-baaf-4d63-9b37-8cc6a9d2a87f",0,4,"phoma",0.969365,66.711151,80.200928,530.002563,609.324951,463.291412,529.124023,245138.609375
"6e2a411f-9f9b-41d7-9dbe-ef984c500216",0,4,"phoma",0.977565,70.766663,130.673492,599.939819,518.715698,529.173157,388.042206,205341.515625
"fe26c079-a5ce-4569-97f2-b0adafd1db6b",0,0,"algal_spot",0.962065,182.824448,92.507324,532.616943,489.644165,349.792480,397.136841,138915.484375
"ea1d5670-bc8f-4343-81fc-828e9b624dab",0,2,"healthy",0.951267,17.596863,108.685532,588.442810,523.163452,570.845947,414.477905,236603.031250
"178e377c-e529-4516-b59a-f73e796d5d2b",0,2,"healthy",0.962336,229.730865,27.576050,610.527954,620.685303,380.797089,593.109253,225854.281250
"178e377c-e529-4516-b59a-f73e796d5d2b",1,2,"healthy",0.939801,1.434937,88.322113,245.544006,592.833740,244.109070,504.511627,123155.867188
"178e377c-e529-4516-b59a-f73e796d5d2b",2,2,"healthy",0.719249,357.435547,0.000000,551.136169,155.045273,193.700623,155.045273,30032.365234
"178e377c-e529-4516-b59a-f73e796d5d2b",3,2,"healthy",0.258991,502.314270,1.596924,639.000000,414.333252,136.685730,412.736328,56415.167969
"895b20b0-1694-4b01-b0f8-a8acb9c06320",0,1,"brown_eye_spot",0.955679,71.464661,221.115021,639.000000,436.256042,567.535339,215.141022,122100.132813
"8aabb087-d548-44e2-befc-eb49beb8cd78",0,4,"phoma",0.973244,70.333801,129.115173,575.864685,497.322876,505.530884,368.207703,186140.359375
"7ea915f7-ab0d-4bb9-ba3a-b4f50dbee3d7",0,1,"brown_eye_spot",0.972674,14.105804,210.571762,608.180481,500.713715,594.074707,290.141968,172366.000000
"9096ef23-acbf-4d7b-a139-fb2c99b6e2c3",0,5,"powdery_mildew",0.962601,104.529694,85.257919,531.668579,576.815857,427.138885,491.557922,209963.500000
"169b21f2-4630-42e9-898f-c4b01c84ea7f",0,0,"algal_spot",0.949026,19.895935,177.096848,501.630371,381.013367,481.734436,203.916519,98233.609375
"3f9dafe3-95b7-402d-9cc1-28a376e4310c",0,3,"miner",0.962077,142.955658,44.400574,548.281738,534.685791,405.326080,490.285217,198725.390625
"163e29f8-9958-492c-bae3-319575a06a7d",0,0,"algal_spot",0.959514,69.490051,188.288086,577.296204,424.628967,507.806152,236.340881,120015.351563
"acc39f05-31ab-44e1-bb21-65ec8020e77f",0,3,"miner",0.962506,143.692093,146.901901,473.146576,586.569336,329.454468,439.667419,144850.390625
"6b86a821-8cab-449c-8f4b-0cf69cb6accd",0,0,"algal_spot",0.952725,90.506241,118.754028,469.014557,588.124023,378.508301,469.369995,177660.437500
"3ea329c3-62e7-4b04-ac64-1299a19c2764",0,4,"phoma",0.967884,76.506653,113.352234,585.295532,504.623718,508.788879,391.271484,199074.578125
"ac7b1000-757d-422e-8b01-60f7d35eeade",0,4,"phoma",0.966283,155.036880,124.198196,522.366699,510.046692,367.329834,385.848511,141733.671875
"e4c4aae2-87bc-4072-8803-978c9526a2aa",0,1,"brown_eye_spot",0.957780,123.830719,98.246796,459.388855,560.890259,335.558136,462.643463,155243.781250
"d51779a1-3b05-4b69-a20e-8765bbea51c4",0,1,"brown_eye_spot",0.963245,136.697418,214.249969,471.817169,523.038940,335.119751,308.788971,103481.281250
"78ce4ba7-f4ad-4387-9918-44f4034ac212",0,0,"algal_spot",0.943163,97.630295,222.766357,519.222534,451.499878,421.592224,228.733521,96432.273438
"3c58ba93-93c4-44f3-9d0b-dd1a21bda562",0,3,"miner",0.962204,123.386093,55.259369,484.474121,547.494324,361.088013,492.234955,177740.140625
"3e783f1b-9403-4b85-8cf0-b487cc023435",0,4,"phoma",0.964094,76.451019,138.516815,597.782349,528.485474,521.331299,389.968658,203302.875000
"ec59bd5b-5b0c-45f1-bbd7-f47b27f9f49b",0,0,"algal_spot",0.951306,29.815552,194.775116,332.754364,425.284576,302.938812,230.509460,69830.265625
"ec59bd5b-5b0c-45f1-bbd7-f47b27f9f49b",1,0,"algal_spot",0.925353,322.814178,117.689484,604.205933,355.964722,281.391754,238.275238,67048.687500
"7194b904-1e8b-4086-baf0-083228a242a5",0,4,"phoma",0.975200,27.925781,143.182404,601.908508,533.723022,573.982727,390.540619,224163.562500
"2d4273e0-ab3f-40fa-80e1-aa5e64493987",0,2,"healthy",0.940657,86.706985,46.681305,520.264099,615.479431,433.557129,568.798096,246606.468750
"0d8485d2-366d-45cb-ad92-7d4f96df9d72",0,4,"phoma",0.971162,97.735580,144.190735,569.299744,496.859039,471.564148,352.668304,166305.734375
"6abce868-09b4-44da-8360-dde3714c2b3e",0,4,"phoma",0.978193,84.664963,131.917984,567.421753,550.261780,482.756775,418.343811,201958.312500
"6c7291a7-d75d-42c9-b864-025499c986a7",0,3,"miner",0.942226,0.000000,240.422699,540.740356,457.791931,540.740356,217.369232,117540.312500
"549ec29e-a78c-4568-8815-a1c0f24e1299",0,1,"brown_eye_spot",0.746367,84.388062,75.168320,567.988342,540.071411,483.600281,464.903076,224827.265625
"bed03868-7d85-4036-b9b6-f3a98d5628c7",0,4,"phoma",0.960565,72.070923,70.594849,508.598419,636.742859,436.527496,566.148010,247139.171875
"4489e525-013c-497c-8c89-1fcd2f015d92",0,1,"brown_eye_spot",0.949051,183.605942,122.046448,416.308960,514.090759,232.703018,392.044312,91229.898438
"db965b41-0f23-41ed-a1f4-fbdef15edf78",0,3,"miner",0.944257,95.088348,185.919907,394.855072,607.670532,299.766724,421.750610,126426.796875
"ece0fa60-417e-4bda-925c-ba35b249b476",0,4,"phoma",0.974344,73.864777,156.588928,558.823975,513.157349,484.959198,356.568420,172921.140625
"f6ad42ab-714c-4616-a2c5-85830a07ae69",0,1,"brown_eye_spot",0.872098,50.701050,191.618805,629.342773,543.292297,578.641724,351.673492,203492.953125
"8a951bfb-f813-4f4e-8486-1cc801334b5f",0,1,"brown_eye_spot",0.946993,98.690048,66.194824,492.505096,472.659851,393.815063,406.465027,160072.046875
"1abd16bd-f9f1-4726-aaa3-a838064e4bdf",0,3,"miner",0.922602,216.050385,94.128723,420.239349,639.000000,204.188965,544.871277,111256.703125
"c8bd4806-1abb-4149-b0a9-47be774299ec",0,4,"phoma",0.971169,98.315964,130.450439,549.156250,532.951538,450.840271,402.501099,181463.703125
"eabe2a95-3108-479e-84d9-61b3c62fda66",0,4,"phoma",0.968177,40.153015,106.827011,595.927368,492.646576,555.774353,385.819580,214428.625000
"940de9f8-9126-4cf9-8c31-9655edfa79ff",0,0,"algal_spot",0.929984,166.809952,160.363831,411.656616,463.800232,244.846664,303.436401,74295.390625
"031a19ce-eb16-48b6-87f1-3d60050f255a",0,1,"brown_eye_spot",0.897616,221.722839,57.515747,551.858154,588.057251,330.135315,530.541504,175150.484375
"cb6ac739-0bf4-44f9-bd28-8049e6c6b87f",0,1,"brown_eye_spot",0.972227,95.337830,20.907715,435.096008,562.045471,339.758179,541.137756,183855.984375
"a8c2d160-b69b-4f21-bb79-6962ec2beef9",0,2,"healthy",0.974527,0.000000,39.456604,595.326233,564.987671,595.326233,525.531067,312862.437500
"7f628ff6-565c-4aea-8043-2db36d1719dc",0,3,"miner",0.516389,131.172485,103.277939,462.915070,544.401550,331.742584,441.123596,146339.484375
"9c159bc4-2f9c-4505-861a-330f3a301253",0,3,"miner",0.726333,197.948395,225.198181,415.317139,423.832458,217.368744,198.634277,43176.882813
"64a66219-80a9-4807-a62b-ca2abbd8538b",0,1,"brown_eye_spot",0.964566,90.474945,240.456909,639.000000,463.482605,548.525024,223.025696,122335.171875
"8efb2e83-c2d1-43cc-b12b-917084bb70e6",0,3,"miner",0.953552,72.193420,151.347534,337.882568,496.451599,265.689148,345.104065,91690.406250
"8efb2e83-c2d1-43cc-b12b-917084bb70e6",1,1,"brown_eye_spot",0.950356,377.748444,159.661819,639.000000,483.984619,261.251556,324.322815,84729.843750
"69f8b7ea-461a-4a32-8dd4-f083f7e25c31",0,1,"brown_eye_spot",0.971105,107.898529,78.098541,473.246155,539.360352,365.347626,461.261810,168520.906250
"d16f8d51-adbe-4db5-8c85-3bcf97d95739",0,2,"healthy",0.901459,138.609100,9.930298,503.955536,586.494812,365.346436,576.564514,210645.796875
"da6d6315-a197-4347-9660-06fb9f9be2db",0,2,"healthy",0.971689,1.295990,123.304474,578.070068,575.033142,576.774048,451.728668,260545.375000
"0d7decae-1a86-4ac2-af24-83363744b4d9",0,2,"healthy",0.946227,151.612213,55.974854,483.596863,592.627869,331.984650,536.653015,178160.562500
"e37369a3-134e-4fc6-be48-f4b7a8650a5a",0,2,"healthy",0.921370,345.435028,0.000000,639.000000,450.129028,293.564972,450.129028,132142.109375
"e37369a3-134e-4fc6-be48-f4b7a8650a5a",1,2,"healthy",0.906240,163.381409,0.000000,429.894958,639.000000,266.513550,639.000000,170302.156250
"e37369a3-134e-4fc6-be48-f4b7a8650a5a",2,2,"healthy",0.500229,0.000000,12.242935,81.102180,421.754364,81.102180,409.511414,33212.269531
"40aab6cb-c202-41f4-8649-7c82b0936511",0,0,"algal_spot",0.954625,185.956940,100.338501,546.616333,602.340942,360.659393,502.002441,181051.890625
"e1b639e2-f2c7-4b16-b7e4-fafa40629e13",0,0,"algal_spot",0.945061,80.441376,80.654617,601.034973,472.913452,520.593628,392.258850,204207.453125
"5a23356f-879c-40b4-81fc-3e83db4fe8e4",0,5,"powdery_mildew",0.950256,160.176056,2.041718,590.912720,571.238831,430.736664,569.197144,245174.078125
"e8b006fa-c04f-40a7-8dc3-ab2ffe52ed96",0,2,"healthy",0.886850,84.313202,0.000000,543.077454,639.000000,458.764252,639.000000,293150.343750
"ef0c4c5e-5276-46c2-9968-b5c4d70d5329",0,1,"brown_eye_spot",0.961642,179.235687,24.276245,417.905701,594.041931,238.670013,569.765686,135985.984375
"dc0c2212-d9a7-438a-a88b-d0b31d18f5cf",0,3,"miner",0.950363,244.292999,185.736404,544.022034,589.642761,299.729034,403.906372,121062.468750
"82c6200c-bee8-4f38-af84-8507a85e156b",0,3,"miner",0.944110,36.775131,272.639038,465.333038,476.660431,428.557922,204.021393,87434.984375
"ddfc96a9-605c-4441-8b69-67b9bdf3ef8a",0,1,"brown_eye_spot",0.968732,71.568954,153.058258,457.074829,532.539307,385.505859,379.481049,146292.171875
"acd9f729-b7f5-4bde-8522-b0c669fe98bf",0,4,"phoma",0.973079,63.870605,123.794022,576.167847,484.951447,512.297241,361.157410,185019.937500
"9b7c241e-5768-4ec6-bf6a-bc92dafe2b53",0,4,"phoma",0.974185,77.142090,125.839966,575.231079,462.721588,498.088989,336.881622,167797.031250
"e0717143-e1e7-4717-b57a-9379e65a72c1",0,3,"miner",0.959563,142.539703,89.979630,555.950562,550.024231,413.410858,460.044617,190187.437500
"9a9af81a-424d-46a5-b29b-a617f4b0c26a",0,1,"brown_eye_spot",0.978319,173.234619,42.076538,495.026825,565.808472,321.792206,523.731934,168532.859375
"2f5a4d12-2f88-4e15-9558-6161cbd0f27b",0,3,"miner",0.933560,64.325836,130.357330,630.932312,414.212219,566.606445,283.854889,160834.015625
"071b8540-5494-47da-b576-b32a19340b08",0,4,"phoma",0.973602,87.520782,165.958557,547.560059,515.049316,460.039276,349.090759,160595.453125
"9b71eb04-088e-47d0-9efe-41ac87382bf1",0,3,"miner",0.951651,120.238495,66.759674,536.208862,512.432251,415.970367,445.672577,185386.578125
"ad1511df-abd5-4253-89dc-0d573258a253",0,4,"phoma",0.978770,141.624924,122.685989,568.194702,569.390015,426.569763,446.704041,190550.437500
"8874d356-e946-4908-87ce-65b6aa7261a6",0,3,"miner",0.967136,234.460327,89.632492,487.171417,537.323730,252.711090,447.691223,113136.539063
"c60beb76-eb64-4088-81b7-92bd4acf2934",0,3,"miner",0.913301,29.272156,275.454102,568.650818,474.335327,539.378662,198.881226,107272.289063
"09792e0c-c636-4f74-811b-b1b8863a3745",0,5,"powdery_mildew",0.963998,139.043564,234.916748,555.456787,474.281799,416.413208,239.365051,99674.765625
"09792e0c-c636-4f74-811b-b1b8863a3745",1,5,"powdery_mildew",0.934394,256.139557,27.211304,567.244385,168.921692,311.104828,141.710388,44086.785156
"09792e0c-c636-4f74-811b-b1b8863a3745",2,5,"powdery_mildew",0.576406,0.000000,510.249847,139.986572,639.000000,139.986572,128.750153,18023.292969
"618118ec-6205-4c06-b582-cdbb3b5cf38c",0,3,"miner",0.960543,180.583496,47.927307,496.659241,575.737610,316.075745,527.810303,166828.031250
"e921bf9e-128c-4893-8f95-790c42355018",0,0,"algal_spot",0.963107,176.114014,0.000000,491.884735,544.307312,315.770721,544.307312,171876.312500
"c633fcdc-e158-46bd-9275-0cb22ce82f2b",0,3,"miner",0.952134,134.875305,68.210205,531.009644,517.648926,396.134338,449.438721,178038.109375
"649120ef-4bd5-4ef6-8c63-a2e7fe3c56b8",0,1,"brown_eye_spot",0.968437,82.217239,199.291245,638.387573,415.447449,556.170349,216.156204,120219.671875
"0db214c0-2b75-4d81-9158-2847265e1c9a",0,4,"phoma",0.970365,89.624268,142.143402,577.332825,539.286987,487.708557,397.143585,193690.328125
"c227899e-3dbb-4c47-a75d-93b964f20a82",0,4,"phoma",0.970361,66.232025,165.820953,583.914307,504.848450,517.682251,339.027496,175508.515625
"a9d1f674-7447-4ca1-aa18-2bdbe5bb2745",0,3,"miner",0.945549,70.563919,70.528442,425.886658,586.471069,355.322754,515.942627,183326.156250
"67ff0fa4-0e8a-42e8-b3eb-3c407e1ff29b",0,2,"healthy",0.955972,17.385284,115.173706,590.485718,545.389771,573.100464,430.216064,246557.031250
"a498067d-5b8e-418f-b3f4-d6fe8d9a3a8f",0,4,"phoma",0.969254,76.587143,177.221832,549.935181,515.362549,473.348022,338.140717,160058.234375
"3f8cc7af-5aab-4b05-9d54-3d134d46866b",0,2,"healthy",0.962357,68.156097,118.015274,590.839661,502.077515,522.683594,384.062256,200743.046875
"00bb5103-5505-45aa-bea1-97c15c3bd5c4",0,4,"phoma",0.725190,24.588043,131.217682,622.945679,518.699158,598.357666,387.481476,231852.515625
"00bb5103-5505-45aa-bea1-97c15c3bd5c4",1,2,"healthy",0.271812,24.588043,131.217682,622.945679,518.699158,598.357666,387.481476,231852.515625
"7de47a54-62df-406e-bdab-6fc174e535f4",0,2,"healthy",0.955347,59.711670,94.969955,609.892090,514.972473,550.180420,420.002502,231077.156250
"5262a5c1-22dc-410e-b29f-0d23d12f8195",0,3,"miner",0.931756,128.559875,134.610092,423.434113,423.129333,294.874237,288.519226,85076.882813
"d82aebb6-74c8-4027-8314-dfd8f7746b8c",0,3,"miner",0.941986,102.687790,153.406128,557.341675,518.961914,454.653870,365.555786,166201.359375
"e1980b69-280c-4f49-9b2f-72d9f87f5b8a",0,0,"algal_spot",0.959637,146.549255,150.989227,504.392029,523.157471,357.842773,372.168243,133177.718750
"21fe67ea-438a-4594-abde-057cada93419",0,0,"algal_spot",0.949273,141.053741,147.916718,589.276123,504.692230,448.222382,356.775513,159914.765625
"52043f0c-62ec-4e5a-b852-23de14681136",0,3,"miner",0.951317,59.630325,204.685883,564.022949,454.898438,504.392639,250.212555,126205.367188
"7f3055c7-3b2c-42b2-8442-635599c3432b",0,4,"phoma",0.967701,53.929214,42.454971,578.322632,507.530121,524.393433,465.075134,243882.343750
"15b62e95-5b6b-4539-88e4-134307081bdc",0,4,"phoma",0.960485,87.874420,98.513138,550.504211,550.582214,462.629791,452.069092,209140.625000
"fa88242a-a664-4b81-8daa-e0e6fb1004a0",0,0,"algal_spot",0.948809,187.429352,184.406830,453.198059,481.534912,265.768707,297.128082,78967.343750
"71b8db56-9052-42c2-9e25-5f38718cd437",0,5,"powdery_mildew",0.960725,50.590958,99.612320,520.201172,518.408813,469.610229,418.796509,196671.125000
"56c28985-a858-4493-ab87-f61fc4306c52",0,3,"miner",0.955260,132.778397,152.676971,515.721680,477.407318,382.943298,324.730347,124353.312500
"6046a611-1fb8-4fd5-9f60-ce47b578aa57",0,2,"healthy",0.962949,48.286865,111.526871,563.490112,531.864380,515.203247,420.337524,216559.250000
"f73b2bb5-86c2-4966-af45-03794bb47529",0,4,"phoma",0.964972,73.485962,167.813889,598.004272,519.312378,524.518311,351.498474,184367.390625
"b292eef2-e6e1-4f69-984f-226e6dfb631b",0,3,"miner",0.948184,116.129303,39.510376,552.724731,573.989502,436.595428,534.479126,233351.140625
"7e13b544-61d3-4e35-90b4-85a48f4cb6c2",0,2,"healthy",0.985453,22.961914,99.962357,635.820190,590.157776,612.858276,490.195435,300420.343750
"9d4e973d-99fb-4502-863a-aa2c535fb678",0,4,"phoma",0.958954,136.835007,157.660080,536.094482,521.783386,399.259460,364.123291,145379.671875
"660dc6a3-3202-47bb-96bb-c4e35c2828ae",0,4,"phoma",0.954072,54.172043,50.316528,606.184692,521.486206,552.012634,471.169678,260091.609375
"adc1c923-8a80-4ff9-9e24-8e166d29a5ba",0,1,"brown_eye_spot",0.961067,56.960815,180.314499,548.068787,433.138367,491.107971,252.823868,124163.820313
"caffbad4-0d06-4724-a800-f75f82608142",0,4,"phoma",0.967414,49.868744,143.863861,600.068176,513.464172,550.199463,369.600311,203353.890625
"6c9e1871-49ed-4827-84a8-b78666878713",0,1,"brown_eye_spot",0.751686,20.818832,85.239700,550.204529,615.130920,529.385681,529.891235,280516.843750
"07e97f63-efa8-429a-a781-af030dcf8183",0,0,"algal_spot",0.972302,135.659851,81.421097,508.609283,515.222412,372.949432,433.801331,161785.953125
"1748f151-e4c3-4299-820f-b0595f85227b",0,5,"powdery_mildew",0.961909,86.428604,109.541382,309.838440,481.433350,223.409836,371.891968,83084.320313
"1748f151-e4c3-4299-820f-b0595f85227b",1,5,"powdery_mildew",0.504202,282.706360,168.695587,540.783386,497.134186,258.077026,328.438599,84762.453125
"9ec0ce98-c566-429c-b291-9899e596371b",0,0,"algal_spot",0.963402,125.983368,131.672028,574.028931,434.259705,448.045563,302.587677,135573.062500
"69918114-1087-46be-a451-76a9dc178977",0,3,"miner",0.955558,58.882645,194.906738,609.585938,415.890137,550.703308,220.983398,121696.289063
"fe2125c9-95e0-481d-9bbb-98eed66dceae",0,4,"phoma",0.970808,94.986816,104.565445,563.350586,504.913147,468.363770,400.347717,187508.359375
"3111c6e9-9799-4477-b21b-7c40168dc194",0,4,"phoma",0.967373,103.981491,107.035675,598.136230,498.580200,494.154724,391.544525,193483.578125
"af460957-f52a-4ad2-ac82-581a8e6112ac",0,3,"miner",0.970791,175.268768,135.537369,528.586670,519.493835,353.317902,383.956482,135658.703125
"9b401b22-c707-4a97-944f-55b296dbd098",0,1,"brown_eye_spot",0.941575,30.074341,172.219208,567.541077,402.241150,537.466736,230.021942,123629.140625
"e2a279b6-f5f8-4c0e-bdd9-00b368beddf1",0,2,"healthy",0.955444,20.990723,0.000000,480.383423,588.887695,459.392700,588.887695,270530.718750
"743c79fe-e511-4290-a0df-56e6bdb536a1",0,1,"brown_eye_spot",0.966562,237.459396,35.051544,588.067261,508.435059,350.607849,473.383514,165971.968750
"f92f6e18-c46b-4e8e-9d8e-2e819b564668",0,0,"algal_spot",0.954609,215.006531,82.597946,521.932739,591.069458,306.926208,508.471497,156063.234375
"a2c9ea85-869c-4d81-bbc9-5b7c16e7149f",0,3,"miner",0.933617,66.572784,229.213837,594.968994,465.131653,528.396240,235.917816,124658.085938
"98073988-7f1e-49a8-a264-e97c5c28e892",0,0,"algal_spot",0.950166,23.751892,166.536255,600.415771,462.781342,576.663879,296.245087,170833.843750
"a2da9b4e-04c5-4e91-97f8-1881345497fd",0,1,"brown_eye_spot",0.956115,113.359222,84.724289,479.891663,549.134033,366.532440,464.409729,170221.234375
"837a5d3c-d20b-4784-bea8-6ced91590c2e",0,1,"brown_eye_spot",0.956338,100.491623,77.837555,434.182556,630.354492,333.690918,552.516968,184369.890625
"8352ee59-4307-455c-98a4-d01c502826b0",0,1,"brown_eye_spot",0.933166,236.055389,68.957260,416.889069,509.889709,180.833679,440.932434,79735.437500
"2d1ed800-3d36-4607-b97b-04f2b2c648ef",0,3,"miner",0.952033,130.415771,121.913284,463.643036,450.242462,333.227264,328.329163,109408.226563
"e39fa8d0-22e8-4a3f-affa-93fa1d3e175c",0,4,"phoma",0.964809,64.947632,91.791656,617.811646,560.518555,552.864014,468.726898,259142.234375
"9e1091fc-0c50-4567-960a-eda6e8dc4c11",0,3,"miner",0.454088,126.382645,146.513641,518.279358,396.188660,391.896729,249.675018,97846.820313
"00336ee4-0299-4de8-8a9b-8c669e80f52f",0,4,"phoma",0.967884,76.506653,113.352234,585.295532,504.623718,508.788879,391.271484,199074.578125
"2cc4a18a-2b29-49ec-84f1-e991184f39e0",0,3,"miner",0.961163,223.032211,172.741745,515.457764,599.371643,292.425537,426.629883,124757.468750
"1453b618-92e0-4cd8-b05e-f48daf2f5f90",0,5,"powdery_mildew",0.971272,87.793976,177.413666,460.800812,521.561646,373.006836,344.147980,128369.546875
"423cc586-6945-4fef-b103-1eada179e8ad",0,4,"phoma",0.969996,18.683838,47.931671,487.200592,608.290588,468.516754,560.358887,262537.531250
"56686315-0d14-4bc6-af0e-de7df16a90f3",0,0,"algal_spot",0.969414,197.910019,127.530121,489.176117,507.986023,291.266113,380.455902,110813.914063
"8af28bec-23ec-469e-a379-64c60f7b25d2",0,1,"brown_eye_spot",0.959263,57.931198,138.678772,555.690247,512.627014,497.759033,373.948242,186136.109375
"af2b2b08-9d2e-445f-a35c-1543d491eabc",0,1,"brown_eye_spot",0.962996,10.079041,44.047516,530.137024,639.000000,520.057983,594.952515,309409.812500
"f29f17d9-b991-4387-ab14-a4778a127d81",0,4,"phoma",0.938395,25.264557,161.882996,632.234009,522.046021,606.969482,360.163025,218607.968750
"9767c4b1-1c7e-4885-bb32-aa1dfe640298",0,3,"miner",0.959842,218.883820,93.257080,479.940918,564.727051,261.057098,471.469971,123080.585938
"78155bb5-1d49-4f6b-a022-a925c702a4df",0,4,"phoma",0.966639,127.425919,98.324921,571.278564,534.412964,443.852661,436.088043,193558.843750
"5093f8be-c3af-4451-a0fe-81745c377cb4",0,0,"algal_spot",0.942169,108.737015,170.743484,565.308716,402.876709,456.571716,232.133224,105985.460938
"5093f8be-c3af-4451-a0fe-81745c377cb4",1,0,"algal_spot",0.908704,59.800003,474.328064,396.420074,606.411682,336.620056,132.083618,44461.996094
"30df0784-46a6-42b4-8e14-dd7997db3398",0,4,"phoma",0.961543,154.582947,125.586853,563.759460,532.119934,409.176514,406.533081,166343.781250
"7de9334a-0adf-4f7b-9f62-66868b5bb0d1",0,2,"healthy",0.965361,68.372009,105.278030,582.504578,554.737671,514.132568,449.459656,231081.843750
"87e59667-6c49-4106-b7aa-bb86fd51e46a",0,2,"healthy",0.960217,3.266296,158.232422,538.580383,523.179321,535.314087,364.946899,195361.218750
"9e34dbcb-325e-4dd4-a60f-76e4b4904405",0,4,"phoma",0.805137,95.448120,105.334183,588.288940,510.067993,492.840820,404.733826,199469.343750
"0cc31dd6-b052-461f-be5e-8d774fcecf7b",0,4,"phoma",0.923375,27.605255,91.496109,625.517578,555.923279,597.912354,464.427185,277686.750000
"0f4f253a-5279-489f-91cc-0caf664a6912",0,3,"miner",0.949504,213.386078,126.709625,522.737976,432.477356,309.351898,305.767731,94589.828125
"03336d24-770c-47dd-ae93-e9fa52fb22e1",0,4,"phoma",0.963979,102.052856,161.835709,548.918457,519.849243,446.865601,358.013550,159983.937500
"4d3d159a-3dc5-4848-acda-13c2a592cde4",0,0,"algal_spot",0.959504,171.121613,143.955078,466.226685,576.474792,295.105072,432.519714,127638.757813
"5616304a-8f79-44e1-8cfe-8b6098266987",0,2,"healthy",0.959712,52.868866,102.890610,531.834717,526.571228,478.965851,423.680603,202928.546875
"6b0a93e6-4078-4f91-bd08-3727c94bd25b",0,0,"algal_spot",0.669695,175.743896,163.158081,517.003357,636.721497,341.259460,473.563416,161608.000000
"6b0a93e6-4078-4f91-bd08-3727c94bd25b",1,1,"brown_eye_spot",0.368588,175.743896,163.158081,517.003357,636.721497,341.259460,473.563416,161608.000000
"f84fb41c-42ea-47b2-b1d9-8ae94d154532",0,3,"miner",0.961373,128.614792,74.725800,549.898682,427.322021,421.283875,352.596222,148543.109375
"9182955a-1fb1-44ca-8d8d-03dbba22edec",0,5,"powdery_mildew",0.966531,178.204895,68.033875,489.935608,515.395325,311.730713,447.361450,139456.296875
"9182955a-1fb1-44ca-8d8d-03dbba22edec",1,5,"powdery_mildew",0.534090,1.284332,374.849792,263.247986,592.538513,261.963654,217.688721,57026.531250
"a3b986f1-38c4-4b22-a5e3-55cf7b7461d2",0,3,"miner",0.954599,154.101990,228.268723,569.935181,467.674255,415.833191,239.405533,99552.765625
