run_id,timestamp,model_id,model_name,image_label,image_width,image_height,input_width,input_height,confidence_threshold,nms_iou_threshold,preprocess_ms,inference_ms,postprocess_ms,total_ms,detection_count,device
"c0600f8a-9601-4a9b-8da2-d828fa2c6507","2026-05-26T14:49:18.539089Z","01_yolo26n_base","YOLO26n base","benchmark/train/IMG_2364_1_JPG.rf.1c94284bd260412b38b766c448939358.jpg",640,640,640,640,0.250000,0.700000,11.332231,117.773923,0.555385,207.728000,1,"Xiaomi M2012K10C"
"88d4197f-b0a6-40b1-a1d3-11dc7eb74043","2026-05-26T14:49:18.682598Z","01_yolo26n_base","YOLO26n base","benchmark/train/IMG_2644_JPG.rf.62322de683fda52f9acc66c550178d5f.jpg",640,640,640,640,0.250000,0.700000,6.589539,90.136616,0.280077,137.632385,1,"Xiaomi M2012K10C"
"6cea3c1a-f704-4c88-947e-0a0e206180c5","2026-05-26T14:49:18.860577Z","01_yolo26n_base","YOLO26n base","benchmark/train/IMG_3190_JPG.rf.59d28086b97f15dfc9f8f9ff23ed5bb5.jpg",640,640,640,640,0.250000,0.700000,5.527308,122.470539,0.306692,172.309462,2,"Xiaomi M2012K10C"
"5b12c7b0-aa9a-4781-9219-4f650479491a","2026-05-26T14:49:19.036301Z","01_yolo26n_base","YOLO26n base","benchmark/train/241_jpg.rf.ee74fe69b27362c5fd97e6a8b631e6c1.jpg",640,640,640,640,0.250000,0.700000,5.762153,117.164692,0.303000,169.427692,1,"Xiaomi M2012K10C"
"5cb2a691-2667-4391-a41b-9804a6446b99","2026-05-26T14:49:19.167945Z","01_yolo26n_base","YOLO26n base","benchmark/train/IMG_2562_1_JPG.rf.3164d0c1211149f1680b7e46088c919f.jpg",640,640,640,640,0.250000,0.700000,5.690154,74.071616,0.326230,126.159461,1,"Xiaomi M2012K10C"
"787b3f37-8c38-482e-93e7-11cad05e9604","2026-05-26T14:49:19.307353Z","01_yolo26n_base","YOLO26n base","benchmark/train/IMG_3204_1_JPG.rf.8cb71c49b759f01f2ef81ae099fdd13b.jpg",640,640,640,640,0.250000,0.700000,5.125231,83.242154,0.300693,133.845231,1,"Xiaomi M2012K10C"
"eca5d1ca-1ea6-425d-a899-81a71e8fa844","2026-05-26T14:49:19.442305Z","01_yolo26n_base","YOLO26n base","benchmark/train/IMG_2338_1_JPG.rf.b55052c071a5e9df34d55f846b2af197.jpg",640,640,640,640,0.250000,0.700000,5.189769,80.565846,0.272616,129.407077,1,"Xiaomi M2012K10C"
"c6825fed-cae7-491c-8fab-75752d08d66a","2026-05-26T14:49:19.582957Z","01_yolo26n_base","YOLO26n base","benchmark/train/IMG_3040_JPG.rf.bc518c8af29924f65a93321f8572a0a0.jpg",640,640,640,640,0.250000,0.700000,5.125538,86.317231,0.268308,135.498154,1,"Xiaomi M2012K10C"
"9349b40d-9a0d-4550-b9f1-fcfa005918d5","2026-05-26T14:49:19.715527Z","01_yolo26n_base","YOLO26n base","benchmark/train/997_jpg.rf.163c2d47dd206ce8957cd56209159f9b.jpg",640,640,640,640,0.250000,0.700000,5.405461,76.462847,0.899307,128.046384,1,"Xiaomi M2012K10C"
"366fe214-7f0b-45ee-a953-59e89e2c257e","2026-05-26T14:49:19.860758Z","01_yolo26n_base","YOLO26n base","benchmark/train/PXL_20240125_083258747_jpg.rf.d64e6f473828fa3a45e76ba62cfaedbf.jpg",640,640,640,640,0.250000,0.700000,5.097539,88.699923,0.292616,139.742693,2,"Xiaomi M2012K10C"
"f179faf6-e253-43fd-874b-38bf3baaa085","2026-05-26T14:49:20.007584Z","01_yolo26n_base","YOLO26n base","benchmark/train/IMG_3142_1_JPG.rf.ccf59c0bda945691e66b58f2651d4dc4.jpg",640,640,640,640,0.250000,0.700000,5.806846,88.460923,0.301461,140.624615,3,"Xiaomi M2012K10C"
"702ac605-21f6-46b3-a153-b3aed0064dbb","2026-05-26T14:49:20.157480Z","01_yolo26n_base","YOLO26n base","benchmark/train/IMG_3422_2_JPG.rf.9daeb9b9526ed143eec4d9190c44e135.jpg",640,640,640,640,0.250000,0.700000,5.173923,92.212000,0.283923,142.947692,1,"Xiaomi M2012K10C"
"4f6aed4c-045a-471e-bedd-9be78d28dbf2","2026-05-26T14:49:20.307935Z","01_yolo26n_base","YOLO26n base","benchmark/train/281_jpg.rf.94ad358d755738fda8d3a4eb5002eaab.jpg",640,640,640,640,0.250000,0.700000,5.650154,93.756384,0.325231,145.380077,1,"Xiaomi M2012K10C"
"95565580-4a27-44c0-a369-9484009dc41f","2026-05-26T14:49:20.453577Z","01_yolo26n_base","YOLO26n base","benchmark/train/414_jpg.rf.ff3a149332eaacbd105d99ed06dd00b8.jpg",640,640,640,640,0.250000,0.700000,5.714847,89.727923,0.308077,141.094847,1,"Xiaomi M2012K10C"
"ec8dfca3-029b-45dc-a103-27c6c4f3aebe","2026-05-26T14:49:20.600770Z","01_yolo26n_base","YOLO26n base","benchmark/train/IMG_3306_2_JPG.rf.65db2779da9c676eaeed472b9802e83c.jpg",640,640,640,640,0.250000,0.700000,5.689615,90.312538,0.289615,141.845307,1,"Xiaomi M2012K10C"
"d2c0d7c4-3382-4c6f-b8e4-3b920c54f3d9","2026-05-26T14:49:20.745544Z","01_yolo26n_base","YOLO26n base","benchmark/train/IMG_3576_1_JPG.rf.9039eafef0253d5182bfb82cc02984bf.jpg",640,640,640,640,0.250000,0.700000,5.353615,86.714846,0.351923,139.381538,1,"Xiaomi M2012K10C"
"35b1880a-b6ee-4e03-ad3c-4844b167cebb","2026-05-26T14:49:20.884313Z","01_yolo26n_base","YOLO26n base","benchmark/train/IMG_2519_JPG.rf.4da3578820bee43f7e9c5808d0db7955.jpg",640,640,640,640,0.250000,0.700000,5.041923,83.396923,0.278769,133.733538,1,"Xiaomi M2012K10C"
"88ba2a71-c382-44d6-9ea8-ec5199f99568","2026-05-26T14:49:21.033136Z","01_yolo26n_base","YOLO26n base","benchmark/train/IMG_2825_2_JPG.rf.8d384ee2ead69ff5dc0dd306ffc0a8a5.jpg",640,640,640,640,0.250000,0.700000,5.096539,92.968693,0.272000,143.355693,1,"Xiaomi M2012K10C"
"9654de90-8411-4ff8-853e-9f68af8cb26d","2026-05-26T14:49:21.176659Z","01_yolo26n_base","YOLO26n base","benchmark/valid/IMG_2773_1_JPG.rf.0a9e3123fec16b7215c095ad32f55798.jpg",640,640,640,640,0.250000,0.700000,5.233230,87.601846,0.288615,138.823307,1,"Xiaomi M2012K10C"
"504457cf-e9a8-402a-86db-6079b0675bca","2026-05-26T14:49:21.315527Z","01_yolo26n_base","YOLO26n base","benchmark/train/IMG_2870_JPG.rf.d263bb2425feaa5bb576c3df58af28a1.jpg",640,640,640,640,0.250000,0.700000,5.040230,83.127384,0.279077,133.614384,1,"Xiaomi M2012K10C"
"e8a1f1cc-2a47-4b29-a4b4-1c56758aec6c","2026-05-26T14:49:21.455158Z","01_yolo26n_base","YOLO26n base","benchmark/train/IMG_3060_JPG.rf.a0a72ae1bd9a38492e92ef2880af0812.jpg",640,640,640,640,0.250000,0.700000,5.159000,82.529307,0.319616,134.819000,1,"Xiaomi M2012K10C"
"45000f65-1213-4c25-beef-3dad499c1279","2026-05-26T14:49:21.590301Z","01_yolo26n_base","YOLO26n base","benchmark/train/IMG_3375_1_JPG.rf.15ba59101c8e4cea9fc1916c9c9fa169.jpg",640,640,640,640,0.250000,0.700000,5.146846,80.153538,0.269923,130.245615,1,"Xiaomi M2012K10C"
"9ab3fd9e-2d1c-41c6-9235-5f4498172871","2026-05-26T14:49:21.732060Z","01_yolo26n_base","YOLO26n base","benchmark/train/IMG_2323_2_JPG.rf.fb0982900952942a2bf6711fa786472e.jpg",640,640,640,640,0.250000,0.700000,5.166538,85.894154,0.396385,136.933923,1,"Xiaomi M2012K10C"
"29290faa-d400-4135-8503-49e69c40338d","2026-05-26T14:49:21.888689Z","01_yolo26n_base","YOLO26n base","benchmark/train/448_jpg.rf.3159ef854a8436c1b57d17099fb4378f.jpg",640,640,640,640,0.250000,0.700000,5.820077,100.064616,0.412307,152.090538,1,"Xiaomi M2012K10C"
"bb411c77-02eb-4a39-a2f6-f6c90546109a","2026-05-26T14:49:22.050257Z","01_yolo26n_base","YOLO26n base","benchmark/train/PXL_20240125_114235364_jpg.rf.344c39dec5fb1bdd20174487e0e6d50a.jpg",640,640,640,640,0.250000,0.700000,5.422230,105.206154,0.295385,156.395077,2,"Xiaomi M2012K10C"
"3243021d-d6a6-4acc-8138-8506b9d2748b","2026-05-26T14:49:22.211812Z","01_yolo26n_base","YOLO26n base","benchmark/train/1159_jpg.rf.81e3f864fa3224f24f0e8578d143187a.jpg",640,640,640,640,0.250000,0.700000,5.423385,101.793846,0.380923,154.486154,1,"Xiaomi M2012K10C"
"b71c0a6e-de20-49d2-8be7-4be62166087e","2026-05-26T14:49:22.369248Z","01_yolo26n_base","YOLO26n base","benchmark/train/IMG_3159_1_JPG.rf.15d905de7aec1b8dbaca440dd67c3509.jpg",640,640,640,640,0.250000,0.700000,5.275000,101.817000,0.280615,152.313846,1,"Xiaomi M2012K10C"
"45a94695-06fb-416f-88f3-b1a28db7c333","2026-05-26T14:49:22.512966Z","01_yolo26n_base","YOLO26n base","benchmark/valid/IMG_3607_1_JPG.rf.10e15ff79fcb16731a09082bbb63954f.jpg",640,640,640,640,0.250000,0.700000,5.201000,88.042154,0.296231,138.930462,2,"Xiaomi M2012K10C"
"36319093-bf16-452e-bb7f-e18099011e51","2026-05-26T14:49:22.658922Z","01_yolo26n_base","YOLO26n base","benchmark/test/629_jpg.rf.654dcc115974db140acbfb4452fa9ede.jpg",640,640,640,640,0.250000,0.700000,5.349846,90.338154,0.325231,140.986462,1,"Xiaomi M2012K10C"
"8ec798f8-9a7f-49d5-b6dc-38159eebe586","2026-05-26T14:49:22.803911Z","01_yolo26n_base","YOLO26n base","benchmark/valid/IMG_3016_JPG.rf.20bbaacf4f0bee6522bbfde9ff0dfc36.jpg",640,640,640,640,0.250000,0.700000,5.432616,87.960692,0.371616,138.713462,1,"Xiaomi M2012K10C"
"6627aa35-99e4-46f7-a135-545eb5bdf7a4","2026-05-26T14:49:22.953106Z","01_yolo26n_base","YOLO26n base","benchmark/train/IMG_2400_JPG.rf.62cddeeb4d24f9bbe43f04cbf9f5353d.jpg",640,640,640,640,0.250000,0.700000,5.536077,91.197846,0.331077,144.456308,1,"Xiaomi M2012K10C"
"212cc48c-de39-4d04-a0fa-7a1add2c1e08","2026-05-26T14:49:23.116414Z","01_yolo26n_base","YOLO26n base","benchmark/test/1039_jpg.rf.ecf150e99b364f2d102dd1c279f0a4f3.jpg",640,640,640,640,0.250000,0.700000,5.220692,107.246769,0.306770,158.667077,1,"Xiaomi M2012K10C"
"5c3bc7e1-5639-4bd5-a8ae-dff8246dcef7","2026-05-26T14:49:23.290507Z","01_yolo26n_base","YOLO26n base","benchmark/valid/IMG_2531_1_JPG.rf.0bf8650917dca393ca6c38a84ae26c5c.jpg",640,640,640,640,0.250000,0.700000,4.913770,117.902693,0.308692,168.885539,2,"Xiaomi M2012K10C"
"3e51e92c-f347-4c41-a371-4c9048f56b3b","2026-05-26T14:49:23.455085Z","01_yolo26n_base","YOLO26n base","benchmark/train/355_jpg.rf.9fd634a630afe8da696cc0e13f8c6041.jpg",640,640,640,640,0.250000,0.700000,5.546231,107.590538,0.315308,159.307385,1,"Xiaomi M2012K10C"
"7905b088-8361-496b-ba6f-ff16de5bbbc1","2026-05-26T14:49:23.599053Z","01_yolo26n_base","YOLO26n base","benchmark/valid/726_jpg.rf.3c4fdb9d285266e4a4e29e48d6d948d9.jpg",640,640,640,640,0.250000,0.700000,5.182384,88.490769,0.323385,139.311692,1,"Xiaomi M2012K10C"
"92c8070b-c817-4f4f-928a-12622da26540","2026-05-26T14:49:23.739978Z","01_yolo26n_base","YOLO26n base","benchmark/valid/IMG_2640_JPG.rf.77ff05fb45e74aef91b58a8603504138.jpg",640,640,640,640,0.250000,0.700000,5.112384,83.643384,0.344692,135.920384,1,"Xiaomi M2012K10C"
"2461288b-1266-46f6-a277-859a88dfbe07","2026-05-26T14:49:23.881427Z","01_yolo26n_base","YOLO26n base","benchmark/valid/IMG_2877_2_JPG.rf.cff5094f1aab349f1ef979966a22e1d9.jpg",640,640,640,640,0.250000,0.700000,5.194154,85.225923,0.284616,136.558462,1,"Xiaomi M2012K10C"
"e7c9caaa-9d00-4fc9-afa1-888317625f4b","2026-05-26T14:49:24.018356Z","01_yolo26n_base","YOLO26n base","benchmark/train/IMG_2555_1_JPG.rf.e83b00cca669de29eebd083f2efb15f0.jpg",640,640,640,640,0.250000,0.700000,5.145847,80.598462,0.271076,131.097000,1,"Xiaomi M2012K10C"
"612ca7ae-b7ea-4c59-8979-666931679752","2026-05-26T14:49:24.154399Z","01_yolo26n_base","YOLO26n base","benchmark/valid/IMG_2826_1_JPG.rf.09ca3484c56b62926b7d47a40b71f3e8.jpg",640,640,640,640,0.250000,0.700000,5.266231,80.287307,0.304616,131.336616,3,"Xiaomi M2012K10C"
"081f2b41-0d55-46ff-adb8-b9f06dbff230","2026-05-26T14:49:24.291325Z","01_yolo26n_base","YOLO26n base","benchmark/test/204_jpg.rf.49e0cba19b45f2be75b2f9e5bb226684.jpg",640,640,640,640,0.250000,0.700000,5.738769,80.930692,0.310539,132.162462,1,"Xiaomi M2012K10C"
"1e5db4fa-a1da-4a82-a14a-78d4ebdee6e6","2026-05-26T14:49:24.431171Z","01_yolo26n_base","YOLO26n base","benchmark/valid/IMG_2895_2_JPG.rf.edd758af02c21a1fd25167c993a690c9.jpg",640,640,640,640,0.250000,0.700000,5.739692,82.180308,0.339308,134.534077,1,"Xiaomi M2012K10C"
"b133bcdd-c62b-4ff1-98a1-70fd87e11ae2","2026-05-26T14:49:24.570498Z","01_yolo26n_base","YOLO26n base","benchmark/train/IMG_3586_1_JPG.rf.3c193bd8ed5373c280f0e2e6c3b94d8f.jpg",640,640,640,640,0.250000,0.700000,5.835923,80.624693,0.280538,134.002077,1,"Xiaomi M2012K10C"
"e91e119e-f1f0-4b79-b0d4-f12ec09859e4","2026-05-26T14:49:24.708085Z","01_yolo26n_base","YOLO26n base","benchmark/train/732_jpg.rf.b1014a86874b505a12810370907316f3.jpg",640,640,640,640,0.250000,0.700000,5.080616,80.682077,0.418538,132.194846,1,"Xiaomi M2012K10C"
"6e1bae43-71a7-4861-ab37-3efb7ddcd01c","2026-05-26T14:49:24.847676Z","01_yolo26n_base","YOLO26n base","benchmark/test/IMG_3064_JPG.rf.8e950e6f024d9f321ba8bece22ec3432.jpg",640,640,640,640,0.250000,0.700000,5.234461,83.989154,0.291385,134.815923,1,"Xiaomi M2012K10C"
"c1a949b4-c186-4702-9226-e7eab15fd61b","2026-05-26T14:49:24.986768Z","01_yolo26n_base","YOLO26n base","benchmark/train/PXL_20240125_064311604_jpg.rf.84b69aa25380188b9db512a1557bcd0d.jpg",640,640,640,640,0.250000,0.700000,5.652538,83.478692,0.284923,134.487615,1,"Xiaomi M2012K10C"
"79f97c47-786d-4bb9-b8df-7bb54cfeea8b","2026-05-26T14:49:25.124138Z","01_yolo26n_base","YOLO26n base","benchmark/valid/IMG_2661_2_JPG.rf.5d5d364fe14c500aa0d32c03f030aa55.jpg",640,640,640,640,0.250000,0.700000,5.186462,81.199385,0.322538,132.785231,1,"Xiaomi M2012K10C"
"0af40471-93d5-484f-8192-a81268d6dd3b","2026-05-26T14:49:25.261986Z","01_yolo26n_base","YOLO26n base","benchmark/valid/IMG_3616_1_JPG.rf.f1aa94e7a3e115f3827a3c784c911a45.jpg",640,640,640,640,0.250000,0.700000,5.491077,80.837846,0.324616,132.555693,1,"Xiaomi M2012K10C"
"27f58c48-8f05-4028-a329-b31e2daa9e6b","2026-05-26T14:49:25.398876Z","01_yolo26n_base","YOLO26n base","benchmark/train/IMG_3191_1_JPG.rf.40d5798e7968a7248183cfc93cfedfa5.jpg",640,640,640,640,0.250000,0.700000,6.044385,79.575615,0.337846,131.097231,2,"Xiaomi M2012K10C"
"457d9325-3152-454e-a834-f4450481691a","2026-05-26T14:49:25.540201Z","01_yolo26n_base","YOLO26n base","benchmark/valid/IMG_3440_1_JPG.rf.c22db59c76cfcbef8ff5a98ddcd76f6f.jpg",640,640,640,640,0.250000,0.700000,6.417846,82.105231,0.341769,134.208923,1,"Xiaomi M2012K10C"
"d3b914d7-e5dd-4044-aacd-5e892f0615b7","2026-05-26T14:49:25.682198Z","01_yolo26n_base","YOLO26n base","benchmark/train/1324_jpg.rf.445af81d5f027e62010e531478835ff2.jpg",640,640,640,640,0.250000,0.700000,5.763384,85.572692,0.325231,137.073538,1,"Xiaomi M2012K10C"
"798539f8-54e6-4e4e-b3b5-44dff550898e","2026-05-26T14:49:25.821242Z","01_yolo26n_base","YOLO26n base","benchmark/train/392_jpg.rf.972f0b52dee079cff4dde26583d778aa.jpg",640,640,640,640,0.250000,0.700000,5.552538,79.716307,0.328077,134.373538,1,"Xiaomi M2012K10C"
"a9eaf021-f8eb-4d07-aec0-3d6aa744d20b","2026-05-26T14:49:25.958642Z","01_yolo26n_base","YOLO26n base","benchmark/test/IMG_2299_2_JPG.rf.d1d12829b3692de5cb686b9d1555c6fb.jpg",640,640,640,640,0.250000,0.700000,5.918846,79.920693,0.316846,131.866769,1,"Xiaomi M2012K10C"
"07fe2d5a-235e-4f9e-8d8a-af8327f8c675","2026-05-26T14:49:26.095140Z","01_yolo26n_base","YOLO26n base","benchmark/train/824_jpg.rf.668deb180e76bd104385004299cd56ec.jpg",640,640,640,640,0.250000,0.700000,5.294846,80.291308,0.305539,132.065539,1,"Xiaomi M2012K10C"
"96278ca9-114f-4100-be42-af79bc8cc411","2026-05-26T14:49:26.236391Z","01_yolo26n_base","YOLO26n base","benchmark/valid/346_jpg.rf.fc04d073cd58898aab706285c4a96433.jpg",640,640,640,640,0.250000,0.700000,5.359616,83.700000,0.426770,136.880616,1,"Xiaomi M2012K10C"
"48ae2f78-287b-4ea1-8a27-210165de5d34","2026-05-26T14:49:26.375295Z","01_yolo26n_base","YOLO26n base","benchmark/train/IMG_2833_1_JPG.rf.0d1868ef7d610c7c94b4a7b74857d085.jpg",640,640,640,640,0.250000,0.700000,5.851077,81.017231,0.323693,132.358462,1,"Xiaomi M2012K10C"
"36ea2d4b-eb55-4e0c-85d6-8bebe94dbd3b","2026-05-26T14:49:26.517703Z","01_yolo26n_base","YOLO26n base","benchmark/train/576_jpg.rf.33b5f5be195454d8055770cd688e73e8.jpg",640,640,640,640,0.250000,0.700000,5.467307,85.304924,0.324230,137.973461,1,"Xiaomi M2012K10C"
"7716a3a2-e99f-47eb-beca-7c5012902aec","2026-05-26T14:49:26.661194Z","01_yolo26n_base","YOLO26n base","benchmark/train/IMG_3393_JPG.rf.79cf41de2d1c618c36768992bd7dddf0.jpg",640,640,640,640,0.250000,0.700000,5.542692,84.053769,0.319077,138.425461,1,"Xiaomi M2012K10C"
"737c9e6c-c925-4e3b-914e-8e261fd77618","2026-05-26T14:49:26.800318Z","01_yolo26n_base","YOLO26n base","benchmark/train/IMG_2368_2_JPG.rf.940826f8cb7bb03248bf7895167dca05.jpg",640,640,640,640,0.250000,0.700000,5.198231,81.153231,0.306154,134.010462,1,"Xiaomi M2012K10C"
"28dfed6e-fd15-42fa-bb09-cf4b8ee1030a","2026-05-26T14:49:26.941877Z","01_yolo26n_base","YOLO26n base","benchmark/train/IMG_3491_1_JPG.rf.62337fb1b131e53b9d77960685b6860e.jpg",640,640,640,640,0.250000,0.700000,5.522462,85.339615,0.324923,136.711000,1,"Xiaomi M2012K10C"
"465999e3-1a1b-4df6-91b5-90ff8459066c","2026-05-26T14:49:27.080657Z","01_yolo26n_base","YOLO26n base","benchmark/train/247_jpg.rf.6ee86540aec9ee72f5d8178435573360.jpg",640,640,640,640,0.250000,0.700000,5.309539,82.139384,0.312923,134.451077,1,"Xiaomi M2012K10C"
"2fb8db32-b622-425e-b7b5-af9aaa53b867","2026-05-26T14:49:27.221754Z","01_yolo26n_base","YOLO26n base","benchmark/train/IMG_3484_2_JPG.rf.3d50267b2a1aac8cab23f1db6abef147.jpg",640,640,640,640,0.250000,0.700000,5.571462,82.920000,0.323616,136.210462,1,"Xiaomi M2012K10C"
"f07f094f-ed7b-4400-9f9c-cb900f0c9c40","2026-05-26T14:49:27.362882Z","01_yolo26n_base","YOLO26n base","benchmark/train/IMG_3238_JPG.rf.f5ee5ab852956f12250318768364639e.jpg",640,640,640,640,0.250000,0.700000,5.643692,84.432692,0.321154,135.968538,1,"Xiaomi M2012K10C"
"bc47422f-c76b-4d24-82a6-1da41ba46eb8","2026-05-26T14:49:27.501614Z","01_yolo26n_base","YOLO26n base","benchmark/train/IMG_3433_JPG.rf.5dcf309560df12c338c603d7ba25dc08.jpg",640,640,640,640,0.250000,0.700000,5.363462,81.660385,0.308615,133.553000,1,"Xiaomi M2012K10C"
"b6e2bc35-b556-4df8-88c8-625f71bd1a2e","2026-05-26T14:49:27.646320Z","01_yolo26n_base","YOLO26n base","benchmark/test/IMG_2802_2_JPG.rf.cb486ce1f7fa04d622f99c4b39cf32dc.jpg",640,640,640,640,0.250000,0.700000,6.068692,86.156846,0.324693,139.584077,1,"Xiaomi M2012K10C"
"d772a1c9-cfc0-4713-9326-2bb8539f69e8","2026-05-26T14:49:27.785442Z","01_yolo26n_base","YOLO26n base","benchmark/train/757_jpg.rf.e9d97bc366bc885fb9a16f2034de3baf.jpg",640,640,640,640,0.250000,0.700000,5.156692,84.179693,0.309846,134.953000,1,"Xiaomi M2012K10C"
"4fb7fd6c-eea0-4265-b65c-01f16784caad","2026-05-26T14:49:27.929812Z","01_yolo26n_base","YOLO26n base","benchmark/train/IMG_3189_2_JPG.rf.9f9d6b58b739266312e6bc47de68e5a1.jpg",640,640,640,640,0.250000,0.700000,5.410769,84.980076,0.338770,139.271385,2,"Xiaomi M2012K10C"
"4f07f549-7b2a-41a1-9ec6-e6528ceb4728","2026-05-26T14:49:28.068389Z","01_yolo26n_base","YOLO26n base","benchmark/train/435_jpg.rf.d31a05e65fdba436f9f1466d75966db4.jpg",640,640,640,640,0.250000,0.700000,5.886769,81.117538,0.321846,133.016846,1,"Xiaomi M2012K10C"
"d685de6c-7f2c-4b8b-bf23-01b331c594fd","2026-05-26T14:49:28.206085Z","01_yolo26n_base","YOLO26n base","benchmark/train/IMG_2952_JPG.rf.b128b01e1df5bd6480b12e1e8ac03692.jpg",640,640,640,640,0.250000,0.700000,5.714385,79.462154,0.302846,131.880308,1,"Xiaomi M2012K10C"
"d28f3d5b-7867-4a9b-b53a-8c4881f91cfb","2026-05-26T14:49:28.348592Z","01_yolo26n_base","YOLO26n base","benchmark/train/IMG_2498_1_JPG.rf.7172e541ee0778ede60fee29dcc34cb5.jpg",640,640,640,640,0.250000,0.700000,6.148615,83.478693,0.340077,137.139077,1,"Xiaomi M2012K10C"
"2f6b1e25-2b9e-4c45-9f47-8f7810cc6c43","2026-05-26T14:49:28.491859Z","01_yolo26n_base","YOLO26n base","benchmark/valid/IMG_3139_1_JPG.rf.45bd5dfd2c7490d68f8e75aa25f7c687.jpg",640,640,640,640,0.250000,0.700000,5.557154,85.842769,0.401923,137.722769,1,"Xiaomi M2012K10C"
"87cee069-7f95-4c80-b826-795d4069b394","2026-05-26T14:49:28.636820Z","01_yolo26n_base","YOLO26n base","benchmark/train/PXL_20240125_083331116_jpg.rf.8276eb96dff2a4a141695d5c449821b0.jpg",640,640,640,640,0.250000,0.700000,5.037846,86.970692,0.337000,140.227692,1,"Xiaomi M2012K10C"
"cc56956b-c0c9-40c2-8625-695b6c3fe310","2026-05-26T14:49:28.776505Z","01_yolo26n_base","YOLO26n base","benchmark/test/637_jpg.rf.61b206816928614ee4f9800f329fbb94.jpg",640,640,640,640,0.250000,0.700000,5.911154,81.347154,0.294769,135.109923,1,"Xiaomi M2012K10C"
"f75eb0ff-f66d-4cdf-9d76-6b8a9fc71909","2026-05-26T14:49:28.918102Z","01_yolo26n_base","YOLO26n base","benchmark/train/IMG_2735_1_JPG.rf.74af748f0056dd03e1be8c7f27371017.jpg",640,640,640,640,0.250000,0.700000,5.492385,84.895769,0.325462,136.603385,1,"Xiaomi M2012K10C"
"699f636c-c34c-40aa-9b53-9b7d215444b8","2026-05-26T14:49:29.062277Z","01_yolo26n_base","YOLO26n base","benchmark/train/IMG_2831_1_JPG.rf.f9cabec18b85d377c8a9fec9351b4512.jpg",640,640,640,640,0.250000,0.700000,6.437770,84.879616,0.355077,138.532847,3,"Xiaomi M2012K10C"
"af0a20b7-81f5-40ac-939a-cfee6b2074c3","2026-05-26T14:49:29.206163Z","01_yolo26n_base","YOLO26n base","benchmark/train/IMG_2910_2_JPG.rf.72c9d0ad8c7b3fb25e0d74dd7752e2ae.jpg",640,640,640,640,0.250000,0.700000,5.313308,86.225770,0.329538,138.083385,1,"Xiaomi M2012K10C"
"ea428b10-33a7-4028-8f93-2a22a9c38584","2026-05-26T14:49:29.348976Z","01_yolo26n_base","YOLO26n base","benchmark/test/760_jpg.rf.2dd3a520b2f0afa75e87e057118d20ea.jpg",640,640,640,640,0.250000,0.700000,5.745308,85.516077,0.343000,138.227077,1,"Xiaomi M2012K10C"
"6b0464ef-faab-475a-952e-e315326efd64","2026-05-26T14:49:29.495411Z","01_yolo26n_base","YOLO26n base","benchmark/train/IMG_2374_1_JPG.rf.91594ebeedaddbf1ed1c90d4c7466558.jpg",640,640,640,640,0.250000,0.700000,6.116615,88.315308,0.320000,141.110154,1,"Xiaomi M2012K10C"
"7287fa48-8357-4b30-a9d1-6ae3d832cb3d","2026-05-26T14:49:29.644185Z","01_yolo26n_base","YOLO26n base","benchmark/train/IMG_3346_1_JPG.rf.a7a33b2d388ef2f7090790f89cf70834.jpg",640,640,640,640,0.250000,0.700000,5.317461,89.700923,0.321539,143.635077,1,"Xiaomi M2012K10C"
"52884328-4045-4e48-be71-3254fb5374f3","2026-05-26T14:49:29.787414Z","01_yolo26n_base","YOLO26n base","benchmark/train/IMG_2923_2_JPG.rf.88c110964732f0891db2cb777aaa5b00.jpg",640,640,640,640,0.250000,0.700000,6.853230,84.903923,0.338231,138.070461,1,"Xiaomi M2012K10C"
"fec24d2f-b888-4c2f-bce7-3a3ffc73beb8","2026-05-26T14:49:29.929412Z","01_yolo26n_base","YOLO26n base","benchmark/train/IMG_2825_JPG.rf.6ea3b10c1bbc4d925411cb0473fbd8d9.jpg",640,640,640,640,0.250000,0.700000,5.428307,85.513615,0.306077,136.895923,1,"Xiaomi M2012K10C"
"f0e35bff-4c96-4b56-819f-96af3e4ae9b7","2026-05-26T14:49:30.069812Z","01_yolo26n_base","YOLO26n base","benchmark/train/IMG_3562_2_JPG.rf.9df1c623506fadd66c8ee489fbd15395.jpg",640,640,640,640,0.250000,0.700000,5.612077,83.312923,0.341539,135.641923,1,"Xiaomi M2012K10C"
"bf3c9648-74ad-42e3-b61d-49f03459da69","2026-05-26T14:49:30.215608Z","01_yolo26n_base","YOLO26n base","benchmark/valid/IMG_2754_1_JPG.rf.325bebf06d3b8249ecf105e4fa3bad85.jpg",640,640,640,640,0.250000,0.700000,6.289923,87.018693,0.313538,140.242769,1,"Xiaomi M2012K10C"
"c5485a4f-bd66-48c4-9061-a298f4fb0e92","2026-05-26T14:49:30.370003Z","01_yolo26n_base","YOLO26n base","benchmark/train/IMG_3313_1_JPG.rf.af062f076c027e280992e825b82b5e0d.jpg",640,640,640,640,0.250000,0.700000,5.348923,98.595000,0.324615,149.711000,1,"Xiaomi M2012K10C"
"d1f39f18-8ca9-4fcc-9153-d1097b13baff","2026-05-26T14:49:30.508373Z","01_yolo26n_base","YOLO26n base","benchmark/train/IMG_2964_1_JPG.rf.aef506a6004bfc57a0686ee5f7202263.jpg",640,640,640,640,0.250000,0.700000,5.259615,81.186769,0.341539,132.229231,1,"Xiaomi M2012K10C"
"f8763cd2-92b2-4d1c-a2bb-1a6309850549","2026-05-26T14:49:30.649123Z","01_yolo26n_base","YOLO26n base","benchmark/test/IMG_2709_2_JPG.rf.682dfc0f36daa763b49c6f9bbae77484.jpg",640,640,640,640,0.250000,0.700000,5.930538,83.663154,0.323693,135.223154,1,"Xiaomi M2012K10C"
"44a172af-98e2-48b9-bb06-1da72f788462","2026-05-26T14:49:30.787943Z","01_yolo26n_base","YOLO26n base","benchmark/train/550_jpg.rf.23e75816148a31f0f340fb1ee9c41fae.jpg",640,640,640,640,0.250000,0.700000,6.292307,80.729538,0.418154,133.995692,1,"Xiaomi M2012K10C"
"668d3ef7-6918-492b-a0f1-c0cc717354a2","2026-05-26T14:49:30.928544Z","01_yolo26n_base","YOLO26n base","benchmark/valid/IMG_20240125_121547_535_jpg.rf.234b262e2dbb95b148fc116f3184235c.jpg",640,640,640,640,0.250000,0.700000,6.192000,82.036923,0.330539,135.047770,2,"Xiaomi M2012K10C"
"2370039a-1f7f-4bcb-8b27-60a7e409e9f6","2026-05-26T14:49:31.068479Z","01_yolo26n_base","YOLO26n base","benchmark/train/IMG_2788_1_JPG.rf.67d60f679412b35e7c1df228999d1e38.jpg",640,640,640,640,0.250000,0.700000,5.841846,81.352308,0.308615,132.876923,1,"Xiaomi M2012K10C"
"259ebe22-6bb8-48a0-a34f-f041b1acb8a9","2026-05-26T14:49:31.212858Z","01_yolo26n_base","YOLO26n base","benchmark/train/IMG_3068_2_JPG.rf.12e0dd771d46eb6bebf9d7f00a71a70a.jpg",640,640,640,640,0.250000,0.700000,6.143385,87.104923,0.338693,139.089539,1,"Xiaomi M2012K10C"
"5ccf39be-a841-4322-b383-6ea7a60e3763","2026-05-26T14:49:31.355440Z","01_yolo26n_base","YOLO26n base","benchmark/valid/1079_jpg.rf.3d3d14ff0af1523a342e21fd8697d100.jpg",640,640,640,640,0.250000,0.700000,6.119154,85.443461,0.324231,137.944000,1,"Xiaomi M2012K10C"
"018b207b-d01d-4af3-b41d-90c403357019","2026-05-26T14:49:31.500262Z","01_yolo26n_base","YOLO26n base","benchmark/train/IMG_3552_2_JPG.rf.a5952fa3520b9e5370d2475f2fbbbf3a.jpg",640,640,640,640,0.250000,0.700000,5.370462,86.142770,0.338846,139.937616,1,"Xiaomi M2012K10C"
"88ce916e-ada8-4576-b4a9-649638b38060","2026-05-26T14:49:31.643215Z","01_yolo26n_base","YOLO26n base","benchmark/valid/476_jpg.rf.536cc18d58b5d3ae9397394cd66c90b5.jpg",640,640,640,640,0.250000,0.700000,5.341539,86.231923,0.357616,138.704924,1,"Xiaomi M2012K10C"
"48527449-c014-4e32-8d5c-8476fd8cc24e","2026-05-26T14:49:31.785330Z","01_yolo26n_base","YOLO26n base","benchmark/test/210_jpg.rf.02a45884a2961e0591aa31c7d806ae92.jpg",640,640,640,640,0.250000,0.700000,5.559384,86.576385,0.284000,137.872923,1,"Xiaomi M2012K10C"
"87038f88-ae4d-4ac7-901b-7c4643438057","2026-05-26T14:49:31.926615Z","01_yolo26n_base","YOLO26n base","benchmark/valid/1391_jpg.rf.494b60df96ae5493574699e8db1c74a4.jpg",640,640,640,640,0.250000,0.700000,5.511077,84.997615,0.327077,136.356923,1,"Xiaomi M2012K10C"
"c801cd7e-b511-412d-ad2b-666e58676ffa","2026-05-26T14:49:32.103032Z","01_yolo26n_base","YOLO26n base","benchmark/train/888_jpg.rf.0dd27be3a84076135a06f12de14b3d84.jpg",640,640,640,640,0.250000,0.700000,6.101462,117.330462,0.368384,171.835077,1,"Xiaomi M2012K10C"
"0ec3ea92-c19c-42b9-9afe-dde1cf871d84","2026-05-26T14:49:32.271917Z","01_yolo26n_base","YOLO26n base","benchmark/train/IMG_2783_1_JPG.rf.008e6ddc425f580561a7428058579439.jpg",640,640,640,640,0.250000,0.700000,6.252846,104.768231,0.393538,162.201153,1,"Xiaomi M2012K10C"
"f523ea37-9cb4-4c9d-9e83-dca2335d6027","2026-05-26T14:49:32.422762Z","01_yolo26n_base","YOLO26n base","benchmark/train/IMG_2875_JPG.rf.10bf9c77688bff21ceba6ddfdb702fb9.jpg",640,640,640,640,0.250000,0.700000,5.598770,91.592231,0.295154,145.245539,1,"Xiaomi M2012K10C"
"35acbf16-6e2e-4bdb-9886-608d6f5b30cf","2026-05-26T14:49:32.565042Z","01_yolo26n_base","YOLO26n base","benchmark/train/434_jpg.rf.138929106f8c20a4cbe372844f7c5404.jpg",640,640,640,640,0.250000,0.700000,5.921231,85.120231,0.285923,137.945000,1,"Xiaomi M2012K10C"
"53dde969-2fe6-4d16-9c74-566f002509aa","2026-05-26T14:49:32.712844Z","01_yolo26n_base","YOLO26n base","benchmark/train/IMG_2717_1_JPG.rf.6e479d986ae32c20cb77075b5d6f7c99.jpg",640,640,640,640,0.250000,0.700000,5.635692,89.825461,0.307077,142.742154,1,"Xiaomi M2012K10C"
"239cde2a-d404-4393-9dcf-c9ccd3749f06","2026-05-26T14:49:32.853814Z","01_yolo26n_base","YOLO26n base","benchmark/train/IMG_2350_1_JPG.rf.b25a92fcbdac5414dc0c1f67d2362c7e.jpg",640,640,640,640,0.250000,0.700000,5.635692,83.916000,0.289308,135.801000,1,"Xiaomi M2012K10C"
"f1ef3f48-3f5b-45c5-95f7-6e9208728ee5","2026-05-26T14:49:34.177957Z","01_yolo26n_base","YOLO26n base","benchmark/train/IMG_3094_1_JPG.rf.4c8171d071c5add55b4292662ea0caba.jpg",640,640,640,640,0.250000,0.700000,4.787923,79.016539,0.270846,129.913539,1,"Xiaomi M2012K10C"
"741cbc76-4270-43e3-8415-d6f230ac7966","2026-05-26T14:49:34.313033Z","01_yolo26n_base","YOLO26n base","benchmark/train/IMG_3430_2_JPG.rf.c9d7883211e1389906029f621a31e630.jpg",640,640,640,640,0.250000,0.700000,6.204308,77.011615,0.253308,130.339077,1,"Xiaomi M2012K10C"
"6f831e9e-e166-4e2c-bf98-284f49a585ab","2026-05-26T14:49:34.448433Z","01_yolo26n_base","YOLO26n base","benchmark/train/IMG_2381_JPG.rf.54029ad1a48cdef4d2c6aa19dc6dde50.jpg",640,640,640,640,0.250000,0.700000,5.527770,79.019384,0.270385,130.359693,1,"Xiaomi M2012K10C"
"3dcf9e3f-9a5d-48dd-8a86-4f1f908f3216","2026-05-26T14:49:34.586196Z","01_yolo26n_base","YOLO26n base","benchmark/train/IMG_3061_JPG.rf.9f0c270bb8533495d54bcf09bd4cf8a2.jpg",640,640,640,640,0.250000,0.700000,5.362461,82.286769,0.279693,133.150154,1,"Xiaomi M2012K10C"
"1ad54dfc-a42a-4e0e-ab74-57da4eddded8","2026-05-26T14:49:34.729032Z","01_yolo26n_base","YOLO26n base","benchmark/train/IMG_3590_JPG.rf.a199fd81225f373e763915d50e744af5.jpg",640,640,640,640,0.250000,0.700000,5.658154,86.547154,0.272846,137.909538,1,"Xiaomi M2012K10C"
"da39b4f0-b699-4516-a6e9-fad69d04cfc9","2026-05-26T14:49:34.870203Z","01_yolo26n_base","YOLO26n base","benchmark/train/IMG_3448_JPG.rf.7b9cf0cff8c79663c37544c0b7150c79.jpg",640,640,640,640,0.250000,0.700000,5.444693,84.849461,0.289231,136.636616,1,"Xiaomi M2012K10C"
"6eacb20f-0cc0-499e-89bc-c8b9b2fb93e5","2026-05-26T14:49:35.007193Z","01_yolo26n_base","YOLO26n base","benchmark/train/490_jpg.rf.38bfc4a541a2830e0a3e04631d691caa.jpg",640,640,640,640,0.250000,0.700000,5.919076,81.135462,0.292538,132.845461,1,"Xiaomi M2012K10C"
"2a6b8a2c-cad9-491d-8554-05054a613784","2026-05-26T14:49:35.143892Z","01_yolo26n_base","YOLO26n base","benchmark/valid/IMG_2465_2_JPG.rf.56ad801a27a894fab397cbf000418bdc.jpg",640,640,640,640,0.250000,0.700000,5.628308,80.769846,0.349615,131.790231,1,"Xiaomi M2012K10C"
"5b734427-a8f3-4b8a-be77-62c4d5de4a30","2026-05-26T14:49:35.282784Z","01_yolo26n_base","YOLO26n base","benchmark/train/IMG_2242_2_JPG.rf.05f65555586788fc97cd1f6d4f5a23fa.jpg",640,640,640,640,0.250000,0.700000,5.732923,82.028615,0.319385,134.047154,1,"Xiaomi M2012K10C"
"86be7390-db58-4d53-ad5a-afa7f0464176","2026-05-26T14:49:35.422386Z","01_yolo26n_base","YOLO26n base","benchmark/train/IMG_2784_1_JPG.rf.9d3d8121e34ac3c492c88721bc0b0a6c.jpg",640,640,640,640,0.250000,0.700000,5.961923,82.668615,0.291692,134.421923,1,"Xiaomi M2012K10C"
"2f80d340-c828-49f9-ba83-469c90d3b76e","2026-05-26T14:49:35.569335Z","01_yolo26n_base","YOLO26n base","benchmark/train/IMG_3018_1_JPG.rf.482b43607b025cbbfdcdf965671edeb7.jpg",640,640,640,640,0.250000,0.700000,5.781231,84.940000,0.282769,141.715077,2,"Xiaomi M2012K10C"
"04c27e34-b2a5-4320-b5e8-cb58edfc3f9c","2026-05-26T14:49:35.709056Z","01_yolo26n_base","YOLO26n base","benchmark/train/IMG_2369_2_JPG.rf.a99840795a060c1e8ae4fb361d3113e8.jpg",640,640,640,640,0.250000,0.700000,5.951308,81.167385,0.276692,134.463385,1,"Xiaomi M2012K10C"
"8f1c9c77-d862-4730-aa73-b3aac0b893d4","2026-05-26T14:49:35.849256Z","01_yolo26n_base","YOLO26n base","benchmark/train/IMG_2856_2_JPG.rf.75d376e22605bd392c74d78060300081.jpg",640,640,640,640,0.250000,0.700000,5.467615,83.651077,0.306154,135.472538,1,"Xiaomi M2012K10C"
"c25c7e62-b416-4a4f-962a-f3b9efe668f5","2026-05-26T14:49:35.993414Z","01_yolo26n_base","YOLO26n base","benchmark/train/IMG_2830_JPG.rf.5c28772426a39389e930b065e74b4892.jpg",640,640,640,640,0.250000,0.700000,5.355308,86.374462,0.330385,138.219924,3,"Xiaomi M2012K10C"
"73d3f78b-f73b-49f8-aca6-df48fb688da9","2026-05-26T14:49:36.134545Z","01_yolo26n_base","YOLO26n base","benchmark/train/355_jpg.rf.8b0ef16e2c8a8d91f457243530cfe3c6.jpg",640,640,640,640,0.250000,0.700000,6.011154,83.072308,0.263077,136.163077,1,"Xiaomi M2012K10C"
"645b13bc-4946-4291-a800-3a8a8d87c051","2026-05-26T14:49:36.279643Z","01_yolo26n_base","YOLO26n base","benchmark/valid/IMG_3277_JPG.rf.3653bfec882c69a7c7fd749c18eaba07.jpg",640,640,640,640,0.250000,0.700000,5.458231,88.894462,0.318692,140.639077,1,"Xiaomi M2012K10C"
"cf2fbf97-420b-4d32-854c-a9d91183b497","2026-05-26T14:49:36.426113Z","01_yolo26n_base","YOLO26n base","benchmark/test/1061_jpg.rf.d87f185db741bd72135191eb5fc954a4.jpg",640,640,640,640,0.250000,0.700000,6.320077,88.955385,0.298769,141.998846,1,"Xiaomi M2012K10C"
"6fb0c3e2-287e-4e41-adf6-eb9ca701a8ea","2026-05-26T14:49:36.568776Z","01_yolo26n_base","YOLO26n base","benchmark/valid/IMG_3407_1_JPG.rf.87368a1c829fcf7e9f6a943966971aed.jpg",640,640,640,640,0.250000,0.700000,5.411000,86.412307,0.273154,137.773769,1,"Xiaomi M2012K10C"
"07b058aa-236c-44c2-bb31-a12443e0ee56","2026-05-26T14:49:36.708384Z","01_yolo26n_base","YOLO26n base","benchmark/train/738_jpg.rf.abfc12be099d1cdb49e5d04de8d03f4a.jpg",640,640,640,640,0.250000,0.700000,5.608077,84.284077,0.295308,135.502769,1,"Xiaomi M2012K10C"
"d0af81aa-5739-473c-9e02-07854a48c108","2026-05-26T14:49:36.852364Z","01_yolo26n_base","YOLO26n base","benchmark/valid/IMG_2700_1_JPG.rf.e6114969489795d6f373188753e30b45.jpg",640,640,640,640,0.250000,0.700000,6.462384,86.155077,0.295461,138.814769,1,"Xiaomi M2012K10C"
"2f403948-c22f-46a1-854c-7e4293104676","2026-05-26T14:49:37.008699Z","01_yolo26n_base","YOLO26n base","benchmark/train/IMG_3539_1_JPG.rf.71e14eb12359115f66fcd0675fa56725.jpg",640,640,640,640,0.250000,0.700000,5.750692,92.437923,0.313154,151.277769,1,"Xiaomi M2012K10C"
"38111ca6-c5cd-4052-817f-bf0ce5fd6c95","2026-05-26T14:49:37.158366Z","01_yolo26n_base","YOLO26n base","benchmark/train/IMG_3295_1_JPG.rf.14433ff38bd0a3739bf1a3ab8dd06f05.jpg",640,640,640,640,0.250000,0.700000,6.676000,91.268847,0.302461,144.439000,1,"Xiaomi M2012K10C"
"b8c6c675-b052-46a7-996e-c21cb24af1c0","2026-05-26T14:49:37.304402Z","01_yolo26n_base","YOLO26n base","benchmark/test/1400_jpg.rf.6cd83d269e1c1cf90cc336dc2a6cf522.jpg",640,640,640,640,0.250000,0.700000,5.960000,89.606462,0.312231,141.179693,1,"Xiaomi M2012K10C"
"e346066a-5c9e-45b5-b252-590980c0c9d7","2026-05-26T14:49:37.450765Z","01_yolo26n_base","YOLO26n base","benchmark/train/IMG_3019_1_JPG.rf.81cd47dcf7da6478e86b9a5f77e6163c.jpg",640,640,640,640,0.250000,0.700000,5.772539,84.083077,0.341230,141.393154,2,"Xiaomi M2012K10C"
"ff1dc125-b0f0-453f-b6c6-5fd9385e0f40","2026-05-26T14:49:37.599392Z","01_yolo26n_base","YOLO26n base","benchmark/train/IMG_3242_2_JPG.rf.f71f9a4f35bbd423be6880f9aeb72949.jpg",640,640,640,640,0.250000,0.700000,5.373923,92.133769,0.315461,143.214846,1,"Xiaomi M2012K10C"
"bae03450-53c1-420f-b757-727d14c721a0","2026-05-26T14:49:37.745099Z","01_yolo26n_base","YOLO26n base","benchmark/train/IMG_2331_2_JPG.rf.aaebcf5a9cc508dbbefd2454e156041c.jpg",640,640,640,640,0.250000,0.700000,6.574692,86.082154,0.335076,139.939076,1,"Xiaomi M2012K10C"
"39e014bb-41e4-4a4b-9eb3-55a03d95e66a","2026-05-26T14:49:37.892763Z","01_yolo26n_base","YOLO26n base","benchmark/valid/IMG_2589_1_JPG.rf.724772c2f3b1d5c58d87846e22878e86.jpg",640,640,640,640,0.250000,0.700000,7.419077,86.786231,0.335384,141.183692,2,"Xiaomi M2012K10C"
"6de0b8b1-d89e-46c3-87a4-ba4ea0219787","2026-05-26T14:49:38.036608Z","01_yolo26n_base","YOLO26n base","benchmark/train/IMG_2510_JPG.rf.9047c38c3bf22a652be14c21aa4bcd8e.jpg",640,640,640,640,0.250000,0.700000,5.594154,84.499000,0.311692,138.192231,1,"Xiaomi M2012K10C"
"b6a08c23-489e-4a1d-b217-def4a0f5ec02","2026-05-26T14:49:38.185900Z","01_yolo26n_base","YOLO26n base","benchmark/train/IMG_3466_1_JPG.rf.e5673c7f631fb58279986cc64942a707.jpg",640,640,640,640,0.250000,0.700000,6.230154,88.305615,0.325846,143.415385,1,"Xiaomi M2012K10C"
"954f7ece-06e0-42eb-982d-289424295030","2026-05-26T14:49:38.329285Z","01_yolo26n_base","YOLO26n base","benchmark/valid/IMG_2987_2_JPG.rf.4ac391317c05c2941b1b02f0b5702c20.jpg",640,640,640,640,0.250000,0.700000,6.098461,84.318154,0.309846,136.212923,1,"Xiaomi M2012K10C"
"63b95cd3-3a9a-43c8-b19b-8674f02471d9","2026-05-26T14:49:38.480569Z","01_yolo26n_base","YOLO26n base","benchmark/train/888_jpg.rf.0dd27be3a84076135a06f12de14b3d84.jpg",640,640,640,640,0.250000,0.700000,6.777307,90.762077,0.320077,145.944384,1,"Xiaomi M2012K10C"
"13814c59-5d57-4962-aaf6-1675dafee269","2026-05-26T14:49:38.624332Z","01_yolo26n_base","YOLO26n base","benchmark/train/IMG_2486_1_JPG.rf.094281713fe3504432522b7dd0c1e240.jpg",640,640,640,640,0.250000,0.700000,6.460308,86.292846,0.316077,138.563769,1,"Xiaomi M2012K10C"
"6664f94d-923a-42bc-b004-06f5a73328a2","2026-05-26T14:49:38.788340Z","01_yolo26n_base","YOLO26n base","benchmark/test/1585_jpg.rf.9fa13900eed64abb95bcb9c33d756e8d.jpg",640,640,640,640,0.250000,0.700000,6.750231,93.892000,0.308000,159.122462,1,"Xiaomi M2012K10C"
"78c44b97-7f99-48c2-953b-53011ef87c0b","2026-05-26T14:49:38.936459Z","01_yolo26n_base","YOLO26n base","benchmark/train/IMG_3325_JPG.rf.3b380634bcb4133b77cd9db147bb3fbf.jpg",640,640,640,640,0.250000,0.700000,9.029231,87.835769,0.344923,142.825000,2,"Xiaomi M2012K10C"
"e69db25b-a63c-4aee-8514-bf8a5d9078bd","2026-05-26T14:49:39.083707Z","01_yolo26n_base","YOLO26n base","benchmark/test/1423_jpg.rf.f4d75513149700a2b071b3ad2991bf6b.jpg",640,640,640,640,0.250000,0.700000,6.566692,88.960616,0.309846,141.178769,1,"Xiaomi M2012K10C"
"f2375f3b-cd4f-4dc8-ad6b-92100226dfe3","2026-05-26T14:49:39.243428Z","01_yolo26n_base","YOLO26n base","benchmark/train/592_jpg.rf.7674da9b51eef66b61e3353498af928d.jpg",640,640,640,640,0.250000,0.700000,6.230462,94.019462,0.297461,154.996846,1,"Xiaomi M2012K10C"
"40898312-e31e-4282-b01f-fc67525493c6","2026-05-26T14:49:39.391849Z","01_yolo26n_base","YOLO26n base","benchmark/train/501_jpg.rf.a91ebd92769c294b90fcfb625a1ea7dd.jpg",640,640,640,640,0.250000,0.700000,5.781539,91.819385,0.381538,143.686769,1,"Xiaomi M2012K10C"
"ecfa65e7-b976-4e5b-acb7-8d7d7eee8eea","2026-05-26T14:49:39.543679Z","01_yolo26n_base","YOLO26n base","benchmark/train/IMG_2628_JPG.rf.7f7a207fc258b080f48e01879dc8eb58.jpg",640,640,640,640,0.250000,0.700000,6.476538,89.788000,0.316692,146.476307,1,"Xiaomi M2012K10C"
"28e83660-504f-4a75-8a28-28ffe6ab6b3e","2026-05-26T14:49:39.702398Z","01_yolo26n_base","YOLO26n base","benchmark/train/IMG_2651_JPG.rf.3df4542fca0b5406507e665309654b08.jpg",640,640,640,640,0.250000,0.700000,6.210154,92.270462,0.344692,153.152615,1,"Xiaomi M2012K10C"
"501e45a7-8be9-40c7-ba1b-42e5f92b0ce9","2026-05-26T14:49:39.861424Z","01_yolo26n_base","YOLO26n base","benchmark/train/IMG_3206_JPG.rf.a4b2e4f89309b71938072d04ad479780.jpg",640,640,640,640,0.250000,0.700000,5.749231,95.059385,0.341615,153.155769,1,"Xiaomi M2012K10C"
"eec16dd0-735c-4901-a9f1-3a0db66952e8","2026-05-26T14:49:40.011279Z","01_yolo26n_base","YOLO26n base","benchmark/train/348_jpg.rf.915865a30cc814cd45f9d00da66f582d.jpg",640,640,640,640,0.250000,0.700000,7.242231,89.970077,0.340384,144.630846,1,"Xiaomi M2012K10C"
"ca54edca-28bf-44c2-a555-1b7498613a56","2026-05-26T14:49:40.164162Z","01_yolo26n_base","YOLO26n base","benchmark/test/195_jpg.rf.10863976162044ed815bb70e21b02b4a.jpg",640,640,640,640,0.250000,0.700000,6.322538,94.865847,0.343077,147.334462,1,"Xiaomi M2012K10C"
"27f3195d-67fb-42f6-a7b9-857faba60485","2026-05-26T14:49:40.313412Z","01_yolo26n_base","YOLO26n base","benchmark/train/IMG_2638_JPG.rf.a4fa59828279d5cc805f2f25869287af.jpg",640,640,640,640,0.250000,0.700000,6.933846,88.449539,0.327461,143.481538,1,"Xiaomi M2012K10C"
"d31219a9-e256-438f-8083-4775769f3eae","2026-05-26T14:49:40.460096Z","01_yolo26n_base","YOLO26n base","benchmark/train/IMG_3319_JPG.rf.8a589aaeabd79ba5052d9ff5852682b7.jpg",640,640,640,640,0.250000,0.700000,7.122769,86.426384,0.424077,140.586846,1,"Xiaomi M2012K10C"
"ae8cc921-b205-4116-8de1-3869931c9b03","2026-05-26T14:49:40.625979Z","01_yolo26n_base","YOLO26n base","benchmark/valid/IMG_3240_JPG.rf.7a6d79ee71208da3fde8d5a58df6708a.jpg",640,640,640,640,0.250000,0.700000,6.911770,96.170462,0.347692,159.260077,1,"Xiaomi M2012K10C"
"d1273535-aecd-4992-a176-376f84224ca2","2026-05-26T14:49:40.781736Z","01_yolo26n_base","YOLO26n base","benchmark/train/IMG_2876_1_JPG.rf.43d77e8e9092bea62f7e3eedf9079322.jpg",640,640,640,640,0.250000,0.700000,5.604693,96.663770,0.387384,148.827154,3,"Xiaomi M2012K10C"
"9b752ebb-b88e-4e20-b7d6-a3f8f025c3ca","2026-05-26T14:49:40.932283Z","01_yolo26n_base","YOLO26n base","benchmark/train/IMG_2268_2_JPG.rf.b6d249e2e8f84a367326ba717e68ab9c.jpg",640,640,640,640,0.250000,0.700000,7.619693,88.548539,0.357230,142.636000,1,"Xiaomi M2012K10C"
"5409535a-a78a-4ec5-ad06-0b1d49ba88fd","2026-05-26T14:49:41.090140Z","01_yolo26n_base","YOLO26n base","benchmark/train/IMG_3037_JPG.rf.a4747070ea8670c7052e2ad21c5e47d2.jpg",640,640,640,640,0.250000,0.700000,7.369538,97.705000,0.353231,151.397615,1,"Xiaomi M2012K10C"
"a00c6746-56dc-458f-800e-5229f5b68050","2026-05-26T14:49:41.240125Z","01_yolo26n_base","YOLO26n base","benchmark/train/IMG_2804_2_JPG.rf.eb7150c2365639b80c137938ffa40b7d.jpg",640,640,640,640,0.250000,0.700000,6.683770,91.055000,0.452923,143.551693,1,"Xiaomi M2012K10C"
"e38f4147-a999-41ce-bb68-2247c411c727","2026-05-26T14:49:41.403396Z","01_yolo26n_base","YOLO26n base","benchmark/train/IMG_3632_1_JPG.rf.1e18b27384fad23aed3e43de0b95ec69.jpg",640,640,640,640,0.250000,0.700000,6.558539,91.384307,0.380693,156.504385,2,"Xiaomi M2012K10C"
"3a9404d9-fb72-435d-af60-6963d66a7b94","2026-05-26T14:49:41.561745Z","01_yolo26n_base","YOLO26n base","benchmark/test/774_jpg.rf.1eb92a001154bfeb8a12626723c1a5f9.jpg",640,640,640,640,0.250000,0.700000,6.462538,99.097538,0.368539,152.066154,1,"Xiaomi M2012K10C"
"f7b664c1-f047-45a2-b2ce-8036ce88d2df","2026-05-26T14:49:41.717171Z","01_yolo26n_base","YOLO26n base","benchmark/valid/212_jpg.rf.0db9b62ede00e47dbce1b334d8fd5bfc.jpg",640,640,640,640,0.250000,0.700000,7.863077,95.821308,0.360538,149.851692,1,"Xiaomi M2012K10C"
"a02070a8-4498-4112-9587-68df5420c5ca","2026-05-26T14:49:41.876446Z","01_yolo26n_base","YOLO26n base","benchmark/test/1004_jpg.rf.081add0eafdbab1c4c11520715cbef3d.jpg",640,640,640,640,0.250000,0.700000,8.021846,96.957461,0.327693,153.556308,1,"Xiaomi M2012K10C"
"e0224605-e556-48ae-b2e7-1461367a8085","2026-05-26T14:49:42.039250Z","01_yolo26n_base","YOLO26n base","benchmark/train/IMG_2896_1_JPG.rf.fdc92097c60c71136f5b65b165db2255.jpg",640,640,640,640,0.250000,0.700000,5.829615,84.549462,0.370846,157.117000,1,"Xiaomi M2012K10C"
"519ce2a1-68d1-4e16-b5f3-0b7319d23dd5","2026-05-26T14:49:42.192051Z","01_yolo26n_base","YOLO26n base","benchmark/train/PXL_20240125_121900315_jpg.rf.626393d8623f33a33d408221303c60e3.jpg",640,640,640,640,0.250000,0.700000,8.392846,90.540615,0.446462,146.071077,1,"Xiaomi M2012K10C"
"602c8a66-3c2c-4023-8f51-e00544ee87e8","2026-05-26T14:49:42.349315Z","01_yolo26n_base","YOLO26n base","benchmark/train/245_jpg.rf.f4e68aab3836c32bdfaa7361321fd396.jpg",640,640,640,640,0.250000,0.700000,7.721923,97.696231,0.357615,151.991769,1,"Xiaomi M2012K10C"
"d57e285e-0771-47ec-b1c1-94270acea451","2026-05-26T14:49:42.506487Z","01_yolo26n_base","YOLO26n base","benchmark/train/IMG_3361_JPG.rf.c015a4ca139362e8a677f004c2d33a96.jpg",640,640,640,640,0.250000,0.700000,7.121846,98.195077,0.394692,151.444846,1,"Xiaomi M2012K10C"
"67c4cf6c-8bcd-44da-832e-8399ac0ef0d1","2026-05-26T14:49:42.669993Z","01_yolo26n_base","YOLO26n base","benchmark/valid/IMG_3606_2_JPG.rf.913a437fccfe5a1b2656fafc447575d4.jpg",640,640,640,640,0.250000,0.700000,7.908923,101.692077,0.371615,156.554384,2,"Xiaomi M2012K10C"
"2757d72a-2767-4c05-8e62-8061b687007f","2026-05-26T14:49:42.827985Z","01_yolo26n_base","YOLO26n base","benchmark/train/IMG_3103_1_JPG.rf.86000377060e46680a37611effbb32b9.jpg",640,640,640,640,0.250000,0.700000,6.532231,94.612616,0.389923,151.378462,1,"Xiaomi M2012K10C"
"19ddea9d-dda0-496d-9ed7-376970e7b3f8","2026-05-26T14:49:42.992964Z","01_yolo26n_base","YOLO26n base","benchmark/valid/IMG_2800_1_JPG.rf.42676e54a38e091fe3871b6cd02e4596.jpg",640,640,640,640,0.250000,0.700000,6.586231,96.532000,0.364846,159.647384,1,"Xiaomi M2012K10C"
"8f311796-792a-4e9c-846b-a723f9f2e198","2026-05-26T14:49:43.153096Z","01_yolo26n_base","YOLO26n base","benchmark/train/495_jpg.rf.c559260601bf56a565a61dcb260d5a00.jpg",640,640,640,640,0.250000,0.700000,5.968077,85.948231,0.374538,154.865615,1,"Xiaomi M2012K10C"
"1519121f-be92-43c9-9bd0-37d0b14e1b60","2026-05-26T14:49:43.306835Z","01_yolo26n_base","YOLO26n base","benchmark/valid/IMG_3091_JPG.rf.749fcb3c5aeebbcee69ef7fa9c882ac6.jpg",640,640,640,640,0.250000,0.700000,7.400923,92.726154,0.332615,146.758154,1,"Xiaomi M2012K10C"
"93e77bba-531e-46ef-ad21-8d360c503e13","2026-05-26T14:49:43.459391Z","01_yolo26n_base","YOLO26n base","benchmark/test/1005_jpg.rf.64b3abc5e7cfa15a1cf6fcdad43dfd74.jpg",640,640,640,640,0.250000,0.700000,6.690462,91.105153,0.350154,147.315692,1,"Xiaomi M2012K10C"
"a935d345-fd9a-4154-a4ad-84ed3a2db7d9","2026-05-26T14:49:43.631506Z","01_yolo26n_base","YOLO26n base","benchmark/train/IMG_2910_2_JPG.rf.72c9d0ad8c7b3fb25e0d74dd7752e2ae.jpg",640,640,640,640,0.250000,0.700000,6.273846,98.803077,0.437462,165.541539,1,"Xiaomi M2012K10C"
"203ef35c-8d8c-402b-b037-ac569bf034cd","2026-05-26T14:49:43.784072Z","01_yolo26n_base","YOLO26n base","benchmark/train/IMG_3084_1_JPG.rf.38ccd86a9c3a14894cd36a18a9515b30.jpg",640,640,640,640,0.250000,0.700000,5.229770,95.563770,0.472000,147.332616,1,"Xiaomi M2012K10C"
"cf423e9c-97ba-439b-984a-2cdca326571d","2026-05-26T14:49:43.943728Z","01_yolo26n_base","YOLO26n base","benchmark/train/1217_jpg.rf.d493b78605c1a3e26fff909c704cfb11.jpg",640,640,640,640,0.250000,0.700000,8.933462,97.625154,0.435461,153.824000,1,"Xiaomi M2012K10C"
"a8ff6ce1-1a8a-4fd1-8c92-2a8c21bb5699","2026-05-26T14:49:44.102850Z","01_yolo26n_base","YOLO26n base","benchmark/train/IMG_3498_1_JPG.rf.f971c3cc31607dedf1cc26d4a0c20158.jpg",640,640,640,640,0.250000,0.700000,7.901231,97.395462,0.342461,152.417615,1,"Xiaomi M2012K10C"
"075ba62f-0f08-4700-92fe-ccbbf3dec344","2026-05-26T14:49:44.270666Z","01_yolo26n_base","YOLO26n base","benchmark/train/IMG_3010_2_JPG.rf.5b786e80ad6d56aa4ec6ac0263e675a0.jpg",640,640,640,640,0.250000,0.700000,7.199769,107.465539,0.332307,161.732615,1,"Xiaomi M2012K10C"
"a2e61ee1-09b3-4725-acd9-7fa7123c0309","2026-05-26T14:49:44.428384Z","01_yolo26n_base","YOLO26n base","benchmark/valid/486_jpg.rf.8b056b402223dd019fb9bd43083024a2.jpg",640,640,640,640,0.250000,0.700000,9.065231,89.996692,0.410385,153.073769,1,"Xiaomi M2012K10C"
"862d0e09-a825-4d45-bed7-52393bc4bb04","2026-05-26T14:49:44.603744Z","01_yolo26n_base","YOLO26n base","benchmark/valid/730_jpg.rf.c296cbf624336f72e4034f5621d70dee.jpg",640,640,640,640,0.250000,0.700000,7.683154,110.054231,0.393461,170.052923,1,"Xiaomi M2012K10C"
"80ecd632-f0e7-4edf-ae93-8247f7a48e0e","2026-05-26T14:49:44.786860Z","01_yolo26n_base","YOLO26n base","benchmark/train/IMG_3556_2_JPG.rf.93fd6e4b60efc1f629577b852671cd1b.jpg",640,640,640,640,0.250000,0.700000,5.444000,102.287692,0.454770,178.607923,1,"Xiaomi M2012K10C"
"840febf2-f7bf-4692-b9b6-5d7a9d8be9df","2026-05-26T14:49:44.947034Z","01_yolo26n_base","YOLO26n base","benchmark/train/IMG_2708_2_JPG.rf.01324997f47af51b982d5a1e7b01b514.jpg",640,640,640,640,0.250000,0.700000,6.273307,100.057923,0.420923,152.622230,1,"Xiaomi M2012K10C"
"87526e05-2c30-4d15-8519-4eb1d3220599","2026-05-26T14:49:45.110221Z","01_yolo26n_base","YOLO26n base","benchmark/train/547_jpg.rf.41cab7f98797cfc86329dda5b8a2e002.jpg",640,640,640,640,0.250000,0.700000,7.215693,102.938231,0.429846,157.223462,1,"Xiaomi M2012K10C"
"01411fd4-bcc6-432b-8232-a5ec68590b20","2026-05-26T14:49:45.272390Z","01_yolo26n_base","YOLO26n base","benchmark/train/IMG_3026_1_JPG.rf.a06ae0c11f0eb710adb74ff059d7a4fa.jpg",640,640,640,640,0.250000,0.700000,7.232384,100.612231,0.433308,154.771769,1,"Xiaomi M2012K10C"
"a5e9f006-83a3-4df0-b43c-eea43d6e932b","2026-05-26T14:49:45.432996Z","01_yolo26n_base","YOLO26n base","benchmark/train/999_jpg.rf.a58ef896fea62aadc101c6146a5239a5.jpg",640,640,640,640,0.250000,0.700000,5.841231,98.322231,0.338692,156.564000,1,"Xiaomi M2012K10C"
"97367e39-b30b-40ba-81a5-478eb45168ad","2026-05-26T14:49:45.585730Z","01_yolo26n_base","YOLO26n base","benchmark/train/IMG_2209_JPG.rf.55fad5dafa8adc0f95d7d67269fa68dd.jpg",640,640,640,640,0.250000,0.700000,5.608615,90.931769,0.353538,147.424615,1,"Xiaomi M2012K10C"
"4e915159-485e-4993-96ca-a175750acce1","2026-05-26T14:49:45.734060Z","01_yolo26n_base","YOLO26n base","benchmark/test/IMG_3425_2_JPG.rf.d585baa7e52eac208d3e0f2bfe8d6524.jpg",640,640,640,640,0.250000,0.700000,6.231462,87.440231,0.319692,142.796000,1,"Xiaomi M2012K10C"
"2a60c150-cf38-4eea-83bf-420a0d01fbb8","2026-05-26T14:49:45.892173Z","01_yolo26n_base","YOLO26n base","benchmark/valid/924_jpg.rf.a5e8b72e3fdb8bbfbbb6b6298f5aac99.jpg",640,640,640,640,0.250000,0.700000,6.316923,96.989846,0.398769,153.292384,1,"Xiaomi M2012K10C"
"454a87df-6e8e-4d98-8ac5-47f836733219","2026-05-26T14:49:46.052222Z","01_yolo26n_base","YOLO26n base","benchmark/train/IMG_3273_2_JPG.rf.95d815d5e87553713ec4cbe152915c50.jpg",640,640,640,640,0.250000,0.700000,7.280538,99.089000,0.344846,154.198076,1,"Xiaomi M2012K10C"
"11bb2c96-f98e-4e49-a1cd-58e8b6b700c0","2026-05-26T14:49:46.210763Z","01_yolo26n_base","YOLO26n base","benchmark/train/265_jpg.rf.db2deabdeb27213652b9491eaeba66c1.jpg",640,640,640,640,0.250000,0.700000,7.956923,97.983693,0.288000,153.465846,1,"Xiaomi M2012K10C"
"0d9ddef9-e36e-4896-bd56-70ec83cf1263","2026-05-26T14:49:46.373595Z","01_yolo26n_base","YOLO26n base","benchmark/valid/IMG_20240125_115148_708_jpg.rf.5d0f1d015d307dcf568a5b2c54dee4c0.jpg",640,640,640,640,0.250000,0.700000,7.883077,96.843384,0.370385,156.516308,1,"Xiaomi M2012K10C"
"cb642a53-067f-4f00-a9df-a1428026b05c","2026-05-26T14:49:46.532100Z","01_yolo26n_base","YOLO26n base","benchmark/test/IMG_3419_1_JPG.rf.0b7216c8e47f25b5b98005bb8019b7b9.jpg",640,640,640,640,0.250000,0.700000,8.563769,94.770154,0.442153,151.979384,1,"Xiaomi M2012K10C"
"ca5ce763-39b9-4612-b51b-3b9330d13cab","2026-05-26T14:49:46.688118Z","01_yolo26n_base","YOLO26n base","benchmark/train/380_jpg.rf.2a853f820613be7c8e47843d88a9321c.jpg",640,640,640,640,0.250000,0.700000,7.329923,97.062692,0.404308,150.841231,1,"Xiaomi M2012K10C"
"2437a888-5f93-46cc-9bd2-94f9f3fa2bc6","2026-05-26T14:49:46.844942Z","01_yolo26n_base","YOLO26n base","benchmark/valid/387_jpg.rf.4b086103f7010118e710c48387074e7e.jpg",640,640,640,640,0.250000,0.700000,5.480308,97.858539,0.362077,152.678154,1,"Xiaomi M2012K10C"
"67f61f2a-6ab5-4a9a-b39c-cac065197c73","2026-05-26T14:49:47.000371Z","01_yolo26n_base","YOLO26n base","benchmark/train/424_jpg.rf.f833b43daef5c1e8e883f095d178666c.jpg",640,640,640,640,0.250000,0.700000,7.269539,94.858154,0.404846,150.233462,1,"Xiaomi M2012K10C"
"644b295c-b043-4d2b-9c8b-5dfad2123f9b","2026-05-26T14:49:47.162930Z","01_yolo26n_base","YOLO26n base","benchmark/train/IMG_2751_1_JPG.rf.9754944058dfede5cf4f3d3a276100e6.jpg",640,640,640,640,0.250000,0.700000,6.729615,98.176847,0.361846,156.172308,1,"Xiaomi M2012K10C"
"a465a5d0-736c-4a60-850c-2c3ceeba40f3","2026-05-26T14:49:47.342006Z","01_yolo26n_base","YOLO26n base","benchmark/test/IMG_2380_2_JPG.rf.af7912f64319dd47f0ee59c6006ed321.jpg",640,640,640,640,0.250000,0.700000,7.668000,99.788308,0.351615,172.750077,1,"Xiaomi M2012K10C"
"3a9cc560-fb74-4293-9271-5d10cde9abb6","2026-05-26T14:49:47.500693Z","01_yolo26n_base","YOLO26n base","benchmark/train/IMG_3623_JPG.rf.eb1a2ceafa55861cc1ac23f11cf08605.jpg",640,640,640,640,0.250000,0.700000,6.865231,99.671385,0.308307,152.491000,1,"Xiaomi M2012K10C"
"36b5ff1a-dbaa-477d-b7f1-3173f1e3db75","2026-05-26T14:49:47.664920Z","01_yolo26n_base","YOLO26n base","benchmark/valid/IMG_3567_JPG.rf.5b020eed8ed6aed31bfd47f57cdf6423.jpg",640,640,640,640,0.250000,0.700000,5.761000,99.116000,0.368846,159.532615,2,"Xiaomi M2012K10C"
"81a6ac56-90ae-40c0-b8ba-69efec9ac2d5","2026-05-26T14:49:47.828841Z","01_yolo26n_base","YOLO26n base","benchmark/train/374_jpg.rf.1e482d2f337fc4f4c4557483a9111a08.jpg",640,640,640,640,0.250000,0.700000,7.600847,103.959308,0.359077,157.959924,1,"Xiaomi M2012K10C"
"45833685-e3e3-41bb-8987-2e3f506a21aa","2026-05-26T14:49:47.991783Z","01_yolo26n_base","YOLO26n base","benchmark/train/IMG_2377_JPG.rf.df14a4c57a07a38683a01eeb053b57d6.jpg",640,640,640,640,0.250000,0.700000,8.859923,99.682539,0.318769,156.009846,4,"Xiaomi M2012K10C"
"78becd6d-42d3-4f1e-92f4-11ff2bbc5a3f","2026-05-26T14:49:48.182583Z","01_yolo26n_base","YOLO26n base","benchmark/train/IMG_3054_2_JPG.rf.6851e516cbc5c201f60216bb7c4bca74.jpg",640,640,640,640,0.250000,0.700000,8.847384,96.343308,0.284000,182.438769,1,"Xiaomi M2012K10C"
"3b6c6094-c9a4-4156-9056-fc266f3c7369","2026-05-26T14:49:48.332243Z","01_yolo26n_base","YOLO26n base","benchmark/train/IMG_2695_2_JPG.rf.7a94e91050b1c4aff7dda366888f5745.jpg",640,640,640,640,0.250000,0.700000,5.921000,90.578769,0.304923,143.792077,1,"Xiaomi M2012K10C"
"d3697197-a8e3-474f-a2d0-f0494566a9f7","2026-05-26T14:49:48.493517Z","01_yolo26n_base","YOLO26n base","benchmark/train/IMG_3422_1_JPG.rf.98aa3c33fd149f3fa97860c44c3c7038.jpg",640,640,640,640,0.250000,0.700000,5.755462,98.414231,0.373538,156.090846,1,"Xiaomi M2012K10C"
"9ab6e4ce-2ac3-4197-a1e3-a824ba43232b","2026-05-26T14:49:48.651367Z","01_yolo26n_base","YOLO26n base","benchmark/train/IMG_3587_1_JPG.rf.eb52c60e894f718c4dda8ec45e28bc1c.jpg",640,640,640,640,0.250000,0.700000,5.558462,92.499923,0.368923,152.802154,1,"Xiaomi M2012K10C"
"2901ce93-eab5-4771-8a28-7cb04b8a7701","2026-05-26T14:49:48.806793Z","01_yolo26n_base","YOLO26n base","benchmark/train/301_jpg.rf.de9eda237901b483c77f1bdfec461dec.jpg",640,640,640,640,0.250000,0.700000,7.611308,93.103077,0.333769,150.343308,1,"Xiaomi M2012K10C"
"8b8275e7-9c5a-46d9-ad54-c9de3e0c8e2a","2026-05-26T14:49:48.959841Z","01_yolo26n_base","YOLO26n base","benchmark/valid/1399_jpg.rf.575f573286f4a6b3088a1bbc72ebcf37.jpg",640,640,640,640,0.250000,0.700000,6.736923,94.668307,0.427000,148.431923,1,"Xiaomi M2012K10C"
"0d4f0204-4e35-4929-9161-61fef08190ff","2026-05-26T14:49:49.124151Z","01_yolo26n_base","YOLO26n base","benchmark/train/412_jpg.rf.1cb5a6aa62657a21434b7e3c415cdd4b.jpg",640,640,640,640,0.250000,0.700000,7.820231,98.165462,0.457231,159.171308,1,"Xiaomi M2012K10C"
"47d4b6c6-c7c5-41ff-80a1-35374bdb6518","2026-05-26T14:49:49.290447Z","01_yolo26n_base","YOLO26n base","benchmark/train/IMG_2562_JPG.rf.11614ae6fbc71d77f191b88d503c18e2.jpg",640,640,640,640,0.250000,0.700000,6.857308,101.646231,0.319307,161.082769,2,"Xiaomi M2012K10C"
"46836af3-edc2-4787-8219-dd511b6d667f","2026-05-26T14:49:49.444494Z","01_yolo26n_base","YOLO26n base","benchmark/train/1322_jpg.rf.4fafff9f9af2d8318c39978ba0745ff3.jpg",640,640,640,640,0.250000,0.700000,6.659154,94.024846,0.312385,149.094231,1,"Xiaomi M2012K10C"
"09858abd-a5bd-4563-be78-88000ba95c92","2026-05-26T14:49:53.745645Z","02_yolo26n_edgelite","YOLO26n EdgeLite","benchmark/train/440_jpg.rf.96adfcaab1e590f375c0e69f5cf4836a.jpg",640,640,640,640,0.250000,0.700000,11.405000,216.959923,0.297231,341.409539,1,"Xiaomi M2012K10C"
"1d332cc8-1a59-4aad-ac37-90b8995ace45","2026-05-26T14:49:53.906332Z","02_yolo26n_edgelite","YOLO26n EdgeLite","benchmark/train/IMG_3079_JPG.rf.26403ea3b2beb69444c09e998624c791.jpg",640,640,640,640,0.250000,0.700000,4.772846,110.814462,0.273230,155.811615,2,"Xiaomi M2012K10C"
"1b1a48b1-a9fd-4bb2-966a-03355dae53fe","2026-05-26T14:49:54.052372Z","02_yolo26n_edgelite","YOLO26n EdgeLite","benchmark/train/IMG_3208_2_JPG.rf.c33d8f02147867cf0d3c9c0af1e5883e.jpg",640,640,640,640,0.250000,0.700000,6.450385,88.748539,0.230461,141.226692,1,"Xiaomi M2012K10C"
"8bdd64dd-a91e-4891-ae2f-91e00465f742","2026-05-26T14:49:54.188737Z","02_yolo26n_edgelite","YOLO26n EdgeLite","benchmark/valid/IMG_2655_1_JPG.rf.beebb929a0910dd2ca4dc5e12ec9a228.jpg",640,640,640,640,0.250000,0.700000,5.689846,78.717154,0.265846,131.186077,1,"Xiaomi M2012K10C"
"6c4e18fd-7c27-45d7-af86-f4cb8e2da2ba","2026-05-26T14:49:54.320550Z","02_yolo26n_edgelite","YOLO26n EdgeLite","benchmark/train/943_jpg.rf.a52cfcd1f640774b593a437d2f9eed08.jpg",640,640,640,640,0.250000,0.700000,5.350539,75.343308,0.332615,127.553539,1,"Xiaomi M2012K10C"
"9c3225b0-07a8-418d-a4c3-37b0b4d19c06","2026-05-26T14:49:54.453367Z","02_yolo26n_edgelite","YOLO26n EdgeLite","benchmark/train/IMG_2383_1_JPG.rf.389afe2d0b207b28448a018aa5280a18.jpg",640,640,640,640,0.250000,0.700000,5.740000,75.779385,0.319692,127.754154,1,"Xiaomi M2012K10C"
"5e23cb58-8279-4805-b1c8-c8282ce2865c","2026-05-26T14:49:54.583117Z","02_yolo26n_edgelite","YOLO26n EdgeLite","benchmark/train/368_jpg.rf.740126f5ac40235b7b68ddc57311bbb3.jpg",640,640,640,640,0.250000,0.700000,5.229846,74.085154,0.296077,125.158538,1,"Xiaomi M2012K10C"
"e3ad813f-57e8-4f0f-889a-ac8db9bb942a","2026-05-26T14:49:54.713426Z","02_yolo26n_edgelite","YOLO26n EdgeLite","benchmark/train/IMG_2508_JPG.rf.5d5cb15bf1123b375b590d6aa789ab9f.jpg",640,640,640,640,0.250000,0.700000,5.621462,73.460000,0.297769,125.343000,1,"Xiaomi M2012K10C"
"a095406c-9fdc-4bb0-aadc-fffeecda637c","2026-05-26T14:49:54.846268Z","02_yolo26n_edgelite","YOLO26n EdgeLite","benchmark/train/IMG_3256_JPG.rf.7e3de325bf21e1c49bdf5a280b536242.jpg",640,640,640,640,0.250000,0.700000,5.854846,75.088616,0.312000,127.758154,1,"Xiaomi M2012K10C"
"7e0cb0cc-cc95-4b18-9a85-830d67764e65","2026-05-26T14:49:54.979226Z","02_yolo26n_edgelite","YOLO26n EdgeLite","benchmark/test/1061_jpg.rf.d87f185db741bd72135191eb5fc954a4.jpg",640,640,640,640,0.250000,0.700000,5.346461,75.723385,0.307077,128.479385,1,"Xiaomi M2012K10C"
"f0201831-d39e-40ea-828b-d5e02e06a20a","2026-05-26T14:49:55.109512Z","02_yolo26n_edgelite","YOLO26n EdgeLite","benchmark/valid/IMG_2819_JPG.rf.71fbd4c07c4b13bf683391f7526556b7.jpg",640,640,640,640,0.250000,0.700000,5.571692,72.407692,0.279385,124.835000,1,"Xiaomi M2012K10C"
"014547b7-4c09-4aaf-b96c-a7368aa73008","2026-05-26T14:49:55.240720Z","02_yolo26n_edgelite","YOLO26n EdgeLite","benchmark/train/PXL_20240125_070041515_jpg.rf.b604a47210d078aa7f7822c56db5f203.jpg",640,640,640,640,0.250000,0.700000,5.259462,74.150385,0.269846,126.080000,2,"Xiaomi M2012K10C"
"1b4b2a56-b067-44f6-807c-a523b5051b09","2026-05-26T14:49:55.373202Z","02_yolo26n_edgelite","YOLO26n EdgeLite","benchmark/train/317_jpg.rf.edb21119cbe8cf3b462135f660802331.jpg",640,640,640,640,0.250000,0.700000,5.484000,75.206539,0.281231,127.752000,1,"Xiaomi M2012K10C"
"6aee4841-f2ce-4df0-9a89-34562dd504b0","2026-05-26T14:49:55.504921Z","02_yolo26n_edgelite","YOLO26n EdgeLite","benchmark/train/IMG_3052_2_JPG.rf.08ecbbc3c79e18f673d152f84a62927c.jpg",640,640,640,640,0.250000,0.700000,5.785538,74.615615,0.327693,126.528000,1,"Xiaomi M2012K10C"
"5b1f4ec3-7737-42b3-9fe8-d94ce532fe4d","2026-05-26T14:49:55.647235Z","02_yolo26n_edgelite","YOLO26n EdgeLite","benchmark/valid/IMG_3480_2_JPG.rf.f01378f79b0abf7779905f5dff19ff00.jpg",640,640,640,640,0.250000,0.700000,5.247692,83.657308,0.360307,137.398769,1,"Xiaomi M2012K10C"
"58593de2-3815-4cae-b927-1e6b8ef69a10","2026-05-26T14:49:55.789504Z","02_yolo26n_edgelite","YOLO26n EdgeLite","benchmark/train/IMG_3056_2_JPG.rf.d8ee56624241fbec29ba0a39473606a5.jpg",640,640,640,640,0.250000,0.700000,5.960692,84.739615,0.227077,136.711692,1,"Xiaomi M2012K10C"
"b765e80c-7f6f-4c1a-8c79-7d0d9a1615d6","2026-05-26T14:49:55.929722Z","02_yolo26n_edgelite","YOLO26n EdgeLite","benchmark/train/621_jpg.rf.dccd8c21a977385a3a78ae24689c5330.jpg",640,640,640,640,0.250000,0.700000,5.609462,84.436616,0.287384,136.011077,1,"Xiaomi M2012K10C"
"5c3138a7-798e-4031-bbe3-303c08204117","2026-05-26T14:49:56.072043Z","02_yolo26n_edgelite","YOLO26n EdgeLite","benchmark/train/1216_jpg.rf.e50219613820f391b7fefe0aaae349c2.jpg",640,640,640,640,0.250000,0.700000,5.968077,85.957769,0.515693,137.868308,1,"Xiaomi M2012K10C"
"ceaee3a1-507c-4634-a0ce-9089a2203dfd","2026-05-26T14:49:56.218876Z","02_yolo26n_edgelite","YOLO26n EdgeLite","benchmark/train/242_jpg.rf.3c082deeac753dab98c3bf3e00bd0cc7.jpg",640,640,640,640,0.250000,0.700000,5.479692,90.875385,0.291384,142.096000,1,"Xiaomi M2012K10C"
"8b6d9d12-7cd2-4b8e-be1d-e9ae2737675a","2026-05-26T14:49:56.362733Z","02_yolo26n_edgelite","YOLO26n EdgeLite","benchmark/train/IMG_2734_JPG.rf.59043f271b23a75d9a8108915b6383d3.jpg",640,640,640,640,0.250000,0.700000,5.332616,85.789538,0.237231,138.985539,1,"Xiaomi M2012K10C"
"77e8e586-6563-4b63-bc62-3a216a9c1fd6","2026-05-26T14:49:56.511327Z","02_yolo26n_edgelite","YOLO26n EdgeLite","benchmark/valid/IMG_3048_2_JPG.rf.2cee72236a229e45a2167f2a3383a688.jpg",640,640,640,640,0.250000,0.700000,6.240000,91.635154,0.304615,143.853230,1,"Xiaomi M2012K10C"
"121d44ed-dd48-4751-a583-7eb7bc87f23b","2026-05-26T14:49:56.654992Z","02_yolo26n_edgelite","YOLO26n EdgeLite","benchmark/train/IMG_3584_2_JPG.rf.02d7fc910241180ad69b3c6079ab49b1.jpg",640,640,640,640,0.250000,0.700000,5.170769,87.734769,0.280616,138.708923,1,"Xiaomi M2012K10C"
"1392dea8-12dd-4e09-89c7-b097071b311d","2026-05-26T14:49:56.801884Z","02_yolo26n_edgelite","YOLO26n EdgeLite","benchmark/train/452_jpg.rf.1bd250ad2e8ba7c9ef97b6d0d5a8e68d.jpg",640,640,640,640,0.250000,0.700000,5.455769,89.523077,0.335693,142.442462,1,"Xiaomi M2012K10C"
"466869f1-c8e5-4b83-8974-6a2d1ff8697c","2026-05-26T14:49:56.977280Z","02_yolo26n_edgelite","YOLO26n EdgeLite","benchmark/train/IMG_3259_1_JPG.rf.4a5145ea768664e7e46a33655d52934b.jpg",640,640,640,640,0.250000,0.700000,5.939923,90.216308,0.222153,170.220538,1,"Xiaomi M2012K10C"
"6197ac30-2507-4f1d-89fc-7576f3a915cc","2026-05-26T14:49:57.119490Z","02_yolo26n_edgelite","YOLO26n EdgeLite","benchmark/train/IMG_2663_JPG.rf.77fe91cb12393d1308a2577cfff73177.jpg",640,640,640,640,0.250000,0.700000,5.466770,80.732307,0.319000,137.402077,1,"Xiaomi M2012K10C"
"0fab915d-08b8-4a3d-b8e4-f9e737510935","2026-05-26T14:49:57.261307Z","02_yolo26n_edgelite","YOLO26n EdgeLite","benchmark/train/PXL_20240125_083319026_jpg.rf.707e88ac0de952058d2dd23deca43607.jpg",640,640,640,640,0.250000,0.700000,5.678769,84.738769,0.261231,136.585846,1,"Xiaomi M2012K10C"
"27e0ffcd-08c8-4d71-8bac-ba27793c0c5e","2026-05-26T14:49:57.406540Z","02_yolo26n_edgelite","YOLO26n EdgeLite","benchmark/train/IMG_2637_2_JPG.rf.e9349f8b6acd570134e06ee1b6a03018.jpg",640,640,640,640,0.250000,0.700000,5.707385,88.279000,0.260693,140.265616,1,"Xiaomi M2012K10C"
"c7d3dd8b-f46d-4db5-8d39-2cc2be59a32a","2026-05-26T14:49:57.548595Z","02_yolo26n_edgelite","YOLO26n EdgeLite","benchmark/train/IMG_2772_JPG.rf.dede7d1646397f9ce1ac1353c67dab7f.jpg",640,640,640,640,0.250000,0.700000,5.575693,85.091616,0.277923,137.324693,1,"Xiaomi M2012K10C"
"25c41810-0196-4236-ba2d-d02b08b33823","2026-05-26T14:49:57.693502Z","02_yolo26n_edgelite","YOLO26n EdgeLite","benchmark/valid/IMG_3194_JPG.rf.57d00f791c723ea4760d37a68986c62a.jpg",640,640,640,640,0.250000,0.700000,5.799076,88.111462,0.278769,139.800307,2,"Xiaomi M2012K10C"
"3ef9a14a-25ed-41b9-9d93-1bd840197a60","2026-05-26T14:49:57.835427Z","02_yolo26n_edgelite","YOLO26n EdgeLite","benchmark/train/1324_jpg.rf.6e4d5541125a232fa6c8973f89fff59d.jpg",640,640,640,640,0.250000,0.700000,5.268077,84.378153,0.303000,137.345846,1,"Xiaomi M2012K10C"
"62b65d76-cf02-4eeb-857d-b65f8601a364","2026-05-26T14:49:57.983254Z","02_yolo26n_edgelite","YOLO26n EdgeLite","benchmark/train/IMG_3489_2_JPG.rf.7428fddeefefd37176dde0a50b1f3135.jpg",640,640,640,640,0.250000,0.700000,5.626770,90.394769,0.251692,142.597923,1,"Xiaomi M2012K10C"
"100835b4-9a85-4c29-9ce4-cf1a16445df9","2026-05-26T14:49:58.127294Z","02_yolo26n_edgelite","YOLO26n EdgeLite","benchmark/train/471_jpg.rf.cc679438646bc8a138218f5f581720d1.jpg",640,640,640,640,0.250000,0.700000,5.299692,87.924307,0.336000,139.773230,1,"Xiaomi M2012K10C"
"e758c3c5-3ae8-4e1c-9d26-44f2dda046be","2026-05-26T14:49:58.276304Z","02_yolo26n_edgelite","YOLO26n EdgeLite","benchmark/valid/387_jpg.rf.4b086103f7010118e710c48387074e7e.jpg",640,640,640,640,0.250000,0.700000,6.292000,90.256539,0.274538,144.361538,1,"Xiaomi M2012K10C"
"2072dbbd-a8fa-4a64-8ad2-f1af3afc88b7","2026-05-26T14:49:58.420255Z","02_yolo26n_edgelite","YOLO26n EdgeLite","benchmark/train/IMG_3067_2_JPG.rf.0a8da6595e384307e758c906c94c302e.jpg",640,640,640,640,0.250000,0.700000,5.347154,87.094692,0.310538,139.168692,1,"Xiaomi M2012K10C"
"f164c101-7b72-4a27-b0fe-2cc2533f5937","2026-05-26T14:49:58.564503Z","02_yolo26n_edgelite","YOLO26n EdgeLite","benchmark/train/651_jpg.rf.65d9a2a3ee53f6f1c46c137819cfaf30.jpg",640,640,640,640,0.250000,0.700000,6.011770,85.428000,0.373231,139.615385,1,"Xiaomi M2012K10C"
"9a0eefe2-3cab-42f8-a20d-56d0cba5fd20","2026-05-26T14:49:58.708314Z","02_yolo26n_edgelite","YOLO26n EdgeLite","benchmark/train/322_jpg.rf.48dd8e88b77e509fff94a3a26694462f.jpg",640,640,640,640,0.250000,0.700000,6.121153,86.323692,0.325308,138.495077,1,"Xiaomi M2012K10C"
"238a7253-2561-4d52-a6ef-d6883c0d3c1e","2026-05-26T14:49:58.854914Z","02_yolo26n_edgelite","YOLO26n EdgeLite","benchmark/train/IMG_2742_1_JPG.rf.b97af2751ac396aa03b57f49c0577e33.jpg",640,640,640,640,0.250000,0.700000,6.125923,87.775307,0.265231,140.909538,1,"Xiaomi M2012K10C"
"0636f562-c600-48f9-94f6-727e0e14e3bf","2026-05-26T14:49:59.000438Z","02_yolo26n_edgelite","YOLO26n EdgeLite","benchmark/valid/IMG_3014_2_JPG.rf.9ba58e8d2d73fe28320bcf99ff3295b8.jpg",640,640,640,640,0.250000,0.700000,5.978770,86.545846,0.351385,140.226847,1,"Xiaomi M2012K10C"
"2f6c408f-c992-443c-bfbe-6ad6c144185f","2026-05-26T14:49:59.144827Z","02_yolo26n_edgelite","YOLO26n EdgeLite","benchmark/train/IMG_3317_JPG.rf.f6bb5eeebccd8abeb126eb3e9d864b72.jpg",640,640,640,640,0.250000,0.700000,6.265231,86.065616,0.269538,139.013923,1,"Xiaomi M2012K10C"
"1069afb4-86fa-4ed8-9f2e-920f525d4c49","2026-05-26T14:49:59.288222Z","02_yolo26n_edgelite","YOLO26n EdgeLite","benchmark/train/590_jpg.rf.73123acc75edf9673c4662b5c2d8082f.jpg",640,640,640,640,0.250000,0.700000,5.480615,85.274231,0.286693,138.482462,1,"Xiaomi M2012K10C"
"5aa9f3cb-2f6d-4c60-bf13-0f5517813d83","2026-05-26T14:49:59.436389Z","02_yolo26n_edgelite","YOLO26n EdgeLite","benchmark/train/IMG_20240125_153412_511_jpg.rf.ef239566156a3ce488692b5699ca1b90.jpg",640,640,640,640,0.250000,0.700000,6.917615,89.112923,0.283307,142.786461,1,"Xiaomi M2012K10C"
"d1c48441-7761-4138-aac5-0dfd3dcc7468","2026-05-26T14:49:59.576226Z","02_yolo26n_edgelite","YOLO26n EdgeLite","benchmark/train/IMG_3297_JPG.rf.767bd2a5cc42a34af6f4b9880624e247.jpg",640,640,640,640,0.250000,0.700000,5.615077,82.642385,0.250462,134.607077,1,"Xiaomi M2012K10C"
"7331ab4e-d680-4d24-8093-a27143c23f37","2026-05-26T14:49:59.728407Z","02_yolo26n_edgelite","YOLO26n EdgeLite","benchmark/train/IMG_3203_1_JPG.rf.494395ea31b7917da9c9777eea046a4c.jpg",640,640,640,640,0.250000,0.700000,7.141539,92.506077,0.273231,146.628308,1,"Xiaomi M2012K10C"
"52d071be-3e46-4554-bc39-f89dcf3552f3","2026-05-26T14:49:59.879847Z","02_yolo26n_edgelite","YOLO26n EdgeLite","benchmark/train/1065_jpg.rf.2f6cf83f5a1438c27403efa3bce139e7.jpg",640,640,640,640,0.250000,0.700000,5.961923,94.797538,0.357231,147.121539,1,"Xiaomi M2012K10C"
"627c2baa-4194-4085-aa02-7ca79ed98f89","2026-05-26T14:50:00.026743Z","02_yolo26n_edgelite","YOLO26n EdgeLite","benchmark/test/1368_jpg.rf.81a7dcc05d28919c6dbd5cc642c5f4be.jpg",640,640,640,640,0.250000,0.700000,6.644692,87.378538,0.288000,141.748077,1,"Xiaomi M2012K10C"
"3971693a-b0b3-4f47-bd10-ce5aa62a2786","2026-05-26T14:50:00.176713Z","02_yolo26n_edgelite","YOLO26n EdgeLite","benchmark/train/507_jpg.rf.207d76300ac29b241a6660c679097e06.jpg",640,640,640,640,0.250000,0.700000,6.332923,92.704615,0.226692,145.307923,1,"Xiaomi M2012K10C"
"3d54624b-7708-405a-8d05-0a0de0a05b46","2026-05-26T14:50:00.322573Z","02_yolo26n_edgelite","YOLO26n EdgeLite","benchmark/train/IMG_2504_2_JPG.rf.799dacaf3c677a53c56a044aa8ef7512.jpg",640,640,640,640,0.250000,0.700000,5.428000,89.234461,0.255924,141.081231,1,"Xiaomi M2012K10C"
"fbf626eb-0e03-40f5-a06d-69dd8d9cbdba","2026-05-26T14:50:00.467214Z","02_yolo26n_edgelite","YOLO26n EdgeLite","benchmark/valid/IMG_2937_2_JPG.rf.48e25c97afeedbfb76daad06a3475026.jpg",640,640,640,640,0.250000,0.700000,6.594462,83.435461,0.285846,138.821000,1,"Xiaomi M2012K10C"
"b72db099-8bb6-404f-8421-b6852d50fb52","2026-05-26T14:50:00.619325Z","02_yolo26n_edgelite","YOLO26n EdgeLite","benchmark/valid/IMG_2438_1_JPG.rf.7145bda67c53de64b24d31abfb43c21b.jpg",640,640,640,640,0.250000,0.700000,6.458692,92.141000,0.321231,146.223384,1,"Xiaomi M2012K10C"
"4581b4df-e89a-4f5e-b6e8-b1495dcefbee","2026-05-26T14:50:00.772155Z","02_yolo26n_edgelite","YOLO26n EdgeLite","benchmark/train/IMG_2745_1_JPG.rf.9616df33638f8206d1e9142dade7caf2.jpg",640,640,640,640,0.250000,0.700000,7.188308,86.919076,0.319385,142.793923,1,"Xiaomi M2012K10C"
"451b1128-375d-4009-9752-2bb6f9369be6","2026-05-26T14:50:00.919325Z","02_yolo26n_edgelite","YOLO26n EdgeLite","benchmark/train/1217_jpg.rf.d493b78605c1a3e26fff909c704cfb11.jpg",640,640,640,640,0.250000,0.700000,6.181462,89.275077,0.276000,142.348847,1,"Xiaomi M2012K10C"
"c151f30e-0d95-40e4-a345-9714bebc9933","2026-05-26T14:50:01.068456Z","02_yolo26n_edgelite","YOLO26n EdgeLite","benchmark/train/IMG_2989_1_JPG.rf.18de35a60dc4a88c0b152163ca0ba5ec.jpg",640,640,640,640,0.250000,0.700000,5.956923,89.549539,0.259000,143.695385,1,"Xiaomi M2012K10C"
"7c85351d-ac35-46e4-ad7d-e7b987411906","2026-05-26T14:50:01.214362Z","02_yolo26n_edgelite","YOLO26n EdgeLite","benchmark/valid/IMG_3546_1_JPG.rf.0787ac656a5bf40eada920a3fe7279c1.jpg",640,640,640,640,0.250000,0.700000,5.625539,87.854769,0.291769,140.464000,1,"Xiaomi M2012K10C"
"122ac52d-c7a8-4d92-aeb5-7c173a3e1d8a","2026-05-26T14:50:01.364923Z","02_yolo26n_edgelite","YOLO26n EdgeLite","benchmark/train/PXL_20240125_125002207_jpg.rf.e71816443632c954b8fc0dc1a248a983.jpg",640,640,640,640,0.250000,0.700000,6.614538,91.212000,0.261924,145.252077,2,"Xiaomi M2012K10C"
"99fbbff7-ee49-411e-9d51-e88003ec7d6e","2026-05-26T14:50:01.509583Z","02_yolo26n_edgelite","YOLO26n EdgeLite","benchmark/train/291_jpg.rf.727cfb45510f63567f3b6fed59651814.jpg",640,640,640,640,0.250000,0.700000,5.241615,86.255000,0.276923,140.319384,1,"Xiaomi M2012K10C"
"712a3bc2-d76c-4f4d-8fc7-c6f6b681838a","2026-05-26T14:50:01.665793Z","02_yolo26n_edgelite","YOLO26n EdgeLite","benchmark/train/IMG_2354_1_JPG.rf.e64bd058e534ab807c21dd4933b134d7.jpg",640,640,640,640,0.250000,0.700000,6.676230,96.737461,0.292000,150.934384,1,"Xiaomi M2012K10C"
"3f85e4d2-85f1-41a0-9ff1-ac5f556bd169","2026-05-26T14:50:01.818824Z","02_yolo26n_edgelite","YOLO26n EdgeLite","benchmark/train/IMG_3189_2_JPG.rf.9f9d6b58b739266312e6bc47de68e5a1.jpg",640,640,640,640,0.250000,0.700000,6.049000,88.499384,0.308308,147.466154,2,"Xiaomi M2012K10C"
"c8c4e6b6-b3a8-4b36-b6d3-5db008b01f44","2026-05-26T14:50:01.966527Z","02_yolo26n_edgelite","YOLO26n EdgeLite","benchmark/train/IMG_3601_JPG.rf.e90d97e4c2f1f9e7629d13d34591d8a8.jpg",640,640,640,640,0.250000,0.700000,5.789847,89.149923,0.290693,141.399693,1,"Xiaomi M2012K10C"
"3fc3ed24-47d9-48ed-b020-026358d23b95","2026-05-26T14:50:02.119744Z","02_yolo26n_edgelite","YOLO26n EdgeLite","benchmark/train/PXL_20240124_142907803_jpg.rf.4dcebdca852863a916e2b094f459ba19.jpg",640,640,640,640,0.250000,0.700000,6.409538,86.895461,0.248308,147.471692,1,"Xiaomi M2012K10C"
"8d8f6520-c4f5-4e01-852b-62ceed13637e","2026-05-26T14:50:02.269578Z","02_yolo26n_edgelite","YOLO26n EdgeLite","benchmark/test/IMG_2549_JPG.rf.60b930fda2176b9750be97519e292201.jpg",640,640,640,640,0.250000,0.700000,6.787692,89.016000,0.289462,144.328231,2,"Xiaomi M2012K10C"
"3a715bdd-6f27-48ee-b264-8f22d2826dd0","2026-05-26T14:50:02.429091Z","02_yolo26n_edgelite","YOLO26n EdgeLite","benchmark/test/303_jpg.rf.75e5ba3c05d6073b5f29af80f52282e2.jpg",640,640,640,640,0.250000,0.700000,6.202769,91.620923,0.347385,154.524539,1,"Xiaomi M2012K10C"
"98d92f1e-a44d-4f44-affb-5edd786b44b9","2026-05-26T14:50:02.586484Z","02_yolo26n_edgelite","YOLO26n EdgeLite","benchmark/train/IMG_2366_2_JPG.rf.3038944a5fc38dd2aa285b514944750e.jpg",640,640,640,640,0.250000,0.700000,8.240385,93.331307,0.234539,151.145616,1,"Xiaomi M2012K10C"
"ab93cee9-39a9-46ae-b3a1-0af67bf99783","2026-05-26T14:50:02.743435Z","02_yolo26n_edgelite","YOLO26n EdgeLite","benchmark/train/314_jpg.rf.0df797c89cf6efcb675084680a35fb39.jpg",640,640,640,640,0.250000,0.700000,5.912923,85.985616,0.281846,152.804616,1,"Xiaomi M2012K10C"
"6815b10f-26a7-4ee4-ad37-aee9ee5ecdd6","2026-05-26T14:50:02.894824Z","02_yolo26n_edgelite","YOLO26n EdgeLite","benchmark/test/205_jpg.rf.b59e203d145239727c13373da511201e.jpg",640,640,640,640,0.250000,0.700000,7.284000,89.523769,0.264923,146.059077,1,"Xiaomi M2012K10C"
"6c462955-cd79-46a3-9b7f-bcbe9e9bb307","2026-05-26T14:50:03.045547Z","02_yolo26n_edgelite","YOLO26n EdgeLite","benchmark/train/IMG_2364_1_JPG.rf.1c94284bd260412b38b766c448939358.jpg",640,640,640,640,0.250000,0.700000,7.600923,89.038462,0.277846,144.774384,1,"Xiaomi M2012K10C"
"ccdbae53-d856-495b-bf8b-4932706668d7","2026-05-26T14:50:03.201734Z","02_yolo26n_edgelite","YOLO26n EdgeLite","benchmark/valid/IMG_3324_JPG.rf.0aeba932132fdd453f6de0fab2e9bb30.jpg",640,640,640,640,0.250000,0.700000,6.130769,88.612385,0.312846,150.793846,2,"Xiaomi M2012K10C"
"377f24ad-5524-46f1-bddb-4b05005b4d34","2026-05-26T14:50:03.358328Z","02_yolo26n_edgelite","YOLO26n EdgeLite","benchmark/test/IMG_2879_JPG.rf.09f6206b1020644f5f5e4983253a9b7d.jpg",640,640,640,640,0.250000,0.700000,7.810153,93.082385,0.294539,149.292000,5,"Xiaomi M2012K10C"
"952aa402-be82-4a17-b703-22c9650ae682","2026-05-26T14:50:03.505677Z","02_yolo26n_edgelite","YOLO26n EdgeLite","benchmark/train/IMG_3629_JPG.rf.51c100d743efb85b401fe50f25639068.jpg",640,640,640,640,0.250000,0.700000,5.689154,89.116307,0.329616,140.850154,2,"Xiaomi M2012K10C"
"2fb67e41-0005-4d3b-8756-2da95d298662","2026-05-26T14:50:03.659212Z","02_yolo26n_edgelite","YOLO26n EdgeLite","benchmark/valid/IMG_2860_1_JPG.rf.d0f731bf8c1fed79ab66b41288ab7c92.jpg",640,640,640,640,0.250000,0.700000,6.966769,93.393770,0.251769,146.376923,1,"Xiaomi M2012K10C"
"5064d99c-6e79-46b7-8363-c39d6ed91f43","2026-05-26T14:50:03.805444Z","02_yolo26n_edgelite","YOLO26n EdgeLite","benchmark/valid/IMG_3465_1_JPG.rf.87e2ae9116a7d6df1480eda2b325c2b5.jpg",640,640,640,640,0.250000,0.700000,5.326539,88.008923,0.367077,141.372077,1,"Xiaomi M2012K10C"
"a4c97d47-dc31-48ee-ae49-50f5f467cc3c","2026-05-26T14:50:03.961259Z","02_yolo26n_edgelite","YOLO26n EdgeLite","benchmark/train/IMG_3206_JPG.rf.a4b2e4f89309b71938072d04ad479780.jpg",640,640,640,640,0.250000,0.700000,7.125846,92.615154,0.328615,149.767769,1,"Xiaomi M2012K10C"
"f24bbe00-434b-4ac5-8811-8a1804c0f723","2026-05-26T14:50:04.112786Z","02_yolo26n_edgelite","YOLO26n EdgeLite","benchmark/test/1049_jpg.rf.a55650b46592f226ebd1ad04f7b43c7c.jpg",640,640,640,640,0.250000,0.700000,7.686231,88.913231,0.274462,145.175077,1,"Xiaomi M2012K10C"
"eff1a29d-8c0f-4c87-a2f1-731eb741fb59","2026-05-26T14:50:04.264541Z","02_yolo26n_edgelite","YOLO26n EdgeLite","benchmark/train/861_jpg.rf.8121e190efa7be23c9ea1e1a1e70e949.jpg",640,640,640,640,0.250000,0.700000,5.532616,91.043462,0.369230,147.059769,1,"Xiaomi M2012K10C"
"68573b09-d37a-46d2-b8e6-1608cdaa8e93","2026-05-26T14:50:04.411103Z","02_yolo26n_edgelite","YOLO26n EdgeLite","benchmark/train/347_jpg.rf.48c03e335f70febbaa438660c8078638.jpg",640,640,640,640,0.250000,0.700000,6.954693,87.789000,0.307616,140.738693,1,"Xiaomi M2012K10C"
"0525944a-0024-4d1a-84f9-12c34b761293","2026-05-26T14:50:04.555822Z","02_yolo26n_edgelite","YOLO26n EdgeLite","benchmark/valid/IMG_2540_JPG.rf.64664d91945805fa70f10a4c60fc9662.jpg",640,640,640,640,0.250000,0.700000,5.290538,87.288077,0.308923,139.302231,1,"Xiaomi M2012K10C"
"cbfd72b2-2c7f-424e-80b8-df2e72617ae1","2026-05-26T14:50:04.700543Z","02_yolo26n_edgelite","YOLO26n EdgeLite","benchmark/valid/563_jpg.rf.a63b3c481ba47f49e0671f656db2ca37.jpg",640,640,640,640,0.250000,0.700000,5.794769,84.657308,0.254462,140.024308,1,"Xiaomi M2012K10C"
"b424add2-baa9-4438-ba2a-3ce5a4cf9d61","2026-05-26T14:50:04.855264Z","02_yolo26n_edgelite","YOLO26n EdgeLite","benchmark/valid/IMG_2692_1_JPG.rf.052e7052589c547809a67a8eae64f3ac.jpg",640,640,640,640,0.250000,0.700000,6.031385,88.208231,0.292000,148.796000,1,"Xiaomi M2012K10C"
"9b385b73-f1af-4e70-b0a1-fa0d4c955c96","2026-05-26T14:50:05.007260Z","02_yolo26n_edgelite","YOLO26n EdgeLite","benchmark/train/375_jpg.rf.af9f1329998bdc18d84a3752f41a0894.jpg",640,640,640,640,0.250000,0.700000,6.506769,88.441615,0.322462,146.508077,1,"Xiaomi M2012K10C"
"114f52ce-69a9-432b-bbc7-1cb90d2e3b18","2026-05-26T14:50:05.155741Z","02_yolo26n_edgelite","YOLO26n EdgeLite","benchmark/train/IMG_3221_2_JPG.rf.25ea2d66dec49a81deab0c97bd3b1c42.jpg",640,640,640,640,0.250000,0.700000,6.597538,89.604846,0.279154,142.283462,1,"Xiaomi M2012K10C"
"d6d68227-7321-4aae-b64b-86def6745466","2026-05-26T14:50:05.311641Z","02_yolo26n_edgelite","YOLO26n EdgeLite","benchmark/test/IMG_3268_JPG.rf.f5370d4a9335263e11377bba04ac582e.jpg",640,640,640,640,0.250000,0.700000,6.864307,89.207154,0.289769,150.200615,2,"Xiaomi M2012K10C"
"48e9dbfa-d234-4ebf-939b-4251868526fb","2026-05-26T14:50:05.451423Z","02_yolo26n_edgelite","YOLO26n EdgeLite","benchmark/train/202_jpg.rf.afe98ff1b736c1051581982c7659960a.jpg",640,640,640,640,0.250000,0.700000,7.329231,81.535077,0.258461,134.689461,1,"Xiaomi M2012K10C"
"39369ba5-7e90-40ba-90c9-6d1c8d8f59f2","2026-05-26T14:50:05.596743Z","02_yolo26n_edgelite","YOLO26n EdgeLite","benchmark/test/IMG_2489_1_JPG.rf.421efcae89544e40ecedfeee02f33cb8.jpg",640,640,640,640,0.250000,0.700000,6.102461,86.902769,0.266847,140.728923,1,"Xiaomi M2012K10C"
"33f52e82-2bb4-422e-8215-0d37e5960d7d","2026-05-26T14:50:05.744291Z","02_yolo26n_edgelite","YOLO26n EdgeLite","benchmark/train/612_jpg.rf.718d5ae4deae7556c0af0f3b335952fb.jpg",640,640,640,640,0.250000,0.700000,6.082154,89.410076,0.320308,143.279000,1,"Xiaomi M2012K10C"
"3baa9db4-2e8e-457f-b001-56f99987873a","2026-05-26T14:50:05.892933Z","02_yolo26n_edgelite","YOLO26n EdgeLite","benchmark/valid/IMG_2585_2_JPG.rf.372bfc5a127cdc03c933645f8baa0111.jpg",640,640,640,640,0.250000,0.700000,5.584615,88.983385,0.281538,143.569230,1,"Xiaomi M2012K10C"
"22696117-c8b6-4034-aab0-a655f8cf3415","2026-05-26T14:50:06.049669Z","02_yolo26n_edgelite","YOLO26n EdgeLite","benchmark/train/IMG_3470_1_JPG.rf.d4d87c0bace82e907081273cc688efd1.jpg",640,640,640,640,0.250000,0.700000,6.296846,90.666154,0.301615,151.408615,1,"Xiaomi M2012K10C"
"bfe0f906-790f-45ab-864f-9c3e4bbf2582","2026-05-26T14:50:06.197086Z","02_yolo26n_edgelite","YOLO26n EdgeLite","benchmark/valid/IMG_3627_1_JPG.rf.4c463e1fa1eb5ccc95c7456ed089763b.jpg",640,640,640,640,0.250000,0.700000,5.665000,87.632846,0.261616,141.772385,1,"Xiaomi M2012K10C"
"f54e73b3-0042-4201-b6da-3eb64d89fbd4","2026-05-26T14:50:06.353715Z","02_yolo26n_edgelite","YOLO26n EdgeLite","benchmark/train/IMG_2569_JPG.rf.e7178723992f88cb1ae1e222460b4223.jpg",640,640,640,640,0.250000,0.700000,6.653539,90.154462,0.280307,149.767154,1,"Xiaomi M2012K10C"
"ecfa2097-7c9d-4c95-b7f5-62ecacc642cd","2026-05-26T14:50:06.535967Z","02_yolo26n_edgelite","YOLO26n EdgeLite","benchmark/train/IMG_2347_2_JPG.rf.5932ee6e1184feff4443261845ada823.jpg",640,640,640,640,0.250000,0.700000,7.208692,94.530769,0.451385,176.256308,1,"Xiaomi M2012K10C"
"54c35ef9-222d-4cca-bae7-6f1fe00d10ba","2026-05-26T14:50:06.691199Z","02_yolo26n_edgelite","YOLO26n EdgeLite","benchmark/train/425_jpg.rf.6256916bc4ffc3d40f319defa92b834a.jpg",640,640,640,640,0.250000,0.700000,9.226769,93.198769,0.256923,149.012846,1,"Xiaomi M2012K10C"
"a9b25d50-115c-4d65-958a-e50db78db0bf","2026-05-26T14:50:06.838121Z","02_yolo26n_edgelite","YOLO26n EdgeLite","benchmark/train/333_jpg.rf.8af0d02d4246865d16af83400bdb9870.jpg",640,640,640,640,0.250000,0.700000,5.188538,90.266154,0.296000,142.629462,1,"Xiaomi M2012K10C"
"37bbfb06-9aeb-43a9-b78e-db6d1bdabea5","2026-05-26T14:50:06.988719Z","02_yolo26n_edgelite","YOLO26n EdgeLite","benchmark/train/IMG_3373_1_JPG.rf.da52c999acc35464e22de2e542540842.jpg",640,640,640,640,0.250000,0.700000,5.578462,93.010693,0.339077,145.374693,1,"Xiaomi M2012K10C"
"680dab28-f835-48e5-9068-c0d61b077599","2026-05-26T14:50:07.134405Z","02_yolo26n_edgelite","YOLO26n EdgeLite","benchmark/test/IMG_3007_JPG.rf.5aa4827ffd75c30f69618200999a418b.jpg",640,640,640,640,0.250000,0.700000,5.417000,89.285000,0.230384,140.620923,1,"Xiaomi M2012K10C"
"49f2542c-41ad-4f68-aec0-e1d06d72dc5c","2026-05-26T14:50:07.283660Z","02_yolo26n_edgelite","YOLO26n EdgeLite","benchmark/valid/IMG_3217_1_JPG.rf.14c8b03c12e36a9377d18fbf28486afa.jpg",640,640,640,640,0.250000,0.700000,5.597538,88.571154,0.281846,144.055692,1,"Xiaomi M2012K10C"
"74041d3b-1e00-4c1f-a7f2-49cb20643585","2026-05-26T14:50:07.433718Z","02_yolo26n_edgelite","YOLO26n EdgeLite","benchmark/train/IMG_3541_2_JPG.rf.ad15ef18d6b22a7d418803f5d1a1a109.jpg",640,640,640,640,0.250000,0.700000,5.236231,92.160307,0.253616,145.467077,1,"Xiaomi M2012K10C"
"ef7abc08-14a3-4c57-8095-e8aafe8cf8c2","2026-05-26T14:50:07.591157Z","02_yolo26n_edgelite","YOLO26n EdgeLite","benchmark/train/IMG_2706_1_JPG.rf.955b16bb6a41b97270833e695176562c.jpg",640,640,640,640,0.250000,0.700000,5.478769,91.313461,0.333616,152.704077,1,"Xiaomi M2012K10C"
"2ec6fd92-e0b9-44b9-ad0f-d9a0974c6059","2026-05-26T14:50:07.743147Z","02_yolo26n_edgelite","YOLO26n EdgeLite","benchmark/train/IMG_3284_1_JPG.rf.d9398c9c8ff150291caa66e16a05d365.jpg",640,640,640,640,0.250000,0.700000,6.781308,89.919616,0.319692,146.277539,1,"Xiaomi M2012K10C"
"38051fb2-8d42-4048-9093-b21f841ef4e6","2026-05-26T14:50:07.892043Z","02_yolo26n_edgelite","YOLO26n EdgeLite","benchmark/train/603_jpg.rf.57fd6e4eb41f9ac6b3470361d78336c6.jpg",640,640,640,640,0.250000,0.700000,7.378539,88.814847,0.239307,143.500000,1,"Xiaomi M2012K10C"
"4b8f566c-18d3-4626-9ab3-bbd4fb1069df","2026-05-26T14:50:08.043056Z","02_yolo26n_edgelite","YOLO26n EdgeLite","benchmark/train/IMG_3303_JPG.rf.077f8b957aaac124666135a42266356e.jpg",640,640,640,640,0.250000,0.700000,7.139308,91.579154,0.357461,145.128231,1,"Xiaomi M2012K10C"
"7abc811b-7ba4-4159-ae2c-1dbbf2633a93","2026-05-26T14:50:08.208071Z","02_yolo26n_edgelite","YOLO26n EdgeLite","benchmark/train/IMG_3537_1_JPG.rf.82ec4ffbf16a57602d79538d84a65729.jpg",640,640,640,640,0.250000,0.700000,6.304307,90.582769,0.422692,159.020307,2,"Xiaomi M2012K10C"
"ec238b7c-8f69-4745-96a6-42e99cd29668","2026-05-26T14:50:08.366661Z","02_yolo26n_edgelite","YOLO26n EdgeLite","benchmark/train/IMG_2714_2_JPG.rf.e2f2dbe56d3eb4c64d20bedbfcb4d561.jpg",640,640,640,640,0.250000,0.700000,6.008231,88.189923,0.351000,151.945461,1,"Xiaomi M2012K10C"
"7d70dbca-f02e-472d-a701-896368b41c8b","2026-05-26T14:50:09.620124Z","02_yolo26n_edgelite","YOLO26n EdgeLite","benchmark/train/IMG_2861_2_JPG.rf.7c0540a3526143f15d1ca3fa67dd9065.jpg",640,640,640,640,0.250000,0.700000,5.421539,80.788000,0.194154,130.926770,1,"Xiaomi M2012K10C"
"bd23f7e0-7165-409d-903a-6a73407d07c9","2026-05-26T14:50:09.756822Z","02_yolo26n_edgelite","YOLO26n EdgeLite","benchmark/train/IMG_2627_JPG.rf.891cf3803e365cfd2a9f24512972f4f5.jpg",640,640,640,640,0.250000,0.700000,5.847769,79.076231,0.270769,132.225230,1,"Xiaomi M2012K10C"
"1538fe16-2e1a-4426-a6c0-ac96f920050c","2026-05-26T14:50:09.896922Z","02_yolo26n_edgelite","YOLO26n EdgeLite","benchmark/train/IMG_3024_1_JPG.rf.242a485be9397f73e8cc4b8eda03958f.jpg",640,640,640,640,0.250000,0.700000,5.456231,83.123154,0.338077,135.124846,1,"Xiaomi M2012K10C"
"211f5fcb-8a01-4cdb-bb56-1b5f1d99f496","2026-05-26T14:50:10.033888Z","02_yolo26n_edgelite","YOLO26n EdgeLite","benchmark/valid/IMG_2602_1_JPG.rf.7c268f15c1708139b5d50b54bdf955ad.jpg",640,640,640,640,0.250000,0.700000,5.304384,79.934538,0.212000,132.113307,1,"Xiaomi M2012K10C"
"7c2f95f7-9355-4c5e-86a1-973140e445e9","2026-05-26T14:50:10.182664Z","02_yolo26n_edgelite","YOLO26n EdgeLite","benchmark/valid/1066_jpg.rf.f1e05ad2018c524de035d6a9678f31f9.jpg",640,640,640,640,0.250000,0.700000,7.328615,88.232846,0.253616,144.777308,1,"Xiaomi M2012K10C"
"c8437b35-ca60-4027-a6e7-071e2a9580e8","2026-05-26T14:50:10.333946Z","02_yolo26n_edgelite","YOLO26n EdgeLite","benchmark/test/695_jpg.rf.b4249f42a29e3d3a81a471d38b51eaf0.jpg",640,640,640,640,0.250000,0.700000,5.635385,90.845846,0.249539,147.248693,1,"Xiaomi M2012K10C"
"e090ce7f-15d2-4ec5-852c-2f72a8207b4a","2026-05-26T14:50:10.473240Z","02_yolo26n_edgelite","YOLO26n EdgeLite","benchmark/train/IMG_2827_2_JPG.rf.d2cc78774e2d8e0f83b1b84b65e891c4.jpg",640,640,640,640,0.250000,0.700000,5.502154,81.149846,0.256615,134.384000,2,"Xiaomi M2012K10C"
"c9235fc6-ea07-474e-b017-1f5b158d1856","2026-05-26T14:50:10.616553Z","02_yolo26n_edgelite","YOLO26n EdgeLite","benchmark/train/598_jpg.rf.48845c3e2a9030294294fa9a27c9d0c4.jpg",640,640,640,640,0.250000,0.700000,5.313462,85.003000,0.329231,138.690385,1,"Xiaomi M2012K10C"
"39bea4cb-3743-48f8-a9dd-b8a85446b2a6","2026-05-26T14:50:10.752230Z","02_yolo26n_edgelite","YOLO26n EdgeLite","benchmark/train/638_jpg.rf.3c4070921ef54859744dd3f0ee823a2c.jpg",640,640,640,640,0.250000,0.700000,5.508077,78.680385,0.272923,130.879462,1,"Xiaomi M2012K10C"
"345d5b62-080f-44a9-a5dc-c6e849f76604","2026-05-26T14:50:10.897925Z","02_yolo26n_edgelite","YOLO26n EdgeLite","benchmark/train/IMG_2504_1_JPG.rf.f6acad7910825cf60b65fdcbb3ae525e.jpg",640,640,640,640,0.250000,0.700000,5.519692,83.855615,0.291462,140.108385,1,"Xiaomi M2012K10C"
"d108d3b1-ec17-4036-809f-441caf59cd84","2026-05-26T14:50:11.037894Z","02_yolo26n_edgelite","YOLO26n EdgeLite","benchmark/train/498_jpg.rf.cb042f6c044424c1159590ac2eaf745d.jpg",640,640,640,640,0.250000,0.700000,6.399154,80.597538,0.289770,135.081539,1,"Xiaomi M2012K10C"
"a584827a-87b1-41a3-b318-67b8c48a1074","2026-05-26T14:50:11.179659Z","02_yolo26n_edgelite","YOLO26n EdgeLite","benchmark/train/IMG_3545_JPG.rf.53a2ad2214195c7e7b3188b78d28565b.jpg",640,640,640,640,0.250000,0.700000,5.584923,82.425462,0.317308,136.125923,1,"Xiaomi M2012K10C"
"5f99d8bb-af0b-4de9-8fad-1a78adb4f9b2","2026-05-26T14:50:11.326897Z","02_yolo26n_edgelite","YOLO26n EdgeLite","benchmark/train/IMG_2595_1_JPG.rf.dcd929f8f3c9271e16edadd600b6fd12.jpg",640,640,640,640,0.250000,0.700000,5.792307,86.458077,0.342231,141.649000,1,"Xiaomi M2012K10C"
"906f02dc-df8c-4b51-8f49-5ee2eac11cfc","2026-05-26T14:50:11.469370Z","02_yolo26n_edgelite","YOLO26n EdgeLite","benchmark/test/IMG_3034_JPG.rf.9989dd6fd255da49fff1d4d2e89bfb4a.jpg",640,640,640,640,0.250000,0.700000,6.162769,83.468615,0.261231,136.870846,1,"Xiaomi M2012K10C"
"09745fb9-997b-4f37-af7d-4604deabdef7","2026-05-26T14:50:11.618289Z","02_yolo26n_edgelite","YOLO26n EdgeLite","benchmark/train/IMG_2484_2_JPG.rf.d350746467cb54db1edf23c0a4b50b64.jpg",640,640,640,640,0.250000,0.700000,5.711385,86.578462,0.286769,143.545154,2,"Xiaomi M2012K10C"
"50df0df5-165d-4bbc-92ff-f97e853dadc5","2026-05-26T14:50:11.767247Z","02_yolo26n_edgelite","YOLO26n EdgeLite","benchmark/train/IMG_3029_2_JPG.rf.2840cd755c9d43f97121b6304ea31d66.jpg",640,640,640,640,0.250000,0.700000,6.705846,89.686770,0.253461,143.622154,1,"Xiaomi M2012K10C"
"5ef76721-d8e0-43c7-9c0f-5d6defb0dc51","2026-05-26T14:50:11.918821Z","02_yolo26n_edgelite","YOLO26n EdgeLite","benchmark/train/1216_jpg.rf.e50219613820f391b7fefe0aaae349c2.jpg",640,640,640,640,0.250000,0.700000,5.545923,89.511461,0.256539,147.373539,1,"Xiaomi M2012K10C"
"f93fbf16-40bd-429b-a907-23b4d50ce77f","2026-05-26T14:50:12.066980Z","02_yolo26n_edgelite","YOLO26n EdgeLite","benchmark/train/344_jpg.rf.f3286e5810af4f654262a4915c49e98b.jpg",640,640,640,640,0.250000,0.700000,5.499615,90.727154,0.303307,143.996230,1,"Xiaomi M2012K10C"
"69e3a900-869b-41ed-b22e-ada07cf60412","2026-05-26T14:50:12.219011Z","02_yolo26n_edgelite","YOLO26n EdgeLite","benchmark/train/IMG_3473_2_JPG.rf.a88c6a50619539b3c71da2672112b6d2.jpg",640,640,640,640,0.250000,0.700000,5.504077,91.050461,0.268846,147.061846,1,"Xiaomi M2012K10C"
"fa573e0b-c298-49b3-a185-1b00b3306ba6","2026-05-26T14:50:12.371350Z","02_yolo26n_edgelite","YOLO26n EdgeLite","benchmark/train/IMG_2932_1_JPG.rf.c89e63c4867478c93ceeb4597b564380.jpg",640,640,640,640,0.250000,0.700000,5.347154,88.553154,0.230538,147.503769,1,"Xiaomi M2012K10C"
"9f3c60bd-3fad-40f0-970b-8f32ea279d58","2026-05-26T14:50:12.518150Z","02_yolo26n_edgelite","YOLO26n EdgeLite","benchmark/train/1178_jpg.rf.6987c4f8ba35ced8872c98277e1a1c51.jpg",640,640,640,640,0.250000,0.700000,6.440693,89.677462,0.260692,142.128385,1,"Xiaomi M2012K10C"
"561c2ab7-8e43-4fc9-86da-cd048626e93b","2026-05-26T14:50:12.666053Z","02_yolo26n_edgelite","YOLO26n EdgeLite","benchmark/train/IMG_2637_JPG.rf.a614c0b6f2b7a11e86e81aac6eabc183.jpg",640,640,640,640,0.250000,0.700000,5.530538,91.294385,0.246846,143.435769,1,"Xiaomi M2012K10C"
"4ff2031e-8b76-4b6c-ac8f-2df5e7bf43b9","2026-05-26T14:50:12.814289Z","02_yolo26n_edgelite","YOLO26n EdgeLite","benchmark/train/732_jpg.rf.b1014a86874b505a12810370907316f3.jpg",640,640,640,640,0.250000,0.700000,5.451077,90.237846,0.286231,144.177308,1,"Xiaomi M2012K10C"
"f99b1073-042e-44c2-9cd3-a1ffdaef2281","2026-05-26T14:50:12.962872Z","02_yolo26n_edgelite","YOLO26n EdgeLite","benchmark/train/545_jpg.rf.435766a6cc2dbaf60b34cdc3881bb546.jpg",640,640,640,640,0.250000,0.700000,6.522077,89.655692,0.259462,144.022770,1,"Xiaomi M2012K10C"
"1db729e8-09f1-456a-868a-cb6ef2d62f10","2026-05-26T14:50:13.117997Z","02_yolo26n_edgelite","YOLO26n EdgeLite","benchmark/train/327_jpg.rf.f72469299d9b98493c85741051a936ce.jpg",640,640,640,640,0.250000,0.700000,5.305923,96.691077,0.315692,150.506538,1,"Xiaomi M2012K10C"
"2348332f-e7c6-4229-b5cb-ab6445df5ea2","2026-05-26T14:50:13.270458Z","02_yolo26n_edgelite","YOLO26n EdgeLite","benchmark/train/IMG_2758_1_JPG.rf.90ba00ef8f50abb1fbba10ce0163d9d7.jpg",640,640,640,640,0.250000,0.700000,6.880616,92.960077,0.334692,146.416000,1,"Xiaomi M2012K10C"
"fe4ce99a-3157-44da-b247-3d52a16d89cf","2026-05-26T14:50:13.421206Z","02_yolo26n_edgelite","YOLO26n EdgeLite","benchmark/train/281_jpg.rf.2a20e6f03d0c34d239e63f76d6fadc2f.jpg",640,640,640,640,0.250000,0.700000,7.934539,89.591077,0.283077,144.944616,1,"Xiaomi M2012K10C"
"5150a76b-b4b3-49df-b116-1625eb30cf8d","2026-05-26T14:50:13.570898Z","02_yolo26n_edgelite","YOLO26n EdgeLite","benchmark/train/IMG_2538_2_JPG.rf.4d642d034c14e18cebda9d71faba053a.jpg",640,640,640,640,0.250000,0.700000,7.192923,85.886461,0.319692,143.427384,1,"Xiaomi M2012K10C"
"8247fc54-1b7b-4c8f-9bc3-8a089986c7a6","2026-05-26T14:50:13.724852Z","02_yolo26n_edgelite","YOLO26n EdgeLite","benchmark/train/371_jpg.rf.92df72b91a7ea9585d1d92bcdbfcfb99.jpg",640,640,640,640,0.250000,0.700000,7.397847,86.015615,0.360693,148.390770,1,"Xiaomi M2012K10C"
"0aaa875a-7d60-41b8-a0e8-8123ad15bbdb","2026-05-26T14:50:13.882924Z","02_yolo26n_edgelite","YOLO26n EdgeLite","benchmark/train/IMG_20240125_114600_656_jpg.rf.823c0189efd68cf3aac1a463499a347c.jpg",640,640,640,640,0.250000,0.700000,5.254769,87.301231,0.338154,152.869231,1,"Xiaomi M2012K10C"
"b2cef3c4-5fb8-454e-8da4-294aad0ff6fb","2026-05-26T14:50:14.029580Z","02_yolo26n_edgelite","YOLO26n EdgeLite","benchmark/train/1023_jpg.rf.114d3afc72b3c129f14f2ad26adbc33f.jpg",640,640,640,640,0.250000,0.700000,5.264308,86.750538,0.329154,141.562462,1,"Xiaomi M2012K10C"
"cc94434a-2a7c-434a-bdcf-646b558a02db","2026-05-26T14:50:14.177598Z","02_yolo26n_edgelite","YOLO26n EdgeLite","benchmark/train/IMG_3228_JPG.rf.37e03415912a3645ca7a3ee2b5fea25c.jpg",640,640,640,640,0.250000,0.700000,7.030461,88.038538,0.320539,141.927308,2,"Xiaomi M2012K10C"
"b1220c38-8f1a-48a5-822d-fad1849d9bfa","2026-05-26T14:50:14.337759Z","02_yolo26n_edgelite","YOLO26n EdgeLite","benchmark/train/PXL_20240125_124828853_jpg.rf.dc607e519ad97ca432a49e188de133cb.jpg",640,640,640,640,0.250000,0.700000,7.508077,90.954462,0.310077,153.665539,2,"Xiaomi M2012K10C"
"e9d34d0b-99d4-4304-962f-af4599c23064","2026-05-26T14:50:14.497434Z","02_yolo26n_edgelite","YOLO26n EdgeLite","benchmark/train/510_jpg.rf.39d9ed3e3ec218fb8159dbd80d158ac8.jpg",640,640,640,640,0.250000,0.700000,5.561539,92.580385,0.317154,154.276616,1,"Xiaomi M2012K10C"
"8ff50886-590d-4911-be57-83eabe97c143","2026-05-26T14:50:14.665001Z","02_yolo26n_edgelite","YOLO26n EdgeLite","benchmark/train/IMG_2924_2_JPG.rf.947187e8f07099b579f4f8bc5aa7e44c.jpg",640,640,640,640,0.250000,0.700000,5.936616,91.737615,0.320308,161.442154,1,"Xiaomi M2012K10C"
"467f4cfe-1c38-4dc8-a30f-36c4499e7c85","2026-05-26T14:50:14.813239Z","02_yolo26n_edgelite","YOLO26n EdgeLite","benchmark/test/IMG_2592_JPG.rf.c8b6679e4ed87a1288f7b11ac56a4884.jpg",640,640,640,640,0.250000,0.700000,5.573231,89.288923,0.302770,141.614462,1,"Xiaomi M2012K10C"
"1973ee17-3d9f-4ae3-8821-7cb6a26e619f","2026-05-26T14:50:14.980753Z","02_yolo26n_edgelite","YOLO26n EdgeLite","benchmark/train/IMG_3599_JPG.rf.c9d8a2159fadf8a73f159194df13d883.jpg",640,640,640,640,0.250000,0.700000,7.327692,89.846385,0.285615,161.653846,1,"Xiaomi M2012K10C"
"1bf67dba-9611-4dfb-a2b2-59cbd010d220","2026-05-26T14:50:15.133420Z","02_yolo26n_edgelite","YOLO26n EdgeLite","benchmark/train/IMG_3592_1_JPG.rf.a2950577468b1dcd2034773296a18472.jpg",640,640,640,640,0.250000,0.700000,8.268616,91.641616,0.285154,146.847616,2,"Xiaomi M2012K10C"
"ac3204b1-5617-44cc-8d50-0870ab7267c0","2026-05-26T14:50:15.294794Z","02_yolo26n_edgelite","YOLO26n EdgeLite","benchmark/valid/IMG_3621_JPG.rf.13202403e4bf916755a3860083679ce3.jpg",640,640,640,640,0.250000,0.700000,5.539769,89.005462,0.310846,156.398538,1,"Xiaomi M2012K10C"
"9e033728-570e-4826-9ce4-5bfab4b4bed6","2026-05-26T14:50:15.450702Z","02_yolo26n_edgelite","YOLO26n EdgeLite","benchmark/train/469_jpg.rf.29592ca3c5b0cf3f9d9dc1269f652456.jpg",640,640,640,640,0.250000,0.700000,7.666462,93.651692,0.245308,150.401308,1,"Xiaomi M2012K10C"
"ce188582-6e51-4194-a7f8-3f865f72b0d1","2026-05-26T14:50:15.601400Z","02_yolo26n_edgelite","YOLO26n EdgeLite","benchmark/train/575_jpg.rf.1d7958ea90fc11e17f64f3e3c44c561d.jpg",640,640,640,640,0.250000,0.700000,5.349770,91.608615,0.281924,146.552924,1,"Xiaomi M2012K10C"
"e00cc96c-93d1-4bc5-8b04-8911633c52b2","2026-05-26T14:50:15.746463Z","02_yolo26n_edgelite","YOLO26n EdgeLite","benchmark/train/IMG_2798_1_JPG.rf.0fe0b56a17b6d92848799c066ac45596.jpg",640,640,640,640,0.250000,0.700000,5.228384,85.239308,0.318461,140.193230,1,"Xiaomi M2012K10C"
"4c4e6107-f0a0-48a9-ac2d-6dbe8dd43e84","2026-05-26T14:50:15.897328Z","02_yolo26n_edgelite","YOLO26n EdgeLite","benchmark/train/IMG_3355_1_JPG.rf.019be5777d1a73a9d4defc2d5621c8bd.jpg",640,640,640,640,0.250000,0.700000,7.363692,90.507693,0.356077,144.513539,1,"Xiaomi M2012K10C"
"543094b4-0f03-4a96-9a05-45fc9ed19b03","2026-05-26T14:50:16.047853Z","02_yolo26n_edgelite","YOLO26n EdgeLite","benchmark/train/IMG_3623_JPG.rf.eb1a2ceafa55861cc1ac23f11cf08605.jpg",640,640,640,640,0.250000,0.700000,5.848692,92.148846,0.344307,144.146461,1,"Xiaomi M2012K10C"
"d2d91ae3-85bf-4082-afbd-297df389d9b1","2026-05-26T14:50:16.210141Z","02_yolo26n_edgelite","YOLO26n EdgeLite","benchmark/train/IMG_2599_1_JPG.rf.d71cb97de337e84f80e7e34ab61e087b.jpg",640,640,640,640,0.250000,0.700000,5.215462,92.134539,0.288231,157.159385,1,"Xiaomi M2012K10C"
"04e39f49-6f1e-4cbb-aeed-edbefc497a06","2026-05-26T14:50:16.362103Z","02_yolo26n_edgelite","YOLO26n EdgeLite","benchmark/valid/IMG_2975_1_JPG.rf.e5b1b80a1f447152106de6e47553daac.jpg",640,640,640,640,0.250000,0.700000,7.053846,92.215308,0.263384,145.955923,1,"Xiaomi M2012K10C"
"c33d38dd-9bb6-4528-83ed-a560be286729","2026-05-26T14:50:16.528967Z","02_yolo26n_edgelite","YOLO26n EdgeLite","benchmark/valid/IMG_2391_JPG.rf.b6e499fd6ef6e99ed8f24722bc2823c8.jpg",640,640,640,640,0.250000,0.700000,6.716692,90.980692,0.250769,162.086846,1,"Xiaomi M2012K10C"
"3cc2d39f-2ff7-423d-910a-e0fe339e8cdf","2026-05-26T14:50:16.674602Z","02_yolo26n_edgelite","YOLO26n EdgeLite","benchmark/train/IMG_2381_JPG.rf.54029ad1a48cdef4d2c6aa19dc6dde50.jpg",640,640,640,640,0.250000,0.700000,5.672230,87.497923,0.312616,140.133846,1,"Xiaomi M2012K10C"
"867bd048-59f8-4641-a0fa-5381b7a312cd","2026-05-26T14:50:16.821863Z","02_yolo26n_edgelite","YOLO26n EdgeLite","benchmark/test/IMG_3339_JPG.rf.528fbd99517156c60c169cac0aa33a1b.jpg",640,640,640,640,0.250000,0.700000,7.704230,87.871385,0.240308,141.566077,1,"Xiaomi M2012K10C"
"5f80562c-d2ab-4dd2-be42-eb8c18d1ab81","2026-05-26T14:50:16.970964Z","02_yolo26n_edgelite","YOLO26n EdgeLite","benchmark/train/IMG_3546_JPG.rf.0e3eae549a4c8ade930f4a7ab649382e.jpg",640,640,640,640,0.250000,0.700000,6.797154,88.527923,0.331384,143.101461,1,"Xiaomi M2012K10C"
"b1978f73-05d5-464b-8648-ae9357ac3f7f","2026-05-26T14:50:17.123825Z","02_yolo26n_edgelite","YOLO26n EdgeLite","benchmark/train/IMG_3040_2_JPG.rf.e0e76a6819884d2718aa1ad39f23800d.jpg",640,640,640,640,0.250000,0.700000,7.581462,92.689308,0.322154,146.323385,1,"Xiaomi M2012K10C"
"bee71304-17b1-4d15-aeeb-4b0e4aeccaa5","2026-05-26T14:50:17.275419Z","02_yolo26n_edgelite","YOLO26n EdgeLite","benchmark/train/IMG_3031_JPG.rf.8b04beb77493dc6c306bfad06fae8ad7.jpg",640,640,640,640,0.250000,0.700000,5.443923,91.059692,0.305616,146.888616,2,"Xiaomi M2012K10C"
"65fe473a-736c-47d0-bee4-2f060ccd609c","2026-05-26T14:50:17.437720Z","02_yolo26n_edgelite","YOLO26n EdgeLite","benchmark/train/IMG_2977_1_JPG.rf.9e24b7795c5c8316d63cbad23c78ade9.jpg",640,640,640,640,0.250000,0.700000,6.084539,89.522846,0.292615,155.978769,1,"Xiaomi M2012K10C"
"316081e8-df22-47c6-af6d-16442f2f16ee","2026-05-26T14:50:17.591481Z","02_yolo26n_edgelite","YOLO26n EdgeLite","benchmark/valid/IMG_2863_2_JPG.rf.7069d68cdec8f8b57ae2d344dd4d417d.jpg",640,640,640,640,0.250000,0.700000,7.464231,91.704923,0.268923,147.875000,2,"Xiaomi M2012K10C"
"d4e62960-99ce-4355-8542-b60bf1ece72b","2026-05-26T14:50:17.738902Z","02_yolo26n_edgelite","YOLO26n EdgeLite","benchmark/train/810_jpg.rf.8acc3a321d632c1f8fd95bc4f9eb8711.jpg",640,640,640,640,0.250000,0.700000,5.458384,90.377231,0.350461,143.179384,1,"Xiaomi M2012K10C"
"6d71a54b-c5b0-4fc4-831f-018ee189576e","2026-05-26T14:50:17.897339Z","02_yolo26n_edgelite","YOLO26n EdgeLite","benchmark/train/262_jpg.rf.892d35da2c9e8af6c6076cee35911f4f.jpg",640,640,640,640,0.250000,0.700000,7.067693,91.604308,0.295000,153.320231,1,"Xiaomi M2012K10C"
"b1bbc044-e4c6-4884-acd2-0c53df364c67","2026-05-26T14:50:18.045420Z","02_yolo26n_edgelite","YOLO26n EdgeLite","benchmark/train/IMG_2856_1_JPG.rf.db711d1414d7b9aaba49bfab148a7f3c.jpg",640,640,640,640,0.250000,0.700000,5.135615,89.050769,0.299385,140.763385,1,"Xiaomi M2012K10C"
"4a3c5050-1ece-4730-8e0c-6d13716e893f","2026-05-26T14:50:18.199695Z","02_yolo26n_edgelite","YOLO26n EdgeLite","benchmark/train/404_jpg.rf.11ed2afab6382b80e438ce02f3c6741b.jpg",640,640,640,640,0.250000,0.700000,6.556692,90.260000,0.295308,149.216616,1,"Xiaomi M2012K10C"
"955820fb-062f-4742-81e6-5e7d2b214a81","2026-05-26T14:50:18.358051Z","02_yolo26n_edgelite","YOLO26n EdgeLite","benchmark/valid/IMG_2372_JPG.rf.19f0aa55c9ed7774de9f339465833a2c.jpg",640,640,640,640,0.250000,0.700000,6.636308,94.386154,0.281538,152.362077,1,"Xiaomi M2012K10C"
"85043f7c-79bc-49bb-b2c4-2426a13120c9","2026-05-26T14:50:18.520986Z","02_yolo26n_edgelite","YOLO26n EdgeLite","benchmark/train/IMG_3579_1_JPG.rf.1ad6165892f27fc2e919a708fc8d1d73.jpg",640,640,640,640,0.250000,0.700000,6.855154,88.902231,0.375384,157.379769,1,"Xiaomi M2012K10C"
"56613313-50ee-4afb-bff9-dc95bfb8e596","2026-05-26T14:50:18.672407Z","02_yolo26n_edgelite","YOLO26n EdgeLite","benchmark/train/IMG_3361_2_JPG.rf.a08a6ed1fa79e299c100ef30e7ba63a6.jpg",640,640,640,640,0.250000,0.700000,7.674769,91.005462,0.301923,145.376615,1,"Xiaomi M2012K10C"
"a287039f-158a-4864-999a-2164b4cfc1bd","2026-05-26T14:50:18.824562Z","02_yolo26n_edgelite","YOLO26n EdgeLite","benchmark/valid/IMG_2718_2_JPG.rf.131f3c68cde49df226d1d046db3e4959.jpg",640,640,640,640,0.250000,0.700000,5.212846,91.981769,0.291462,147.102154,1,"Xiaomi M2012K10C"
"a132215f-6afa-4d1d-96f4-cbece564bb20","2026-05-26T14:50:18.979262Z","02_yolo26n_edgelite","YOLO26n EdgeLite","benchmark/train/IMG_3664_JPG.rf.6f38fabff208959a782975c6211d0957.jpg",640,640,640,640,0.250000,0.700000,5.525154,87.185000,0.366461,150.270461,1,"Xiaomi M2012K10C"
"6fd70ac6-fb0c-447d-bc95-6e37caa87bac","2026-05-26T14:50:19.137382Z","02_yolo26n_edgelite","YOLO26n EdgeLite","benchmark/train/437_jpg.rf.01a4aab995566eb43340b6a644a7d686.jpg",640,640,640,640,0.250000,0.700000,6.687769,94.857000,0.265154,152.981538,1,"Xiaomi M2012K10C"
"acad370d-2092-46a3-b7bc-8a2bcec36db7","2026-05-26T14:50:19.291481Z","02_yolo26n_edgelite","YOLO26n EdgeLite","benchmark/train/IMG_3129_1_JPG.rf.42478ea687ff4a5712282659df577a18.jpg",640,640,640,640,0.250000,0.700000,8.441616,89.443077,0.290077,148.850462,1,"Xiaomi M2012K10C"
"597e32b1-b05d-406c-8131-77ccab937c9d","2026-05-26T14:50:19.442347Z","02_yolo26n_edgelite","YOLO26n EdgeLite","benchmark/train/IMG_3262_2_JPG.rf.8c92c06de9037a46bb3b1f93af731ef0.jpg",640,640,640,640,0.250000,0.700000,6.189539,91.560846,0.261616,145.643462,1,"Xiaomi M2012K10C"
"8630034e-4736-40e8-ad68-fd628366c559","2026-05-26T14:50:19.596450Z","02_yolo26n_edgelite","YOLO26n EdgeLite","benchmark/train/556_jpg.rf.ae1f161ed82aaf136c05ed7fea74a8b0.jpg",640,640,640,640,0.250000,0.700000,6.081538,89.653308,0.266461,149.577846,1,"Xiaomi M2012K10C"
"b21cc6ab-f0d3-4ddb-afca-1cfc150737e3","2026-05-26T14:50:19.752919Z","02_yolo26n_edgelite","YOLO26n EdgeLite","benchmark/test/IMG_2566_2_JPG.rf.778d6a365a054ac06f37d484f563d257.jpg",640,640,640,640,0.250000,0.700000,6.271615,93.044616,0.309923,150.646154,1,"Xiaomi M2012K10C"
"3419cd68-4f4f-457c-b7e9-13e753b68f88","2026-05-26T14:50:19.900205Z","02_yolo26n_edgelite","YOLO26n EdgeLite","benchmark/train/IMG_3505_1_JPG.rf.71110f107f6dba70e127b5c8e312c3ed.jpg",640,640,640,640,0.250000,0.700000,6.812308,88.975615,0.282846,142.275692,1,"Xiaomi M2012K10C"
"40ef405b-4666-408f-bbb0-370edc481055","2026-05-26T14:50:20.050312Z","02_yolo26n_edgelite","YOLO26n EdgeLite","benchmark/train/IMG_2973_JPG.rf.127e39beb6fb0254b7dfa9ac92cf826a.jpg",640,640,640,640,0.250000,0.700000,5.533461,86.883077,0.252692,145.429538,1,"Xiaomi M2012K10C"
"24654343-a035-4b8e-9f9f-133a7ce27091","2026-05-26T14:50:20.202225Z","02_yolo26n_edgelite","YOLO26n EdgeLite","benchmark/train/340_jpg.rf.3b2cc838d10c2b747695b8f5c88f5132.jpg",640,640,640,640,0.250000,0.700000,6.128923,92.437538,0.239692,147.431923,1,"Xiaomi M2012K10C"
"02296cd3-013a-4540-96ed-07d793c9e78e","2026-05-26T14:50:20.357367Z","02_yolo26n_edgelite","YOLO26n EdgeLite","benchmark/test/1409_jpg.rf.26f8dd98fb204e1238a3a5d3c262711e.jpg",640,640,640,640,0.250000,0.700000,5.250461,98.868693,0.308230,150.921538,1,"Xiaomi M2012K10C"
"3eb35c02-6d86-4127-bcf7-d026e4da3ac8","2026-05-26T14:50:20.514058Z","02_yolo26n_edgelite","YOLO26n EdgeLite","benchmark/train/IMG_3502_JPG.rf.3cceaa329df7d259326fcdf9bb15d32e.jpg",640,640,640,640,0.250000,0.700000,6.701539,94.276000,0.264000,150.929615,1,"Xiaomi M2012K10C"
"54945c9d-37fe-424e-8106-8e1a8b048b7f","2026-05-26T14:50:20.667346Z","02_yolo26n_edgelite","YOLO26n EdgeLite","benchmark/valid/IMG_2833_2_JPG.rf.56f8427ecb540a01ef16ebb88a5e5970.jpg",640,640,640,640,0.250000,0.700000,6.775692,90.494769,0.366539,148.594462,3,"Xiaomi M2012K10C"
"8eb65676-2f6c-409f-9b1f-b2628310d471","2026-05-26T14:50:20.824411Z","02_yolo26n_edgelite","YOLO26n EdgeLite","benchmark/train/IMG_2811_2_JPG.rf.b9197df421d893daa8e0ba829ef228d9.jpg",640,640,640,640,0.250000,0.700000,6.301461,93.058154,0.368616,150.496846,1,"Xiaomi M2012K10C"
"a338aaf3-ad3e-499a-b04e-1d305ce5ad14","2026-05-26T14:50:20.987266Z","02_yolo26n_edgelite","YOLO26n EdgeLite","benchmark/train/IMG_2899_1_JPG.rf.f1bba827b587d1e14f5280f7ee1ce289.jpg",640,640,640,640,0.250000,0.700000,8.024385,100.548615,0.329539,156.165539,1,"Xiaomi M2012K10C"
"bfe39d5d-bdad-450d-b505-19d251f0904d","2026-05-26T14:50:21.144488Z","02_yolo26n_edgelite","YOLO26n EdgeLite","benchmark/test/1016_jpg.rf.b555e7a7f11f5b9da95d18be4f7682c0.jpg",640,640,640,640,0.250000,0.700000,7.633231,94.542384,0.344000,152.098461,1,"Xiaomi M2012K10C"
"8b1d19d9-f92d-48a9-87d5-6c2f2028721f","2026-05-26T14:50:21.300997Z","02_yolo26n_edgelite","YOLO26n EdgeLite","benchmark/test/IMG_2529_JPG.rf.e7619c1bac4808c32c07a1939b71511e.jpg",640,640,640,640,0.250000,0.700000,7.330769,88.577539,0.274077,150.235616,1,"Xiaomi M2012K10C"
"303a2b81-9554-403b-82cd-937e60bcce4e","2026-05-26T14:50:21.461517Z","02_yolo26n_edgelite","YOLO26n EdgeLite","benchmark/valid/IMG_2914_1_JPG.rf.9e9d878bd901692017ddb7c92d1f335b.jpg",640,640,640,640,0.250000,0.700000,7.418231,96.503615,0.337539,154.108308,1,"Xiaomi M2012K10C"
"80f3fd63-eff7-4c87-a049-5c806d8b167d","2026-05-26T14:50:21.613407Z","02_yolo26n_edgelite","YOLO26n EdgeLite","benchmark/train/IMG_2376_2_JPG.rf.eab7fc4fc3cb95c7df48ff86bd0bd75b.jpg",640,640,640,640,0.250000,0.700000,5.790231,92.375769,0.367692,145.484692,1,"Xiaomi M2012K10C"
"13766070-4175-405e-9a37-b8428bfe14f5","2026-05-26T14:50:21.774499Z","02_yolo26n_edgelite","YOLO26n EdgeLite","benchmark/train/IMG_2388_2_JPG.rf.5d51a0e59f77b4a19c74e909769bd41d.jpg",640,640,640,640,0.250000,0.700000,7.316923,93.708308,0.298154,154.805231,1,"Xiaomi M2012K10C"
"0109dc30-2a34-4d6c-bd18-d504e9087943","2026-05-26T14:50:21.930223Z","02_yolo26n_edgelite","YOLO26n EdgeLite","benchmark/train/IMG_2859_JPG.rf.36504fb05e22dbe0ba2430984083d391.jpg",640,640,640,640,0.250000,0.700000,6.701538,92.102154,0.310154,149.264000,1,"Xiaomi M2012K10C"
"6786039a-fdfc-4433-9ac6-bc461ca7092c","2026-05-26T14:50:22.087034Z","02_yolo26n_edgelite","YOLO26n EdgeLite","benchmark/test/764_jpg.rf.22ea318177a74803653f99a432feed12.jpg",640,640,640,640,0.250000,0.700000,9.225923,95.265923,0.343384,151.440692,1,"Xiaomi M2012K10C"
"b9875edd-24ca-4f69-9d95-3783859044df","2026-05-26T14:50:22.254264Z","02_yolo26n_edgelite","YOLO26n EdgeLite","benchmark/test/IMG_2653_JPG.rf.0f4032f657e3e50d3403e7ec53ff724b.jpg",640,640,640,640,0.250000,0.700000,8.221230,93.618769,0.295307,160.707076,1,"Xiaomi M2012K10C"
"50fba59a-dbeb-4fd9-a257-1f3c551c97a5","2026-05-26T14:50:22.416862Z","02_yolo26n_edgelite","YOLO26n EdgeLite","benchmark/train/IMG_3230_2_JPG.rf.b68c188dbe137cbd7d7ba9f3f261f552.jpg",640,640,640,640,0.250000,0.700000,7.988000,99.057847,0.328000,156.432539,1,"Xiaomi M2012K10C"
"a4be5b86-6a3b-429f-a43f-1cfe9ffd4553","2026-05-26T14:50:22.576417Z","02_yolo26n_edgelite","YOLO26n EdgeLite","benchmark/train/203_jpg.rf.3e48cf67b0eaaaa8840227cd955f3178.jpg",640,640,640,640,0.250000,0.700000,9.078539,96.741154,0.262461,153.888308,1,"Xiaomi M2012K10C"
"17ad5eb5-521d-4c74-be31-5987e5c137aa","2026-05-26T14:50:22.734706Z","02_yolo26n_edgelite","YOLO26n EdgeLite","benchmark/valid/IMG_2395_JPG.rf.ea1c28e4444e8859baf6d2fd4b6a7df7.jpg",640,640,640,640,0.250000,0.700000,8.466154,92.587384,0.227385,151.894154,1,"Xiaomi M2012K10C"
"656c1abe-9971-49aa-a4ca-2fc660c53f7b","2026-05-26T14:50:22.892049Z","02_yolo26n_edgelite","YOLO26n EdgeLite","benchmark/valid/653_jpg.rf.7b765275ecf91da38064b96d9bcbae21.jpg",640,640,640,640,0.250000,0.700000,5.529231,101.508693,0.433538,153.166462,1,"Xiaomi M2012K10C"
"34cf96cc-2891-41a4-b2ee-45ed96852aa2","2026-05-26T14:50:23.054939Z","02_yolo26n_edgelite","YOLO26n EdgeLite","benchmark/train/IMG_3596_JPG.rf.76098ba51d51aefec74defaf078d0bf1.jpg",640,640,640,640,0.250000,0.700000,8.885154,95.460923,0.230077,156.447000,1,"Xiaomi M2012K10C"
"bf5375a8-83dd-4b91-8fea-74a92cb51236","2026-05-26T14:50:23.226706Z","02_yolo26n_edgelite","YOLO26n EdgeLite","benchmark/train/628_jpg.rf.0f5f5f293e0666cd6394fcff7fbe6177.jpg",640,640,640,640,0.250000,0.700000,5.583461,92.559923,0.363462,167.874846,1,"Xiaomi M2012K10C"
"3d8b1f14-7ee7-4409-a9ee-2b95dcb76645","2026-05-26T14:50:23.382922Z","02_yolo26n_edgelite","YOLO26n EdgeLite","benchmark/test/IMG_3268_JPG.rf.f5370d4a9335263e11377bba04ac582e.jpg",640,640,640,640,0.250000,0.700000,6.111769,96.861846,0.327692,149.010846,2,"Xiaomi M2012K10C"
"b065fd40-6d41-4c83-84ff-5edfe29c89fa","2026-05-26T14:50:23.540353Z","02_yolo26n_edgelite","YOLO26n EdgeLite","benchmark/train/410_jpg.rf.17ebf9267f21e6ae223237b0fb3da314.jpg",640,640,640,640,0.250000,0.700000,5.356000,94.973538,0.324616,152.563000,1,"Xiaomi M2012K10C"
"a8ace9ca-24fc-4eb5-984c-179a85ba2bb9","2026-05-26T14:50:23.704624Z","02_yolo26n_edgelite","YOLO26n EdgeLite","benchmark/train/IMG_3059_1_JPG.rf.5b880aa2c75940cdf1605a1365502302.jpg",640,640,640,640,0.250000,0.700000,7.357615,103.052307,0.297308,157.283769,2,"Xiaomi M2012K10C"
"445167ef-ce05-425e-ae44-314474304fc1","2026-05-26T14:50:23.857585Z","02_yolo26n_edgelite","YOLO26n EdgeLite","benchmark/test/208_jpg.rf.de2e91cc3886bb89b1eb49754f9e1059.jpg",640,640,640,640,0.250000,0.700000,5.502385,91.804615,0.300846,148.539923,1,"Xiaomi M2012K10C"
"998cc6c3-8150-4b96-ac5f-e08320337bd5","2026-05-26T14:50:24.024863Z","02_yolo26n_edgelite","YOLO26n EdgeLite","benchmark/train/IMG_3322_1_JPG.rf.f8c27b8aac28ac3147cb6efd5630ca07.jpg",640,640,640,640,0.250000,0.700000,5.370154,95.403692,0.417231,160.281231,2,"Xiaomi M2012K10C"
"5d046fa1-d5ef-4257-8f20-6c02f3e1510b","2026-05-26T14:50:24.187883Z","02_yolo26n_edgelite","YOLO26n EdgeLite","benchmark/train/IMG_3311_2_JPG.rf.c48b03a37f803b2044ba1ba3c61f5fb1.jpg",640,640,640,640,0.250000,0.700000,8.745615,99.186846,0.420847,154.858154,1,"Xiaomi M2012K10C"
"a62e86a8-5cb0-44fc-85de-9fed2d6f4ad2","2026-05-26T14:50:24.363168Z","02_yolo26n_edgelite","YOLO26n EdgeLite","benchmark/train/IMG_2936_JPG.rf.07b58e22b09e6d57a97b3e71608935c7.jpg",640,640,640,640,0.250000,0.700000,5.340539,95.839923,0.312615,170.325154,1,"Xiaomi M2012K10C"
"ecaca333-b900-4a91-af2d-004dbf857ec6","2026-05-26T14:50:24.527965Z","02_yolo26n_edgelite","YOLO26n EdgeLite","benchmark/train/305_jpg.rf.868f998de2f553ff3aa2d16990bffb41.jpg",640,640,640,640,0.250000,0.700000,9.652923,97.983154,0.446462,158.555154,1,"Xiaomi M2012K10C"
"0ee2fcee-5757-41d0-8ac8-d3c79fdccbcf","2026-05-26T14:50:24.682939Z","02_yolo26n_edgelite","YOLO26n EdgeLite","benchmark/train/PXL_20240125_121705781_jpg.rf.f1e77041eec51ae5def02fdcbe51e92d.jpg",640,640,640,640,0.250000,0.700000,8.205154,93.232000,0.323385,148.191692,1,"Xiaomi M2012K10C"
"39d4c85b-81f6-4449-b8a7-7580402b06fc","2026-05-26T14:50:24.870451Z","02_yolo26n_edgelite","YOLO26n EdgeLite","benchmark/train/IMG_3008_2_JPG.rf.fb7b23fff6a2df9dbb9d41f6f256253d.jpg",640,640,640,640,0.250000,0.700000,6.607385,94.985231,0.335461,180.495692,1,"Xiaomi M2012K10C"
"12a68ac7-2409-44e8-ae5b-6b3c6d8d723d","2026-05-26T14:50:28.337682Z","03_yolo26n_edgelite_simam","YOLO26n EdgeLite + SimAM","benchmark/valid/1404_jpg.rf.50ac65567d17e44f4747ef772e1811a2.jpg",640,640,640,640,0.250000,0.700000,5.433154,131.207384,0.212692,182.388000,1,"Xiaomi M2012K10C"
"9a042a1d-2536-436b-a0cf-e00a702e8cf6","2026-05-26T14:50:28.505751Z","03_yolo26n_edgelite_simam","YOLO26n EdgeLite + SimAM","benchmark/test/IMG_2871_JPG.rf.97d0892eaeaab8aa7c1f633a7650cde5.jpg",640,640,640,640,0.250000,0.700000,5.836000,109.545231,0.288000,163.364693,1,"Xiaomi M2012K10C"
"40d46efc-d8a3-427f-89f7-c438ec58728c","2026-05-26T14:50:28.651717Z","03_yolo26n_edgelite_simam","YOLO26n EdgeLite + SimAM","benchmark/train/IMG_3464_2_JPG.rf.6728583e6548b9eab863e1055ce92150.jpg",640,640,640,640,0.250000,0.700000,5.678846,89.372923,0.235077,140.824616,1,"Xiaomi M2012K10C"
"bd8d17f4-6978-44d5-a6ec-1cf6274d37ae","2026-05-26T14:50:28.792407Z","03_yolo26n_edgelite_simam","YOLO26n EdgeLite + SimAM","benchmark/valid/IMG_3330_JPG.rf.5078c6f22a2a2d19bce54d357a2bb92f.jpg",640,640,640,640,0.250000,0.700000,5.740231,83.120538,0.214539,135.988924,2,"Xiaomi M2012K10C"
"042a2eab-ef8d-4852-8fa9-b965e2109b3e","2026-05-26T14:50:29.012258Z","03_yolo26n_edgelite_simam","YOLO26n EdgeLite + SimAM","benchmark/train/PXL_20240125_084249888_jpg.rf.ceb9964f40b70330fa205f7110897ce8.jpg",640,640,640,640,0.250000,0.700000,5.400231,122.113846,0.256923,215.164615,1,"Xiaomi M2012K10C"
"19a72246-3716-40ad-83a7-977b559240f6","2026-05-26T14:50:29.151746Z","03_yolo26n_edgelite_simam","YOLO26n EdgeLite + SimAM","benchmark/train/1101_jpg.rf.e75d012fe6ff5f21b9c11be0e5c736ee.jpg",640,640,640,640,0.250000,0.700000,5.465000,82.767385,0.233846,135.076385,1,"Xiaomi M2012K10C"
"f67e8506-2360-4426-8a9c-67d2eca59e51","2026-05-26T14:50:29.294606Z","03_yolo26n_edgelite_simam","YOLO26n EdgeLite + SimAM","benchmark/train/IMG_3511_1_JPG.rf.0b2c5cbb52213554d5a5a8af643ebb6c.jpg",640,640,640,640,0.250000,0.700000,6.468538,85.081539,0.267615,137.983615,1,"Xiaomi M2012K10C"
"8d2e981c-f9b0-4a7b-8bf1-551d98da860c","2026-05-26T14:50:29.430899Z","03_yolo26n_edgelite_simam","YOLO26n EdgeLite + SimAM","benchmark/train/673_jpg.rf.e8861d8539e8376b98a82a66ef5912d9.jpg",640,640,640,640,0.250000,0.700000,5.446077,80.188231,0.271462,132.037539,1,"Xiaomi M2012K10C"
"17167c67-e7db-4b90-9e21-890f37c71a10","2026-05-26T14:50:29.573538Z","03_yolo26n_edgelite_simam","YOLO26n EdgeLite + SimAM","benchmark/train/IMG_3623_JPG.rf.eb1a2ceafa55861cc1ac23f11cf08605.jpg",640,640,640,640,0.250000,0.700000,5.434770,82.266384,0.333000,137.484000,1,"Xiaomi M2012K10C"
"a4157207-1d43-4f07-9dd3-9a059c999042","2026-05-26T14:50:29.717615Z","03_yolo26n_edgelite_simam","YOLO26n EdgeLite + SimAM","benchmark/test/321_jpg.rf.501ceb66b6567f079ff1be176bd9c1b7.jpg",640,640,640,640,0.250000,0.700000,5.900693,87.086769,0.267384,139.228077,1,"Xiaomi M2012K10C"
"f3d6abca-bf2f-49fd-80f3-2902b8810d40","2026-05-26T14:50:29.858206Z","03_yolo26n_edgelite_simam","YOLO26n EdgeLite + SimAM","benchmark/test/IMG_3405_2_JPG.rf.87ae5282a71d26f43cef59d7ddae6fcf.jpg",640,640,640,640,0.250000,0.700000,5.629231,83.768692,0.255308,135.527693,1,"Xiaomi M2012K10C"
"330c6f89-82a0-4776-accf-004e00eb5b7e","2026-05-26T14:50:29.999432Z","03_yolo26n_edgelite_simam","YOLO26n EdgeLite + SimAM","benchmark/train/PXL_20240125_124224747_jpg.rf.cf77cd2dd1f7fa110f752041f0a10003.jpg",640,640,640,640,0.250000,0.700000,5.693000,84.206077,0.296692,136.216385,2,"Xiaomi M2012K10C"
"51315888-2efb-4fcb-bed6-791b57a632cf","2026-05-26T14:50:30.136335Z","03_yolo26n_edgelite_simam","YOLO26n EdgeLite + SimAM","benchmark/train/PXL_20240124_144821293_jpg.rf.ba8ffb537ded5627b77f940779a497cd.jpg",640,640,640,640,0.250000,0.700000,5.170461,80.298231,0.265154,131.302769,3,"Xiaomi M2012K10C"
"eac35325-5850-4a51-b2d1-a15e0cfabdd9","2026-05-26T14:50:30.278551Z","03_yolo26n_edgelite_simam","YOLO26n EdgeLite + SimAM","benchmark/train/IMG_3393_JPG.rf.79cf41de2d1c618c36768992bd7dddf0.jpg",640,640,640,640,0.250000,0.700000,5.306462,83.842154,0.240307,136.840000,1,"Xiaomi M2012K10C"
"54ece9d1-14e4-408d-b12a-ab465369475a","2026-05-26T14:50:30.428828Z","03_yolo26n_edgelite_simam","YOLO26n EdgeLite + SimAM","benchmark/train/IMG_2831_1_JPG.rf.f9cabec18b85d377c8a9fec9351b4512.jpg",640,640,640,640,0.250000,0.700000,5.305846,94.044385,0.265539,145.179462,3,"Xiaomi M2012K10C"
"30902446-51a5-4da2-a724-bd88e1480f4a","2026-05-26T14:50:30.571138Z","03_yolo26n_edgelite_simam","YOLO26n EdgeLite + SimAM","benchmark/train/IMG_3203_JPG.rf.5a2c08236377543119038174c68f2b36.jpg",640,640,640,640,0.250000,0.700000,6.590230,82.785615,0.291077,136.336384,1,"Xiaomi M2012K10C"
"a8d05f36-cb6a-44e5-90dc-3348adcac1e1","2026-05-26T14:50:30.711908Z","03_yolo26n_edgelite_simam","YOLO26n EdgeLite + SimAM","benchmark/train/917_jpg.rf.5409d7f294d68c50f33b1ff46dc7f625.jpg",640,640,640,640,0.250000,0.700000,6.369923,82.413770,0.360000,136.111077,1,"Xiaomi M2012K10C"
"b3c779c5-363d-4aa0-b925-e1ecc23adde5","2026-05-26T14:50:30.853482Z","03_yolo26n_edgelite_simam","YOLO26n EdgeLite + SimAM","benchmark/valid/546_jpg.rf.f14ae47b651119516f37c2ae8acef8fa.jpg",640,640,640,640,0.250000,0.700000,5.401539,85.255077,0.258769,137.032077,1,"Xiaomi M2012K10C"
"eff7a639-de5c-4971-aeb1-45c44e50a340","2026-05-26T14:50:31.000095Z","03_yolo26n_edgelite_simam","YOLO26n EdgeLite + SimAM","benchmark/train/IMG_2337_2_JPG.rf.76fc88dcd48817d8fea338bf3736dca4.jpg",640,640,640,640,0.250000,0.700000,5.532231,88.006461,0.280308,141.237539,1,"Xiaomi M2012K10C"
"f1cd1e31-0639-47b1-8dc5-32e2b8c6d779","2026-05-26T14:50:31.145418Z","03_yolo26n_edgelite_simam","YOLO26n EdgeLite + SimAM","benchmark/train/IMG_2638_JPG.rf.a4fa59828279d5cc805f2f25869287af.jpg",640,640,640,640,0.250000,0.700000,5.546769,87.539923,0.249000,140.436077,1,"Xiaomi M2012K10C"
"1803b20a-dcae-4e77-aea6-0e2347127131","2026-05-26T14:50:31.288894Z","03_yolo26n_edgelite_simam","YOLO26n EdgeLite + SimAM","benchmark/train/IMG_2365_JPG.rf.db6f4a8469b1215123043e243d8b07bd.jpg",640,640,640,640,0.250000,0.700000,5.599385,86.763154,0.260000,138.391462,1,"Xiaomi M2012K10C"
"7a226e8d-5c22-4837-9b30-172e30d899f1","2026-05-26T14:50:31.434707Z","03_yolo26n_edgelite_simam","YOLO26n EdgeLite + SimAM","benchmark/train/IMG_2850_2_JPG.rf.2e0bf3b7caae178a107ef18297cbab44.jpg",640,640,640,640,0.250000,0.700000,6.015384,87.154847,0.255692,140.655692,1,"Xiaomi M2012K10C"
"ef6c1a81-8012-4b69-9b7f-a62750d16127","2026-05-26T14:50:31.646770Z","03_yolo26n_edgelite_simam","YOLO26n EdgeLite + SimAM","benchmark/valid/IMG_20240125_114821_355_jpg.rf.990f31326967307bdcdf74dd4522b198.jpg",640,640,640,640,0.250000,0.700000,5.391692,82.529000,0.379308,198.053154,1,"Xiaomi M2012K10C"
"c41d09cb-8ef4-4b48-8b38-bf0990f9f013","2026-05-26T14:50:31.808742Z","03_yolo26n_edgelite_simam","YOLO26n EdgeLite + SimAM","benchmark/train/IMG_3131_JPG.rf.749e40103d5f39481377402f74784c26.jpg",640,640,640,640,0.250000,0.700000,10.697231,94.021231,0.278462,152.437847,1,"Xiaomi M2012K10C"
"da8a31ad-9285-41fd-b2ec-8bd188453675","2026-05-26T14:50:31.970805Z","03_yolo26n_edgelite_simam","YOLO26n EdgeLite + SimAM","benchmark/test/IMG_3509_2_JPG.rf.6e41d6365fa1654f5952b7fea6fd10ae.jpg",640,640,640,640,0.250000,0.700000,7.647615,101.577769,0.381923,157.300307,1,"Xiaomi M2012K10C"
"6cb85abd-65af-4f56-9f77-312598caf387","2026-05-26T14:50:32.128360Z","03_yolo26n_edgelite_simam","YOLO26n EdgeLite + SimAM","benchmark/train/IMG_2763_1_JPG.rf.a3d0beb69003724dba8142fd54e2dd39.jpg",640,640,640,640,0.250000,0.700000,8.050231,93.811077,0.435769,148.076385,1,"Xiaomi M2012K10C"
"3b78cae9-7107-4a1b-96ab-78fa36687bc3","2026-05-26T14:50:32.284154Z","03_yolo26n_edgelite_simam","YOLO26n EdgeLite + SimAM","benchmark/valid/1066_jpg.rf.f1e05ad2018c524de035d6a9678f31f9.jpg",640,640,640,640,0.250000,0.700000,8.177231,92.772308,0.583385,147.211154,1,"Xiaomi M2012K10C"
"9961216a-d736-41e8-a6d3-bca66b3c2f17","2026-05-26T14:50:32.438277Z","03_yolo26n_edgelite_simam","YOLO26n EdgeLite + SimAM","benchmark/train/520_jpg.rf.77e19a6219d8b685203cc5c9d938999d.jpg",640,640,640,640,0.250000,0.700000,5.460000,93.798692,0.280616,145.352539,1,"Xiaomi M2012K10C"
"d09ea1c6-62c7-4e93-8ac6-5ee1b8a6d6fa","2026-05-26T14:50:32.590044Z","03_yolo26n_edgelite_simam","YOLO26n EdgeLite + SimAM","benchmark/valid/IMG_2241_2_JPG.rf.1c53be20b2f77559a6f12379a76c1c2b.jpg",640,640,640,640,0.250000,0.700000,5.313615,93.148000,0.263692,146.832000,1,"Xiaomi M2012K10C"
"55c81717-8ab7-4186-ad41-ccc47d8de097","2026-05-26T14:50:32.741509Z","03_yolo26n_edgelite_simam","YOLO26n EdgeLite + SimAM","benchmark/train/1037_jpg.rf.0f78a709b071dc3f9f7f9623e8a34df4.jpg",640,640,640,640,0.250000,0.700000,5.316693,94.761539,0.410538,147.086231,1,"Xiaomi M2012K10C"
"5c0cc16b-d204-4845-a519-99115af37f72","2026-05-26T14:50:32.896750Z","03_yolo26n_edgelite_simam","YOLO26n EdgeLite + SimAM","benchmark/train/IMG_3317_2_JPG.rf.0ba1117a95317cab7fdcaf00f32ce02a.jpg",640,640,640,640,0.250000,0.700000,5.418769,94.850461,0.421539,146.480923,1,"Xiaomi M2012K10C"
"6bb20141-c0e2-49f9-aeea-5d67d471531d","2026-05-26T14:50:33.057465Z","03_yolo26n_edgelite_simam","YOLO26n EdgeLite + SimAM","benchmark/train/IMG_2336_JPG.rf.6752ab7ee67bf842d524d8a05c72cfeb.jpg",640,640,640,640,0.250000,0.700000,9.541846,94.299385,0.279077,150.241769,1,"Xiaomi M2012K10C"
"ba4d5aa7-2e29-4220-a450-a665d748a5f6","2026-05-26T14:50:33.212621Z","03_yolo26n_edgelite_simam","YOLO26n EdgeLite + SimAM","benchmark/valid/IMG_2488_1_JPG.rf.ce99d338096fbc1af4a87fc40a9d5ffc.jpg",640,640,640,640,0.250000,0.700000,5.283308,98.735461,0.415000,150.279923,1,"Xiaomi M2012K10C"
"c6cc3a1d-a7b1-4a9b-b1ff-2d453556f772","2026-05-26T14:50:33.370553Z","03_yolo26n_edgelite_simam","YOLO26n EdgeLite + SimAM","benchmark/valid/IMG_2868_1_JPG.rf.045ab05df1319c49e4f7c93f6272f362.jpg",640,640,640,640,0.250000,0.700000,5.483693,92.244538,0.253539,152.925462,1,"Xiaomi M2012K10C"
"d7d78912-777c-4448-b29f-bf8770ad00c1","2026-05-26T14:50:33.530543Z","03_yolo26n_edgelite_simam","YOLO26n EdgeLite + SimAM","benchmark/train/IMG_2933_2_JPG.rf.6a7321f663ff8ed829b7887be02ac821.jpg",640,640,640,640,0.250000,0.700000,5.514231,103.615077,0.252231,155.272000,1,"Xiaomi M2012K10C"
"20d8fec5-4277-42f8-a21f-1a7cf2abde44","2026-05-26T14:50:33.678916Z","03_yolo26n_edgelite_simam","YOLO26n EdgeLite + SimAM","benchmark/train/IMG_3197_2_JPG.rf.6da5a19f3793d5aae00dbb144643929b.jpg",640,640,640,640,0.250000,0.700000,8.912230,85.355461,0.238770,143.551077,1,"Xiaomi M2012K10C"
"8a0d1b16-1ed2-4aea-81e1-0c3a058ea875","2026-05-26T14:50:33.823819Z","03_yolo26n_edgelite_simam","YOLO26n EdgeLite + SimAM","benchmark/test/331_jpg.rf.1196c06cf5208c11b05dce217180849b.jpg",640,640,640,640,0.250000,0.700000,5.868077,87.374538,0.371692,140.652384,1,"Xiaomi M2012K10C"
"bf25a077-cbb5-4057-bedb-c6acf61fe3a6","2026-05-26T14:50:33.969628Z","03_yolo26n_edgelite_simam","YOLO26n EdgeLite + SimAM","benchmark/valid/IMG_3423_2_JPG.rf.a256c9da512dea612d6d79e680c06daa.jpg",640,640,640,640,0.250000,0.700000,6.000231,87.451769,0.267000,140.616846,1,"Xiaomi M2012K10C"
"619c1977-b624-4876-9f34-30ca54773f3b","2026-05-26T14:50:34.122756Z","03_yolo26n_edgelite_simam","YOLO26n EdgeLite + SimAM","benchmark/train/IMG_2331_JPG.rf.c10536672212cd3e44c0d9e21544f96b.jpg",640,640,640,640,0.250000,0.700000,6.296077,88.637231,0.228616,147.739770,1,"Xiaomi M2012K10C"
"a5ac32d2-2685-47f1-9e5d-b67f5a487a77","2026-05-26T14:50:34.269233Z","03_yolo26n_edgelite_simam","YOLO26n EdgeLite + SimAM","benchmark/train/1172_jpg.rf.d3c67935f410f681c951122500f11a5f.jpg",640,640,640,640,0.250000,0.700000,5.590538,88.990231,0.252231,142.219692,1,"Xiaomi M2012K10C"
"2dd671d1-4426-4e80-8da3-69ba55e8e5ed","2026-05-26T14:50:34.418290Z","03_yolo26n_edgelite_simam","YOLO26n EdgeLite + SimAM","benchmark/train/IMG_3295_1_JPG.rf.14433ff38bd0a3739bf1a3ab8dd06f05.jpg",640,640,640,640,0.250000,0.700000,5.474231,87.337538,0.255693,143.709231,1,"Xiaomi M2012K10C"
"c8a2727b-f281-450d-bb2a-964ea4312b15","2026-05-26T14:50:34.560607Z","03_yolo26n_edgelite_simam","YOLO26n EdgeLite + SimAM","benchmark/train/IMG_3338_1_JPG.rf.3ba728d4250a6130aea446a9cc00bda3.jpg",640,640,640,640,0.250000,0.700000,5.665923,85.323923,0.287462,137.383154,1,"Xiaomi M2012K10C"
"0e1ac46f-f781-436b-b2e1-dfb1e792e3c8","2026-05-26T14:50:34.723837Z","03_yolo26n_edgelite_simam","YOLO26n EdgeLite + SimAM","benchmark/valid/1391_jpg.rf.494b60df96ae5493574699e8db1c74a4.jpg",640,640,640,640,0.250000,0.700000,5.521770,104.765000,0.284000,158.339385,1,"Xiaomi M2012K10C"
"aff34989-a506-4f2a-a996-31368db96383","2026-05-26T14:50:34.872723Z","03_yolo26n_edgelite_simam","YOLO26n EdgeLite + SimAM","benchmark/train/IMG_2437_2_JPG.rf.3cf47381ea06b7db4f754f76758d76fa.jpg",640,640,640,640,0.250000,0.700000,6.046385,85.295462,0.296230,143.530077,2,"Xiaomi M2012K10C"
"35d41d64-e017-4ab5-8b19-0873357b9e8e","2026-05-26T14:50:35.023411Z","03_yolo26n_edgelite_simam","YOLO26n EdgeLite + SimAM","benchmark/train/IMG_2735_1_JPG.rf.74af748f0056dd03e1be8c7f27371017.jpg",640,640,640,640,0.250000,0.700000,6.403077,89.900308,0.339615,144.638692,1,"Xiaomi M2012K10C"
"5e276fc3-fb29-4c86-9c6e-c06b5f61f967","2026-05-26T14:50:35.178248Z","03_yolo26n_edgelite_simam","YOLO26n EdgeLite + SimAM","benchmark/test/IMG_3199_2_JPG.rf.d39545ad9df47cfb509370902054f1f3.jpg",640,640,640,640,0.250000,0.700000,6.795384,93.817154,0.248307,148.836230,1,"Xiaomi M2012K10C"
"6479a737-a0aa-4798-bb6e-d05e1dad8218","2026-05-26T14:50:35.328688Z","03_yolo26n_edgelite_simam","YOLO26n EdgeLite + SimAM","benchmark/test/IMG_2404_2_JPG.rf.034830b0654fdd38f7770c9c6832ff56.jpg",640,640,640,640,0.250000,0.700000,6.640231,90.272308,0.322769,145.268923,1,"Xiaomi M2012K10C"
"49a5289a-bb8e-459e-a4f9-9656fa5f37d4","2026-05-26T14:50:35.484584Z","03_yolo26n_edgelite_simam","YOLO26n EdgeLite + SimAM","benchmark/train/IMG_3249_JPG.rf.30007c5b831a803d0b62bf8383e5e641.jpg",640,640,640,640,0.250000,0.700000,5.875000,88.873000,0.268231,150.658077,1,"Xiaomi M2012K10C"
"5e76e41a-352e-4abd-8149-bb11338cfaeb","2026-05-26T14:50:35.633782Z","03_yolo26n_edgelite_simam","YOLO26n EdgeLite + SimAM","benchmark/valid/IMG_3273_1_JPG.rf.347170cfb86a063931660d8dd8e06380.jpg",640,640,640,640,0.250000,0.700000,5.351462,90.342154,0.270385,144.317847,1,"Xiaomi M2012K10C"
"20c0c2d1-1086-467f-a442-77d89e431e46","2026-05-26T14:50:35.787363Z","03_yolo26n_edgelite_simam","YOLO26n EdgeLite + SimAM","benchmark/train/568_jpg.rf.21e5668cd3ca280afb1ee3484b4f292d.jpg",640,640,640,640,0.250000,0.700000,5.334769,94.573770,0.235076,149.246153,1,"Xiaomi M2012K10C"
"c099b121-c4d2-4fb8-98d3-ea50f3d9f41f","2026-05-26T14:50:35.945962Z","03_yolo26n_edgelite_simam","YOLO26n EdgeLite + SimAM","benchmark/train/IMG_3449_1_JPG.rf.bbc9588e89d9713f1959cab69dc2a84b.jpg",640,640,640,640,0.250000,0.700000,5.207154,95.664385,0.278384,153.713230,1,"Xiaomi M2012K10C"
"8c1a4588-8115-430f-807d-d0f8ecc4702a","2026-05-26T14:50:36.106123Z","03_yolo26n_edgelite_simam","YOLO26n EdgeLite + SimAM","benchmark/train/IMG_2923_2_JPG.rf.88c110964732f0891db2cb777aaa5b00.jpg",640,640,640,640,0.250000,0.700000,6.676615,96.435385,0.277846,154.496846,1,"Xiaomi M2012K10C"
"a9d687bd-4e1a-4688-b839-add16e76ec4c","2026-05-26T14:50:36.261337Z","03_yolo26n_edgelite_simam","YOLO26n EdgeLite + SimAM","benchmark/test/IMG_3370_JPG.rf.e35095ba53d117cf04296603be0f8a75.jpg",640,640,640,640,0.250000,0.700000,6.396231,97.348308,0.278384,150.123000,1,"Xiaomi M2012K10C"
"7fc12a8b-0163-4067-83bc-d23a138d6fcb","2026-05-26T14:50:36.417956Z","03_yolo26n_edgelite_simam","YOLO26n EdgeLite + SimAM","benchmark/valid/IMG_2748_JPG.rf.a5ffbd08287b01b8c1b90f5164df339a.jpg",640,640,640,640,0.250000,0.700000,6.998154,95.041231,0.291692,150.714846,1,"Xiaomi M2012K10C"
"2a5fc000-9413-41d9-858c-92de00267b3f","2026-05-26T14:50:36.587268Z","03_yolo26n_edgelite_simam","YOLO26n EdgeLite + SimAM","benchmark/valid/IMG_3332_2_JPG.rf.d5dc854b2078c9a5b0e7026b3faaf32a.jpg",640,640,640,640,0.250000,0.700000,7.331077,98.414692,0.346539,163.554539,2,"Xiaomi M2012K10C"
"95be15f8-4f02-44d1-9c7f-f33ca55589af","2026-05-26T14:50:36.743658Z","03_yolo26n_edgelite_simam","YOLO26n EdgeLite + SimAM","benchmark/valid/618_jpg.rf.4f1bd5c494af7dac5a07407a26707253.jpg",640,640,640,640,0.250000,0.700000,5.234462,96.659769,0.243000,151.308231,1,"Xiaomi M2012K10C"
"2d3d31e5-7d91-4456-914a-49e7d937b728","2026-05-26T14:50:36.909462Z","03_yolo26n_edgelite_simam","YOLO26n EdgeLite + SimAM","benchmark/train/IMG_2348_JPG.rf.ef4d280bc38122b206095ebf43776a49.jpg",640,640,640,640,0.250000,0.700000,5.372846,96.361231,0.342539,161.035385,1,"Xiaomi M2012K10C"
"ec613459-6d53-4d9f-9581-67b25668b965","2026-05-26T14:50:37.071410Z","03_yolo26n_edgelite_simam","YOLO26n EdgeLite + SimAM","benchmark/train/IMG_3515_JPG.rf.2a84a53959d875c758f3ced48edd3e75.jpg",640,640,640,640,0.250000,0.700000,7.264000,101.829000,0.263615,155.930461,1,"Xiaomi M2012K10C"
"4e10d851-42fd-43cf-9511-6958dcaa3f9a","2026-05-26T14:50:37.229413Z","03_yolo26n_edgelite_simam","YOLO26n EdgeLite + SimAM","benchmark/train/IMG_3198_JPG.rf.7b494108cbc78ba3755c8abc0664392c.jpg",640,640,640,640,0.250000,0.700000,5.481538,95.365539,0.365538,153.070461,1,"Xiaomi M2012K10C"
"33fb3608-45b6-47b3-9fad-153594b24c37","2026-05-26T14:50:37.385462Z","03_yolo26n_edgelite_simam","YOLO26n EdgeLite + SimAM","benchmark/train/PXL_20240125_083949268_jpg.rf.a2c6cc4e68b7c1a6e03b8c73a09e41e6.jpg",640,640,640,640,0.250000,0.700000,6.467615,93.493847,0.363384,148.662461,2,"Xiaomi M2012K10C"
"c2e15a2b-c926-4914-a28a-ca4c37cc67c8","2026-05-26T14:50:37.542770Z","03_yolo26n_edgelite_simam","YOLO26n EdgeLite + SimAM","benchmark/train/IMG_3490_JPG.rf.34f4918fff38577b9392c8f4e7dcc889.jpg",640,640,640,640,0.250000,0.700000,5.637308,95.839154,0.255692,150.044385,1,"Xiaomi M2012K10C"
"17220512-dc8f-4c74-a16c-9550f41f74dc","2026-05-26T14:50:37.692772Z","03_yolo26n_edgelite_simam","YOLO26n EdgeLite + SimAM","benchmark/train/1324_jpg.rf.445af81d5f027e62010e531478835ff2.jpg",640,640,640,640,0.250000,0.700000,6.152538,89.913846,0.285924,145.261231,1,"Xiaomi M2012K10C"
"b255e429-ec27-4b9f-b866-9797dbbbe7a7","2026-05-26T14:50:37.844394Z","03_yolo26n_edgelite_simam","YOLO26n EdgeLite + SimAM","benchmark/train/IMG_3576_1_JPG.rf.9039eafef0253d5182bfb82cc02984bf.jpg",640,640,640,640,0.250000,0.700000,6.065230,89.915384,0.300385,146.254769,1,"Xiaomi M2012K10C"
"f8fcbbf9-249f-4a84-ba44-b46ffe033bc8","2026-05-26T14:50:37.999134Z","03_yolo26n_edgelite_simam","YOLO26n EdgeLite + SimAM","benchmark/train/IMG_2782_1_JPG.rf.6f4bbcb2587b5a556ac6c48841c72a89.jpg",640,640,640,640,0.250000,0.700000,5.471153,93.818770,0.313615,149.666538,1,"Xiaomi M2012K10C"
"a0212944-f1c4-4098-be49-3cb2c8ccf547","2026-05-26T14:50:38.151180Z","03_yolo26n_edgelite_simam","YOLO26n EdgeLite + SimAM","benchmark/train/IMG_2467_JPG.rf.638c4cc8a5bb07b849fb0d8a7e29631d.jpg",640,640,640,640,0.250000,0.700000,5.591692,92.461923,0.266461,146.575384,2,"Xiaomi M2012K10C"
"a77438f2-22be-40c2-8a96-df8f33dcf725","2026-05-26T14:50:38.303512Z","03_yolo26n_edgelite_simam","YOLO26n EdgeLite + SimAM","benchmark/train/341_jpg.rf.b7c811cfc57df17dafe9b55a2df8e454.jpg",640,640,640,640,0.250000,0.700000,5.739077,93.197846,0.264000,147.747385,1,"Xiaomi M2012K10C"
"534db48a-4ab5-4093-83f9-55a83c0649e1","2026-05-26T14:50:38.459538Z","03_yolo26n_edgelite_simam","YOLO26n EdgeLite + SimAM","benchmark/valid/IMG_3272_JPG.rf.db20176750b09f4d0d5cf1437296b444.jpg",640,640,640,640,0.250000,0.700000,6.011000,95.798539,0.281769,150.758385,1,"Xiaomi M2012K10C"
"a8354622-06ae-4612-9250-d863c2403e1f","2026-05-26T14:50:38.614729Z","03_yolo26n_edgelite_simam","YOLO26n EdgeLite + SimAM","benchmark/train/IMG_3185_JPG.rf.49cdb545c106f55e6b3554a530afb560.jpg",640,640,640,640,0.250000,0.700000,5.793615,95.488231,0.326538,149.673307,2,"Xiaomi M2012K10C"
"0d918f9e-307d-4806-9ade-4fe913e1f832","2026-05-26T14:50:38.821191Z","03_yolo26n_edgelite_simam","YOLO26n EdgeLite + SimAM","benchmark/train/IMG_3482_2_JPG.rf.c00c9640ef0a2e466ac7c3091b1efd14.jpg",640,640,640,640,0.250000,0.700000,7.260385,107.205000,0.374384,198.984923,1,"Xiaomi M2012K10C"
"b740955f-29df-4c5f-9e67-841450e16602","2026-05-26T14:50:38.969452Z","03_yolo26n_edgelite_simam","YOLO26n EdgeLite + SimAM","benchmark/valid/IMG_3028_2_JPG.rf.306137151dbe6c13b5439a651fd18f24.jpg",640,640,640,640,0.250000,0.700000,5.714385,88.573000,0.252538,142.736231,1,"Xiaomi M2012K10C"
"50ff5f82-c674-4fb3-b1e0-911f8d0d853b","2026-05-26T14:50:39.120764Z","03_yolo26n_edgelite_simam","YOLO26n EdgeLite + SimAM","benchmark/test/214_jpg.rf.8f2de9afeced31eec8e79c587ce6d1d4.jpg",640,640,640,640,0.250000,0.700000,7.537231,90.544693,0.235923,146.684308,1,"Xiaomi M2012K10C"
"29cb0589-0a4d-4874-8ee9-2933f9b82d5b","2026-05-26T14:50:39.274654Z","03_yolo26n_edgelite_simam","YOLO26n EdgeLite + SimAM","benchmark/train/IMG_2622_JPG.rf.4c29dd7c862c5f0e6377a80583794cf8.jpg",640,640,640,640,0.250000,0.700000,5.604539,93.452000,0.272000,149.047923,1,"Xiaomi M2012K10C"
"78fedcb6-abac-45b5-a6a6-0fe88d1cf2fb","2026-05-26T14:50:39.430870Z","03_yolo26n_edgelite_simam","YOLO26n EdgeLite + SimAM","benchmark/test/4_jpg.rf.c424102cfeb32b23f2a05eaa1d251829.jpg",640,640,640,640,0.250000,0.700000,6.467154,92.921231,0.246384,151.542769,1,"Xiaomi M2012K10C"
"791a22e1-ecef-49a4-87fb-5c7dd4d332a0","2026-05-26T14:50:39.587008Z","03_yolo26n_edgelite_simam","YOLO26n EdgeLite + SimAM","benchmark/train/IMG_2716_2_JPG.rf.5e2a716edea808709641cfd2b5b8fffd.jpg",640,640,640,640,0.250000,0.700000,5.687462,91.245923,0.274154,150.813616,1,"Xiaomi M2012K10C"
"0215b32b-60cb-4ee0-99ce-b20750e41884","2026-05-26T14:50:39.743761Z","03_yolo26n_edgelite_simam","YOLO26n EdgeLite + SimAM","benchmark/train/382_jpg.rf.dc63c7bacb1288cffb1fdbea60eb7823.jpg",640,640,640,640,0.250000,0.700000,6.531076,93.185230,0.292385,152.129615,1,"Xiaomi M2012K10C"
"887791e4-7bd1-45e1-a0cf-964c820db487","2026-05-26T14:50:39.901018Z","03_yolo26n_edgelite_simam","YOLO26n EdgeLite + SimAM","benchmark/train/IMG_3255_2_JPG.rf.9a3db756905bfec392ad7c37fda26390.jpg",640,640,640,640,0.250000,0.700000,5.901847,93.909308,0.250692,151.871077,1,"Xiaomi M2012K10C"
"1d6bb28f-0b21-45e5-8de8-41e2b93704d3","2026-05-26T14:50:40.060877Z","03_yolo26n_edgelite_simam","YOLO26n EdgeLite + SimAM","benchmark/train/IMG_20240125_154538_387_jpg.rf.bdfe4d612984380ecb5368c9b0f972cd.jpg",640,640,640,640,0.250000,0.700000,6.858385,94.697154,0.317308,154.200616,3,"Xiaomi M2012K10C"
"7c9461b8-7bf1-4334-b2a1-4bad8ade9af5","2026-05-26T14:50:40.228268Z","03_yolo26n_edgelite_simam","YOLO26n EdgeLite + SimAM","benchmark/train/1090_jpg.rf.01da34b0d1969541405f49d28d062ba1.jpg",640,640,640,640,0.250000,0.700000,5.915769,103.741846,0.256307,161.595769,1,"Xiaomi M2012K10C"
"f098309c-09db-4bfd-a510-48ec9190af7e","2026-05-26T14:50:40.389859Z","03_yolo26n_edgelite_simam","YOLO26n EdgeLite + SimAM","benchmark/valid/387_jpg.rf.4b086103f7010118e710c48387074e7e.jpg",640,640,640,640,0.250000,0.700000,6.966385,96.232384,0.323077,156.704923,1,"Xiaomi M2012K10C"
"695668bd-fd56-42c5-b6ea-a0c55a3d95ec","2026-05-26T14:50:40.542506Z","03_yolo26n_edgelite_simam","YOLO26n EdgeLite + SimAM","benchmark/train/IMG_2494_1_JPG.rf.52361a5b5e2adfe5039c41285994b030.jpg",640,640,640,640,0.250000,0.700000,6.505923,87.363770,0.249153,146.990153,1,"Xiaomi M2012K10C"
"021d6552-5364-447a-a96f-28e65e4b6631","2026-05-26T14:50:40.698941Z","03_yolo26n_edgelite_simam","YOLO26n EdgeLite + SimAM","benchmark/train/IMG_3588_JPG.rf.24001863445cb80d0ccb72e3d63d23b8.jpg",640,640,640,640,0.250000,0.700000,6.516615,91.571154,0.241539,151.072385,1,"Xiaomi M2012K10C"
"b3ca2bd4-3e72-4024-815d-6573cb8b1bae","2026-05-26T14:50:40.851849Z","03_yolo26n_edgelite_simam","YOLO26n EdgeLite + SimAM","benchmark/valid/IMG_2606_JPG.rf.ca101c648ed2c5e08bf6e65c753df65a.jpg",640,640,640,640,0.250000,0.700000,6.306462,88.881461,0.359077,147.804000,1,"Xiaomi M2012K10C"
"7a09c9ab-16e4-4534-810a-c4cce4bb71e5","2026-05-26T14:50:41.006520Z","03_yolo26n_edgelite_simam","YOLO26n EdgeLite + SimAM","benchmark/train/IMG_3144_2_JPG.rf.d8548b6f9636ec9dfd4a46c62d1c4dbf.jpg",640,640,640,640,0.250000,0.700000,7.187077,89.226846,0.243077,149.210154,1,"Xiaomi M2012K10C"
"47c7af06-0e42-4531-a679-f967a1e08265","2026-05-26T14:50:41.162365Z","03_yolo26n_edgelite_simam","YOLO26n EdgeLite + SimAM","benchmark/valid/IMG_3020_1_JPG.rf.481f92dedf3bfe04a5af5c8d4ba0a648.jpg",640,640,640,640,0.250000,0.700000,6.437846,89.609231,0.299077,150.510077,1,"Xiaomi M2012K10C"
"ae86043d-ac84-4c19-91c1-c8121d6bbb28","2026-05-26T14:50:41.316791Z","03_yolo26n_edgelite_simam","YOLO26n EdgeLite + SimAM","benchmark/train/IMG_2242_2_JPG.rf.05f65555586788fc97cd1f6d4f5a23fa.jpg",640,640,640,640,0.250000,0.700000,6.245539,89.919462,0.263692,148.630231,1,"Xiaomi M2012K10C"
"239fa5ef-d733-43b7-b3ee-f66a2a91035d","2026-05-26T14:50:41.474890Z","03_yolo26n_edgelite_simam","YOLO26n EdgeLite + SimAM","benchmark/test/860_jpg.rf.0202c5186835a8ab148fb15adf05715f.jpg",640,640,640,640,0.250000,0.700000,7.167077,93.814692,0.249616,153.531462,1,"Xiaomi M2012K10C"
"890565a1-ad49-4b1b-86b8-396937fe2cb1","2026-05-26T14:50:41.629661Z","03_yolo26n_edgelite_simam","YOLO26n EdgeLite + SimAM","benchmark/train/IMG_2400_1_JPG.rf.e527170e1b5a6aa2221412209d2a1e75.jpg",640,640,640,640,0.250000,0.700000,6.488538,90.722462,0.281154,149.614077,1,"Xiaomi M2012K10C"
"69e7fa1e-1082-490a-b361-4df43da4561e","2026-05-26T14:50:41.786222Z","03_yolo26n_edgelite_simam","YOLO26n EdgeLite + SimAM","benchmark/train/IMG_2322_2_JPG.rf.aa9726aa9ffb852eede1a67c33b74ac4.jpg",640,640,640,640,0.250000,0.700000,6.719693,91.000000,0.227384,150.994769,1,"Xiaomi M2012K10C"
"2bbdc005-ec7d-4957-9884-76c6e1e4b439","2026-05-26T14:50:41.945156Z","03_yolo26n_edgelite_simam","YOLO26n EdgeLite + SimAM","benchmark/train/PXL_20240125_083238787_jpg.rf.5169463787fe8f9a095ae2546f54a288.jpg",640,640,640,640,0.250000,0.700000,6.245308,94.945231,0.277000,154.023154,2,"Xiaomi M2012K10C"
"f38c9995-34c7-4e63-b795-6ced5c6ab9bb","2026-05-26T14:50:42.101861Z","03_yolo26n_edgelite_simam","YOLO26n EdgeLite + SimAM","benchmark/train/IMG_3122_1_JPG.rf.df7e2b249e0bedc6574bd265789d6246.jpg",640,640,640,640,0.250000,0.700000,7.012616,90.924308,0.248230,151.081769,1,"Xiaomi M2012K10C"
"4767a0d8-c3c6-4cae-a7b2-596e4ab4b91a","2026-05-26T14:50:42.257008Z","03_yolo26n_edgelite_simam","YOLO26n EdgeLite + SimAM","benchmark/train/IMG_2548_JPG.rf.d9f31155774df7389abafd03be8f19be.jpg",640,640,640,640,0.250000,0.700000,6.458153,91.008539,0.231384,149.868307,1,"Xiaomi M2012K10C"
"97348e08-da03-4dcc-989c-973a8bcde939","2026-05-26T14:50:42.412203Z","03_yolo26n_edgelite_simam","YOLO26n EdgeLite + SimAM","benchmark/train/652_jpg.rf.15e3cbba407cdf777f0d6f23c483edae.jpg",640,640,640,640,0.250000,0.700000,6.433461,91.473846,0.276616,150.503000,1,"Xiaomi M2012K10C"
"02e21d5d-1372-40d1-b150-f5c5dfbe10e2","2026-05-26T14:50:42.568326Z","03_yolo26n_edgelite_simam","YOLO26n EdgeLite + SimAM","benchmark/train/IMG_3347_2_JPG.rf.48f8185b06dec54538c25356dea2549d.jpg",640,640,640,640,0.250000,0.700000,6.438769,91.979770,0.268000,150.912616,1,"Xiaomi M2012K10C"
"eb4aee2f-35c0-497e-b19d-0549a726baeb","2026-05-26T14:50:42.727656Z","03_yolo26n_edgelite_simam","YOLO26n EdgeLite + SimAM","benchmark/train/IMG_3094_1_JPG.rf.4c8171d071c5add55b4292662ea0caba.jpg",640,640,640,640,0.250000,0.700000,6.640615,93.531693,0.289230,153.649230,1,"Xiaomi M2012K10C"
"eaa112fc-3974-4bdb-966a-d3343d9d00ac","2026-05-26T14:50:42.888161Z","03_yolo26n_edgelite_simam","YOLO26n EdgeLite + SimAM","benchmark/test/IMG_2549_JPG.rf.60b930fda2176b9750be97519e292201.jpg",640,640,640,640,0.250000,0.700000,6.959154,94.650769,0.281308,154.957923,1,"Xiaomi M2012K10C"
"29363876-7340-4dc0-ae6d-be968a0b859b","2026-05-26T14:50:43.044961Z","03_yolo26n_edgelite_simam","YOLO26n EdgeLite + SimAM","benchmark/train/620_jpg.rf.d4f594286ff1543a2ec49d81d477b44a.jpg",640,640,640,640,0.250000,0.700000,6.487077,93.005231,0.257231,151.894769,1,"Xiaomi M2012K10C"
"2031a573-73d0-47ae-ba39-81aba842ad3b","2026-05-26T14:50:43.199906Z","03_yolo26n_edgelite_simam","YOLO26n EdgeLite + SimAM","benchmark/train/1401_jpg.rf.4d58f5faad6e840797b800c6b58e3ead.jpg",640,640,640,640,0.250000,0.700000,6.090230,91.575076,0.349616,150.070846,1,"Xiaomi M2012K10C"
"43ea2842-fc1a-4e32-9160-faf2249d42b7","2026-05-26T14:50:43.353663Z","03_yolo26n_edgelite_simam","YOLO26n EdgeLite + SimAM","benchmark/valid/IMG_2675_1_JPG.rf.a0974b30272293891d7b16ec3eb00bff.jpg",640,640,640,640,0.250000,0.700000,7.001923,88.247615,0.279693,148.453846,1,"Xiaomi M2012K10C"
"0dd1366a-f877-4e6a-891b-4131723c7cb2","2026-05-26T14:50:43.512194Z","03_yolo26n_edgelite_simam","YOLO26n EdgeLite + SimAM","benchmark/train/544_jpg.rf.52aa92b1fc4e7ecbaff67340aa3f65eb.jpg",640,640,640,640,0.250000,0.700000,6.551923,90.745231,0.338231,153.898769,1,"Xiaomi M2012K10C"
"82dc8dfb-9ef4-48e9-bb89-6d5168300b36","2026-05-26T14:50:43.666234Z","03_yolo26n_edgelite_simam","YOLO26n EdgeLite + SimAM","benchmark/train/429_jpg.rf.3ae1c70213906b1a09de7e5730bf5113.jpg",640,640,640,640,0.250000,0.700000,6.812077,89.514692,0.251077,148.824308,1,"Xiaomi M2012K10C"
"9840a763-b686-4f5f-b5d0-954a8890943e","2026-05-26T14:50:46.168043Z","03_yolo26n_edgelite_simam","YOLO26n EdgeLite + SimAM","benchmark/valid/302_jpg.rf.9166a911b3079952cfb28ff56dbc86b6.jpg",640,640,640,640,0.250000,0.700000,6.700000,208.784000,0.444923,306.937846,1,"Xiaomi M2012K10C"
"7bf47605-a31b-4a5b-892c-fa9a981519b9","2026-05-26T14:50:46.416497Z","03_yolo26n_edgelite_simam","YOLO26n EdgeLite + SimAM","benchmark/train/PXL_20240125_085225522_jpg.rf.5f19b297f5b799cf06bd622aa1ec232f.jpg",640,640,640,640,0.250000,0.700000,13.837154,100.801308,0.265461,234.035307,1,"Xiaomi M2012K10C"
"332a2dac-13d2-4ffc-9fac-34f61ed1cc03","2026-05-26T14:50:46.572498Z","03_yolo26n_edgelite_simam","YOLO26n EdgeLite + SimAM","benchmark/test/1388_jpg.rf.1f955fd16e8fde1cc2a634acbbd77b8d.jpg",640,640,640,640,0.250000,0.700000,6.341231,92.201846,0.298692,151.459923,1,"Xiaomi M2012K10C"
"01791b62-1321-430d-9b88-0101dd9bfe1b","2026-05-26T14:50:46.731280Z","03_yolo26n_edgelite_simam","YOLO26n EdgeLite + SimAM","benchmark/valid/998_jpg.rf.7a60de0fe17e23fd07852420c127efcc.jpg",640,640,640,640,0.250000,0.700000,6.002846,93.359307,0.337231,154.102461,1,"Xiaomi M2012K10C"
"82be38ae-ca2a-421a-8af1-9a6944aeb4b1","2026-05-26T14:50:46.889684Z","03_yolo26n_edgelite_simam","YOLO26n EdgeLite + SimAM","benchmark/train/PXL_20240125_124504339_jpg.rf.b418a850c7a52009e8dde87fcedf2e5f.jpg",640,640,640,640,0.250000,0.700000,6.207462,93.459693,0.310461,152.240077,3,"Xiaomi M2012K10C"
"2be5ccd4-dcba-4a24-9cf5-2d8ec50a45ee","2026-05-26T14:50:47.045111Z","03_yolo26n_edgelite_simam","YOLO26n EdgeLite + SimAM","benchmark/train/IMG_2305_JPG.rf.cdb2d6fca6da1ca30fd0e243f0ee2063.jpg",640,640,640,640,0.250000,0.700000,6.809307,88.363692,0.264308,149.209000,1,"Xiaomi M2012K10C"
"b11370e3-b159-4128-aef4-0f41b8154d1c","2026-05-26T14:50:47.198201Z","03_yolo26n_edgelite_simam","YOLO26n EdgeLite + SimAM","benchmark/valid/IMG_2636_2_JPG.rf.bf9817433a0c1f754032ca645691c52d.jpg",640,640,640,640,0.250000,0.700000,6.149154,88.565539,0.289615,147.374461,1,"Xiaomi M2012K10C"
"093f5277-35eb-4a1e-8b80-7c0a1a653645","2026-05-26T14:50:47.354154Z","03_yolo26n_edgelite_simam","YOLO26n EdgeLite + SimAM","benchmark/train/IMG_3418_1_JPG.rf.2e0b5637243a1cfc86febb000eeeffd1.jpg",640,640,640,640,0.250000,0.700000,6.588231,90.393770,0.250461,150.404846,1,"Xiaomi M2012K10C"
"8307b6a5-5c59-42aa-8ee3-932cf58d2abd","2026-05-26T14:50:47.506677Z","03_yolo26n_edgelite_simam","YOLO26n EdgeLite + SimAM","benchmark/train/IMG_3332_1_JPG.rf.f824a778c9a5e93117760728a5d98088.jpg",640,640,640,640,0.250000,0.700000,6.312230,87.796538,0.337923,147.242461,2,"Xiaomi M2012K10C"
"f0c34192-a203-4573-9b4a-8212b5ff75a7","2026-05-26T14:50:47.660539Z","03_yolo26n_edgelite_simam","YOLO26n EdgeLite + SimAM","benchmark/train/PXL_20240125_124405692_jpg.rf.8ce24a5744d43272b98afb797715cc6e.jpg",640,640,640,640,0.250000,0.700000,6.306077,88.586538,0.331615,148.074077,2,"Xiaomi M2012K10C"
"c2109ca1-50d8-4442-ae83-1f74e27fb8ef","2026-05-26T14:50:47.817436Z","03_yolo26n_edgelite_simam","YOLO26n EdgeLite + SimAM","benchmark/train/IMG_2650_JPG.rf.77ee1413b8167b3f9f2cc2c9b8722922.jpg",640,640,640,640,0.250000,0.700000,6.639077,91.479308,0.268692,150.560384,1,"Xiaomi M2012K10C"
"25cf861a-ae07-4bf2-b286-f4740faac3e5","2026-05-26T14:50:47.975116Z","03_yolo26n_edgelite_simam","YOLO26n EdgeLite + SimAM","benchmark/train/IMG_2989_1_JPG.rf.18de35a60dc4a88c0b152163ca0ba5ec.jpg",640,640,640,640,0.250000,0.700000,6.331769,93.056000,0.284308,152.104000,1,"Xiaomi M2012K10C"
"92b56a2b-6a1a-4c91-bece-69cbee7b8aa3","2026-05-26T14:50:48.131047Z","03_yolo26n_edgelite_simam","YOLO26n EdgeLite + SimAM","benchmark/valid/IMG_3398_2_JPG.rf.7969a6c72b284d6168dffe6a731ce10a.jpg",640,640,640,640,0.250000,0.700000,6.515693,91.373307,0.254154,150.495385,1,"Xiaomi M2012K10C"
"19c098b6-5c46-4b0f-9efe-b3a71543dd76","2026-05-26T14:50:48.286204Z","03_yolo26n_edgelite_simam","YOLO26n EdgeLite + SimAM","benchmark/train/IMG_20240125_153134_936_jpg.rf.ccc1854bafe6f97af1894884272ccfae.jpg",640,640,640,640,0.250000,0.700000,6.152000,90.854538,0.293539,149.756616,2,"Xiaomi M2012K10C"
"c75d868c-1697-47ae-bc89-0321acb59c4c","2026-05-26T14:50:48.444255Z","03_yolo26n_edgelite_simam","YOLO26n EdgeLite + SimAM","benchmark/train/IMG_3638_JPG.rf.b66be2e74f1e53a6efa4a09920e86f0c.jpg",640,640,640,640,0.250000,0.700000,7.345230,90.761846,0.289230,151.214076,3,"Xiaomi M2012K10C"
"0824bb30-68a1-4a2b-b170-2a3a556283ef","2026-05-26T14:50:48.597548Z","03_yolo26n_edgelite_simam","YOLO26n EdgeLite + SimAM","benchmark/valid/IMG_3504_JPG.rf.5c5e3919ca2ad59d0bd5c5fc334f02f6.jpg",640,640,640,640,0.250000,0.700000,6.105538,89.073538,0.249846,147.395692,1,"Xiaomi M2012K10C"
"b549971f-f05b-4710-9152-4b58e9ae96e4","2026-05-26T14:50:48.756722Z","03_yolo26n_edgelite_simam","YOLO26n EdgeLite + SimAM","benchmark/valid/IMG_3236_JPG.rf.bad0dd230bd1fe43405a99d7d5969b43.jpg",640,640,640,640,0.250000,0.700000,6.465616,94.511154,0.287000,153.572923,1,"Xiaomi M2012K10C"
"bc65840f-edb6-43e9-9651-e16db41a7527","2026-05-26T14:50:48.913373Z","03_yolo26n_edgelite_simam","YOLO26n EdgeLite + SimAM","benchmark/train/IMG_20240125_121023_482_jpg.rf.dd0a7ac26a3b105c1745d5a006336380.jpg",640,640,640,640,0.250000,0.700000,6.280615,91.717538,0.310770,151.151077,2,"Xiaomi M2012K10C"
"fe160162-6d88-4a20-9740-d905f6787f4c","2026-05-26T14:50:49.071955Z","03_yolo26n_edgelite_simam","YOLO26n EdgeLite + SimAM","benchmark/train/IMG_3338_1_JPG.rf.3ba728d4250a6130aea446a9cc00bda3.jpg",640,640,640,640,0.250000,0.700000,6.596385,92.510154,0.372307,152.832077,1,"Xiaomi M2012K10C"
"ebc53a37-1f7a-4241-9e60-8adc93152da2","2026-05-26T14:50:49.225846Z","03_yolo26n_edgelite_simam","YOLO26n EdgeLite + SimAM","benchmark/train/IMG_2827_1_JPG.rf.a3ba2479787b7ad1398c24d799ab9abd.jpg",640,640,640,640,0.250000,0.700000,6.691000,88.815308,0.306769,148.120846,2,"Xiaomi M2012K10C"
"101838be-1154-4a09-bfbb-b3283cae5687","2026-05-26T14:50:49.384774Z","03_yolo26n_edgelite_simam","YOLO26n EdgeLite + SimAM","benchmark/train/IMG_2950_JPG.rf.b53479e37a244af6b841dd80d707ca6b.jpg",640,640,640,640,0.250000,0.700000,6.635308,93.660846,0.282846,152.825231,1,"Xiaomi M2012K10C"
"d21e973b-590f-4b97-a3a5-f3a22b7fd6d8","2026-05-26T14:50:49.541965Z","03_yolo26n_edgelite_simam","YOLO26n EdgeLite + SimAM","benchmark/train/IMG_3430_2_JPG.rf.c9d7883211e1389906029f621a31e630.jpg",640,640,640,640,0.250000,0.700000,6.223462,92.592308,0.303692,151.622539,1,"Xiaomi M2012K10C"
"a801a23f-db58-4818-bb88-243c8879db99","2026-05-26T14:50:49.696134Z","03_yolo26n_edgelite_simam","YOLO26n EdgeLite + SimAM","benchmark/test/1005_jpg.rf.64b3abc5e7cfa15a1cf6fcdad43dfd74.jpg",640,640,640,640,0.250000,0.700000,6.236615,90.756231,0.278538,149.245846,1,"Xiaomi M2012K10C"
"8782ee0f-1dfa-4650-9c2e-2e0d4bef3b4b","2026-05-26T14:50:49.852119Z","03_yolo26n_edgelite_simam","YOLO26n EdgeLite + SimAM","benchmark/valid/IMG_2395_1_JPG.rf.49bf0211ab0316eb6fb7f5a8883f936c.jpg",640,640,640,640,0.250000,0.700000,6.560616,90.105538,0.296616,150.493616,1,"Xiaomi M2012K10C"
"15650339-534b-41e2-bce8-fb1f525aaebd","2026-05-26T14:50:50.007831Z","03_yolo26n_edgelite_simam","YOLO26n EdgeLite + SimAM","benchmark/train/IMG_2929_1_JPG.rf.ff2f5383bd01d27fab06b707c968c22c.jpg",640,640,640,640,0.250000,0.700000,7.178846,90.209846,0.334769,150.065615,1,"Xiaomi M2012K10C"
"c6de0ae6-aa78-419e-8499-7d8d7a91fac8","2026-05-26T14:50:50.162177Z","03_yolo26n_edgelite_simam","YOLO26n EdgeLite + SimAM","benchmark/train/256_jpg.rf.a27a687f0528f71d991349b8c73313c6.jpg",640,640,640,640,0.250000,0.700000,6.057615,91.467076,0.258693,149.856308,1,"Xiaomi M2012K10C"
"6663fcbd-c5ae-4750-bb1b-440b915da4d3","2026-05-26T14:50:50.317620Z","03_yolo26n_edgelite_simam","YOLO26n EdgeLite + SimAM","benchmark/test/522_jpg.rf.3ca54d4dec9fb701a4c8563772855cf6.jpg",640,640,640,640,0.250000,0.700000,6.075385,91.293846,0.301770,150.887924,1,"Xiaomi M2012K10C"
"65994dfb-e1cb-4a46-a02e-95adda3d4ad5","2026-05-26T14:50:50.476732Z","03_yolo26n_edgelite_simam","YOLO26n EdgeLite + SimAM","benchmark/train/517_jpg.rf.e4bdc216c4c2309b3af1f2c0d2340b2e.jpg",640,640,640,640,0.250000,0.700000,7.005308,94.928308,0.257923,154.428077,1,"Xiaomi M2012K10C"
"d4222a6a-df42-46b0-bcf2-fa568df1404a","2026-05-26T14:50:50.632341Z","03_yolo26n_edgelite_simam","YOLO26n EdgeLite + SimAM","benchmark/test/765_jpg.rf.79e0ba95bed60ba759b98c6d8daa5ca3.jpg",640,640,640,640,0.250000,0.700000,6.266847,91.029308,0.271615,150.866462,1,"Xiaomi M2012K10C"
"2746330e-1943-4c31-b4af-443b11f2b539","2026-05-26T14:50:50.789672Z","03_yolo26n_edgelite_simam","YOLO26n EdgeLite + SimAM","benchmark/valid/IMG_3021_JPG.rf.89306bc7d476d7e2fe7f644a00036016.jpg",640,640,640,640,0.250000,0.700000,7.055154,92.116077,0.259384,152.076077,1,"Xiaomi M2012K10C"
"61f902bc-d0ac-4f2e-ba45-1821d513226e","2026-05-26T14:50:50.950458Z","03_yolo26n_edgelite_simam","YOLO26n EdgeLite + SimAM","benchmark/train/IMG_2835_2_JPG.rf.97f48a16fd22ab0ebc3794491f9c4b1b.jpg",640,640,640,640,0.250000,0.700000,6.759462,95.495615,0.264308,155.080000,1,"Xiaomi M2012K10C"
"80b08e67-b12a-4321-9a54-b63b2b327013","2026-05-26T14:50:51.112177Z","03_yolo26n_edgelite_simam","YOLO26n EdgeLite + SimAM","benchmark/train/IMG_2933_2_JPG.rf.6a7321f663ff8ed829b7887be02ac821.jpg",640,640,640,640,0.250000,0.700000,6.686077,95.935077,0.261307,156.409846,1,"Xiaomi M2012K10C"
"6535ed33-4099-45a1-acfb-6e78d4eed29b","2026-05-26T14:50:51.258402Z","03_yolo26n_edgelite_simam","YOLO26n EdgeLite + SimAM","benchmark/test/863_jpg.rf.dda72c789d4eab757d0d468217b7221c.jpg",640,640,640,640,0.250000,0.700000,6.168923,82.578077,0.208077,141.962539,1,"Xiaomi M2012K10C"
"0de41519-29b7-4359-a03d-5bafd7d651fb","2026-05-26T14:50:51.398128Z","03_yolo26n_edgelite_simam","YOLO26n EdgeLite + SimAM","benchmark/train/IMG_3372_1_JPG.rf.7b1811e505f39da1c63fb01dd58444a0.jpg",640,640,640,640,0.250000,0.700000,5.684538,77.571384,0.195924,135.180231,1,"Xiaomi M2012K10C"
"2b2d1ea1-537b-4056-b2c7-ae75b81959ad","2026-05-26T14:50:51.552066Z","03_yolo26n_edgelite_simam","YOLO26n EdgeLite + SimAM","benchmark/train/IMG_3274_2_JPG.rf.87b57a83c271bb5b8bfd77a2109e6b58.jpg",640,640,640,640,0.250000,0.700000,5.906846,91.244385,0.188538,149.134461,1,"Xiaomi M2012K10C"
"3c3a68cc-cc9c-4445-b114-bd08f9b8c45a","2026-05-26T14:50:51.704355Z","03_yolo26n_edgelite_simam","YOLO26n EdgeLite + SimAM","benchmark/train/IMG_3060_JPG.rf.a0a72ae1bd9a38492e92ef2880af0812.jpg",640,640,640,640,0.250000,0.700000,5.925846,90.336539,0.187461,147.409538,1,"Xiaomi M2012K10C"
"6111dc56-2c36-4f5c-b6ee-2d716eb831f8","2026-05-26T14:50:51.859826Z","03_yolo26n_edgelite_simam","YOLO26n EdgeLite + SimAM","benchmark/train/IMG_3520_JPG.rf.945bac5ee394bf0b7cd29e244c7ad307.jpg",640,640,640,640,0.250000,0.700000,8.008615,91.460923,0.268000,150.787385,1,"Xiaomi M2012K10C"
"cde0b77a-043f-43b2-b6ab-b1a08c16c244","2026-05-26T14:50:52.012426Z","03_yolo26n_edgelite_simam","YOLO26n EdgeLite + SimAM","benchmark/train/396_jpg.rf.ec8551c447977ffdaa2506ca3f047722.jpg",640,640,640,640,0.250000,0.700000,6.074231,90.921769,0.178769,148.307384,1,"Xiaomi M2012K10C"
"7a40b94f-30ad-4900-8b54-00ed5b15b78d","2026-05-26T14:50:52.169800Z","03_yolo26n_edgelite_simam","YOLO26n EdgeLite + SimAM","benchmark/valid/IMG_2345_1_JPG.rf.5cb1c3e6a21b1d4b78f73dfd41b040c2.jpg",640,640,640,640,0.250000,0.700000,6.045154,94.410461,0.197847,152.602154,1,"Xiaomi M2012K10C"
"9eaa8497-9c52-48ef-b792-3ec9be22dfbb","2026-05-26T14:50:52.320913Z","03_yolo26n_edgelite_simam","YOLO26n EdgeLite + SimAM","benchmark/valid/IMG_3338_JPG.rf.9161af4b939f6be56a17cc2c79def2da.jpg",640,640,640,640,0.250000,0.700000,6.194462,88.586846,0.188615,145.995385,1,"Xiaomi M2012K10C"
"b5a77ddd-e652-45bf-8c60-f903965cd50e","2026-05-26T14:50:52.472213Z","03_yolo26n_edgelite_simam","YOLO26n EdgeLite + SimAM","benchmark/train/247_jpg.rf.6ee86540aec9ee72f5d8178435573360.jpg",640,640,640,640,0.250000,0.700000,5.707154,90.042769,0.188847,146.816924,1,"Xiaomi M2012K10C"
"bd6a32d4-aa3c-4389-8a7b-29d3499e5104","2026-05-26T14:50:52.620962Z","03_yolo26n_edgelite_simam","YOLO26n EdgeLite + SimAM","benchmark/train/699_jpg.rf.da7a74e5d550954a4924842795b024f9.jpg",640,640,640,640,0.250000,0.700000,5.602462,87.675000,0.232616,144.798693,1,"Xiaomi M2012K10C"
"0e39e7e1-a1e6-49b8-89ec-5aba499b21ff","2026-05-26T14:50:52.771690Z","03_yolo26n_edgelite_simam","YOLO26n EdgeLite + SimAM","benchmark/train/IMG_3307_JPG.rf.34aa78614eeed745f29af941e2bfede7.jpg",640,640,640,640,0.250000,0.700000,5.936000,88.377462,0.212692,145.570154,1,"Xiaomi M2012K10C"
"690db992-2ba8-4aaf-afaa-38715517e10f","2026-05-26T14:50:52.924328Z","03_yolo26n_edgelite_simam","YOLO26n EdgeLite + SimAM","benchmark/train/IMG_2870_2_JPG.rf.ff3649920dc54a6007c136723caeb8e8.jpg",640,640,640,640,0.250000,0.700000,5.716077,89.988847,0.189230,147.802154,1,"Xiaomi M2012K10C"
"97a4fbf0-11c4-4d45-b944-1427f9006e20","2026-05-26T14:50:53.074809Z","03_yolo26n_edgelite_simam","YOLO26n EdgeLite + SimAM","benchmark/train/IMG_3095_JPG.rf.2c04b5ecaea7897a6ee65dcb8fc9bb34.jpg",640,640,640,640,0.250000,0.700000,6.096308,88.533308,0.184923,145.658231,1,"Xiaomi M2012K10C"
"346f4ccf-2b6d-4859-9b0a-b12dd65e9c9f","2026-05-26T14:50:53.225544Z","03_yolo26n_edgelite_simam","YOLO26n EdgeLite + SimAM","benchmark/valid/677_jpg.rf.a9c1b9e63174178b69dfb8a009df7f75.jpg",640,640,640,640,0.250000,0.700000,5.700616,89.908923,0.189461,146.535000,1,"Xiaomi M2012K10C"
"15b1c0e6-0b8d-4825-b81b-00c73c6ece45","2026-05-26T14:50:53.374745Z","03_yolo26n_edgelite_simam","YOLO26n EdgeLite + SimAM","benchmark/train/IMG_3613_2_JPG.rf.eaef06be6dde63f543c0ea74bce71a71.jpg",640,640,640,640,0.250000,0.700000,5.794231,86.609769,0.213846,144.370154,2,"Xiaomi M2012K10C"
"6ea05a8f-7a91-4660-acb7-ce24a74d9d9e","2026-05-26T14:50:53.526447Z","03_yolo26n_edgelite_simam","YOLO26n EdgeLite + SimAM","benchmark/test/IMG_3329_JPG.rf.3bf682fd5837767aa1637b4674668455.jpg",640,640,640,640,0.250000,0.700000,5.926462,89.549154,0.188385,146.671385,2,"Xiaomi M2012K10C"
"ea1991b9-90a5-49d6-a040-d34f60b954e2","2026-05-26T14:50:53.679440Z","03_yolo26n_edgelite_simam","YOLO26n EdgeLite + SimAM","benchmark/valid/IMG_2641_JPG.rf.31965b5256aba036ca4bc23521515227.jpg",640,640,640,640,0.250000,0.700000,5.653846,90.384000,0.203692,148.099076,1,"Xiaomi M2012K10C"
"7384d685-c3d5-48e6-8f42-23a80b43a4e0","2026-05-26T14:50:53.830553Z","03_yolo26n_edgelite_simam","YOLO26n EdgeLite + SimAM","benchmark/train/IMG_2951_1_JPG.rf.49577672dcad3540f2fb5ff0b42cca77.jpg",640,640,640,640,0.250000,0.700000,5.953230,89.138231,0.189154,146.297769,1,"Xiaomi M2012K10C"
"985bb756-f184-456b-8c28-4783d847f593","2026-05-26T14:50:53.982828Z","03_yolo26n_edgelite_simam","YOLO26n EdgeLite + SimAM","benchmark/train/593_jpg.rf.832c301aa9a52b14199bfdcf50c1ceb7.jpg",640,640,640,640,0.250000,0.700000,5.778770,91.381231,0.188384,148.181231,1,"Xiaomi M2012K10C"
"51b0ffb9-2d4e-40e0-8d9b-e5533b1ce5d5","2026-05-26T14:50:54.136183Z","03_yolo26n_edgelite_simam","YOLO26n EdgeLite + SimAM","benchmark/train/IMG_2315_JPG.rf.fb115a934b740005e64810f5b08c8544.jpg",640,640,640,640,0.250000,0.700000,5.697847,90.924308,0.197308,148.450770,1,"Xiaomi M2012K10C"
"80142c6b-73b4-4c28-b1a0-815ed916058c","2026-05-26T14:50:54.285719Z","03_yolo26n_edgelite_simam","YOLO26n EdgeLite + SimAM","benchmark/train/IMG_2369_1_JPG.rf.8590161d1d76d3433261006099aeea4f.jpg",640,640,640,640,0.250000,0.700000,6.120846,87.260308,0.185308,144.689539,1,"Xiaomi M2012K10C"
"3060d2f4-9299-497b-a191-dc6f59d234ff","2026-05-26T14:50:54.440337Z","03_yolo26n_edgelite_simam","YOLO26n EdgeLite + SimAM","benchmark/train/IMG_3259_2_JPG.rf.81ad4613e85b5c18ce06908f4d377877.jpg",640,640,640,640,0.250000,0.700000,5.936384,90.955384,0.198077,148.915384,1,"Xiaomi M2012K10C"
"3a20dab9-5542-41e0-a2b2-a9891e8a0ab8","2026-05-26T14:50:54.594146Z","03_yolo26n_edgelite_simam","YOLO26n EdgeLite + SimAM","benchmark/train/IMG_2731_1_JPG.rf.a9cb312bd61c4ec7f5ca159e20b834e5.jpg",640,640,640,640,0.250000,0.700000,5.998154,91.752615,0.187692,148.815692,1,"Xiaomi M2012K10C"
"957497e5-6ec4-471e-ae5f-ffee96a41c58","2026-05-26T14:50:54.744327Z","03_yolo26n_edgelite_simam","YOLO26n EdgeLite + SimAM","benchmark/valid/IMG_3155_2_JPG.rf.e3d2bdd8690e9653b8fc6492df2f5425.jpg",640,640,640,640,0.250000,0.700000,5.821153,88.440616,0.185846,145.452846,1,"Xiaomi M2012K10C"
"261bdb3b-be6e-45d0-a65e-eacf3f726953","2026-05-26T14:50:54.897632Z","03_yolo26n_edgelite_simam","YOLO26n EdgeLite + SimAM","benchmark/train/IMG_3083_JPG.rf.325f59ee4e9cfbe3e932e556630f7d71.jpg",640,640,640,640,0.250000,0.700000,5.910385,91.214846,0.192923,148.438154,1,"Xiaomi M2012K10C"
"d24fa28a-bba9-43a2-b086-786ee06eab51","2026-05-26T14:50:55.048800Z","03_yolo26n_edgelite_simam","YOLO26n EdgeLite + SimAM","benchmark/valid/IMG_2881_JPG.rf.e061b55e639d7a6d85f729b19b618094.jpg",640,640,640,640,0.250000,0.700000,5.897847,88.549846,0.181846,146.429616,1,"Xiaomi M2012K10C"
"e0a2f360-f0cb-4a53-bd6c-c4f5c7511711","2026-05-26T14:50:55.198960Z","03_yolo26n_edgelite_simam","YOLO26n EdgeLite + SimAM","benchmark/train/IMG_2407_1_JPG.rf.f3d7ec32e9803de9191bfd339360a8c6.jpg",640,640,640,640,0.250000,0.700000,5.826153,86.586231,0.206385,145.301846,1,"Xiaomi M2012K10C"
"fbd12345-ebb8-4efa-b1aa-d69e394dfd52","2026-05-26T14:50:55.347536Z","03_yolo26n_edgelite_simam","YOLO26n EdgeLite + SimAM","benchmark/train/IMG_2637_2_JPG.rf.e9349f8b6acd570134e06ee1b6a03018.jpg",640,640,640,640,0.250000,0.700000,5.950769,86.623077,0.186538,143.744692,1,"Xiaomi M2012K10C"
"a80ff504-9375-4c56-8ea4-042f9ac8c6fe","2026-05-26T14:50:55.497491Z","03_yolo26n_edgelite_simam","YOLO26n EdgeLite + SimAM","benchmark/test/IMG_2923_JPG.rf.35d724cb51be966d873fddd542792598.jpg",640,640,640,640,0.250000,0.700000,5.877616,88.187615,0.185308,145.205616,1,"Xiaomi M2012K10C"
"b7432af7-ea6c-4075-b0a6-b8a997c3471f","2026-05-26T14:50:55.647076Z","03_yolo26n_edgelite_simam","YOLO26n EdgeLite + SimAM","benchmark/valid/IMG_2473_JPG.rf.9826c3fbac76d568952c41c1b38f8deb.jpg",640,640,640,640,0.250000,0.700000,5.799308,87.845308,0.199308,144.987616,1,"Xiaomi M2012K10C"
"d298db2e-1b4e-4996-b4c1-08fb8a3fd727","2026-05-26T14:50:55.796075Z","03_yolo26n_edgelite_simam","YOLO26n EdgeLite + SimAM","benchmark/train/IMG_3212_1_JPG.rf.687e4f83694fb7744a55aa2bca9611ae.jpg",640,640,640,640,0.250000,0.700000,5.914154,86.996615,0.183923,144.060846,1,"Xiaomi M2012K10C"
"983fa166-4a9e-422f-912f-75036db62fd1","2026-05-26T14:50:55.946797Z","03_yolo26n_edgelite_simam","YOLO26n EdgeLite + SimAM","benchmark/train/700_jpg.rf.2644989503d14b6360e4dee9eca2b23e.jpg",640,640,640,640,0.250000,0.700000,5.688000,89.312923,0.199077,146.726539,1,"Xiaomi M2012K10C"
"f8cbcf10-ad9e-4d7a-8b5a-f83175366e14","2026-05-26T14:50:56.097310Z","03_yolo26n_edgelite_simam","YOLO26n EdgeLite + SimAM","benchmark/test/IMG_3386_2_JPG.rf.b2822ee9cd9a8219cf95fc2cec9f46cb.jpg",640,640,640,640,0.250000,0.700000,6.128693,88.271923,0.181846,145.770462,1,"Xiaomi M2012K10C"
"3fd3c625-5523-4aba-97d8-11690475ed77","2026-05-26T14:50:56.248847Z","03_yolo26n_edgelite_simam","YOLO26n EdgeLite + SimAM","benchmark/train/622_jpg.rf.d7fa2d90ea36aa8546a5c46853c8b1ab.jpg",640,640,640,640,0.250000,0.700000,5.887615,89.918154,0.180231,146.912539,1,"Xiaomi M2012K10C"
"2a5d2631-3cc3-4b39-8445-e8398664b0e4","2026-05-26T14:50:56.406956Z","03_yolo26n_edgelite_simam","YOLO26n EdgeLite + SimAM","benchmark/train/786_jpg.rf.4f8541a2a4f0b1a0f85c5bf07ac42aba.jpg",640,640,640,640,0.250000,0.700000,8.596384,94.028384,0.257539,154.075769,1,"Xiaomi M2012K10C"
"b6bdbf7d-a2c5-4692-804e-94f9ef3e1eac","2026-05-26T14:50:56.564505Z","03_yolo26n_edgelite_simam","YOLO26n EdgeLite + SimAM","benchmark/train/IMG_2735_2_JPG.rf.7d62e7a09fa6e7fb6b473408bbd23a48.jpg",640,640,640,640,0.250000,0.700000,6.887616,92.805923,0.241154,152.170385,1,"Xiaomi M2012K10C"
"1b9ddd4e-e8f0-480e-89b1-e7946518eff4","2026-05-26T14:50:56.720597Z","03_yolo26n_edgelite_simam","YOLO26n EdgeLite + SimAM","benchmark/train/IMG_3663_JPG.rf.ada17c5cf963891333845a202723d36c.jpg",640,640,640,640,0.250000,0.700000,6.480616,90.535693,0.272000,151.214770,1,"Xiaomi M2012K10C"
"b8c29b6b-cff3-417f-8558-e383d65df229","2026-05-26T14:50:56.878626Z","03_yolo26n_edgelite_simam","YOLO26n EdgeLite + SimAM","benchmark/valid/IMG_2521_2_JPG.rf.9fd0f8f20d633dc4bd05cf1101e1a3f2.jpg",640,640,640,640,0.250000,0.700000,7.086846,93.128923,0.259693,152.841539,1,"Xiaomi M2012K10C"
"6cc1416a-3da9-4c42-b317-2f6eac94f486","2026-05-26T14:50:57.032588Z","03_yolo26n_edgelite_simam","YOLO26n EdgeLite + SimAM","benchmark/train/922_jpg.rf.31c921ea159ed42cc82322e11967795a.jpg",640,640,640,640,0.250000,0.700000,6.369308,90.865846,0.286769,149.391769,1,"Xiaomi M2012K10C"
"69fc1283-59ca-40d2-a488-2fe86269f7a5","2026-05-26T14:50:57.191297Z","03_yolo26n_edgelite_simam","YOLO26n EdgeLite + SimAM","benchmark/train/IMG_2709_JPG.rf.508e8dd88d1639478daeda3f7e2d63e2.jpg",640,640,640,640,0.250000,0.700000,6.255462,94.264231,0.273307,153.241923,2,"Xiaomi M2012K10C"
"b86db117-73e5-48b9-84ea-8c5a122bfda2","2026-05-26T14:50:57.349133Z","03_yolo26n_edgelite_simam","YOLO26n EdgeLite + SimAM","benchmark/train/473_jpg.rf.459e497376120d3f2fbad4001f889241.jpg",640,640,640,640,0.250000,0.700000,6.074539,93.760846,0.232692,152.734846,1,"Xiaomi M2012K10C"
"2d5dcada-4c34-4dff-9812-4a944306a79e","2026-05-26T14:50:57.508750Z","03_yolo26n_edgelite_simam","YOLO26n EdgeLite + SimAM","benchmark/train/IMG_2392_1_JPG.rf.d26a89756752c1fa0796f30710a3cddb.jpg",640,640,640,640,0.250000,0.700000,6.451077,93.826385,0.310461,153.824846,1,"Xiaomi M2012K10C"
"e919f5e6-d723-4c82-9d95-81a7aaa908f0","2026-05-26T14:50:57.664443Z","03_yolo26n_edgelite_simam","YOLO26n EdgeLite + SimAM","benchmark/valid/IMG_2730_1_JPG.rf.13539fd4c746cbf0418dd50958f23b7a.jpg",640,640,640,640,0.250000,0.700000,6.612539,90.276385,0.253462,150.157770,1,"Xiaomi M2012K10C"
"a8d65727-e205-4c2b-99db-76a781c98145","2026-05-26T14:50:57.817088Z","03_yolo26n_edgelite_simam","YOLO26n EdgeLite + SimAM","benchmark/train/IMG_3361_JPG.rf.c015a4ca139362e8a677f004c2d33a96.jpg",640,640,640,640,0.250000,0.700000,6.650077,88.570769,0.255077,147.457231,1,"Xiaomi M2012K10C"
"b46dd2ad-1733-4880-b4ba-c33635a2da79","2026-05-26T14:50:57.974759Z","03_yolo26n_edgelite_simam","YOLO26n EdgeLite + SimAM","benchmark/train/676_jpg.rf.29870ade49626154aacc985bb7e499a9.jpg",640,640,640,640,0.250000,0.700000,6.665846,92.854077,0.266154,153.076000,1,"Xiaomi M2012K10C"
"748bcb0a-7fa7-4387-bf76-4625590bcbd5","2026-05-26T14:50:58.134410Z","03_yolo26n_edgelite_simam","YOLO26n EdgeLite + SimAM","benchmark/train/IMG_20240125_154405_112_jpg.rf.cf20b8ee6a6332f8c312031c5ddbdafc.jpg",640,640,640,640,0.250000,0.700000,6.404077,95.323308,0.250231,154.329308,1,"Xiaomi M2012K10C"
"7a50abe5-97e8-4116-9322-afaaa76163dd","2026-05-26T14:50:58.289108Z","03_yolo26n_edgelite_simam","YOLO26n EdgeLite + SimAM","benchmark/train/459_jpg.rf.41964d0deb4968a20eec0ddcba780437.jpg",640,640,640,640,0.250000,0.700000,6.318231,90.859616,0.253923,150.245308,1,"Xiaomi M2012K10C"
"5309de6e-c6ba-4b53-afbf-b1c71778e367","2026-05-26T14:50:58.445265Z","03_yolo26n_edgelite_simam","YOLO26n EdgeLite + SimAM","benchmark/valid/IMG_2892_1_JPG.rf.951dd7a4d56930f366c4282b1c4c1e57.jpg",640,640,640,640,0.250000,0.700000,7.025538,91.212538,0.225923,150.886461,1,"Xiaomi M2012K10C"
"c9c587da-40de-4856-a512-94c4d4873e98","2026-05-26T14:50:58.601672Z","03_yolo26n_edgelite_simam","YOLO26n EdgeLite + SimAM","benchmark/test/IMG_3318_2_JPG.rf.ada2f49fbc9065ccba9403820845a00e.jpg",640,640,640,640,0.250000,0.700000,6.156923,92.869770,0.265538,151.327615,1,"Xiaomi M2012K10C"
"87767091-2cbc-4721-9aaa-2d9fb35b1b95","2026-05-26T14:50:58.760694Z","03_yolo26n_edgelite_simam","YOLO26n EdgeLite + SimAM","benchmark/valid/755_jpg.rf.71aae36aa360f47fad662887757302aa.jpg",640,640,640,640,0.250000,0.700000,6.162384,94.555154,0.275307,154.343307,1,"Xiaomi M2012K10C"
"f726b6bf-9968-4d8d-bfe4-9cd906b56bda","2026-05-26T14:50:58.918403Z","03_yolo26n_edgelite_simam","YOLO26n EdgeLite + SimAM","benchmark/train/PXL_20240125_083331116_jpg.rf.8276eb96dff2a4a141695d5c449821b0.jpg",640,640,640,640,0.250000,0.700000,6.845462,93.505307,0.261154,152.522077,1,"Xiaomi M2012K10C"
"b1ade1c3-be93-42a1-bbe8-db5e0d75c87e","2026-05-26T14:50:59.078353Z","03_yolo26n_edgelite_simam","YOLO26n EdgeLite + SimAM","benchmark/valid/IMG_2949_2_JPG.rf.b965ddd5bfb06c5fa302c9436ea4ed2a.jpg",640,640,640,640,0.250000,0.700000,6.388846,94.065231,0.281308,154.558462,1,"Xiaomi M2012K10C"
"bd904e48-cca4-4241-a65e-4877652be4f5","2026-05-26T14:50:59.237629Z","03_yolo26n_edgelite_simam","YOLO26n EdgeLite + SimAM","benchmark/train/IMG_3611_JPG.rf.f2baaf87fe310c1b8c697846e94b5764.jpg",640,640,640,640,0.250000,0.700000,6.910769,94.230385,0.284385,153.728385,1,"Xiaomi M2012K10C"
"9fe1ab55-ba17-4dc8-938e-e935ec622730","2026-05-26T14:50:59.392950Z","03_yolo26n_edgelite_simam","YOLO26n EdgeLite + SimAM","benchmark/train/IMG_3542_2_JPG.rf.7ff522843ef4a33ad5800488b5012a69.jpg",640,640,640,640,0.250000,0.700000,6.270230,91.680000,0.243923,150.031077,1,"Xiaomi M2012K10C"
"6759381b-e9b9-4466-867d-7cb50204fbdd","2026-05-26T14:50:59.598613Z","03_yolo26n_edgelite_simam","YOLO26n EdgeLite + SimAM","benchmark/valid/IMG_2718_1_JPG.rf.9c335b2f2cdfd99ce81144600ff1ff87.jpg",640,640,640,640,0.250000,0.700000,6.229308,100.751077,0.280231,200.218462,1,"Xiaomi M2012K10C"
"d35cb14e-7cc7-491c-b80b-2291baf9c5a7","2026-05-26T14:50:59.754586Z","03_yolo26n_edgelite_simam","YOLO26n EdgeLite + SimAM","benchmark/train/IMG_2663_JPG.rf.77fe91cb12393d1308a2577cfff73177.jpg",640,640,640,640,0.250000,0.700000,6.638846,90.676307,0.242539,150.476077,1,"Xiaomi M2012K10C"
"a2d4977a-747f-4397-b7d1-4d825372439d","2026-05-26T14:50:59.914394Z","03_yolo26n_edgelite_simam","YOLO26n EdgeLite + SimAM","benchmark/valid/IMG_2310_2_JPG.rf.8292321de5dad470f56c149f00b21a4a.jpg",640,640,640,640,0.250000,0.700000,6.279077,93.554539,0.307077,154.290154,2,"Xiaomi M2012K10C"
"fdc1dbba-cc10-4cef-926e-39d93af9158a","2026-05-26T14:51:00.069781Z","03_yolo26n_edgelite_simam","YOLO26n EdgeLite + SimAM","benchmark/train/IMG_2530_JPG.rf.ff86582ce5cb45d192e14bccbce51d91.jpg",640,640,640,640,0.250000,0.700000,6.305769,90.330385,0.266461,149.727307,1,"Xiaomi M2012K10C"
"89ace801-5385-43aa-9f70-900ac7f4947d","2026-05-26T14:51:00.233167Z","03_yolo26n_edgelite_simam","YOLO26n EdgeLite + SimAM","benchmark/valid/IMG_3480_2_JPG.rf.f01378f79b0abf7779905f5dff19ff00.jpg",640,640,640,640,0.250000,0.700000,6.465616,99.130231,0.238077,157.710462,1,"Xiaomi M2012K10C"
"42d7bde7-46a9-43d8-bcab-4ce0d05bf425","2026-05-26T14:51:00.390244Z","03_yolo26n_edgelite_simam","YOLO26n EdgeLite + SimAM","benchmark/train/PXL_20240124_141847057_jpg.rf.4bc0e1d0c5afdb7a2db320ba566ccc9b.jpg",640,640,640,640,0.250000,0.700000,6.216308,92.467154,0.256846,151.682461,1,"Xiaomi M2012K10C"
"4af17c72-3e51-49a5-9a9b-24579aad0593","2026-05-26T14:51:00.546140Z","03_yolo26n_edgelite_simam","YOLO26n EdgeLite + SimAM","benchmark/train/IMG_3006_1_JPG.rf.7c5924150034c887d7c48a7cff14b654.jpg",640,640,640,640,0.250000,0.700000,6.351923,91.873153,0.256077,150.542769,1,"Xiaomi M2012K10C"
"99c63e8e-a9d2-49e7-896f-6d778ff9fa3e","2026-05-26T14:51:00.706088Z","03_yolo26n_edgelite_simam","YOLO26n EdgeLite + SimAM","benchmark/train/IMG_2843_JPG.rf.d3305987f4521e6f356095d3e669183f.jpg",640,640,640,640,0.250000,0.700000,6.367077,94.045615,0.289231,154.364000,1,"Xiaomi M2012K10C"
"d8901a87-e7e0-4d6b-8b6a-ac52b8644378","2026-05-26T14:51:00.862639Z","03_yolo26n_edgelite_simam","YOLO26n EdgeLite + SimAM","benchmark/valid/711_jpg.rf.d79457900f0596b354b294f77167618e.jpg",640,640,640,640,0.250000,0.700000,6.234461,92.060616,0.241538,152.063692,1,"Xiaomi M2012K10C"
"e8e43de0-7ac1-43b2-91ca-22b8b9bb09b7","2026-05-26T14:51:01.017940Z","03_yolo26n_edgelite_simam","YOLO26n EdgeLite + SimAM","benchmark/valid/IMG_2887_1_JPG.rf.0aac2fc4440bb03335ca7203b3db5b9a.jpg",640,640,640,640,0.250000,0.700000,6.393154,89.976307,0.218462,149.927000,2,"Xiaomi M2012K10C"
"94de30ed-f4a8-4a4f-9d87-ae3d522965d8","2026-05-26T14:51:01.177332Z","03_yolo26n_edgelite_simam","YOLO26n EdgeLite + SimAM","benchmark/train/IMG_2236_JPG.rf.1f5e9d08b726cfe9583dc7cf75d82ee2.jpg",640,640,640,640,0.250000,0.700000,6.142077,94.593308,0.371077,153.943077,1,"Xiaomi M2012K10C"
"da5569f5-a7ac-419c-b595-e8721cca1bb3","2026-05-26T14:51:01.340693Z","03_yolo26n_edgelite_simam","YOLO26n EdgeLite + SimAM","benchmark/train/IMG_3346_2_JPG.rf.b44586090c8934fa24d466df0f6750a1.jpg",640,640,640,640,0.250000,0.700000,8.255692,93.568539,0.251154,154.532077,1,"Xiaomi M2012K10C"
"0514f722-c0e0-4a73-bcfc-ea07a01643bc","2026-05-26T14:51:01.498316Z","03_yolo26n_edgelite_simam","YOLO26n EdgeLite + SimAM","benchmark/valid/IMG_2335_JPG.rf.397ed7da7fd83e1774de5cecc952f8e8.jpg",640,640,640,640,0.250000,0.700000,6.271000,92.578154,0.379077,152.166693,1,"Xiaomi M2012K10C"
"29a46a9c-ecb8-4f46-a572-9e20ca85a9ec","2026-05-26T14:51:01.660909Z","03_yolo26n_edgelite_simam","YOLO26n EdgeLite + SimAM","benchmark/valid/IMG_2769_2_JPG.rf.d062967511786351d61c1121df62e1f1.jpg",640,640,640,640,0.250000,0.700000,9.624230,91.411615,0.231385,153.432538,1,"Xiaomi M2012K10C"
"bdb63291-e5e6-4319-9efe-5a5c7a290fea","2026-05-26T14:51:08.063846Z","04_yolo26n_edgelite_wiou_progloss","YOLO26n EdgeLite + WIoU/ProgLoss","benchmark/train/IMG_2852_JPG.rf.e7b5e5968435a918462ade0dbb9f48d5.jpg",640,640,640,640,0.250000,0.700000,13.820538,157.355154,0.317846,289.756923,2,"Xiaomi M2012K10C"
"ab281a33-3b0a-4e71-bcf7-eef46db659a0","2026-05-26T14:51:08.234104Z","04_yolo26n_edgelite_wiou_progloss","YOLO26n EdgeLite + WIoU/ProgLoss","benchmark/test/IMG_3522_2_JPG.rf.a09b4a39e184b603184b0b3c6b87a187.jpg",640,640,640,640,0.250000,0.700000,8.071615,102.643692,0.251385,162.862769,1,"Xiaomi M2012K10C"
"d03a068e-fb9c-45cd-9a35-559791d5a2e1","2026-05-26T14:51:08.414317Z","04_yolo26n_edgelite_wiou_progloss","YOLO26n EdgeLite + WIoU/ProgLoss","benchmark/train/1172_jpg.rf.d3c67935f410f681c951122500f11a5f.jpg",640,640,640,640,0.250000,0.700000,21.495000,97.112000,0.247769,175.172923,1,"Xiaomi M2012K10C"
"2ebf3047-2b91-465e-ab03-3c406494b205","2026-05-26T14:51:08.573252Z","04_yolo26n_edgelite_wiou_progloss","YOLO26n EdgeLite + WIoU/ProgLoss","benchmark/train/IMG_3593_2_JPG.rf.3c31aac58b9c2f2962e30eb10c6e1975.jpg",640,640,640,640,0.250000,0.700000,6.579462,94.485615,0.242154,154.116077,1,"Xiaomi M2012K10C"
"e27a52fd-4cb5-4e29-a3e3-7c45af067515","2026-05-26T14:51:08.732479Z","04_yolo26n_edgelite_wiou_progloss","YOLO26n EdgeLite + WIoU/ProgLoss","benchmark/valid/IMG_3565_JPG.rf.f285ececcdb165e22392a4b64138f2ef.jpg",640,640,640,640,0.250000,0.700000,6.198385,95.512616,0.251615,153.958077,2,"Xiaomi M2012K10C"
"03af4c3a-c5e9-41a9-9d70-f87fb6c26485","2026-05-26T14:51:08.888118Z","04_yolo26n_edgelite_wiou_progloss","YOLO26n EdgeLite + WIoU/ProgLoss","benchmark/valid/IMG_20240125_120436_039_jpg.rf.db9ce936d3654604dcd5f42d07e1527c.jpg",640,640,640,640,0.250000,0.700000,6.832307,90.623077,0.301846,150.019692,2,"Xiaomi M2012K10C"
"07a6a725-1db4-41b8-8438-2dc915b121b1","2026-05-26T14:51:09.046939Z","04_yolo26n_edgelite_wiou_progloss","YOLO26n EdgeLite + WIoU/ProgLoss","benchmark/train/IMG_2639_JPG.rf.a8f36527223429e53ab76911d6c0ff74.jpg",640,640,640,640,0.250000,0.700000,6.544615,93.471077,0.234385,153.071923,1,"Xiaomi M2012K10C"
"44a4bdcf-a5ab-49ce-9a14-c00e282d61df","2026-05-26T14:51:09.201702Z","04_yolo26n_edgelite_wiou_progloss","YOLO26n EdgeLite + WIoU/ProgLoss","benchmark/valid/741_jpg.rf.e9f4f7dbefac07759da2c7c555e41ccf.jpg",640,640,640,640,0.250000,0.700000,5.862846,90.198769,0.288923,149.963692,1,"Xiaomi M2012K10C"
"b0d5e4f3-3ba6-49de-8dce-03f42b442411","2026-05-26T14:51:09.356366Z","04_yolo26n_edgelite_wiou_progloss","YOLO26n EdgeLite + WIoU/ProgLoss","benchmark/valid/IMG_3467_JPG.rf.204b7a0109c4d344512e4a4655d5037f.jpg",640,640,640,640,0.250000,0.700000,6.150230,90.831462,0.282692,149.077538,1,"Xiaomi M2012K10C"
"495cdb97-ce1c-4673-a5cb-27043681c691","2026-05-26T14:51:09.508560Z","04_yolo26n_edgelite_wiou_progloss","YOLO26n EdgeLite + WIoU/ProgLoss","benchmark/valid/IMG_2929_2_JPG.rf.f21dde0c4a5de6d962fe57ad2e3ebeb7.jpg",640,640,640,640,0.250000,0.700000,6.623385,87.356615,0.284308,146.588923,1,"Xiaomi M2012K10C"
"1d18fbe9-d4b3-4454-bb18-4e28994c3127","2026-05-26T14:51:09.667791Z","04_yolo26n_edgelite_wiou_progloss","YOLO26n EdgeLite + WIoU/ProgLoss","benchmark/test/1306_jpg.rf.f7f8ab42a9af1943f7b7c6588e9eb646.jpg",640,640,640,640,0.250000,0.700000,6.200923,94.936538,0.297846,154.009230,1,"Xiaomi M2012K10C"
"0d342637-7666-4fd9-8a8c-0bcf54a7e9d4","2026-05-26T14:51:09.828088Z","04_yolo26n_edgelite_wiou_progloss","YOLO26n EdgeLite + WIoU/ProgLoss","benchmark/valid/IMG_2529_2_JPG.rf.78980f998aede68514d83387ca16cf11.jpg",640,640,640,640,0.250000,0.700000,6.920923,95.265462,0.387077,154.746462,1,"Xiaomi M2012K10C"
"611e4b90-c29d-4917-a385-ced02447cec2","2026-05-26T14:51:09.992523Z","04_yolo26n_edgelite_wiou_progloss","YOLO26n EdgeLite + WIoU/ProgLoss","benchmark/train/IMG_2968_2_JPG.rf.b4379cdd8acfa86e98d07baa0d324212.jpg",640,640,640,640,0.250000,0.700000,6.621231,94.948308,0.269462,159.058693,1,"Xiaomi M2012K10C"
"87f8cb52-3cc6-4751-b91e-cd3de1573997","2026-05-26T14:51:10.147413Z","04_yolo26n_edgelite_wiou_progloss","YOLO26n EdgeLite + WIoU/ProgLoss","benchmark/train/IMG_2964_1_JPG.rf.aef506a6004bfc57a0686ee5f7202263.jpg",640,640,640,640,0.250000,0.700000,6.743692,90.210461,0.288231,149.194077,1,"Xiaomi M2012K10C"
"2fdd4d6b-1989-43d9-8365-25f58ba6f97b","2026-05-26T14:51:10.301296Z","04_yolo26n_edgelite_wiou_progloss","YOLO26n EdgeLite + WIoU/ProgLoss","benchmark/test/1058_jpg.rf.e7d3fceaf810015929549f655b3fd29d.jpg",640,640,640,640,0.250000,0.700000,5.982384,89.906077,0.214539,148.836923,1,"Xiaomi M2012K10C"
"5f43f62d-393d-413d-ad8f-be69c94e32c0","2026-05-26T14:51:10.454237Z","04_yolo26n_edgelite_wiou_progloss","YOLO26n EdgeLite + WIoU/ProgLoss","benchmark/valid/IMG_3365_1_JPG.rf.639d24f1eca5d4f7facd79d409894cd8.jpg",640,640,640,640,0.250000,0.700000,6.321846,87.875077,0.290154,147.472616,1,"Xiaomi M2012K10C"
"1f217a5d-80fc-49bd-b791-18f3e7bf2ef5","2026-05-26T14:51:10.611962Z","04_yolo26n_edgelite_wiou_progloss","YOLO26n EdgeLite + WIoU/ProgLoss","benchmark/train/IMG_2484_JPG.rf.983546fcfb9acd7c48ca78326f7feb41.jpg",640,640,640,640,0.250000,0.700000,6.188924,93.913539,0.360000,152.346539,2,"Xiaomi M2012K10C"
"f1b5b2d8-ef97-4a80-b86c-9f3affd99129","2026-05-26T14:51:10.770244Z","04_yolo26n_edgelite_wiou_progloss","YOLO26n EdgeLite + WIoU/ProgLoss","benchmark/train/IMG_2855_JPG.rf.12b14c3904ca723bf5c37ecf75002176.jpg",640,640,640,640,0.250000,0.700000,6.294846,92.369307,0.263385,152.447769,1,"Xiaomi M2012K10C"
"5503b360-346f-4887-98ae-5189dbd51c63","2026-05-26T14:51:10.925837Z","04_yolo26n_edgelite_wiou_progloss","YOLO26n EdgeLite + WIoU/ProgLoss","benchmark/train/IMG_2777_1_JPG.rf.809faf97a352afbcf163204ccec4334b.jpg",640,640,640,640,0.250000,0.700000,6.315154,90.396077,0.235000,150.096923,1,"Xiaomi M2012K10C"
"b52b6da9-7229-4b3c-8baa-3b61e57ed2fd","2026-05-26T14:51:11.080584Z","04_yolo26n_edgelite_wiou_progloss","YOLO26n EdgeLite + WIoU/ProgLoss","benchmark/valid/IMG_2369_JPG.rf.3bfad9a8013847a97abbd19981f3e0b5.jpg",640,640,640,640,0.250000,0.700000,6.265461,90.164385,0.238769,149.055692,1,"Xiaomi M2012K10C"
"a0905661-089a-43fc-b125-7f5fee38d73d","2026-05-26T14:51:11.233763Z","04_yolo26n_edgelite_wiou_progloss","YOLO26n EdgeLite + WIoU/ProgLoss","benchmark/train/724_jpg.rf.596abb38ae7e3e09aeaada33ec2f8cb4.jpg",640,640,640,640,0.250000,0.700000,5.931385,89.398461,0.226385,148.582154,1,"Xiaomi M2012K10C"
"8a315415-1709-4a93-a97a-bbb970c002c8","2026-05-26T14:51:11.392175Z","04_yolo26n_edgelite_wiou_progloss","YOLO26n EdgeLite + WIoU/ProgLoss","benchmark/test/IMG_2590_JPG.rf.62cf581585d6fc5f4e1d04454a3411f7.jpg",640,640,640,640,0.250000,0.700000,6.156231,93.369231,0.254384,153.205461,1,"Xiaomi M2012K10C"
"b428c1fb-dc1d-45f7-9ca4-71ceb32a1115","2026-05-26T14:51:11.548886Z","04_yolo26n_edgelite_wiou_progloss","YOLO26n EdgeLite + WIoU/ProgLoss","benchmark/train/907_jpg.rf.a851a08eb3a5de9d68aca9655402b684.jpg",640,640,640,640,0.250000,0.700000,6.191077,92.687923,0.284077,152.141308,1,"Xiaomi M2012K10C"
"818b9537-2303-4b24-a183-ac98d67ae36d","2026-05-26T14:51:11.706883Z","04_yolo26n_edgelite_wiou_progloss","YOLO26n EdgeLite + WIoU/ProgLoss","benchmark/train/PXL_20240125_083818175_jpg.rf.bfe007d560da910200346b84196f5c99.jpg",640,640,640,640,0.250000,0.700000,6.938231,92.718385,0.192923,152.914462,1,"Xiaomi M2012K10C"
"dcb7103c-4106-46a0-a043-442a4082e2f4","2026-05-26T14:51:11.862106Z","04_yolo26n_edgelite_wiou_progloss","YOLO26n EdgeLite + WIoU/ProgLoss","benchmark/train/IMG_20240125_154330_688_jpg.rf.a439b9de40fc2cebca27dd0844499c90.jpg",640,640,640,640,0.250000,0.700000,5.900308,91.154692,0.216308,150.328000,2,"Xiaomi M2012K10C"
"fffc55bc-5379-400a-a4a7-80285317f61b","2026-05-26T14:51:12.021654Z","04_yolo26n_edgelite_wiou_progloss","YOLO26n EdgeLite + WIoU/ProgLoss","benchmark/train/1719_jpg.rf.366563dd61cf927b327951979bb9f728.jpg",640,640,640,640,0.250000,0.700000,6.220615,95.392923,0.309231,155.025923,1,"Xiaomi M2012K10C"
"a1175413-65d0-401a-ad5f-854710dacd17","2026-05-26T14:51:12.172984Z","04_yolo26n_edgelite_wiou_progloss","YOLO26n EdgeLite + WIoU/ProgLoss","benchmark/train/541_jpg.rf.a329f56f3da018af01c9bc6f55a3673b.jpg",640,640,640,640,0.250000,0.700000,6.978077,86.994385,0.243384,146.528538,1,"Xiaomi M2012K10C"
"16b43434-406f-4b7c-842c-f3d9afa83514","2026-05-26T14:51:12.376059Z","04_yolo26n_edgelite_wiou_progloss","YOLO26n EdgeLite + WIoU/ProgLoss","benchmark/train/IMG_3419_JPG.rf.83cd720c59dfca903807992a3d6360df.jpg",640,640,640,640,0.250000,0.700000,7.603385,99.600692,0.383615,197.576923,1,"Xiaomi M2012K10C"
"fced3a87-db82-4f9d-927d-338d847297e7","2026-05-26T14:51:12.534783Z","04_yolo26n_edgelite_wiou_progloss","YOLO26n EdgeLite + WIoU/ProgLoss","benchmark/train/IMG_20240125_120555_120_jpg.rf.6bc70f2d7fac9be37f24940c4f082b6c.jpg",640,640,640,640,0.250000,0.700000,7.100692,92.750384,0.239462,153.453308,2,"Xiaomi M2012K10C"
"4024b43c-7659-405e-b503-268837547741","2026-05-26T14:51:12.693615Z","04_yolo26n_edgelite_wiou_progloss","YOLO26n EdgeLite + WIoU/ProgLoss","benchmark/train/IMG_2570_JPG.rf.591b477af57c20ff36249b8a70c7701e.jpg",640,640,640,640,0.250000,0.700000,6.261231,94.526461,0.279770,152.936693,1,"Xiaomi M2012K10C"
"3e684423-8312-4786-a8eb-2be59e9e65a0","2026-05-26T14:51:12.848190Z","04_yolo26n_edgelite_wiou_progloss","YOLO26n EdgeLite + WIoU/ProgLoss","benchmark/train/IMG_3070_1_JPG.rf.a78ca6a9beebc6f1d4210913e65a5185.jpg",640,640,640,640,0.250000,0.700000,6.204000,89.920077,0.279308,148.738692,1,"Xiaomi M2012K10C"
"8dbd8ead-1fec-486e-8730-0436bf8f2435","2026-05-26T14:51:13.001950Z","04_yolo26n_edgelite_wiou_progloss","YOLO26n EdgeLite + WIoU/ProgLoss","benchmark/test/340_jpg.rf.edc22c0da4ca83cc006d3f9c62e753d1.jpg",640,640,640,640,0.250000,0.700000,6.116000,90.926538,0.235615,149.281769,1,"Xiaomi M2012K10C"
"a9c28cae-d821-4f54-a0a6-55556e0affd8","2026-05-26T14:51:13.160870Z","04_yolo26n_edgelite_wiou_progloss","YOLO26n EdgeLite + WIoU/ProgLoss","benchmark/valid/IMG_2335_2_JPG.rf.5930ea82d6b4e2f03ec76f669e3a6a24.jpg",640,640,640,640,0.250000,0.700000,6.140923,93.524230,0.250154,153.860000,1,"Xiaomi M2012K10C"
"45fb6cd1-afe3-4d7f-a2f0-33b43219ebb8","2026-05-26T14:51:13.318452Z","04_yolo26n_edgelite_wiou_progloss","YOLO26n EdgeLite + WIoU/ProgLoss","benchmark/train/IMG_3278_JPG.rf.e8d9700bbd5a7916c1dd853d9c0c5241.jpg",640,640,640,640,0.250000,0.700000,6.485616,93.524615,0.236000,152.472077,1,"Xiaomi M2012K10C"
"d4d4c527-bfc2-479c-bd75-6831db839f06","2026-05-26T14:51:13.472349Z","04_yolo26n_edgelite_wiou_progloss","YOLO26n EdgeLite + WIoU/ProgLoss","benchmark/train/401_jpg.rf.c8bcea0c448815b7d2a2cad62437ed32.jpg",640,640,640,640,0.250000,0.700000,6.467462,90.644846,0.242461,149.217846,1,"Xiaomi M2012K10C"
"6251969a-f982-4c2c-8607-2087d52a8d2d","2026-05-26T14:51:13.626887Z","04_yolo26n_edgelite_wiou_progloss","YOLO26n EdgeLite + WIoU/ProgLoss","benchmark/train/371_jpg.rf.92df72b91a7ea9585d1d92bcdbfcfb99.jpg",640,640,640,640,0.250000,0.700000,6.033616,90.406077,0.241231,150.023693,1,"Xiaomi M2012K10C"
"9c73f5a5-2a7c-4b62-bddd-8bf18a60323d","2026-05-26T14:51:13.785714Z","04_yolo26n_edgelite_wiou_progloss","YOLO26n EdgeLite + WIoU/ProgLoss","benchmark/test/206_jpg.rf.6f21994db835936fb34cdc6b40db7eee.jpg",640,640,640,640,0.250000,0.700000,6.790846,95.287154,0.212846,154.330769,1,"Xiaomi M2012K10C"
"223b26cc-3f8b-4ece-a54c-868cd0221b24","2026-05-26T14:51:13.946388Z","04_yolo26n_edgelite_wiou_progloss","YOLO26n EdgeLite + WIoU/ProgLoss","benchmark/train/IMG_3597_JPG.rf.aaac7ea44f7165d081bdff20e06ad395.jpg",640,640,640,640,0.250000,0.700000,6.051923,95.747770,0.267923,155.868231,1,"Xiaomi M2012K10C"
"4a08c511-6b44-4d39-a156-1e34058197c0","2026-05-26T14:51:14.102428Z","04_yolo26n_edgelite_wiou_progloss","YOLO26n EdgeLite + WIoU/ProgLoss","benchmark/train/IMG_2787_2_JPG.rf.da87f6b9d3d3c14c495602d219704c42.jpg",640,640,640,640,0.250000,0.700000,6.990462,91.014692,0.234231,150.512385,1,"Xiaomi M2012K10C"
"1d96803d-e333-4b81-a766-433fa7869cc3","2026-05-26T14:51:14.261096Z","04_yolo26n_edgelite_wiou_progloss","YOLO26n EdgeLite + WIoU/ProgLoss","benchmark/valid/IMG_2567_1_JPG.rf.2546acf3fda71885f80f626d85a49f01.jpg",640,640,640,640,0.250000,0.700000,6.163077,94.850769,0.226539,153.046462,1,"Xiaomi M2012K10C"
"658d5770-d83e-468b-b370-17442825fe4f","2026-05-26T14:51:14.416479Z","04_yolo26n_edgelite_wiou_progloss","YOLO26n EdgeLite + WIoU/ProgLoss","benchmark/train/IMG_2641_1_JPG.rf.b155fac66de3ab3d9c0b840c95d79737.jpg",640,640,640,640,0.250000,0.700000,6.162693,90.953462,0.248076,150.092000,1,"Xiaomi M2012K10C"
"a1d2b1c8-4f72-4fd9-acab-9aa7c220f6f5","2026-05-26T14:51:14.574335Z","04_yolo26n_edgelite_wiou_progloss","YOLO26n EdgeLite + WIoU/ProgLoss","benchmark/train/IMG_2713_2_JPG.rf.b681620e0b11180cd27944621ff8d9ad.jpg",640,640,640,640,0.250000,0.700000,6.809462,91.352308,0.237307,152.884000,1,"Xiaomi M2012K10C"
"e204e3ee-4146-4fc9-b5ef-35a040a4103c","2026-05-26T14:51:14.732359Z","04_yolo26n_edgelite_wiou_progloss","YOLO26n EdgeLite + WIoU/ProgLoss","benchmark/train/IMG_3259_1_JPG.rf.4a5145ea768664e7e46a33655d52934b.jpg",640,640,640,640,0.250000,0.700000,6.232384,92.142154,0.268692,152.214538,1,"Xiaomi M2012K10C"
"d2f609c6-c412-45b1-a491-518743241c5c","2026-05-26T14:51:14.889828Z","04_yolo26n_edgelite_wiou_progloss","YOLO26n EdgeLite + WIoU/ProgLoss","benchmark/valid/IMG_3646_1_JPG.rf.1ccde1ffc035e1f77d3081375ae30986.jpg",640,640,640,640,0.250000,0.700000,6.458154,93.354077,0.277231,152.136615,1,"Xiaomi M2012K10C"
"f1551a7a-9692-427c-9ddb-2dae4100b6a9","2026-05-26T14:51:15.050419Z","04_yolo26n_edgelite_wiou_progloss","YOLO26n EdgeLite + WIoU/ProgLoss","benchmark/train/IMG_3461_JPG.rf.7ff19e0b4fad7907e78ea105fabc2e0e.jpg",640,640,640,640,0.250000,0.700000,6.128231,96.251154,0.229231,155.123385,1,"Xiaomi M2012K10C"
"b3ab3bbd-241c-4246-abb5-b98d9dac9faf","2026-05-26T14:51:15.205276Z","04_yolo26n_edgelite_wiou_progloss","YOLO26n EdgeLite + WIoU/ProgLoss","benchmark/train/PXL_20240125_114847555_jpg.rf.f86f89253ca8f6a77283a2932ca1df1f.jpg",640,640,640,640,0.250000,0.700000,6.299000,91.288231,0.255692,149.994077,1,"Xiaomi M2012K10C"
"9ead5f1f-cb15-4d28-a6c4-d45c2788bb40","2026-05-26T14:51:15.361482Z","04_yolo26n_edgelite_wiou_progloss","YOLO26n EdgeLite + WIoU/ProgLoss","benchmark/train/IMG_2308_JPG.rf.61d9f3b179b94715235e63d6195d041b.jpg",640,640,640,640,0.250000,0.700000,6.585538,91.547615,0.279770,150.533846,1,"Xiaomi M2012K10C"
"1dc39d5e-6c37-48ec-b4c9-6fbe421a3734","2026-05-26T14:51:15.515913Z","04_yolo26n_edgelite_wiou_progloss","YOLO26n EdgeLite + WIoU/ProgLoss","benchmark/valid/IMG_2394_1_JPG.rf.457c4236c91a0a55705aa629d0cc8250.jpg",640,640,640,640,0.250000,0.700000,6.275385,88.585231,0.393231,149.019385,2,"Xiaomi M2012K10C"
"1a6ecea1-322a-4e7b-ab93-3b6836f28edc","2026-05-26T14:51:15.667360Z","04_yolo26n_edgelite_wiou_progloss","YOLO26n EdgeLite + WIoU/ProgLoss","benchmark/test/790_jpg.rf.a6d86c007174d6dd4f0a6b6df9b3c487.jpg",640,640,640,640,0.250000,0.700000,6.134846,87.515384,0.242462,146.696077,1,"Xiaomi M2012K10C"
"e89079fb-fb57-499b-acf8-f4180fc5e7e9","2026-05-26T14:51:15.822019Z","04_yolo26n_edgelite_wiou_progloss","YOLO26n EdgeLite + WIoU/ProgLoss","benchmark/test/372_jpg.rf.1397a4b9b23eee50c48a993f1c320def.jpg",640,640,640,640,0.250000,0.700000,6.307077,91.984077,0.238692,150.123000,1,"Xiaomi M2012K10C"
"c7785ef8-0ad3-4ad1-ad80-93959bb27da4","2026-05-26T14:51:15.979240Z","04_yolo26n_edgelite_wiou_progloss","YOLO26n EdgeLite + WIoU/ProgLoss","benchmark/train/IMG_3495_1_JPG.rf.7437d935efc5af583fb91d09d0c0a1d4.jpg",640,640,640,640,0.250000,0.700000,6.203000,93.370846,0.268000,152.239692,1,"Xiaomi M2012K10C"
"dd8e00a9-af11-4365-a354-193bcd2d5a6d","2026-05-26T14:51:16.134762Z","04_yolo26n_edgelite_wiou_progloss","YOLO26n EdgeLite + WIoU/ProgLoss","benchmark/train/IMG_2899_1_JPG.rf.f1bba827b587d1e14f5280f7ee1ce289.jpg",640,640,640,640,0.250000,0.700000,6.209846,90.531693,0.235384,149.973230,1,"Xiaomi M2012K10C"
"c4a3eb21-500b-4d40-8746-05cd11e8900a","2026-05-26T14:51:16.289658Z","04_yolo26n_edgelite_wiou_progloss","YOLO26n EdgeLite + WIoU/ProgLoss","benchmark/train/1591_jpg.rf.8b64adc9028b8965a17e80e936b736d3.jpg",640,640,640,640,0.250000,0.700000,6.287384,90.735077,0.264308,150.444231,1,"Xiaomi M2012K10C"
"5a64b751-f32c-46e3-bdeb-95377b818d99","2026-05-26T14:51:16.442758Z","04_yolo26n_edgelite_wiou_progloss","YOLO26n EdgeLite + WIoU/ProgLoss","benchmark/train/499_jpg.rf.c363e65f6dbb10e0e1dcf164158e295a.jpg",640,640,640,640,0.250000,0.700000,6.393308,90.059693,0.232000,148.383693,1,"Xiaomi M2012K10C"
"32376790-f381-4ae3-a8e9-5381c746fbdc","2026-05-26T14:51:16.599147Z","04_yolo26n_edgelite_wiou_progloss","YOLO26n EdgeLite + WIoU/ProgLoss","benchmark/valid/IMG_2286_2_JPG.rf.1ad980569ca05c05faddca3a8a40a25f.jpg",640,640,640,640,0.250000,0.700000,5.863154,92.957154,0.235770,150.982847,1,"Xiaomi M2012K10C"
"132a518c-6fd3-445f-b30b-61923891c6ed","2026-05-26T14:51:16.755065Z","04_yolo26n_edgelite_wiou_progloss","YOLO26n EdgeLite + WIoU/ProgLoss","benchmark/test/342_jpg.rf.717ff66c8463ab23d6755e0552d78381.jpg",640,640,640,640,0.250000,0.700000,5.861539,92.446154,0.247769,151.670154,1,"Xiaomi M2012K10C"
"0d6892fe-5b3f-4d90-8589-6b823f29bf05","2026-05-26T14:51:16.909031Z","04_yolo26n_edgelite_wiou_progloss","YOLO26n EdgeLite + WIoU/ProgLoss","benchmark/train/479_jpg.rf.a1b66ce046a3f0532581c5ff6cc7676e.jpg",640,640,640,640,0.250000,0.700000,6.250461,90.872384,0.237231,149.465846,1,"Xiaomi M2012K10C"
"34a1dc56-baaf-4d63-9b37-8cc6a9d2a87f","2026-05-26T14:51:17.064818Z","04_yolo26n_edgelite_wiou_progloss","YOLO26n EdgeLite + WIoU/ProgLoss","benchmark/valid/302_jpg.rf.9166a911b3079952cfb28ff56dbc86b6.jpg",640,640,640,640,0.250000,0.700000,6.092385,91.587616,0.269923,150.972385,1,"Xiaomi M2012K10C"
"6e2a411f-9f9b-41d7-9dbe-ef984c500216","2026-05-26T14:51:17.223187Z","04_yolo26n_edgelite_wiou_progloss","YOLO26n EdgeLite + WIoU/ProgLoss","benchmark/train/510_jpg.rf.22a63e2f0dfa3d9358ebb753095d50ca.jpg",640,640,640,640,0.250000,0.700000,6.994769,94.372923,0.233846,153.592231,1,"Xiaomi M2012K10C"
"fe26c079-a5ce-4569-97f2-b0adafd1db6b","2026-05-26T14:51:17.379466Z","04_yolo26n_edgelite_wiou_progloss","YOLO26n EdgeLite + WIoU/ProgLoss","benchmark/train/IMG_2750_2_JPG.rf.df1868dbbe4d95c66dd480a72df3719a.jpg",640,640,640,640,0.250000,0.700000,6.502846,92.431000,0.242769,151.055077,1,"Xiaomi M2012K10C"
"ea1d5670-bc8f-4343-81fc-828e9b624dab","2026-05-26T14:51:17.533922Z","04_yolo26n_edgelite_wiou_progloss","YOLO26n EdgeLite + WIoU/ProgLoss","benchmark/valid/1386_jpg.rf.463254433ecc6bbe6bd4beb56b24383e.jpg",640,640,640,640,0.250000,0.700000,6.292385,90.649154,0.270769,150.044000,1,"Xiaomi M2012K10C"
"178e377c-e529-4516-b59a-f73e796d5d2b","2026-05-26T14:51:17.691966Z","04_yolo26n_edgelite_wiou_progloss","YOLO26n EdgeLite + WIoU/ProgLoss","benchmark/train/IMG_20240125_114457_754_jpg.rf.42b6de1cd6a27359b1d83f41e91b5353.jpg",640,640,640,640,0.250000,0.700000,7.000231,93.801769,0.315462,153.013539,4,"Xiaomi M2012K10C"
"895b20b0-1694-4b01-b0f8-a8acb9c06320","2026-05-26T14:51:17.852328Z","04_yolo26n_edgelite_wiou_progloss","YOLO26n EdgeLite + WIoU/ProgLoss","benchmark/valid/IMG_2601_1_JPG.rf.6eba7fcc7673299ed3569cb0aba9c489.jpg",640,640,640,640,0.250000,0.700000,6.335077,94.213308,0.273769,154.446769,1,"Xiaomi M2012K10C"
"8aabb087-d548-44e2-befc-eb49beb8cd78","2026-05-26T14:51:18.006593Z","04_yolo26n_edgelite_wiou_progloss","YOLO26n EdgeLite + WIoU/ProgLoss","benchmark/train/309_jpg.rf.267af181e88237dce7b51cb066ce635c.jpg",640,640,640,640,0.250000,0.700000,6.146769,91.064616,0.253538,149.566077,1,"Xiaomi M2012K10C"
"7ea915f7-ab0d-4bb9-ba3a-b4f50dbee3d7","2026-05-26T14:51:18.160984Z","04_yolo26n_edgelite_wiou_progloss","YOLO26n EdgeLite + WIoU/ProgLoss","benchmark/train/IMG_2973_JPG.rf.127e39beb6fb0254b7dfa9ac92cf826a.jpg",640,640,640,640,0.250000,0.700000,6.270462,90.862769,0.240846,149.213154,1,"Xiaomi M2012K10C"
"9096ef23-acbf-4d7b-a139-fb2c99b6e2c3","2026-05-26T14:51:18.319866Z","04_yolo26n_edgelite_wiou_progloss","YOLO26n EdgeLite + WIoU/ProgLoss","benchmark/valid/IMG_2856_JPG.rf.e3f802473625707eefa68525f2937aa0.jpg",640,640,640,640,0.250000,0.700000,6.571692,93.323384,0.366462,153.563077,1,"Xiaomi M2012K10C"
"169b21f2-4630-42e9-898f-c4b01c84ea7f","2026-05-26T14:51:18.477684Z","04_yolo26n_edgelite_wiou_progloss","YOLO26n EdgeLite + WIoU/ProgLoss","benchmark/train/IMG_2771_2_JPG.rf.4893abfe9ca91463324dbf407bc9875d.jpg",640,640,640,640,0.250000,0.700000,6.225154,94.037230,0.248077,152.416307,1,"Xiaomi M2012K10C"
"3f9dafe3-95b7-402d-9cc1-28a376e4310c","2026-05-26T14:51:18.637970Z","04_yolo26n_edgelite_wiou_progloss","YOLO26n EdgeLite + WIoU/ProgLoss","benchmark/train/IMG_2235_JPG.rf.be6d26e55abd0e5375eeff8d7d1c2dad.jpg",640,640,640,640,0.250000,0.700000,6.460308,92.916000,0.263692,154.939385,1,"Xiaomi M2012K10C"
"163e29f8-9958-492c-bae3-319575a06a7d","2026-05-26T14:51:18.796627Z","04_yolo26n_edgelite_wiou_progloss","YOLO26n EdgeLite + WIoU/ProgLoss","benchmark/valid/IMG_3062_JPG.rf.ed6231708723bdd5376cef97a9a0c39d.jpg",640,640,640,640,0.250000,0.700000,6.951923,93.968539,0.233846,153.253769,1,"Xiaomi M2012K10C"
"acc39f05-31ab-44e1-bb21-65ec8020e77f","2026-05-26T14:51:18.952069Z","04_yolo26n_edgelite_wiou_progloss","YOLO26n EdgeLite + WIoU/ProgLoss","benchmark/train/IMG_3225_2_JPG.rf.b3954a6c5f23b4f34a373aa7092e8c9a.jpg",640,640,640,640,0.250000,0.700000,6.253539,91.883692,0.241923,150.304077,1,"Xiaomi M2012K10C"
"6b86a821-8cab-449c-8f4b-0cf69cb6accd","2026-05-26T14:51:19.160884Z","04_yolo26n_edgelite_wiou_progloss","YOLO26n EdgeLite + WIoU/ProgLoss","benchmark/train/IMG_3658_1_JPG.rf.bdf117818f44cdc66dd5bdcf5e6075f0.jpg",640,640,640,640,0.250000,0.700000,6.231769,101.652385,0.250692,203.553846,1,"Xiaomi M2012K10C"
"3ea329c3-62e7-4b04-ac64-1299a19c2764","2026-05-26T14:51:19.317499Z","04_yolo26n_edgelite_wiou_progloss","YOLO26n EdgeLite + WIoU/ProgLoss","benchmark/train/504_jpg.rf.82da0c8aa54a810f2de5cf9c28040b96.jpg",640,640,640,640,0.250000,0.700000,6.095385,93.849846,0.246154,152.052308,1,"Xiaomi M2012K10C"
"ac7b1000-757d-422e-8b01-60f7d35eeade","2026-05-26T14:51:19.474919Z","04_yolo26n_edgelite_wiou_progloss","YOLO26n EdgeLite + WIoU/ProgLoss","benchmark/train/331_jpg.rf.147b6de7a3ac712400844840af410ca1.jpg",640,640,640,640,0.250000,0.700000,6.291384,93.377539,0.259154,152.421923,1,"Xiaomi M2012K10C"
"e4c4aae2-87bc-4072-8803-978c9526a2aa","2026-05-26T14:51:19.631950Z","04_yolo26n_edgelite_wiou_progloss","YOLO26n EdgeLite + WIoU/ProgLoss","benchmark/train/IMG_3129_1_JPG.rf.42478ea687ff4a5712282659df577a18.jpg",640,640,640,640,0.250000,0.700000,6.799308,91.305846,0.377539,151.496539,1,"Xiaomi M2012K10C"
"d51779a1-3b05-4b69-a20e-8765bbea51c4","2026-05-26T14:51:19.785146Z","04_yolo26n_edgelite_wiou_progloss","YOLO26n EdgeLite + WIoU/ProgLoss","benchmark/train/IMG_3034_2_JPG.rf.4ff23d71d60015b1a0d09c816e29c88b.jpg",640,640,640,640,0.250000,0.700000,6.627461,89.284923,0.226153,147.834153,1,"Xiaomi M2012K10C"
"78ce4ba7-f4ad-4387-9918-44f4034ac212","2026-05-26T14:51:19.942343Z","04_yolo26n_edgelite_wiou_progloss","YOLO26n EdgeLite + WIoU/ProgLoss","benchmark/test/IMG_3591_JPG.rf.b33d0e6acf32c93c7ff629a31bb96a14.jpg",640,640,640,640,0.250000,0.700000,6.026384,93.872692,0.271615,152.166076,1,"Xiaomi M2012K10C"
"3c58ba93-93c4-44f3-9d0b-dd1a21bda562","2026-05-26T14:51:20.098187Z","04_yolo26n_edgelite_wiou_progloss","YOLO26n EdgeLite + WIoU/ProgLoss","benchmark/train/IMG_2871_2_JPG.rf.0305945c238eebe4820edb6b2191a5df.jpg",640,640,640,640,0.250000,0.700000,6.877308,91.230461,0.247692,150.218538,1,"Xiaomi M2012K10C"
"3e783f1b-9403-4b85-8cf0-b487cc023435","2026-05-26T14:51:20.254082Z","04_yolo26n_edgelite_wiou_progloss","YOLO26n EdgeLite + WIoU/ProgLoss","benchmark/valid/628_jpg.rf.b61fc701e531435a9bf0938e9d852d00.jpg",640,640,640,640,0.250000,0.700000,6.076616,91.990230,0.278154,151.196923,1,"Xiaomi M2012K10C"
"ec59bd5b-5b0c-45f1-bbd7-f47b27f9f49b","2026-05-26T14:51:20.411037Z","04_yolo26n_edgelite_wiou_progloss","YOLO26n EdgeLite + WIoU/ProgLoss","benchmark/valid/IMG_3640_1_JPG.rf.61dbbf55687e3d0c65fb449a653afdb3.jpg",640,640,640,640,0.250000,0.700000,6.794769,91.890461,0.262692,151.123384,2,"Xiaomi M2012K10C"
"7194b904-1e8b-4086-baf0-083228a242a5","2026-05-26T14:51:20.564400Z","04_yolo26n_edgelite_wiou_progloss","YOLO26n EdgeLite + WIoU/ProgLoss","benchmark/train/1494_jpg.rf.464d7d85aeb268807ee64422fd51d923.jpg",640,640,640,640,0.250000,0.700000,5.989308,90.341539,0.250769,148.277231,1,"Xiaomi M2012K10C"
"2d4273e0-ab3f-40fa-80e1-aa5e64493987","2026-05-26T14:51:20.720265Z","04_yolo26n_edgelite_wiou_progloss","YOLO26n EdgeLite + WIoU/ProgLoss","benchmark/train/PXL_20240125_083331116_jpg.rf.8276eb96dff2a4a141695d5c449821b0.jpg",640,640,640,640,0.250000,0.700000,6.309538,90.817231,0.254384,150.748230,1,"Xiaomi M2012K10C"
"0d8485d2-366d-45cb-ad92-7d4f96df9d72","2026-05-26T14:51:20.874257Z","04_yolo26n_edgelite_wiou_progloss","YOLO26n EdgeLite + WIoU/ProgLoss","benchmark/train/299_jpg.rf.db1ba045a24f54226e7b44fa7be5ae22.jpg",640,640,640,640,0.250000,0.700000,6.450154,90.912384,0.239077,149.604615,1,"Xiaomi M2012K10C"
"6abce868-09b4-44da-8360-dde3714c2b3e","2026-05-26T14:51:21.038226Z","04_yolo26n_edgelite_wiou_progloss","YOLO26n EdgeLite + WIoU/ProgLoss","benchmark/train/353_jpg.rf.eeac0d22d42d15ecf99349c3efb9efe7.jpg",640,640,640,640,0.250000,0.700000,6.182154,97.911692,0.271385,159.543308,1,"Xiaomi M2012K10C"
"6c7291a7-d75d-42c9-b864-025499c986a7","2026-05-26T14:51:21.194583Z","04_yolo26n_edgelite_wiou_progloss","YOLO26n EdgeLite + WIoU/ProgLoss","benchmark/train/IMG_2432_JPG.rf.a74af9b0c11d74219baf6243b92e7c05.jpg",640,640,640,640,0.250000,0.700000,6.632693,91.580231,0.221615,151.277923,1,"Xiaomi M2012K10C"
"549ec29e-a78c-4568-8815-a1c0f24e1299","2026-05-26T14:51:21.354297Z","04_yolo26n_edgelite_wiou_progloss","YOLO26n EdgeLite + WIoU/ProgLoss","benchmark/train/IMG_3122_1_JPG.rf.df7e2b249e0bedc6574bd265789d6246.jpg",640,640,640,640,0.250000,0.700000,6.690846,94.946462,0.240615,154.831385,1,"Xiaomi M2012K10C"
"bed03868-7d85-4036-b9b6-f3a98d5628c7","2026-05-26T14:51:21.513182Z","04_yolo26n_edgelite_wiou_progloss","YOLO26n EdgeLite + WIoU/ProgLoss","benchmark/train/IMG_2474_1_JPG.rf.1258662152e6323a0486b832a97e2ba4.jpg",640,640,640,640,0.250000,0.700000,6.586693,94.234692,0.260923,154.062385,1,"Xiaomi M2012K10C"
"4489e525-013c-497c-8c89-1fcd2f015d92","2026-05-26T14:51:21.672042Z","04_yolo26n_edgelite_wiou_progloss","YOLO26n EdgeLite + WIoU/ProgLoss","benchmark/train/IMG_3083_JPG.rf.325f59ee4e9cfbe3e932e556630f7d71.jpg",640,640,640,640,0.250000,0.700000,6.268308,95.570847,0.353769,153.826154,1,"Xiaomi M2012K10C"
"db965b41-0f23-41ed-a1f4-fbdef15edf78","2026-05-26T14:51:21.830009Z","04_yolo26n_edgelite_wiou_progloss","YOLO26n EdgeLite + WIoU/ProgLoss","benchmark/train/IMG_2689_JPG.rf.c142eb25380d9f3752d922deba3d4c98.jpg",640,640,640,640,0.250000,0.700000,6.289923,92.576077,0.258077,152.780923,1,"Xiaomi M2012K10C"
"ece0fa60-417e-4bda-925c-ba35b249b476","2026-05-26T14:51:21.982675Z","04_yolo26n_edgelite_wiou_progloss","YOLO26n EdgeLite + WIoU/ProgLoss","benchmark/train/458_jpg.rf.fd32f77824a9c213d66da1788c6f7f08.jpg",640,640,640,640,0.250000,0.700000,6.216538,89.129538,0.235769,148.051076,1,"Xiaomi M2012K10C"
"f6ad42ab-714c-4616-a2c5-85830a07ae69","2026-05-26T14:51:22.140204Z","04_yolo26n_edgelite_wiou_progloss","YOLO26n EdgeLite + WIoU/ProgLoss","benchmark/valid/IMG_3117_2_JPG.rf.b76b37f73a8466ff6ce61e4e084c708d.jpg",640,640,640,640,0.250000,0.700000,6.716230,93.442384,0.234770,152.695000,1,"Xiaomi M2012K10C"
"8a951bfb-f813-4f4e-8486-1cc801334b5f","2026-05-26T14:51:22.297325Z","04_yolo26n_edgelite_wiou_progloss","YOLO26n EdgeLite + WIoU/ProgLoss","benchmark/train/IMG_3299_JPG.rf.992162670d673c8cb0549fb66449abf3.jpg",640,640,640,640,0.250000,0.700000,6.527077,92.660000,0.257846,152.187616,1,"Xiaomi M2012K10C"
"1abd16bd-f9f1-4726-aaa3-a838064e4bdf","2026-05-26T14:51:22.456820Z","04_yolo26n_edgelite_wiou_progloss","YOLO26n EdgeLite + WIoU/ProgLoss","benchmark/test/IMG_3243_2_JPG.rf.f061d003179e73990f4d90d4e269eeb0.jpg",640,640,640,640,0.250000,0.700000,6.743923,94.709307,0.272847,154.073462,1,"Xiaomi M2012K10C"
"c8bd4806-1abb-4149-b0a9-47be774299ec","2026-05-26T14:51:22.616304Z","04_yolo26n_edgelite_wiou_progloss","YOLO26n EdgeLite + WIoU/ProgLoss","benchmark/train/559_jpg.rf.6992196f521b79cc1be3dd9519b6c53a.jpg",640,640,640,640,0.250000,0.700000,5.996000,95.414462,0.249538,154.855385,1,"Xiaomi M2012K10C"
"eabe2a95-3108-479e-84d9-61b3c62fda66","2026-05-26T14:51:22.776754Z","04_yolo26n_edgelite_wiou_progloss","YOLO26n EdgeLite + WIoU/ProgLoss","benchmark/test/407_jpg.rf.e61520d49bd8794f28dd412d7636a642.jpg",640,640,640,640,0.250000,0.700000,6.827385,95.983615,0.270846,155.608000,1,"Xiaomi M2012K10C"
"940de9f8-9126-4cf9-8c31-9655edfa79ff","2026-05-26T14:51:22.934673Z","04_yolo26n_edgelite_wiou_progloss","YOLO26n EdgeLite + WIoU/ProgLoss","benchmark/train/IMG_3577_1_JPG.rf.2095bf5dee4a628b23da5c29fe329b15.jpg",640,640,640,640,0.250000,0.700000,6.039077,93.455307,0.247769,152.282153,1,"Xiaomi M2012K10C"
"031a19ce-eb16-48b6-87f1-3d60050f255a","2026-05-26T14:51:23.094990Z","04_yolo26n_edgelite_wiou_progloss","YOLO26n EdgeLite + WIoU/ProgLoss","benchmark/valid/IMG_2797_2_JPG.rf.5643148129f22631c7af2060d828f9fc.jpg",640,640,640,640,0.250000,0.700000,6.201847,96.167769,0.262692,155.179385,1,"Xiaomi M2012K10C"
"cb6ac739-0bf4-44f9-bd28-8049e6c6b87f","2026-05-26T14:51:23.250393Z","04_yolo26n_edgelite_wiou_progloss","YOLO26n EdgeLite + WIoU/ProgLoss","benchmark/train/IMG_3157_JPG.rf.5be659958c6c72ad5e8bcaac3c6f346d.jpg",640,640,640,640,0.250000,0.700000,6.373000,90.663077,0.239384,150.196692,1,"Xiaomi M2012K10C"
"a8c2d160-b69b-4f21-bb79-6962ec2beef9","2026-05-26T14:51:23.407860Z","04_yolo26n_edgelite_wiou_progloss","YOLO26n EdgeLite + WIoU/ProgLoss","benchmark/valid/1428_jpg.rf.ed10831fbc83f8b6abddec620c98452e.jpg",640,640,640,640,0.250000,0.700000,6.599077,92.293308,0.373462,152.644000,1,"Xiaomi M2012K10C"
"7f628ff6-565c-4aea-8043-2db36d1719dc","2026-05-26T14:51:23.564210Z","04_yolo26n_edgelite_wiou_progloss","YOLO26n EdgeLite + WIoU/ProgLoss","benchmark/valid/IMG_3407_1_JPG.rf.87368a1c829fcf7e9f6a943966971aed.jpg",640,640,640,640,0.250000,0.700000,6.451770,92.261230,0.271308,151.063385,1,"Xiaomi M2012K10C"
"9c159bc4-2f9c-4505-861a-330f3a301253","2026-05-26T14:51:23.721753Z","04_yolo26n_edgelite_wiou_progloss","YOLO26n EdgeLite + WIoU/ProgLoss","benchmark/train/IMG_2510_JPG.rf.9047c38c3bf22a652be14c21aa4bcd8e.jpg",640,640,640,640,0.250000,0.700000,6.398538,93.260000,0.231615,152.620615,1,"Xiaomi M2012K10C"
"64a66219-80a9-4807-a62b-ca2abbd8538b","2026-05-26T14:51:28.442574Z","04_yolo26n_edgelite_wiou_progloss","YOLO26n EdgeLite + WIoU/ProgLoss","benchmark/test/IMG_2592_JPG.rf.c8b6679e4ed87a1288f7b11ac56a4884.jpg",640,640,640,640,0.250000,0.700000,5.973461,208.350231,0.285153,319.421461,1,"Xiaomi M2012K10C"
"8efb2e83-c2d1-43cc-b12b-917084bb70e6","2026-05-26T14:51:28.602130Z","04_yolo26n_edgelite_wiou_progloss","YOLO26n EdgeLite + WIoU/ProgLoss","benchmark/train/IMG_3184_JPG.rf.ae6b539af14e6ba653895885921c94f6.jpg",640,640,640,640,0.250000,0.700000,6.705615,94.394385,0.262154,153.859692,2,"Xiaomi M2012K10C"
"69f8b7ea-461a-4a32-8dd4-f083f7e25c31","2026-05-26T14:51:28.775255Z","04_yolo26n_edgelite_wiou_progloss","YOLO26n EdgeLite + WIoU/ProgLoss","benchmark/train/IMG_2927_2_JPG.rf.0103abb3cacaa745632dd8de3b269275.jpg",640,640,640,640,0.250000,0.700000,9.290077,100.210462,0.233000,166.749847,1,"Xiaomi M2012K10C"
"d16f8d51-adbe-4db5-8c85-3bcf97d95739","2026-05-26T14:51:28.931824Z","04_yolo26n_edgelite_wiou_progloss","YOLO26n EdgeLite + WIoU/ProgLoss","benchmark/train/PXL_20240125_114556181_jpg.rf.f968f8118d65dc98b79841ab6ae02c6c.jpg",640,640,640,640,0.250000,0.700000,6.769539,92.612923,0.311692,151.648923,1,"Xiaomi M2012K10C"
"da6d6315-a197-4347-9660-06fb9f9be2db","2026-05-26T14:51:29.085942Z","04_yolo26n_edgelite_wiou_progloss","YOLO26n EdgeLite + WIoU/ProgLoss","benchmark/valid/0_jpg.rf.e00fb92b18f19f537a127f2b24caf75f.jpg",640,640,640,640,0.250000,0.700000,6.213769,91.571077,0.238769,149.596307,1,"Xiaomi M2012K10C"
"0d7decae-1a86-4ac2-af24-83363744b4d9","2026-05-26T14:51:29.240491Z","04_yolo26n_edgelite_wiou_progloss","YOLO26n EdgeLite + WIoU/ProgLoss","benchmark/train/PXL_20240125_090912033_jpg.rf.f82ac45ca177b36b17a58ce17efcd4be.jpg",640,640,640,640,0.250000,0.700000,6.792308,89.423385,0.253923,149.556923,1,"Xiaomi M2012K10C"
"e37369a3-134e-4fc6-be48-f4b7a8650a5a","2026-05-26T14:51:29.399341Z","04_yolo26n_edgelite_wiou_progloss","YOLO26n EdgeLite + WIoU/ProgLoss","benchmark/train/PXL_20240125_124828853_jpg.rf.dc607e519ad97ca432a49e188de133cb.jpg",640,640,640,640,0.250000,0.700000,6.449846,94.080000,0.273307,153.556384,3,"Xiaomi M2012K10C"
"40aab6cb-c202-41f4-8649-7c82b0936511","2026-05-26T14:51:29.556483Z","04_yolo26n_edgelite_wiou_progloss","YOLO26n EdgeLite + WIoU/ProgLoss","benchmark/train/IMG_2632_JPG.rf.6877fdad64bd9e1263536f49047d2c69.jpg",640,640,640,640,0.250000,0.700000,6.300923,91.268692,0.263000,151.273154,1,"Xiaomi M2012K10C"
"e1b639e2-f2c7-4b16-b7e4-fafa40629e13","2026-05-26T14:51:29.713363Z","04_yolo26n_edgelite_wiou_progloss","YOLO26n EdgeLite + WIoU/ProgLoss","benchmark/train/IMG_3492_JPG.rf.09dfa7b983b750c2cb477a7fcb35c4f3.jpg",640,640,640,640,0.250000,0.700000,6.419384,93.067769,0.247692,151.731461,1,"Xiaomi M2012K10C"
"5a23356f-879c-40b4-81fc-3e83db4fe8e4","2026-05-26T14:51:29.867073Z","04_yolo26n_edgelite_wiou_progloss","YOLO26n EdgeLite + WIoU/ProgLoss","benchmark/train/IMG_2438_2_JPG.rf.cd952a1eec9858bd466d3c8c068c3e5d.jpg",640,640,640,640,0.250000,0.700000,6.396000,89.910385,0.205231,148.387923,1,"Xiaomi M2012K10C"
"e8b006fa-c04f-40a7-8dc3-ab2ffe52ed96","2026-05-26T14:51:30.024416Z","04_yolo26n_edgelite_wiou_progloss","YOLO26n EdgeLite + WIoU/ProgLoss","benchmark/train/IMG_20240125_155509_222_jpg.rf.b2e968d87068fc796a9b24942d7a5a49.jpg",640,640,640,640,0.250000,0.700000,6.239693,93.498154,0.270077,152.313847,1,"Xiaomi M2012K10C"
"ef0c4c5e-5276-46c2-9968-b5c4d70d5329","2026-05-26T14:51:30.182143Z","04_yolo26n_edgelite_wiou_progloss","YOLO26n EdgeLite + WIoU/ProgLoss","benchmark/valid/IMG_3389_2_JPG.rf.390b71f03c611b2922b1d644378b4d63.jpg",640,640,640,640,0.250000,0.700000,6.602154,93.875077,0.239692,152.547384,1,"Xiaomi M2012K10C"
"dc0c2212-d9a7-438a-a88b-d0b31d18f5cf","2026-05-26T14:51:30.341128Z","04_yolo26n_edgelite_wiou_progloss","YOLO26n EdgeLite + WIoU/ProgLoss","benchmark/valid/IMG_2689_2_JPG.rf.a97124aaab8acf6e94ad12adbf16c7b2.jpg",640,640,640,640,0.250000,0.700000,6.110538,94.883692,0.268924,153.850462,1,"Xiaomi M2012K10C"
"82c6200c-bee8-4f38-af84-8507a85e156b","2026-05-26T14:51:30.497287Z","04_yolo26n_edgelite_wiou_progloss","YOLO26n EdgeLite + WIoU/ProgLoss","benchmark/valid/IMG_3287_JPG.rf.d8a4391f66a977d600f9c4cb743fa916.jpg",640,640,640,640,0.250000,0.700000,6.988000,90.076923,0.230693,150.878385,1,"Xiaomi M2012K10C"
"ddfc96a9-605c-4441-8b69-67b9bdf3ef8a","2026-05-26T14:51:30.656097Z","04_yolo26n_edgelite_wiou_progloss","YOLO26n EdgeLite + WIoU/ProgLoss","benchmark/valid/IMG_3038_2_JPG.rf.8564ca53ce232258e6691ff54eea160e.jpg",640,640,640,640,0.250000,0.700000,6.031692,94.951461,0.267077,153.149923,1,"Xiaomi M2012K10C"
"acd9f729-b7f5-4bde-8522-b0c669fe98bf","2026-05-26T14:51:30.816380Z","04_yolo26n_edgelite_wiou_progloss","YOLO26n EdgeLite + WIoU/ProgLoss","benchmark/test/617_jpg.rf.04427b9b98f1a89d65dde4cabcdcac6d.jpg",640,640,640,640,0.250000,0.700000,6.020000,96.290077,0.264615,155.607077,1,"Xiaomi M2012K10C"
"9b7c241e-5768-4ec6-bf6a-bc92dafe2b53","2026-05-26T14:51:30.971754Z","04_yolo26n_edgelite_wiou_progloss","YOLO26n EdgeLite + WIoU/ProgLoss","benchmark/train/257_jpg.rf.6f30096e62018a8b7fc890b35953a123.jpg",640,640,640,640,0.250000,0.700000,6.358538,91.107077,0.252308,150.598769,1,"Xiaomi M2012K10C"
"e0717143-e1e7-4717-b57a-9379e65a72c1","2026-05-26T14:51:31.127905Z","04_yolo26n_edgelite_wiou_progloss","YOLO26n EdgeLite + WIoU/ProgLoss","benchmark/train/IMG_2236_JPG.rf.1f5e9d08b726cfe9583dc7cf75d82ee2.jpg",640,640,640,640,0.250000,0.700000,6.144923,91.200615,0.352693,150.764308,1,"Xiaomi M2012K10C"
"9a9af81a-424d-46a5-b29b-a617f4b0c26a","2026-05-26T14:51:31.283631Z","04_yolo26n_edgelite_wiou_progloss","YOLO26n EdgeLite + WIoU/ProgLoss","benchmark/test/IMG_3132_1_JPG.rf.27477fbd79f85575b44d3c5885988644.jpg",640,640,640,640,0.250000,0.700000,6.622846,91.739615,0.254462,150.757846,1,"Xiaomi M2012K10C"
"2f5a4d12-2f88-4e15-9558-6161cbd0f27b","2026-05-26T14:51:31.442457Z","04_yolo26n_edgelite_wiou_progloss","YOLO26n EdgeLite + WIoU/ProgLoss","benchmark/valid/IMG_2369_JPG.rf.3bfad9a8013847a97abbd19981f3e0b5.jpg",640,640,640,640,0.250000,0.700000,6.577615,93.793615,0.206077,153.451692,1,"Xiaomi M2012K10C"
"071b8540-5494-47da-b576-b32a19340b08","2026-05-26T14:51:31.600324Z","04_yolo26n_edgelite_wiou_progloss","YOLO26n EdgeLite + WIoU/ProgLoss","benchmark/train/291_jpg.rf.727cfb45510f63567f3b6fed59651814.jpg",640,640,640,640,0.250000,0.700000,6.368923,94.511384,0.264385,153.552308,1,"Xiaomi M2012K10C"
"9b71eb04-088e-47d0-9efe-41ac87382bf1","2026-05-26T14:51:31.756794Z","04_yolo26n_edgelite_wiou_progloss","YOLO26n EdgeLite + WIoU/ProgLoss","benchmark/train/IMG_2782_1_JPG.rf.6f4bbcb2587b5a556ac6c48841c72a89.jpg",640,640,640,640,0.250000,0.700000,6.245615,91.956923,0.229615,151.283461,1,"Xiaomi M2012K10C"
"ad1511df-abd5-4253-89dc-0d573258a253","2026-05-26T14:51:31.965369Z","04_yolo26n_edgelite_wiou_progloss","YOLO26n EdgeLite + WIoU/ProgLoss","benchmark/train/296_jpg.rf.321dcee1e083ea18036752de1b3faee9.jpg",640,640,640,640,0.250000,0.700000,6.123077,95.773616,0.272846,204.072231,1,"Xiaomi M2012K10C"
"8874d356-e946-4908-87ce-65b6aa7261a6","2026-05-26T14:51:32.124898Z","04_yolo26n_edgelite_wiou_progloss","YOLO26n EdgeLite + WIoU/ProgLoss","benchmark/train/IMG_2567_2_JPG.rf.a62e39d5f5622ac328f83a6d75ada923.jpg",640,640,640,640,0.250000,0.700000,7.029769,94.116538,0.227692,154.134384,1,"Xiaomi M2012K10C"
"c60beb76-eb64-4088-81b7-92bd4acf2934","2026-05-26T14:51:32.282474Z","04_yolo26n_edgelite_wiou_progloss","YOLO26n EdgeLite + WIoU/ProgLoss","benchmark/test/IMG_2459_2_JPG.rf.e0f03ef7b75e42a4e5d2f0c7d8e92e9a.jpg",640,640,640,640,0.250000,0.700000,5.800923,93.063692,0.257000,152.118846,1,"Xiaomi M2012K10C"
"09792e0c-c636-4f74-811b-b1b8863a3745","2026-05-26T14:51:32.439193Z","04_yolo26n_edgelite_wiou_progloss","YOLO26n EdgeLite + WIoU/ProgLoss","benchmark/train/IMG_2876_1_JPG.rf.43d77e8e9092bea62f7e3eedf9079322.jpg",640,640,640,640,0.250000,0.700000,6.124923,92.116000,0.293308,151.072000,3,"Xiaomi M2012K10C"
"618118ec-6205-4c06-b582-cdbb3b5cf38c","2026-05-26T14:51:32.596121Z","04_yolo26n_edgelite_wiou_progloss","YOLO26n EdgeLite + WIoU/ProgLoss","benchmark/train/IMG_3257_2_JPG.rf.d239e3e43c5d5ea4137297d0c4f08eca.jpg",640,640,640,640,0.250000,0.700000,6.516000,92.170770,0.236230,150.967000,1,"Xiaomi M2012K10C"
"e921bf9e-128c-4893-8f95-790c42355018","2026-05-26T14:51:32.754030Z","04_yolo26n_edgelite_wiou_progloss","YOLO26n EdgeLite + WIoU/ProgLoss","benchmark/train/IMG_3623_JPG.rf.eb1a2ceafa55861cc1ac23f11cf08605.jpg",640,640,640,640,0.250000,0.700000,5.774462,93.513846,0.267923,152.703000,1,"Xiaomi M2012K10C"
"c633fcdc-e158-46bd-9275-0cb22ce82f2b","2026-05-26T14:51:32.912290Z","04_yolo26n_edgelite_wiou_progloss","YOLO26n EdgeLite + WIoU/ProgLoss","benchmark/train/IMG_3068_2_JPG.rf.12e0dd771d46eb6bebf9d7f00a71a70a.jpg",640,640,640,640,0.250000,0.700000,6.489231,93.243615,0.250539,152.757000,1,"Xiaomi M2012K10C"
"649120ef-4bd5-4ef6-8c63-a2e7fe3c56b8","2026-05-26T14:51:33.072820Z","04_yolo26n_edgelite_wiou_progloss","YOLO26n EdgeLite + WIoU/ProgLoss","benchmark/valid/IMG_2601_JPG.rf.e1fd9dabcfd3751536ce2e84b93b197d.jpg",640,640,640,640,0.250000,0.700000,6.287385,96.492077,0.252538,155.130692,1,"Xiaomi M2012K10C"
"0db214c0-2b75-4d81-9158-2847265e1c9a","2026-05-26T14:51:33.231115Z","04_yolo26n_edgelite_wiou_progloss","YOLO26n EdgeLite + WIoU/ProgLoss","benchmark/train/465_jpg.rf.35d437cb91f03c68f39fab6a4bc15168.jpg",640,640,640,640,0.250000,0.700000,6.093462,94.869615,0.273154,153.628539,1,"Xiaomi M2012K10C"
"c227899e-3dbb-4c47-a75d-93b964f20a82","2026-05-26T14:51:33.384060Z","04_yolo26n_edgelite_wiou_progloss","YOLO26n EdgeLite + WIoU/ProgLoss","benchmark/train/483_jpg.rf.15e7c42df4c7212d3d777d9c786beda2.jpg",640,640,640,640,0.250000,0.700000,6.526770,88.286077,0.391154,148.189539,1,"Xiaomi M2012K10C"
"a9d1f674-7447-4ca1-aa18-2bdbe5bb2745","2026-05-26T14:51:33.549040Z","04_yolo26n_edgelite_wiou_progloss","YOLO26n EdgeLite + WIoU/ProgLoss","benchmark/train/IMG_2909_1_JPG.rf.d8fbb89575261107b2751a694cf919c4.jpg",640,640,640,640,0.250000,0.700000,6.576077,97.724000,0.335000,159.381847,1,"Xiaomi M2012K10C"
"67ff0fa4-0e8a-42e8-b3eb-3c407e1ff29b","2026-05-26T14:51:33.708935Z","04_yolo26n_edgelite_wiou_progloss","YOLO26n EdgeLite + WIoU/ProgLoss","benchmark/valid/1369_jpg.rf.b3a31e02b2ddb05fbb672ffdd9e2b733.jpg",640,640,640,640,0.250000,0.700000,6.434769,95.697846,0.242077,155.062462,1,"Xiaomi M2012K10C"
"a498067d-5b8e-418f-b3f4-d6fe8d9a3a8f","2026-05-26T14:51:33.864583Z","04_yolo26n_edgelite_wiou_progloss","YOLO26n EdgeLite + WIoU/ProgLoss","benchmark/train/240_jpg.rf.95e365f78b55eb3f1ebcb21ff4b2f0ab.jpg",640,640,640,640,0.250000,0.700000,6.010154,92.845538,0.216231,151.576231,1,"Xiaomi M2012K10C"
"3f8cc7af-5aab-4b05-9d54-3d134d46866b","2026-05-26T14:51:34.022108Z","04_yolo26n_edgelite_wiou_progloss","YOLO26n EdgeLite + WIoU/ProgLoss","benchmark/train/966_jpg.rf.82e55edd90b9bbf17fbda936d16bce86.jpg",640,640,640,640,0.250000,0.700000,5.924615,94.282231,0.273769,153.212615,1,"Xiaomi M2012K10C"
"00bb5103-5505-45aa-bea1-97c15c3bd5c4","2026-05-26T14:51:34.180845Z","04_yolo26n_edgelite_wiou_progloss","YOLO26n EdgeLite + WIoU/ProgLoss","benchmark/test/1584_jpg.rf.fb81a061b23abde457e15183eecf2ba3.jpg",640,640,640,640,0.250000,0.700000,6.390692,94.917923,0.256846,154.214692,2,"Xiaomi M2012K10C"
"7de47a54-62df-406e-bdab-6fc174e535f4","2026-05-26T14:51:34.338297Z","04_yolo26n_edgelite_wiou_progloss","YOLO26n EdgeLite + WIoU/ProgLoss","benchmark/test/6_jpg.rf.86361579b0534549eea679e545af1a44.jpg",640,640,640,640,0.250000,0.700000,6.154462,93.012000,0.272307,152.651077,1,"Xiaomi M2012K10C"
"5262a5c1-22dc-410e-b29f-0d23d12f8195","2026-05-26T14:51:34.497904Z","04_yolo26n_edgelite_wiou_progloss","YOLO26n EdgeLite + WIoU/ProgLoss","benchmark/valid/IMG_2688_JPG.rf.42554b8313cf45becf3b686323d34a1a.jpg",640,640,640,640,0.250000,0.700000,6.798231,94.790154,0.207769,154.453615,1,"Xiaomi M2012K10C"
"d82aebb6-74c8-4027-8314-dfd8f7746b8c","2026-05-26T14:51:34.650506Z","04_yolo26n_edgelite_wiou_progloss","YOLO26n EdgeLite + WIoU/ProgLoss","benchmark/train/IMG_3310_JPG.rf.f96c5d833ac2771fb72055a4d7f53546.jpg",640,640,640,640,0.250000,0.700000,6.295077,89.140923,0.216000,147.545000,1,"Xiaomi M2012K10C"
"e1980b69-280c-4f49-9b2f-72d9f87f5b8a","2026-05-26T14:51:34.810574Z","04_yolo26n_edgelite_wiou_progloss","YOLO26n EdgeLite + WIoU/ProgLoss","benchmark/train/IMG_2448_JPG.rf.d3a4485e3a90d84bfcb1c52990daa875.jpg",640,640,640,640,0.250000,0.700000,6.267077,96.501769,0.271385,155.398077,1,"Xiaomi M2012K10C"
"21fe67ea-438a-4594-abde-057cada93419","2026-05-26T14:51:35.017076Z","04_yolo26n_edgelite_wiou_progloss","YOLO26n EdgeLite + WIoU/ProgLoss","benchmark/train/IMG_3556_1_JPG.rf.5e51fc313ab88792e34c5225e6767743.jpg",640,640,640,640,0.250000,0.700000,6.995615,92.077231,0.255923,201.307000,1,"Xiaomi M2012K10C"
"52043f0c-62ec-4e5a-b852-23de14681136","2026-05-26T14:51:35.185976Z","04_yolo26n_edgelite_wiou_progloss","YOLO26n EdgeLite + WIoU/ProgLoss","benchmark/valid/IMG_2339_2_JPG.rf.995b1247a2d2d5a57c0127fca589fc7e.jpg",640,640,640,640,0.250000,0.700000,6.084385,100.176000,0.264308,163.546539,1,"Xiaomi M2012K10C"
"7f3055c7-3b2c-42b2-8442-635599c3432b","2026-05-26T14:51:35.345082Z","04_yolo26n_edgelite_wiou_progloss","YOLO26n EdgeLite + WIoU/ProgLoss","benchmark/train/247_jpg.rf.6ee86540aec9ee72f5d8178435573360.jpg",640,640,640,640,0.250000,0.700000,6.340616,95.343384,0.228000,154.706846,1,"Xiaomi M2012K10C"
"15b62e95-5b6b-4539-88e4-134307081bdc","2026-05-26T14:51:35.499999Z","04_yolo26n_edgelite_wiou_progloss","YOLO26n EdgeLite + WIoU/ProgLoss","benchmark/train/821_jpg.rf.89a58a41b03b1353586253f6374bd4ea.jpg",640,640,640,640,0.250000,0.700000,6.374770,91.329538,0.395692,150.411000,1,"Xiaomi M2012K10C"
"fa88242a-a664-4b81-8daa-e0e6fb1004a0","2026-05-26T14:51:35.660694Z","04_yolo26n_edgelite_wiou_progloss","YOLO26n EdgeLite + WIoU/ProgLoss","benchmark/train/IMG_3578_2_JPG.rf.39b49a9ead31962a1bebf21acd7ad208.jpg",640,640,640,640,0.250000,0.700000,5.973154,96.474462,0.251692,155.399308,1,"Xiaomi M2012K10C"
"71b8db56-9052-42c2-9e25-5f38718cd437","2026-05-26T14:51:35.818585Z","04_yolo26n_edgelite_wiou_progloss","YOLO26n EdgeLite + WIoU/ProgLoss","benchmark/train/IMG_2861_1_JPG.rf.4be3b43b9f1d0b26354955d88317de68.jpg",640,640,640,640,0.250000,0.700000,6.256308,94.463769,0.251307,152.487923,1,"Xiaomi M2012K10C"
"56c28985-a858-4493-ab87-f61fc4306c52","2026-05-26T14:51:35.973958Z","04_yolo26n_edgelite_wiou_progloss","YOLO26n EdgeLite + WIoU/ProgLoss","benchmark/valid/IMG_3306_1_JPG.rf.f02a6305512e3d427bf3592f3175eeab.jpg",640,640,640,640,0.250000,0.700000,6.049308,89.936308,0.313615,150.058231,1,"Xiaomi M2012K10C"
"6046a611-1fb8-4fd5-9f60-ce47b578aa57","2026-05-26T14:51:36.130942Z","04_yolo26n_edgelite_wiou_progloss","YOLO26n EdgeLite + WIoU/ProgLoss","benchmark/test/1036_jpg.rf.309e09044db8b680a459f34777b33f7e.jpg",640,640,640,640,0.250000,0.700000,6.249769,91.356923,0.247385,152.184000,1,"Xiaomi M2012K10C"
"f73b2bb5-86c2-4966-af45-03794bb47529","2026-05-26T14:51:36.285236Z","04_yolo26n_edgelite_wiou_progloss","YOLO26n EdgeLite + WIoU/ProgLoss","benchmark/valid/263_jpg.rf.9e8dbb420b1f887e2a000889e7a0039c.jpg",640,640,640,640,0.250000,0.700000,6.045846,91.854846,0.220616,149.824077,1,"Xiaomi M2012K10C"
"b292eef2-e6e1-4f69-984f-226e6dfb631b","2026-05-26T14:51:36.441038Z","04_yolo26n_edgelite_wiou_progloss","YOLO26n EdgeLite + WIoU/ProgLoss","benchmark/train/IMG_3484_JPG.rf.3750dfd2c254d791d273341d02b9fbe7.jpg",640,640,640,640,0.250000,0.700000,6.468538,90.622231,0.274154,150.460308,1,"Xiaomi M2012K10C"
"7e13b544-61d3-4e35-90b4-85a48f4cb6c2","2026-05-26T14:51:36.594988Z","04_yolo26n_edgelite_wiou_progloss","YOLO26n EdgeLite + WIoU/ProgLoss","benchmark/test/789_jpg.rf.68c197b071b95ced35962967ac5d374d.jpg",640,640,640,640,0.250000,0.700000,6.557230,90.512923,0.234154,149.359384,1,"Xiaomi M2012K10C"
"9d4e973d-99fb-4502-863a-aa2c535fb678","2026-05-26T14:51:36.754372Z","04_yolo26n_edgelite_wiou_progloss","YOLO26n EdgeLite + WIoU/ProgLoss","benchmark/train/395_jpg.rf.79b76a1961b3b06864d348b764968c59.jpg",640,640,640,640,0.250000,0.700000,6.455385,95.229461,0.268616,155.096308,1,"Xiaomi M2012K10C"
"660dc6a3-3202-47bb-96bb-c4e35c2828ae","2026-05-26T14:51:36.913095Z","04_yolo26n_edgelite_wiou_progloss","YOLO26n EdgeLite + WIoU/ProgLoss","benchmark/train/401_jpg.rf.549e90135e3417c31472c1dc98e68ff8.jpg",640,640,640,640,0.250000,0.700000,6.309923,94.793000,0.242692,154.033538,1,"Xiaomi M2012K10C"
"adc1c923-8a80-4ff9-9e24-8e166d29a5ba","2026-05-26T14:51:37.072095Z","04_yolo26n_edgelite_wiou_progloss","YOLO26n EdgeLite + WIoU/ProgLoss","benchmark/train/IMG_3357_1_JPG.rf.3cd8526c6c96f9c02be5e57fb68711c4.jpg",640,640,640,640,0.250000,0.700000,6.304000,94.264000,0.264077,153.949847,1,"Xiaomi M2012K10C"
"caffbad4-0d06-4724-a800-f75f82608142","2026-05-26T14:51:37.229882Z","04_yolo26n_edgelite_wiou_progloss","YOLO26n EdgeLite + WIoU/ProgLoss","benchmark/test/531_jpg.rf.e1be1acf818ea82f9956b97f1eaed26d.jpg",640,640,640,640,0.250000,0.700000,5.916308,94.124385,0.265769,153.304308,1,"Xiaomi M2012K10C"
"6c9e1871-49ed-4827-84a8-b78666878713","2026-05-26T14:51:37.388238Z","04_yolo26n_edgelite_wiou_progloss","YOLO26n EdgeLite + WIoU/ProgLoss","benchmark/test/IMG_2980_JPG.rf.50d1a296e1f4ef53aa128208cdd10613.jpg",640,640,640,640,0.250000,0.700000,6.685846,93.361846,0.235462,152.993231,1,"Xiaomi M2012K10C"
"07e97f63-efa8-429a-a781-af030dcf8183","2026-05-26T14:51:37.546239Z","04_yolo26n_edgelite_wiou_progloss","YOLO26n EdgeLite + WIoU/ProgLoss","benchmark/test/IMG_2716_1_JPG.rf.c3e5aa36a061f6c4eaf77b62f2baa046.jpg",640,640,640,640,0.250000,0.700000,6.319923,92.143385,0.263077,152.708000,1,"Xiaomi M2012K10C"
"1748f151-e4c3-4299-820f-b0595f85227b","2026-05-26T14:51:37.701855Z","04_yolo26n_edgelite_wiou_progloss","YOLO26n EdgeLite + WIoU/ProgLoss","benchmark/train/IMG_2469_JPG.rf.2c9e09e16755a2bfaf979ae6577a46e7.jpg",640,640,640,640,0.250000,0.700000,6.401923,91.370154,0.275692,150.438769,2,"Xiaomi M2012K10C"
"9ec0ce98-c566-429c-b291-9899e596371b","2026-05-26T14:51:37.862608Z","04_yolo26n_edgelite_wiou_progloss","YOLO26n EdgeLite + WIoU/ProgLoss","benchmark/train/IMG_2676_2_JPG.rf.88d78acbb3f64847cf285948c0577763.jpg",640,640,640,640,0.250000,0.700000,6.461461,96.314461,0.251693,154.970077,1,"Xiaomi M2012K10C"
"69918114-1087-46be-a451-76a9dc178977","2026-05-26T14:51:38.021490Z","04_yolo26n_edgelite_wiou_progloss","YOLO26n EdgeLite + WIoU/ProgLoss","benchmark/train/IMG_3312_JPG.rf.41ee920f32bac568498fd10c409e0de2.jpg",640,640,640,640,0.250000,0.700000,6.171154,95.265615,0.262693,153.934770,1,"Xiaomi M2012K10C"
"fe2125c9-95e0-481d-9bbb-98eed66dceae","2026-05-26T14:51:38.181694Z","04_yolo26n_edgelite_wiou_progloss","YOLO26n EdgeLite + WIoU/ProgLoss","benchmark/train/492_jpg.rf.1b5bab7239232806e245722fc2f78b1d.jpg",640,640,640,640,0.250000,0.700000,6.745846,95.848077,0.271692,155.480077,1,"Xiaomi M2012K10C"
"3111c6e9-9799-4477-b21b-7c40168dc194","2026-05-26T14:51:38.339007Z","04_yolo26n_edgelite_wiou_progloss","YOLO26n EdgeLite + WIoU/ProgLoss","benchmark/train/321_jpg.rf.a2afb9d33bc683f6624184b8485d7186.jpg",640,640,640,640,0.250000,0.700000,6.108308,92.852077,0.272539,152.484231,1,"Xiaomi M2012K10C"
"af460957-f52a-4ad2-ac82-581a8e6112ac","2026-05-26T14:51:38.496300Z","04_yolo26n_edgelite_wiou_progloss","YOLO26n EdgeLite + WIoU/ProgLoss","benchmark/valid/IMG_2937_JPG.rf.e825b2c5a4e7112bb0c06ca25da37703.jpg",640,640,640,640,0.250000,0.700000,6.614462,92.775462,0.245538,151.719154,1,"Xiaomi M2012K10C"
"9b401b22-c707-4a97-944f-55b296dbd098","2026-05-26T14:51:38.654377Z","04_yolo26n_edgelite_wiou_progloss","YOLO26n EdgeLite + WIoU/ProgLoss","benchmark/train/IMG_2981_JPG.rf.b28cc686e622aafa6054cc43754b8c5f.jpg",640,640,640,640,0.250000,0.700000,6.627077,94.061539,0.234769,152.659308,1,"Xiaomi M2012K10C"
"e2a279b6-f5f8-4c0e-bdd9-00b368beddf1","2026-05-26T14:51:38.808838Z","04_yolo26n_edgelite_wiou_progloss","YOLO26n EdgeLite + WIoU/ProgLoss","benchmark/train/PXL_20240125_083258747_jpg.rf.d64e6f473828fa3a45e76ba62cfaedbf.jpg",640,640,640,640,0.250000,0.700000,6.187615,90.054539,0.307308,149.250385,1,"Xiaomi M2012K10C"
"743c79fe-e511-4290-a0df-56e6bdb536a1","2026-05-26T14:51:38.964747Z","04_yolo26n_edgelite_wiou_progloss","YOLO26n EdgeLite + WIoU/ProgLoss","benchmark/train/IMG_3198_1_JPG.rf.8682651c0af78952adeec297388faa72.jpg",640,640,640,640,0.250000,0.700000,6.937846,91.195385,0.245154,150.446154,1,"Xiaomi M2012K10C"
"f92f6e18-c46b-4e8e-9d8e-2e819b564668","2026-05-26T14:51:39.124375Z","04_yolo26n_edgelite_wiou_progloss","YOLO26n EdgeLite + WIoU/ProgLoss","benchmark/train/IMG_2351_2_JPG.rf.f29d88c353bbd66d581f11de7144f012.jpg",640,640,640,640,0.250000,0.700000,6.214846,94.383307,0.265846,154.515692,1,"Xiaomi M2012K10C"
"a2c9ea85-869c-4d81-bbc9-5b7c16e7149f","2026-05-26T14:51:39.280771Z","04_yolo26n_edgelite_wiou_progloss","YOLO26n EdgeLite + WIoU/ProgLoss","benchmark/train/IMG_3232_JPG.rf.52c2d463a4a381881f993ded534e115f.jpg",640,640,640,640,0.250000,0.700000,6.491384,92.147923,0.248000,150.961769,1,"Xiaomi M2012K10C"
"98073988-7f1e-49a8-a264-e97c5c28e892","2026-05-26T14:51:39.436945Z","04_yolo26n_edgelite_wiou_progloss","YOLO26n EdgeLite + WIoU/ProgLoss","benchmark/train/IMG_3516_1_JPG.rf.8c1860433a7841ba321d55c2235765af.jpg",640,640,640,640,0.250000,0.700000,6.658231,92.296000,0.215692,151.025000,1,"Xiaomi M2012K10C"
"a2da9b4e-04c5-4e91-97f8-1881345497fd","2026-05-26T14:51:39.591885Z","04_yolo26n_edgelite_wiou_progloss","YOLO26n EdgeLite + WIoU/ProgLoss","benchmark/train/IMG_2642_2_JPG.rf.1eed9fd07c59d2a61249d28afe7e084a.jpg",640,640,640,640,0.250000,0.700000,5.821616,91.715077,0.386385,150.157539,1,"Xiaomi M2012K10C"
"837a5d3c-d20b-4784-bea8-6ced91590c2e","2026-05-26T14:51:39.750524Z","04_yolo26n_edgelite_wiou_progloss","YOLO26n EdgeLite + WIoU/ProgLoss","benchmark/train/IMG_2793_1_JPG.rf.18cba7ab1b1ca8e627084cc24e639d28.jpg",640,640,640,640,0.250000,0.700000,6.624539,94.326769,0.255462,153.465539,1,"Xiaomi M2012K10C"
"8352ee59-4307-455c-98a4-d01c502826b0","2026-05-26T14:51:39.905508Z","04_yolo26n_edgelite_wiou_progloss","YOLO26n EdgeLite + WIoU/ProgLoss","benchmark/train/IMG_3209_JPG.rf.9d2310aea93fff3809fbcfe6fb491eb5.jpg",640,640,640,640,0.250000,0.700000,6.194384,90.469539,0.299692,149.918384,1,"Xiaomi M2012K10C"
"2d1ed800-3d36-4607-b97b-04f2b2c648ef","2026-05-26T14:51:40.063679Z","04_yolo26n_edgelite_wiou_progloss","YOLO26n EdgeLite + WIoU/ProgLoss","benchmark/train/IMG_3335_1_JPG.rf.5f925cc9818f147f0251fbd743d59555.jpg",640,640,640,640,0.250000,0.700000,7.117846,92.444077,0.238077,152.715307,1,"Xiaomi M2012K10C"
"e39fa8d0-22e8-4a3f-affa-93fa1d3e175c","2026-05-26T14:51:40.216909Z","04_yolo26n_edgelite_wiou_progloss","YOLO26n EdgeLite + WIoU/ProgLoss","benchmark/train/417_jpg.rf.488590fdb296ae7cdfa343c71e12dd95.jpg",640,640,640,640,0.250000,0.700000,6.383077,90.350384,0.213923,148.592000,1,"Xiaomi M2012K10C"
"9e1091fc-0c50-4567-960a-eda6e8dc4c11","2026-05-26T14:51:40.373252Z","04_yolo26n_edgelite_wiou_progloss","YOLO26n EdgeLite + WIoU/ProgLoss","benchmark/train/IMG_3212_2_JPG.rf.c696204bf8d81a6779b5801d34ce5c0b.jpg",640,640,640,640,0.250000,0.700000,6.384231,92.532385,0.286077,151.320231,1,"Xiaomi M2012K10C"
"00336ee4-0299-4de8-8a9b-8c669e80f52f","2026-05-26T14:51:40.530414Z","04_yolo26n_edgelite_wiou_progloss","YOLO26n EdgeLite + WIoU/ProgLoss","benchmark/train/504_jpg.rf.82da0c8aa54a810f2de5cf9c28040b96.jpg",640,640,640,640,0.250000,0.700000,6.489462,92.938770,0.239000,152.379616,1,"Xiaomi M2012K10C"
"2cc4a18a-2b29-49ec-84f1-e991184f39e0","2026-05-26T14:51:40.685017Z","04_yolo26n_edgelite_wiou_progloss","YOLO26n EdgeLite + WIoU/ProgLoss","benchmark/test/IMG_3260_2_JPG.rf.b68a1afa83a2fb9b89f418f5e9fb141d.jpg",640,640,640,640,0.250000,0.700000,6.310769,89.810461,0.227077,149.402461,1,"Xiaomi M2012K10C"
"1453b618-92e0-4cd8-b05e-f48daf2f5f90","2026-05-26T14:51:40.844110Z","04_yolo26n_edgelite_wiou_progloss","YOLO26n EdgeLite + WIoU/ProgLoss","benchmark/train/IMG_2441_2_JPG.rf.d0b03b355436973366e188428cbbffa5.jpg",640,640,640,640,0.250000,0.700000,6.702462,94.082077,0.268615,153.949769,1,"Xiaomi M2012K10C"
"423cc586-6945-4fef-b103-1eada179e8ad","2026-05-26T14:51:41.000073Z","04_yolo26n_edgelite_wiou_progloss","YOLO26n EdgeLite + WIoU/ProgLoss","benchmark/train/401_jpg.rf.c8bcea0c448815b7d2a2cad62437ed32.jpg",640,640,640,640,0.250000,0.700000,6.365539,92.184000,0.385231,151.055308,1,"Xiaomi M2012K10C"
"56686315-0d14-4bc6-af0e-de7df16a90f3","2026-05-26T14:51:41.156155Z","04_yolo26n_edgelite_wiou_progloss","YOLO26n EdgeLite + WIoU/ProgLoss","benchmark/train/IMG_3676_JPG.rf.e476e97bba84d54079b1f515865a4ba3.jpg",640,640,640,640,0.250000,0.700000,6.343461,91.824307,0.298231,150.813615,1,"Xiaomi M2012K10C"
"8af28bec-23ec-469e-a379-64c60f7b25d2","2026-05-26T14:51:41.314670Z","04_yolo26n_edgelite_wiou_progloss","YOLO26n EdgeLite + WIoU/ProgLoss","benchmark/train/IMG_3276_2_JPG.rf.8752020d2fb01a66a0c58266931e2ea8.jpg",640,640,640,640,0.250000,0.700000,6.918230,93.786154,0.247770,153.077000,1,"Xiaomi M2012K10C"
"af2b2b08-9d2e-445f-a35c-1543d491eabc","2026-05-26T14:51:41.472521Z","04_yolo26n_edgelite_wiou_progloss","YOLO26n EdgeLite + WIoU/ProgLoss","benchmark/valid/IMG_2776_2_JPG.rf.e0ed3e1c346a053bf034a72b403a4a32.jpg",640,640,640,640,0.250000,0.700000,6.201846,92.333769,0.252385,152.735692,1,"Xiaomi M2012K10C"
"f29f17d9-b991-4387-ab14-a4778a127d81","2026-05-26T14:51:41.626215Z","04_yolo26n_edgelite_wiou_progloss","YOLO26n EdgeLite + WIoU/ProgLoss","benchmark/train/1591_jpg.rf.8b64adc9028b8965a17e80e936b736d3.jpg",640,640,640,640,0.250000,0.700000,6.367616,90.396538,0.244000,149.203923,1,"Xiaomi M2012K10C"
"9767c4b1-1c7e-4885-bb32-aa1dfe640298","2026-05-26T14:51:41.781675Z","04_yolo26n_edgelite_wiou_progloss","YOLO26n EdgeLite + WIoU/ProgLoss","benchmark/train/IMG_2287_2_JPG.rf.db56b2ada74061c4b5921039ad23f8df.jpg",640,640,640,640,0.250000,0.700000,6.340385,91.032539,0.232308,150.332616,1,"Xiaomi M2012K10C"
"78155bb5-1d49-4f6b-a022-a925c702a4df","2026-05-26T14:51:41.988624Z","04_yolo26n_edgelite_wiou_progloss","YOLO26n EdgeLite + WIoU/ProgLoss","benchmark/train/313_jpg.rf.587212099b474cd976ac774591e55262.jpg",640,640,640,640,0.250000,0.700000,6.301230,104.126077,0.262230,202.285230,1,"Xiaomi M2012K10C"
"5093f8be-c3af-4451-a0fe-81745c377cb4","2026-05-26T14:51:42.144711Z","04_yolo26n_edgelite_wiou_progloss","YOLO26n EdgeLite + WIoU/ProgLoss","benchmark/train/IMG_2736_1_JPG.rf.f0dd212df4b116fb703f51a0ba67b3b8.jpg",640,640,640,640,0.250000,0.700000,6.494077,91.536307,0.236923,150.645538,2,"Xiaomi M2012K10C"
"30df0784-46a6-42b4-8e14-dd7997db3398","2026-05-26T14:51:42.311825Z","04_yolo26n_edgelite_wiou_progloss","YOLO26n EdgeLite + WIoU/ProgLoss","benchmark/test/409_jpg.rf.ab8face4952f3cdece41c4bfc8292545.jpg",640,640,640,640,0.250000,0.700000,6.033539,97.802847,0.371384,162.448077,1,"Xiaomi M2012K10C"
"7de9334a-0adf-4f7b-9f62-66868b5bb0d1","2026-05-26T14:51:42.471408Z","04_yolo26n_edgelite_wiou_progloss","YOLO26n EdgeLite + WIoU/ProgLoss","benchmark/valid/1051_jpg.rf.0a72eea690fd524bcbf3b610c307eeec.jpg",640,640,640,640,0.250000,0.700000,6.504000,94.796308,0.248000,154.651077,1,"Xiaomi M2012K10C"
"87e59667-6c49-4106-b7aa-bb86fd51e46a","2026-05-26T14:51:42.628504Z","04_yolo26n_edgelite_wiou_progloss","YOLO26n EdgeLite + WIoU/ProgLoss","benchmark/test/208_jpg.rf.de2e91cc3886bb89b1eb49754f9e1059.jpg",640,640,640,640,0.250000,0.700000,5.846385,93.786384,0.278770,152.399616,1,"Xiaomi M2012K10C"
"9e34dbcb-325e-4dd4-a60f-76e4b4904405","2026-05-26T14:51:42.785565Z","04_yolo26n_edgelite_wiou_progloss","YOLO26n EdgeLite + WIoU/ProgLoss","benchmark/valid/754_jpg.rf.cc1b6d008868f845bbf05335fed131ad.jpg",640,640,640,640,0.250000,0.700000,6.288692,92.834539,0.314461,152.397923,1,"Xiaomi M2012K10C"
"0cc31dd6-b052-461f-be5e-8d774fcecf7b","2026-05-26T14:51:42.942385Z","04_yolo26n_edgelite_wiou_progloss","YOLO26n EdgeLite + WIoU/ProgLoss","benchmark/train/1189_jpg.rf.dcd2d94b2a525abb4bdc6c1410c108f9.jpg",640,640,640,640,0.250000,0.700000,6.508923,92.940538,0.222769,151.982076,1,"Xiaomi M2012K10C"
"0f4f253a-5279-489f-91cc-0caf664a6912","2026-05-26T14:51:43.101728Z","04_yolo26n_edgelite_wiou_progloss","YOLO26n EdgeLite + WIoU/ProgLoss","benchmark/train/IMG_3053_2_JPG.rf.03e0257f820c93bdba1c5c504b42b9e0.jpg",640,640,640,640,0.250000,0.700000,6.053923,93.771000,0.306769,154.086769,1,"Xiaomi M2012K10C"
"03336d24-770c-47dd-ae93-e9fa52fb22e1","2026-05-26T14:51:43.288103Z","04_yolo26n_edgelite_wiou_progloss","YOLO26n EdgeLite + WIoU/ProgLoss","benchmark/train/548_jpg.rf.82336b823c9bfedd89da36d5bd4400ca.jpg",640,640,640,640,0.250000,0.700000,6.884615,100.381846,0.236692,181.684000,1,"Xiaomi M2012K10C"
"4d3d159a-3dc5-4848-acda-13c2a592cde4","2026-05-26T14:51:43.445658Z","04_yolo26n_edgelite_wiou_progloss","YOLO26n EdgeLite + WIoU/ProgLoss","benchmark/test/IMG_2382_1_JPG.rf.ccfffe6ef556ef1b0e80905b908d6f45.jpg",640,640,640,640,0.250000,0.700000,6.148538,93.277846,0.259077,152.281846,1,"Xiaomi M2012K10C"
"5616304a-8f79-44e1-8cfe-8b6098266987","2026-05-26T14:51:43.613131Z","04_yolo26n_edgelite_wiou_progloss","YOLO26n EdgeLite + WIoU/ProgLoss","benchmark/test/1013_jpg.rf.f0cd364acd92efb6ae099a02306dc28f.jpg",640,640,640,640,0.250000,0.700000,6.453923,99.719385,0.301308,162.564693,1,"Xiaomi M2012K10C"
"6b0a93e6-4078-4f91-bd08-3727c94bd25b","2026-05-26T14:51:43.780435Z","04_yolo26n_edgelite_wiou_progloss","YOLO26n EdgeLite + WIoU/ProgLoss","benchmark/valid/IMG_2620_JPG.rf.2a2cf1cf38bead7222e789b4b5dd9d61.jpg",640,640,640,640,0.250000,0.700000,7.226077,98.550538,0.262462,161.774769,2,"Xiaomi M2012K10C"
"f84fb41c-42ea-47b2-b1d9-8ae94d154532","2026-05-26T14:51:43.948180Z","04_yolo26n_edgelite_wiou_progloss","YOLO26n EdgeLite + WIoU/ProgLoss","benchmark/train/IMG_3473_2_JPG.rf.a88c6a50619539b3c71da2672112b6d2.jpg",640,640,640,640,0.250000,0.700000,6.810769,98.626769,0.357308,162.185000,1,"Xiaomi M2012K10C"
"9182955a-1fb1-44ca-8d8d-03dbba22edec","2026-05-26T14:51:44.109051Z","04_yolo26n_edgelite_wiou_progloss","YOLO26n EdgeLite + WIoU/ProgLoss","benchmark/train/IMG_3138_2_JPG.rf.4fb5824a308653309827cf34eec7a6f0.jpg",640,640,640,640,0.250000,0.700000,7.197231,92.386385,0.265846,155.158154,2,"Xiaomi M2012K10C"
"a3b986f1-38c4-4b22-a5e3-55cf7b7461d2","2026-05-26T14:51:44.274717Z","04_yolo26n_edgelite_wiou_progloss","YOLO26n EdgeLite + WIoU/ProgLoss","benchmark/train/IMG_3288_2_JPG.rf.f6ac138a7fcbc8cfc762bee8bed52ff3.jpg",640,640,640,640,0.250000,0.700000,6.716847,97.438692,0.239770,160.393847,1,"Xiaomi M2012K10C"
