image_filename,image_type,source_image_id,group_id,manual_component_ids,historical_split,final_split,included,exclusion_reason,class_ids,class_names,source_final_split,clean_group_id,clean_action
ANT_A_0001.jpg,original,,G00001,,train,train,True,,0,ANT_AB,train,G00001,kept
ANT_A_0002.jpg,original,,G00002,,train,val,True,,0,ANT_AB,val,G00002,kept
ANT_A_0003.jpg,original,,G00003,,train,train,True,,0,ANT_AB,train,G00003,kept
ANT_A_0004.jpg,original,,G00004,,train,train,True,,0,ANT_AB,train,G00004,kept
ANT_A_0005.jpg,original,,G00005,,train,train,True,,0,ANT_AB,train,G00005,kept
ANT_A_0006.jpg,original,,G00006,,test,train,True,,0,ANT_AB,train,G00006,kept
ANT_A_0007.jpg,original,,G00007,,train,val,True,,0,ANT_AB,val,G00007,kept
ANT_A_0008.jpg,original,,G00008,,train,val,True,,0,ANT_AB,val,G00008,kept
ANT_A_0009.jpg,original,,G00009,,val,train,True,,0,ANT_AB,train,G00009,kept
ANT_A_0010.jpg,original,,G00010,,train,train,True,,0,ANT_AB,train,G00010,kept
ANT_A_0011.jpg,original,,G00011,,train,train,True,,0,ANT_AB,train,G00011,kept
ANT_A_0012.jpg,original,,G00012,,train,train,True,,0,ANT_AB,train,G00012,kept
ANT_A_0013.jpg,original,,G00013,,train,train,True,,0,ANT_AB,train,G00013,kept
ANT_A_0014.jpg,original,,G00014,,train,train,True,,0,ANT_AB,train,G00014,kept
ANT_A_0016.jpg,original,,G00015,,val,val,True,,0,ANT_AB,val,G00015,kept
ANT_A_0017.jpg,original,,G00016,,train,test,True,,0,ANT_AB,test,G00016,kept
ANT_A_0018.jpg,original,,G00017,,test,train,True,,0,ANT_AB,train,G00017,kept
ANT_A_0019.jpg,original,,G00018,,train,train,True,,0,ANT_AB,train,G00018,kept
ANT_A_0020.jpg,original,,G00019,,val,train,True,,0,ANT_AB,train,G00019,kept
ANT_A_0021.jpg,original,,G00020,,train,train,True,,0,ANT_AB,train,G00020,kept
ANT_A_0022.jpg,original,,G00021,,train,train,True,,0,ANT_AB,train,G00021,kept
ANT_A_0023.jpg,original,,G00022,,train,test,True,,0,ANT_AB,test,G00022,kept
ANT_A_0024.jpg,original,,G00023,,test,val,True,,0,ANT_AB,val,G00023,kept
ANT_A_0025.jpg,original,,G00024,,train,train,True,,0,ANT_AB,train,G00024,kept
ANT_A_0026.jpg,original,,G00025,,train,val,True,,0,ANT_AB,val,G00025,kept
ANT_A_0027.jpg,original,,G00026,,test,train,True,,0,ANT_AB,train,G00026,kept
ANT_A_0028.jpg,original,,G00027,,train,train,True,,0,ANT_AB,train,G00027,kept
ANT_A_0029.jpg,original,,G00028,,train,train,True,,0,ANT_AB,train,G00028,kept
ANT_A_0030.jpg,original,,G00029,,train,train,True,,0,ANT_AB,train,G00029,kept
ANT_A_0031.jpg,original,,G00030,,train,train,True,,0,ANT_AB,train,G00030,kept
ANT_A_0040.jpg,original,,G00031,,train,train,True,,0,ANT_AB,train,G00031,kept
ANT_A_0041.jpg,original,,G00032,,train,train,True,,0,ANT_AB,train,G00032,kept
ANT_A_0042.jpg,original,,G00033,,train,train,True,,0,ANT_AB,train,G00033,kept
ANT_A_0043.jpg,original,,G00034,,train,test,True,,0,ANT_AB,test,G00034,kept
ANT_A_0044.jpg,original,,G00035,,train,test,True,,0,ANT_AB,test,G00035,kept
ANT_A_0045.jpg,original,,G00036,,test,test,True,,0,ANT_AB,test,G00036,kept
ANT_A_0046.jpg,original,,G00037,,val,train,True,,0,ANT_AB,train,G00037,kept
ANT_A_0047.jpg,original,,G00038,,train,val,True,,0,ANT_AB,val,G00038,kept
ANT_A_0048.jpg,original,,G00039,,train,test,True,,0,ANT_AB,test,G00039,kept
ANT_A_0049.jpg,original,,G00040,,train,train,True,,0,ANT_AB,train,G00040,kept
ANT_A_0050.jpg,original,,G00041,,test,train,True,,0,ANT_AB,train,G00041,kept
ANT_A_0051.jpg,original,,G00042,,train,train,True,,0,ANT_AB,train,G00042,kept
ANT_A_0052.jpg,original,,G00043,,train,train,True,,0,ANT_AB,train,G00043,kept
ANT_A_0053.jpg,original,,G00044,,train,train,True,,0,ANT_AB,train,G00044,kept
ANT_A_0054.jpg,original,,G00045,,train,train,True,,0,ANT_AB,train,G00045,kept
ANT_A_0055.jpg,original,,G00046,,train,train,True,,0,ANT_AB,train,G00046,kept
ANT_A_0057.jpg,original,,G00047,,train,train,True,,0,ANT_AB,train,G00047,kept
ANT_A_0058.jpg,original,,G00048,,val,val,True,,0,ANT_AB,val,G00048,kept
ANT_A_0059.jpg,original,,G00049,,train,train,True,,0,ANT_AB,train,G00049,kept
ANT_A_0060.jpg,original,,G00050,,train,val,True,,0,ANT_AB,val,G00050,kept
ANT_A_0061.jpg,original,,G00051,,train,train,True,,0,ANT_AB,train,G00051,kept
ANT_A_0063.jpg,original,,G00052,,train,val,True,,0,ANT_AB,val,G00052,kept
ANT_A_0064.jpg,original,,G00053,,train,val,True,,0,ANT_AB,val,G00053,kept
ANT_A_0065.jpg,original,,G00054,,val,train,True,,0,ANT_AB,train,G00054,kept
ANT_A_0066.jpg,original,,G00055,,train,train,True,,0,ANT_AB,train,G00055,kept
ANT_A_0067.jpg,original,,G00056,,train,test,True,,0,ANT_AB,test,G00056,kept
ANT_A_0068.jpg,original,,G00057,,train,train,True,,0,ANT_AB,train,G00057,kept
ANT_A_0069.jpg,original,,G00058,,train,train,True,,0,ANT_AB,train,G00058,kept
ANT_A_0070.jpg,original,,G00059,,test,train,True,,0,ANT_AB,train,G00059,kept
ANT_A_0071.jpg,original,,G00060,,test,train,True,,0,ANT_AB,train,G00060,kept
ANT_A_0072.jpg,original,,G00061,,train,val,True,,0,ANT_AB,val,G00061,kept
ANT_A_0073.jpg,original,,G00062,,train,test,True,,0,ANT_AB,test,G00062,kept
ANT_A_0074.jpg,original,,G00063,,train,val,True,,0,ANT_AB,val,G00063,kept
ANT_A_0075.jpg,original,,G00064,,train,test,True,,0,ANT_AB,test,G00064,kept
ANT_A_0076.jpg,original,,G00065,,train,train,True,,0,ANT_AB,train,G00065,kept
ANT_A_0077.jpg,original,,G00066,,train,train,True,,0,ANT_AB,train,G00066,kept
ANT_A_0078.jpg,original,,G00067,,train,train,True,,0,ANT_AB,train,G00067,kept
ANT_A_0079.jpg,original,,G00068,,train,train,True,,0,ANT_AB,train,G00068,kept
ANT_A_0080.jpg,original,,G00069,,train,train,True,,0,ANT_AB,train,G00069,kept
ANT_A_0081.jpg,original,,G00070,,train,val,True,,0,ANT_AB,val,G00070,kept
ANT_A_0082.jpg,original,,G00071,,train,train,True,,0,ANT_AB,train,G00071,kept
ANT_A_0083.jpg,original,,G00072,,train,train,True,,0,ANT_AB,train,G00072,kept
ANT_A_0084.jpg,original,,G00073,,train,val,True,,0,ANT_AB,val,G00073,kept
ANT_A_0085.jpg,original,,G00074,,train,train,True,,0,ANT_AB,train,G00074,kept
ANT_A_0086.jpg,original,,G00075,,train,train,True,,0,ANT_AB,train,G00075,kept
ANT_A_0087.jpg,original,,G00076,,train,train,True,,0,ANT_AB,train,G00076,kept
ANT_A_0088.jpg,original,,G00077,,train,train,True,,0,ANT_AB,train,G00077,kept
ANT_A_0089.jpg,original,,G00078,,test,test,True,,0,ANT_AB,test,G00078,kept
ANT_A_0090.jpg,original,,G00079,,train,val,True,,0,ANT_AB,val,G00079,kept
ANT_A_0091.jpg,original,,G00080,,train,train,True,,0,ANT_AB,train,G00080,kept
ANT_A_0092.jpg,original,,G00081,,train,train,True,,0,ANT_AB,train,G00081,kept
ANT_A_0093.jpg,original,,G00082,,train,val,True,,0,ANT_AB,val,G00082,kept
ANT_A_0094.jpg,original,,G00083,,train,train,True,,0,ANT_AB,train,G00083,kept
ANT_A_0095.jpg,original,,G00084,,train,train,True,,0,ANT_AB,train,G00084,kept
ANT_A_0096.jpg,original,,G00085,,train,train,True,,0,ANT_AB,train,G00085,kept
ANT_A_0097.jpg,original,,G00086,,train,train,True,,0,ANT_AB,train,G00086,kept
ANT_A_0099.jpg,original,,G00087,,train,train,True,,0,ANT_AB,train,G00087,kept
ANT_A_0100.jpg,original,,G00088,,train,val,True,,0,ANT_AB,val,G00088,kept
ANT_A_0101.jpg,original,,G00089,,train,val,True,,0,ANT_AB,val,G00089,kept
ANT_A_0102.jpg,original,,G00090,,train,train,True,,0,ANT_AB,train,G00090,kept
ANT_A_0103.jpg,original,,G00091,,train,test,True,,0,ANT_AB,test,G00091,kept
ANT_A_0104.jpg,original,,G00092,,test,train,True,,0,ANT_AB,train,G00092,kept
ANT_A_0105.jpg,original,,G00093,,train,train,True,,0,ANT_AB,train,G00093,kept
ANT_A_0106.jpg,original,,G00094,,train,train,True,,0,ANT_AB,train,G00094,kept
ANT_A_0107.jpg,original,,G00095,,test,train,True,,0,ANT_AB,train,G00095,kept
ANT_A_0108.jpg,original,,G00096,,train,train,True,,0,ANT_AB,train,G00096,kept
ANT_A_0109.jpg,original,,G00097,,train,train,True,,0,ANT_AB,train,G00097,kept
ANT_A_0110.jpg,original,,G00098,,train,train,True,,0,ANT_AB,train,G00098,kept
ANT_A_0111.jpg,original,,G00099,,test,train,True,,0,ANT_AB,train,G00099,kept
ANT_A_0112.jpg,original,,G00100,,train,val,True,,0,ANT_AB,val,G00100,kept
ANT_A_0113.jpg,original,,G00101,,test,train,True,,0,ANT_AB,train,G00101,kept
ANT_A_0114.jpg,original,,G00102,,train,train,True,,0,ANT_AB,train,G00102,kept
ANT_A_0115.jpg,original,,G00103,,val,train,True,,0,ANT_AB,train,G00103,kept
ANT_A_0116.jpg,original,,G00104,,train,val,True,,0,ANT_AB,val,G00104,kept
ANT_A_0117.jpg,original,,G00105,,train,val,True,,0,ANT_AB,val,G00105,kept
ANT_A_0118.jpg,original,,G00106,,test,train,True,,0,ANT_AB,train,G00106,kept
ANT_A_0119.jpg,original,,G00107,,train,train,True,,0,ANT_AB,train,G00107,kept
ANT_A_0120.jpg,original,,G00108,,train,train,True,,0,ANT_AB,train,G00108,kept
ANT_A_0121.jpg,original,,G00109,,train,train,True,,0,ANT_AB,train,G00109,kept
ANT_A_0122.jpg,original,,G00110,,train,train,True,,0,ANT_AB,train,G00110,kept
ANT_A_0123.jpg,original,,G00111,,train,train,True,,0,ANT_AB,train,G00111,kept
ANT_A_0124.jpg,original,,G00112,,train,train,True,,0,ANT_AB,train,G00112,kept
ANT_A_0125.jpg,original,,G00113,,train,val,True,,0,ANT_AB,val,G00113,kept
ANT_A_0126.jpg,original,,G00114,,val,train,True,,0,ANT_AB,train,G00114,kept
ANT_A_0127.jpg,original,,G00115,,train,test,True,,0,ANT_AB,test,G00115,kept
ANT_A_0128.jpg,original,,G00116,,train,train,True,,0,ANT_AB,train,G00116,kept
ANT_A_0129.jpg,original,,G00117,,train,train,True,,0,ANT_AB,train,G00117,kept
ANT_A_0130.jpg,original,,G00118,,val,train,True,,0,ANT_AB,train,G00118,kept
ANT_A_0131.jpg,original,,G00119,,val,train,True,,0,ANT_AB,train,G00119,kept
ANT_A_0132.jpg,original,,G00120,,train,train,True,,0,ANT_AB,train,G00120,kept
ANT_A_0133.jpg,original,,G00121,,train,test,True,,0,ANT_AB,test,G00121,kept
ANT_A_0134.jpg,original,,G00122,,train,train,True,,0,ANT_AB,train,G00122,kept
ANT_A_0135.jpg,original,,G00123,,train,train,True,,0,ANT_AB,train,G00123,kept
ANT_A_0136.jpg,original,,G00124,,train,train,True,,0,ANT_AB,train,G00124,kept
ANT_A_0137.jpg,original,,G00125,,test,val,True,,0,ANT_AB,val,G00125,kept
ANT_A_0138.jpg,original,,G00126,,train,train,True,,0,ANT_AB,train,G00126,kept
ANT_A_0139.jpg,original,,G00127,,train,train,True,,0,ANT_AB,train,G00127,kept
ANT_A_0140.jpg,original,,G00128,,train,train,True,,0,ANT_AB,train,G00128,kept
ANT_A_0141.jpg,original,,G00129,,train,train,True,,0,ANT_AB,train,G00129,kept
ANT_A_0142.jpg,original,,G00130,,train,train,True,,0,ANT_AB,train,G00130,kept
ANT_A_0143.jpg,original,,G00131,,train,test,True,,0,ANT_AB,test,G00131,kept
ANT_A_0144.jpg,original,,G00132,,train,train,True,,0,ANT_AB,train,G00132,kept
ANT_A_0145.jpg,original,,G00133,,train,train,True,,0,ANT_AB,train,G00133,kept
ANT_A_0146.jpg,original,,G00134,,train,val,True,,0,ANT_AB,val,G00134,kept
ANT_A_0147.jpg,original,,G00135,,val,train,True,,0,ANT_AB,train,G00135,kept
ANT_A_0148.jpg,original,,G00136,,train,train,True,,0,ANT_AB,train,G00136,kept
ANT_A_0149.jpg,original,,G00137,,test,train,True,,0,ANT_AB,train,G00137,kept
ANT_A_0150.jpg,original,,G00138,,train,train,True,,0,ANT_AB,train,G00138,kept
ANT_A_0151.jpg,original,,G00139,,train,train,True,,0,ANT_AB,train,G00139,kept
ANT_A_0152.jpg,original,,G00140,,test,train,True,,0,ANT_AB,train,G00140,kept
ANT_A_0153.jpg,original,,G00141,,train,train,True,,0,ANT_AB,train,G00141,kept
ANT_A_0154.jpg,original,,G00142,,train,train,True,,0,ANT_AB,train,G00142,kept
ANT_A_0155.jpg,original,,G00143,,train,test,True,,0,ANT_AB,test,G00143,kept
ANT_A_0156.jpg,original,,G00144,,train,train,True,,0,ANT_AB,train,G00144,kept
ANT_A_0157.jpg,original,,G00145,,train,train,True,,0,ANT_AB,train,G00145,kept
ANT_A_0158.jpg,original,,G00146,,val,train,True,,0,ANT_AB,train,G00146,kept
ANT_A_0159.jpg,original,,G00147,,train,train,True,,0,ANT_AB,train,G00147,kept
ANT_A_0160.jpg,original,,G00148,,train,train,True,,0,ANT_AB,train,G00148,kept
ANT_A_0161.jpg,original,,G00149,,test,train,True,,0,ANT_AB,train,G00149,kept
ANT_A_0162.jpg,original,,G00150,,train,train,True,,0,ANT_AB,train,G00150,kept
ANT_A_0163.jpg,original,,G00151,,train,train,True,,0,ANT_AB,train,G00151,kept
ANT_A_0164.jpg,original,,G00152,,test,train,True,,0,ANT_AB,train,G00152,kept
ANT_A_0165.jpg,original,,G00153,,train,train,True,,0,ANT_AB,train,G00153,kept
ANT_A_0166.jpg,original,,G00154,,train,train,True,,0,ANT_AB,train,G00154,kept
ANT_A_0167.jpg,original,,G00155,,train,train,True,,0,ANT_AB,train,G00155,kept
ANT_A_0169.jpg,original,,G00156,,train,train,True,,0,ANT_AB,train,G00156,kept
ANT_A_0170.jpg,original,,G00157,,train,val,True,,0,ANT_AB,val,G00157,kept
ANT_A_0171.jpg,original,,G00158,,val,val,True,,0,ANT_AB,val,G00158,kept
ANT_A_0172.jpg,original,,G00159,,train,train,True,,0,ANT_AB,train,G00159,kept
ANT_A_0173.jpg,original,,G00160,,train,test,True,,0,ANT_AB,test,G00160,kept
ANT_A_0174.jpg,original,,G00161,,train,train,True,,0,ANT_AB,train,G00161,kept
ANT_A_0175.jpg,original,,G00162,,train,train,True,,0,ANT_AB,train,G00162,kept
ANT_A_0176.jpg,original,,G00163,,train,val,True,,0,ANT_AB,val,G00163,kept
ANT_A_0177.jpg,original,,G00164,,train,train,True,,0,ANT_AB,train,G00164,kept
ANT_A_0178.jpg,original,,G00165,,train,train,True,,0,ANT_AB,train,G00165,kept
ANT_A_0179.jpg,original,,G00166,,train,train,True,,0,ANT_AB,train,G00166,kept
ANT_A_0180.jpg,original,,G00167,,test,train,True,,0,ANT_AB,train,G00167,kept
ANT_A_0182.jpg,original,,G00168,,train,train,True,,0,ANT_AB,train,G00168,kept
ANT_A_0183.jpg,original,,G00169,,val,train,True,,0,ANT_AB,train,G00169,kept
ANT_A_0184.jpg,original,,G00170,,val,train,True,,0,ANT_AB,train,G00170,kept
ANT_A_0185.jpg,original,,G00171,,test,train,True,,0,ANT_AB,train,G00171,kept
ANT_A_0186.jpg,original,,G00172,,train,train,True,,0,ANT_AB,train,G00172,kept
ANT_A_0187.jpg,original,,G00173,,val,test,True,,0,ANT_AB,test,G00173,kept
ANT_A_0188.jpg,original,,G00174,,train,test,True,,0,ANT_AB,test,G00174,kept
ANT_A_0189.jpg,original,,G00175,,train,train,True,,0,ANT_AB,train,G00175,kept
ANT_A_0190.jpg,original,,G00176,,train,train,True,,0,ANT_AB,train,G00176,kept
ANT_A_0191.jpg,original,,G00177,,val,train,True,,0,ANT_AB,train,G00177,kept
ANT_A_0192.jpg,original,,G00178,,train,train,True,,0,ANT_AB,train,G00178,kept
ANT_A_0193.jpg,original,,G00179,,train,train,True,,0,ANT_AB,train,G00179,kept
ANT_A_0194.jpg,original,,G00180,,train,train,True,,0,ANT_AB,train,G00180,kept
ANT_A_0195.jpg,original,,G00181,,train,train,True,,0,ANT_AB,train,G00181,kept
ANT_A_0196.jpg,original,,G00182,,train,train,True,,0,ANT_AB,train,G00182,kept
ANT_A_0197.jpg,original,,G00183,,train,train,True,,0,ANT_AB,train,G00183,kept
ANT_A_0198.jpg,original,,G00184,,train,train,True,,0,ANT_AB,train,G00184,kept
ANT_A_0199.jpg,original,,G00185,,test,val,True,,0,ANT_AB,val,G00185,kept
ANT_A_0200.jpg,original,,G00186,,train,val,True,,0,ANT_AB,val,G00186,kept
ANT_A_0201.jpg,original,,G00187,,train,val,True,,0,ANT_AB,val,G00187,kept
ANT_A_0202.jpg,original,,G00188,,test,val,True,,0,ANT_AB,val,G00188,kept
ANT_A_0203.jpg,original,,G00189,,test,train,True,,0,ANT_AB,train,G00189,kept
ANT_A_0204.jpg,original,,G00190,,train,train,True,,0,ANT_AB,train,G00190,kept
ANT_A_0205.jpg,original,,G00191,,train,val,True,,0,ANT_AB,val,G00191,kept
ANT_A_0206.jpg,original,,G00192,,train,test,True,,0,ANT_AB,test,G00192,kept
ANT_A_0207.jpg,original,,G00193,,train,train,True,,0,ANT_AB,train,G00193,kept
ANT_A_0208.jpg,original,,G00194,,train,train,True,,0,ANT_AB,train,G00194,kept
ANT_A_0209.jpg,original,,G00195,,train,train,True,,0,ANT_AB,train,G00195,kept
ANT_A_0210.jpg,original,,G00196,,train,train,True,,0,ANT_AB,train,G00196,kept
ANT_A_0211.jpg,original,,G00197,,train,train,True,,0,ANT_AB,train,G00197,kept
ANT_A_0212.jpg,original,,G00198,,train,train,True,,0,ANT_AB,train,G00198,kept
ANT_A_0213.jpg,original,,G00199,,train,train,True,,0,ANT_AB,train,G00199,kept
ANT_A_0214.jpg,original,,G00200,,train,train,True,,0,ANT_AB,train,G00200,kept
ANT_A_0215.jpg,original,,G00201,,train,train,True,,0,ANT_AB,train,G00201,kept
ANT_A_0216.jpg,original,,G00202,,train,train,True,,0,ANT_AB,train,G00202,kept
ANT_A_0217.jpg,original,,G00203,,train,train,True,,0,ANT_AB,train,G00203,kept
ANT_A_0218.jpg,original,,G00204,,train,train,True,,0,ANT_AB,train,G00204,kept
ANT_A_0219.jpg,original,,G00205,,train,test,True,,0,ANT_AB,test,G00205,kept
ANT_A_0220.jpg,original,,G00206,,train,train,True,,0,ANT_AB,train,G00206,kept
ANT_A_0222.jpg,original,,G00207,,test,train,True,,0,ANT_AB,train,G00207,kept
ANT_A_0223.jpg,original,,G00208,,train,train,True,,0,ANT_AB,train,G00208,kept
ANT_A_0224.jpg,original,,G00209,,train,train,True,,0,ANT_AB,train,G00209,kept
ANT_A_0225.jpg,original,,G00210,,train,train,True,,0,ANT_AB,train,G00210,kept
ANT_A_0226.jpg,original,,G00211,,train,train,True,,0,ANT_AB,train,G00211,kept
ANT_A_0227.jpg,original,,G00212,,test,train,True,,0,ANT_AB,train,G00212,kept
ANT_A_0228.jpg,original,,G00213,,train,train,True,,0,ANT_AB,train,G00213,kept
ANT_A_0229.jpg,original,,G00214,,train,train,True,,0,ANT_AB,train,G00214,kept
ANT_A_0230.jpg,original,,G00215,,train,train,True,,0,ANT_AB,train,G00215,kept
ANT_A_0231.jpg,original,,G00216,,train,train,True,,0,ANT_AB,train,G00216,kept
ANT_A_0232.jpg,original,,G00217,,train,train,True,,0,ANT_AB,train,G00217,kept
ANT_A_0233.jpg,original,,G00218,,train,train,True,,0,ANT_AB,train,G00218,kept
ANT_A_0234.jpg,original,,G00219,,train,train,True,,0,ANT_AB,train,G00219,kept
ANT_A_0235.jpg,original,,G00220,,train,val,True,,0,ANT_AB,val,G00220,kept
ANT_A_0236.jpg,original,,G00221,,train,train,True,,0,ANT_AB,train,G00221,kept
ANT_A_0237.jpg,original,,G00222,,train,train,True,,0,ANT_AB,train,G00222,kept
ANT_A_0238.jpg,original,,G00223,,test,test,True,,0,ANT_AB,test,G00223,kept
ANT_A_0239.jpg,original,,G00224,,train,train,True,,0,ANT_AB,train,G00224,kept
ANT_A_0240.jpg,original,,G00225,,train,train,True,,0,ANT_AB,train,G00225,kept
ANT_A_0241.jpg,original,,G00226,,val,train,True,,0,ANT_AB,train,G00226,kept
ANT_A_0242.jpg,original,,G00227,,val,train,True,,0,ANT_AB,train,G00227,kept
ANT_A_0243.jpg,original,,G00228,,val,train,True,,0,ANT_AB,train,G00228,kept
ANT_A_0244.jpg,original,,G00229,,train,val,True,,0,ANT_AB,val,G00229,kept
ANT_A_0245.jpg,original,,G00230,,train,train,True,,0,ANT_AB,train,G00230,kept
ANT_A_0246.jpg,original,,G00231,,train,train,True,,0,ANT_AB,train,G00231,kept
ANT_A_0247.jpg,original,,G00232,,train,train,True,,0,ANT_AB,train,G00232,kept
ANT_A_0248.jpg,original,,G00233,,test,train,True,,0,ANT_AB,train,G00233,kept
ANT_A_0249.jpg,original,,G00234,,train,train,True,,0,ANT_AB,train,G00234,kept
ANT_A_0250.jpg,original,,G00235,,val,test,True,,0,ANT_AB,test,G00235,kept
ANT_A_0251.jpg,original,,G00236,,test,train,True,,0,ANT_AB,train,G00236,kept
ANT_A_0252.jpg,original,,G00237,,train,train,True,,0,ANT_AB,train,G00237,kept
ANT_A_0253.jpg,original,,G00238,,train,train,True,,0,ANT_AB,train,G00238,kept
ANT_A_0255.jpg,original,,G00239,,train,test,True,,0;2,ANT_AB;BLS,test,G00239,kept
ANT_A_0256.jpg,original,,G00240,,train,train,True,,0,ANT_AB,train,G00240,kept
ANT_A_0257.jpg,original,,G00241,,test,train,True,,0,ANT_AB,train,G00241,kept
ANT_A_0258.jpg,original,,G00242,,train,train,True,,0,ANT_AB,train,G00242,kept
ANT_A_0259.jpg,original,,G00243,,train,train,True,,0,ANT_AB,train,G00243,kept
ANT_A_0260.jpg,original,,G00244,,train,train,True,,0,ANT_AB,train,G00244,kept
ANT_A_0261.jpg,original,,G00245,,val,train,True,,0,ANT_AB,train,G00245,kept
ANT_A_0262.jpg,original,,G00246,,train,train,True,,0,ANT_AB,train,G00246,kept
ANT_A_0263.jpg,original,,G00247,,train,train,True,,0,ANT_AB,train,G00247,kept
ANT_A_0264.jpg,original,,G00248,,train,train,True,,0,ANT_AB,train,G00248,kept
ANT_A_0266.jpg,original,,G00249,,train,train,True,,0,ANT_AB,train,G00249,kept
ANT_A_0268.jpg,original,,G00250,,test,train,True,,0,ANT_AB,train,G00250,kept
ANT_A_0270.jpg,original,,G00251,,train,train,True,,0,ANT_AB,train,G00251,kept
ANT_A_0272.jpg,original,,G00252,,train,test,True,,0,ANT_AB,test,G00252,kept
ANT_A_0273.jpg,original,,G00253,,val,val,True,,0,ANT_AB,val,G00253,kept
ANT_A_0274.jpg,original,,G00254,,train,train,True,,0,ANT_AB,train,G00254,kept
ANT_A_0275.jpg,original,,G00255,,val,train,True,,0,ANT_AB,train,G00255,kept
ANT_A_0276.jpg,original,,G00256,,train,train,True,,0,ANT_AB,train,G00256,kept
ANT_A_0277.jpg,original,,G00257,,train,val,True,,0,ANT_AB,val,G00257,kept
ANT_A_0278.jpg,original,,G00258,,test,train,True,,0,ANT_AB,train,G00258,kept
ANT_A_0279.jpg,original,,G00259,,train,train,True,,0,ANT_AB,train,G00259,kept
ANT_A_0281.jpg,original,,G00260,,val,val,True,,0,ANT_AB,val,G00260,kept
ANT_A_0283.jpg,original,,G00261,,train,train,True,,0,ANT_AB,train,G00261,kept
ANT_A_0284.jpg,original,,G00262,,train,train,True,,0,ANT_AB,train,G00262,kept
ANT_A_0285.jpg,original,,G00263,,val,train,True,,0,ANT_AB,train,G00263,kept
ANT_A_0286.jpg,original,,G00264,,train,train,True,,0,ANT_AB,train,G00264,kept
ANT_A_0287.jpg,original,,G00265,,train,test,True,,0,ANT_AB,test,G00265,kept
ANT_A_0288.jpg,original,,G00266,,train,train,True,,0,ANT_AB,train,G00266,kept
ANT_A_0289.jpg,original,,G00267,,train,train,True,,0,ANT_AB,train,G00267,kept
ANT_A_0290.jpg,original,,G00268,,test,val,True,,0,ANT_AB,val,G00268,kept
ANT_A_0291.jpg,original,,G00269,,train,train,True,,0,ANT_AB,train,G00269,kept
ANT_A_0292.jpg,original,,G00270,,train,train,True,,0,ANT_AB,train,G00270,kept
ANT_A_0293.jpg,original,,G00271,,train,train,True,,0,ANT_AB,train,G00271,kept
ANT_A_0294.jpg,original,,G00272,,val,val,True,,0,ANT_AB,val,G00272,kept
ANT_A_0295.jpg,original,,G00273,,train,train,True,,0,ANT_AB,train,G00273,kept
ANT_A_0296.jpg,original,,G00274,C106,test,test,True,,0,ANT_AB,test,G00274,kept
ANT_A_0297.jpg,original,,G00274,C106,train,test,True,,0,ANT_AB,test,G00274,kept
ANT_A_0298.jpg,original,,G00275,,train,train,True,,0,ANT_AB,train,G00275,kept
ANT_A_0299.jpg,original,,G00276,,val,val,True,,0,ANT_AB,val,G00276,kept
ANT_A_0302.jpg,original,,G00277,,train,train,True,,0,ANT_AB,train,G00277,kept
ANT_A_0303.jpg,original,,G00278,,train,train,True,,0,ANT_AB,train,G00278,kept
ANT_A_0304.jpg,original,,G00279,,train,train,True,,0,ANT_AB,train,G00279,kept
ANT_A_0305.jpg,original,,G00280,,train,train,True,,0,ANT_AB,train,G00280,kept
ANT_A_0306.jpg,original,,G00281,,train,train,True,,0,ANT_AB,train,G00281,kept
ANT_A_0307.jpg,original,,G00282,,train,train,True,,0,ANT_AB,train,G00282,kept
ANT_A_0308.jpg,original,,G00283,,train,train,True,,0,ANT_AB,train,G00283,kept
ANT_A_0309.jpg,original,,G00284,,train,train,True,,0,ANT_AB,train,G00284,kept
ANT_A_0310.jpg,original,,G00285,,train,train,True,,0,ANT_AB,train,G00285,kept
ANT_A_0311.jpg,original,,G00286,,train,train,True,,0,ANT_AB,train,G00286,kept
ANT_A_0312.jpg,original,,G00287,,train,train,True,,0,ANT_AB,train,G00287,kept
ANT_A_0313.jpg,original,,G00288,,train,train,True,,0,ANT_AB,train,G00288,kept
ANT_A_0314.jpg,original,,G00289,,train,train,True,,0,ANT_AB,train,G00289,kept
ANT_A_0315.jpg,original,,G00290,,test,train,True,,0,ANT_AB,train,G00290,kept
ANT_A_0316.jpg,original,,G00291,,val,train,True,,0,ANT_AB,train,G00291,kept
ANT_A_0317.jpg,original,,G00292,,train,train,True,,0,ANT_AB,train,G00292,kept
ANT_A_0318.jpg,original,,G00293,,train,train,True,,0,ANT_AB,train,G00293,kept
ANT_A_0319.jpg,original,,G00294,,train,train,True,,0,ANT_AB,train,G00294,kept
ANT_A_0320.jpg,original,,G00295,,train,test,True,,0,ANT_AB,test,G00295,kept
ANT_A_0321.jpg,original,,G00296,,train,train,True,,0,ANT_AB,train,G00296,kept
ANT_A_0322.jpg,original,,G00297,,test,train,True,,0,ANT_AB,train,G00297,kept
ANT_A_0325.jpg,original,,G00298,,train,train,True,,0,ANT_AB,train,G00298,kept
ANT_A_0326.jpg,original,,G00299,,val,train,True,,0,ANT_AB,train,G00299,kept
ANT_A_0327.jpg,original,,G00300,,test,train,True,,0,ANT_AB,train,G00300,kept
ANT_A_0328.jpg,original,,G00301,,train,train,True,,0,ANT_AB,train,G00301,kept
ANT_A_0329.jpg,original,,G00302,,train,train,True,,0,ANT_AB,train,G00302,kept
ANT_A_0331.jpg,original,,G00303,,train,val,True,,0,ANT_AB,val,G00303,kept
ANT_A_0332.jpg,original,,G00304,,val,train,True,,0,ANT_AB,train,G00304,kept
ANT_A_0334.jpg,original,,G00305,,train,train,True,,0,ANT_AB,train,G00305,kept
ANT_A_0336.jpg,original,,G00306,,train,train,True,,0,ANT_AB,train,G00306,kept
ANT_A_0337.jpg,original,,G00307,,train,train,True,,0,ANT_AB,train,G00307,kept
ANT_A_0338.jpg,original,,G00308,,train,train,True,,0,ANT_AB,train,G00308,kept
ANT_A_0340.jpg,original,,G00309,,train,val,True,,0,ANT_AB,val,G00309,kept
ANT_A_0341.jpg,original,,G00310,,train,val,True,,0,ANT_AB,val,G00310,kept
ANT_A_0344.jpg,original,,G00311,,train,train,True,,0,ANT_AB,train,G00311,kept
ANT_A_0348.jpg,original,,G00312,,train,train,True,,0,ANT_AB,train,G00312,kept
ANT_A_0350.jpg,original,,G00313,,train,train,True,,0,ANT_AB,train,G00313,kept
ANT_A_0351.jpg,original,,G00314,,train,train,True,,0,ANT_AB,train,G00314,kept
ANT_A_0353.jpg,original,,G00315,,train,train,True,,0,ANT_AB,train,G00315,kept
ANT_A_0355.jpg,original,,G00316,,test,train,True,,0,ANT_AB,train,G00316,kept
ANT_A_0358.jpg,original,,G00317,,train,train,True,,0,ANT_AB,train,G00317,kept
ANT_A_0359.jpg,original,,G00318,,train,train,True,,0,ANT_AB,train,G00318,kept
ANT_A_0360.jpg,original,,G00319,,train,train,True,,0,ANT_AB,train,G00319,kept
ANT_A_0362.jpg,original,,G00320,,train,train,True,,0,ANT_AB,train,G00320,kept
ANT_A_0363.jpg,original,,G00321,,train,test,True,,0,ANT_AB,test,G00321,kept
ANT_A_0366.jpg,original,,G00322,,train,val,True,,0,ANT_AB,val,G00322,kept
ANT_A_0367.jpg,original,,G00323,,train,train,True,,0,ANT_AB,train,G00323,kept
ANT_A_0369.jpg,original,,G00324,,val,train,True,,0,ANT_AB,train,G00324,kept
ANT_A_0370.jpg,original,,G00325,,train,train,True,,0,ANT_AB,train,G00325,kept
ANT_A_0371.jpg,original,,G00326,,train,train,True,,0,ANT_AB,train,G00326,kept
ANT_A_0374.jpg,original,,G00327,,train,train,True,,0,ANT_AB,train,G00327,kept
ANT_A_0376.jpg,original,,G00328,,train,val,True,,0,ANT_AB,val,G00328,kept
ANT_A_0377.jpg,original,,G00329,,train,train,True,,0,ANT_AB,train,G00329,kept
ANT_A_0378.jpg,original,,G00330,,train,train,True,,0,ANT_AB,train,G00330,kept
ANT_A_0379.jpg,original,,G00331,,test,train,True,,0,ANT_AB,train,G00331,kept
ANT_A_0380.jpg,original,,G00332,,train,val,True,,0,ANT_AB,val,G00332,kept
ANT_A_0384.jpg,original,,G00333,,train,test,True,,0,ANT_AB,test,G00333,kept
ANT_A_0385.jpg,original,,G00334,,train,train,True,,0,ANT_AB,train,G00334,kept
ANT_A_0388.jpg,original,,G00335,,val,train,True,,0,ANT_AB,train,G00335,kept
ANT_A_0390.jpg,original,,G00336,,train,train,True,,0,ANT_AB,train,G00336,kept
ANT_A_0391.jpg,original,,G00337,,train,train,True,,0,ANT_AB,train,G00337,kept
ANT_A_0392.jpg,original,,G00338,,train,val,True,,0,ANT_AB,val,G00338,kept
ANT_A_0393.jpg,original,,G00339,,train,train,True,,0,ANT_AB,train,G00339,kept
ANT_A_0394.jpg,original,,G00340,,val,train,True,,0,ANT_AB,train,G00340,kept
ANT_A_0395.jpg,original,,G00341,,train,train,True,,0,ANT_AB,train,G00341,kept
ANT_A_0396.jpg,original,,G00342,,train,train,True,,0,ANT_AB,train,G00342,kept
ANT_A_0398.jpg,original,,G00343,,train,train,True,,0,ANT_AB,train,G00343,kept
ANT_A_0399.jpg,original,,G00344,,train,train,True,,0,ANT_AB,train,G00344,kept
ANT_A_0400.jpg,original,,G00345,,test,train,True,,0,ANT_AB,train,G00345,kept
ANT_A_0401.jpg,original,,G00346,,train,train,True,,0,ANT_AB,train,G00346,kept
ANT_A_0402.jpg,original,,G00347,,train,train,True,,0,ANT_AB,train,G00347,kept
ANT_A_0404.jpg,original,,G00348,,test,val,True,,0,ANT_AB,val,G00348,kept
ANT_A_0405.jpg,original,,G00349,,train,val,True,,0,ANT_AB,val,G00349,kept
ANT_A_0406.jpg,original,,G00350,,test,train,True,,0,ANT_AB,train,G00350,kept
ANT_A_0407.jpg,original,,G00351,,train,val,True,,0,ANT_AB,val,G00351,kept
ANT_A_0408.jpg,original,,G00352,,train,train,True,,0,ANT_AB,train,G00352,kept
ANT_A_0409.jpg,original,,G00353,,train,train,True,,0,ANT_AB,train,G00353,kept
ANT_A_0410.jpg,original,,G00354,,test,train,True,,0,ANT_AB,train,G00354,kept
ANT_A_0411.jpg,original,,G00355,,train,train,True,,0,ANT_AB,train,G00355,kept
ANT_A_0412.jpg,original,,G00356,,train,train,True,,0,ANT_AB,train,G00356,kept
ANT_A_0415.JPG,original,,G00357,,train,train,True,,0,ANT_AB,train,G00357,kept
ANT_A_0416.jpg,original,,G00358,,train,train,True,,0,ANT_AB,train,G00358,kept
ANT_A_0417.jpg,original,,G00359,,train,test,True,,0,ANT_AB,test,G00359,kept
ANT_A_0418.jpg,original,,G00360,,test,train,True,,0,ANT_AB,train,G00360,kept
ANT_A_0419.jpg,original,,G00361,,train,train,True,,0,ANT_AB,train,G00361,kept
ANT_A_0420.jpg,original,,G00362,,train,train,True,,0,ANT_AB,train,G00362,kept
ANT_A_0421.jpg,original,,G00363,,train,train,True,,0,ANT_AB,train,G00363,kept
ANT_A_0422.jpg,original,,G00364,,val,train,True,,0,ANT_AB,train,G00364,kept
ANT_A_0423.jpg,original,,G00365,,train,train,True,,0,ANT_AB,train,G00365,kept
ANT_A_0424.jpg,original,,G00366,,train,train,True,,0,ANT_AB,train,G00366,kept
ANT_A_0425.jpg,original,,G00367,,train,test,True,,0,ANT_AB,test,G00367,kept
ANT_A_0426.jpg,original,,G00368,,val,train,True,,0,ANT_AB,train,G00368,kept
ANT_A_0427.jpg,original,,G00369,,train,train,True,,0,ANT_AB,train,G00369,kept
ANT_A_0428.jpg,original,,G00370,,train,train,True,,0,ANT_AB,train,G00370,kept
ANT_A_0429.jpg,original,,G00371,,train,train,True,,0,ANT_AB,train,G00371,kept
ANT_A_0430.jpg,original,,G00372,,train,train,True,,0,ANT_AB,train,G00372,kept
ANT_A_0431.jpg,original,,G00373,,val,train,True,,0,ANT_AB,train,G00373,kept
ANT_A_0432.jpg,original,,G00374,,val,train,True,,0,ANT_AB,train,G00374,kept
ANT_A_0433.jpg,original,,G00375,,train,test,True,,0,ANT_AB,test,G00375,kept
ANT_A_0434.jpg,original,,G00376,,test,train,True,,0,ANT_AB,train,G00376,kept
ANT_A_0435.jpg,original,,G00377,,train,val,True,,0,ANT_AB,val,G00377,kept
ANT_A_0436.jpg,original,,G00378,,train,train,True,,0,ANT_AB,train,G00378,kept
ANT_A_0437.jpg,original,,G00379,,test,test,True,,0,ANT_AB,test,G00379,kept
ANT_A_0438.jpg,original,,G00380,,train,train,True,,0,ANT_AB,train,G00380,kept
ANT_A_0439.jpg,original,,G00381,,train,train,True,,0,ANT_AB,train,G00381,kept
ANT_A_0440.jpg,original,,G00382,,train,train,True,,0,ANT_AB,train,G00382,kept
ANT_A_0441.jpg,original,,G00383,,train,train,True,,0,ANT_AB,train,G00383,kept
ANT_A_0442.jpg,original,,G00384,,train,val,True,,0,ANT_AB,val,G00384,kept
ANT_A_0443.jpg,original,,G00385,,train,train,True,,0,ANT_AB,train,G00385,kept
ANT_A_0444.jpg,original,,G00386,,test,test,True,,0,ANT_AB,test,G00386,kept
ANT_A_0445.jpg,original,,G00387,,train,train,True,,0,ANT_AB,train,G00387,kept
ANT_A_0446.jpg,original,,G00388,,train,train,True,,0,ANT_AB,train,G00388,kept
ANT_A_0447.jpg,original,,G00389,,train,train,True,,0,ANT_AB,train,G00389,kept
ANT_A_0448.jpg,original,,G00390,,test,train,True,,0,ANT_AB,train,G00390,kept
ANT_A_0449.jpg,original,,G00391,,train,train,True,,0,ANT_AB,train,G00391,kept
ANT_A_0450.jpg,original,,G00392,,train,test,True,,0,ANT_AB,test,G00392,kept
ANT_A_0451.jpg,original,,G00393,,test,val,True,,0,ANT_AB,val,G00393,kept
ANT_A_0452.jpg,original,,G00394,,val,train,True,,0,ANT_AB,train,G00394,kept
ANT_A_0453.jpg,original,,G00395,,train,train,True,,0,ANT_AB,train,G00395,kept
ANT_A_0454.jpg,original,,G00396,,train,val,True,,0,ANT_AB,val,G00396,kept
ANT_A_0455.jpg,original,,G00397,,train,train,True,,0,ANT_AB,train,G00397,kept
ANT_A_0456.jpg,original,,G00398,,test,train,True,,0,ANT_AB,train,G00398,kept
ANT_A_0457.jpg,original,,G00399,,test,train,True,,0,ANT_AB,train,G00399,kept
ANT_A_0458.jpg,original,,G00400,,train,train,True,,0,ANT_AB,train,G00400,kept
ANT_A_0459.jpg,original,,G00401,,test,train,True,,0,ANT_AB,train,G00401,kept
ANT_A_0460.jpg,original,,G00402,,train,train,True,,0,ANT_AB,train,G00402,kept
ANT_A_0461.jpg,original,,G00403,,test,test,True,,0,ANT_AB,test,G00403,kept
ANT_A_0462.jpg,original,,G00404,,test,train,True,,0,ANT_AB,train,G00404,kept
ANT_A_0463.jpg,original,,G00405,,train,test,True,,0,ANT_AB,test,G00405,kept
ANT_A_0464.jpg,original,,G00406,,train,test,True,,0,ANT_AB,test,G00406,kept
ANT_A_0465.jpg,original,,G00407,,train,train,True,,0,ANT_AB,train,G00407,kept
ANT_A_0466.jpg,original,,G00408,,train,train,True,,0,ANT_AB,train,G00408,kept
ANT_A_0467.jpg,original,,G00409,,train,test,True,,0,ANT_AB,test,G00409,kept
ANT_A_0468.jpg,original,,G00410,,train,train,True,,0,ANT_AB,train,G00410,kept
ANT_A_0469.jpg,original,,G00411,,train,train,True,,0,ANT_AB,train,G00411,kept
ANT_A_0470.jpg,original,,G00412,,test,train,True,,0,ANT_AB,train,G00412,kept
ANT_A_0471.jpg,original,,G00413,,train,train,True,,0,ANT_AB,train,G00413,kept
ANT_A_0472.jpg,original,,G00414,,test,train,True,,0,ANT_AB,train,G00414,kept
ANT_A_0473.jpg,original,,G00415,,train,train,True,,0,ANT_AB,train,G00415,kept
ANT_A_0474.jpg,original,,G00416,,train,train,True,,0,ANT_AB,train,G00416,kept
ANT_A_0475.jpg,original,,G00417,,train,test,True,,0,ANT_AB,test,G00417,kept
ANT_A_0476.jpg,original,,G00418,,test,train,True,,0,ANT_AB,train,G00418,kept
ANT_A_0477.jpg,original,,G00419,,test,train,True,,0,ANT_AB,train,G00419,kept
ANT_A_0478.jpg,original,,G00420,,train,train,True,,0,ANT_AB,train,G00420,kept
ANT_A_0479.jpg,original,,G00421,,train,train,True,,0,ANT_AB,train,G00421,kept
ANT_A_0480.jpg,original,,G00422,,train,val,True,,0,ANT_AB,val,G00422,kept
ANT_A_0481.jpg,original,,G00423,,test,train,True,,0,ANT_AB,train,G00423,kept
ANT_A_0482.jpg,original,,G00424,,val,train,True,,0,ANT_AB,train,G00424,kept
ANT_A_0483.jpg,original,,G00425,,train,train,True,,0,ANT_AB,train,G00425,kept
ANT_A_0484.jpg,original,,G00426,,train,test,True,,0,ANT_AB,test,G00426,kept
ANT_A_0485.jpg,original,,G00427,,train,val,True,,0,ANT_AB,val,G00427,kept
ANT_A_0486.jpg,original,,G00428,,train,train,True,,0,ANT_AB,train,G00428,kept
ANT_A_0487.jpg,original,,G00429,,train,val,True,,0,ANT_AB,val,G00429,kept
ANT_A_0488.jpg,original,,G00430,,train,test,True,,0,ANT_AB,test,G00430,kept
ANT_A_0489.jpg,original,,G00431,,train,train,True,,0,ANT_AB,train,G00431,kept
ANT_A_0490.jpg,original,,G00432,,train,train,True,,0,ANT_AB,train,G00432,kept
ANT_A_0491.jpg,original,,G00433,,train,train,True,,0,ANT_AB,train,G00433,kept
ANT_A_0492.jpg,original,,G00434,,train,train,True,,0,ANT_AB,train,G00434,kept
ANT_A_0493.jpg,original,,G00435,,val,train,True,,0,ANT_AB,train,G00435,kept
ANT_A_0494.jpg,original,,G00436,,val,val,True,,0,ANT_AB,val,G00436,kept
ANT_A_0495.jpg,original,,G00437,,train,train,True,,0,ANT_AB,train,G00437,kept
ANT_A_0496.jpg,original,,G00438,,train,test,True,,0,ANT_AB,test,G00438,kept
ANT_A_0497.jpg,original,,G00439,,train,train,True,,0,ANT_AB,train,G00439,kept
ANT_A_0498.jpg,original,,G00440,,train,train,True,,0,ANT_AB,train,G00440,kept
ANT_A_0499.jpg,original,,G00441,,train,train,True,,0,ANT_AB,train,G00441,kept
ANT_A_0500.jpg,original,,G00442,,train,train,True,,0,ANT_AB,train,G00442,kept
ANT_A_0501.jpg,original,,G00443,,train,train,True,,0,ANT_AB,train,G00443,kept
ANT_A_0502.jpg,original,,G00444,,test,train,True,,0,ANT_AB,train,G00444,kept
ANT_A_0503.jpg,original,,G00445,,train,train,True,,0,ANT_AB,train,G00445,kept
ANT_A_0504.jpg,original,,G00446,,train,train,True,,0,ANT_AB,train,G00446,kept
ANT_A_0505.jpg,original,,G00447,,val,val,True,,0,ANT_AB,val,G00447,kept
ANT_A_0506.jpg,original,,G00448,,train,train,True,,0,ANT_AB,train,G00448,kept
ANT_A_0507.jpg,original,,G00449,,train,train,True,,0,ANT_AB,train,G00449,kept
ANT_A_0508.jpg,original,,G00450,,train,val,True,,0,ANT_AB,val,G00450,kept
ANT_A_0509.jpg,original,,G00451,,train,val,True,,0,ANT_AB,val,G00451,kept
ANT_A_0510.jpg,original,,G00452,,train,test,True,,0,ANT_AB,test,G00452,kept
ANT_A_0511.jpg,original,,G00453,,train,train,True,,0,ANT_AB,train,G00453,kept
ANT_A_0512.jpg,original,,G00454,,train,test,True,,0,ANT_AB,test,G00454,kept
ANT_A_0513.jpg,original,,G00455,,train,train,True,,0,ANT_AB,train,G00455,kept
ANT_A_0514.jpg,original,,G00456,,train,train,True,,0,ANT_AB,train,G00456,kept
ANT_A_0515.jpg,original,,G00457,,train,train,True,,0,ANT_AB,train,G00457,kept
ANT_A_0516.jpg,original,,G00458,,train,train,True,,0,ANT_AB,train,G00458,kept
ANT_A_0517.jpg,original,,G00459,,train,test,True,,0,ANT_AB,test,G00459,kept
ANT_A_0518.jpg,original,,G00460,,val,train,True,,0,ANT_AB,train,G00460,kept
ANT_A_0519.jpg,original,,G00461,,val,val,True,,0,ANT_AB,val,G00461,kept
ANT_A_0520.jpg,original,,G00462,,train,train,True,,0,ANT_AB,train,G00462,kept
ANT_A_0521.jpg,original,,G00463,,val,train,True,,0,ANT_AB,train,G00463,kept
ANT_A_0522.jpg,original,,G00464,,train,test,True,,0,ANT_AB,test,G00464,kept
ANT_A_0523.jpg,original,,G00465,,train,val,True,,0,ANT_AB,val,G00465,kept
ANT_A_0524.jpg,original,,G00466,,train,val,True,,0,ANT_AB,val,G00466,kept
ANT_A_0525.jpg,original,,G00467,,train,train,True,,0,ANT_AB,train,G00467,kept
ANT_A_0526.jpg,original,,G00468,,train,train,True,,0,ANT_AB,train,G00468,kept
ANT_A_0527.jpg,original,,G00469,,train,val,True,,0,ANT_AB,val,G00469,kept
ANT_A_0528.jpg,original,,G00470,,test,test,True,,0,ANT_AB,test,G00470,kept
ANT_A_0529.jpg,original,,G00471,,train,train,True,,0,ANT_AB,train,G00471,kept
ANT_A_0530.jpg,original,,G00472,,train,val,True,,0,ANT_AB,val,G00472,kept
ANT_A_0531.jpg,original,,G00473,,train,test,True,,0,ANT_AB,test,G00473,kept
ANT_A_0532.jpg,original,,G00474,,train,train,True,,0,ANT_AB,train,G00474,kept
ANT_A_0533.jpg,original,,G00475,,train,test,True,,0,ANT_AB,test,G00475,kept
ANT_A_0534.jpg,original,,G00476,,train,train,True,,0,ANT_AB,train,G00476,kept
ANT_A_0535.jpg,original,,G00477,,train,train,True,,0,ANT_AB,train,G00477,kept
ANT_A_0536.jpg,original,,G00478,,train,train,True,,0,ANT_AB,train,G00478,kept
ANT_A_0537.jpg,original,,G00479,,train,train,True,,0,ANT_AB,train,G00479,kept
ANT_A_0538.jpg,original,,G00480,,test,train,True,,0,ANT_AB,train,G00480,kept
ANT_A_0539.jpg,original,,G00481,,train,test,True,,0,ANT_AB,test,G00481,kept
ANT_A_0540.jpg,original,,G00482,,train,test,True,,0,ANT_AB,test,G00482,kept
ANT_A_0541.jpg,original,,G00483,,train,train,True,,0,ANT_AB,train,G00483,kept
ANT_A_0542.jpg,original,,G00484,,train,val,True,,0,ANT_AB,val,G00484,kept
ANT_A_0543.jpg,original,,G00485,,train,train,True,,0,ANT_AB,train,G00485,kept
ANT_A_0544.jpg,original,,G00486,,train,train,True,,0,ANT_AB,train,G00486,kept
ANT_A_0545.jpg,original,,G00487,,train,test,True,,0,ANT_AB,test,G00487,kept
ANT_A_0546.jpg,original,,G00488,,test,test,True,,0,ANT_AB,test,G00488,kept
ANT_A_0547.jpg,original,,G00489,,train,train,True,,0,ANT_AB,train,G00489,kept
ANT_A_0548.jpg,original,,G00490,,train,train,True,,0,ANT_AB,train,G00490,kept
ANT_A_0549.jpg,original,,G00491,,train,test,True,,0,ANT_AB,test,G00491,kept
ANT_A_0550.jpg,original,,G00492,,val,train,True,,0,ANT_AB,train,G00492,kept
ANT_A_0551.jpg,original,,G00493,,train,train,True,,0,ANT_AB,train,G00493,kept
ANT_A_0552.jpg,original,,G00494,,test,train,True,,0,ANT_AB,train,G00494,kept
ANT_A_0553.jpg,original,,G00495,,val,train,True,,0,ANT_AB,train,G00495,kept
ANT_A_0554.jpg,original,,G00496,,train,train,True,,0,ANT_AB,train,G00496,kept
ANT_A_0555.jpg,original,,G00497,,train,test,True,,0,ANT_AB,test,G00497,kept
ANT_A_0556.jpg,original,,G00498,,train,test,True,,0,ANT_AB,test,G00498,kept
ANT_A_0557.jpg,original,,G00499,,train,train,True,,0,ANT_AB,train,G00499,kept
ANT_A_0558.jpg,original,,G00500,,val,train,True,,0,ANT_AB,train,G00500,kept
ANT_A_0559.jpg,original,,G00501,,test,train,True,,0,ANT_AB,train,G00501,kept
ANT_A_0560.jpg,original,,G00502,,train,train,True,,0,ANT_AB,train,G00502,kept
ANT_A_0561.jpg,original,,G00503,,train,train,True,,0,ANT_AB,train,G00503,kept
ANT_A_0562.jpg,original,,G00504,,train,train,True,,0,ANT_AB,train,G00504,kept
ANT_A_0563.jpg,original,,G00505,,train,train,True,,0,ANT_AB,train,G00505,kept
ANT_A_0564.jpg,original,,G00506,,test,val,True,,0,ANT_AB,val,G00506,kept
ANT_A_0565.jpg,original,,G00507,,val,train,True,,0,ANT_AB,train,G00507,kept
ANT_A_0566.jpg,original,,G00508,,train,train,True,,0,ANT_AB,train,G00508,kept
ANT_A_0567.jpg,original,,G00509,,val,train,True,,0,ANT_AB,train,G00509,kept
ANT_A_0568.jpg,original,,G00510,,train,test,True,,0,ANT_AB,test,G00510,kept
ANT_A_0569.jpg,original,,G00511,,train,test,True,,0,ANT_AB,test,G00511,kept
ANT_A_0570.jpg,original,,G00512,,train,val,True,,0,ANT_AB,val,G00512,kept
ANT_A_0571.jpg,original,,G00513,,val,val,True,,0,ANT_AB,val,G00513,kept
ANT_A_0572.jpg,original,,G00514,,train,test,True,,0,ANT_AB,test,G00514,kept
ANT_A_0573.jpg,original,,G00515,,test,train,True,,0,ANT_AB,train,G00515,kept
ANT_A_0574.jpg,original,,G00516,,test,test,True,,0,ANT_AB,test,G00516,kept
ANT_A_0575.jpg,original,,G00517,,train,train,True,,0,ANT_AB,train,G00517,kept
ANT_A_0576.jpg,original,,G00518,,train,train,True,,0,ANT_AB,train,G00518,kept
ANT_A_0577.jpg,original,,G00519,,test,train,True,,0,ANT_AB,train,G00519,kept
ANT_A_0578.jpg,original,,G00520,,test,val,True,,0,ANT_AB,val,G00520,kept
ANT_A_0579.jpg,original,,G00521,,train,train,True,,0,ANT_AB,train,G00521,kept
ANT_A_0580.jpg,original,,G00522,,train,train,True,,0,ANT_AB,train,G00522,kept
ANT_A_0581.jpg,original,,G00523,,train,test,True,,0,ANT_AB,test,G00523,kept
ANT_A_0582.jpg,original,,G00524,,train,train,True,,0,ANT_AB,train,G00524,kept
ANT_A_0583.jpg,original,,G00525,,train,test,True,,0,ANT_AB,test,G00525,kept
ANT_A_0584.jpg,original,,G00526,,val,train,True,,0,ANT_AB,train,G00526,kept
ANT_A_0585.jpg,original,,G00527,,train,test,True,,0,ANT_AB,test,G00527,kept
ANT_A_0586.jpg,original,,G00528,,train,test,True,,0,ANT_AB,test,G00528,kept
ANT_A_0587.jpg,original,,G00529,,train,test,True,,0,ANT_AB,test,G00529,kept
ANT_A_0588.jpg,original,,G00530,,train,train,True,,0,ANT_AB,train,G00530,kept
ANT_A_0589.jpg,original,,G00531,,train,train,True,,0,ANT_AB,train,G00531,kept
ANT_A_0590.jpg,original,,G00532,,train,train,True,,0,ANT_AB,train,G00532,kept
ANT_A_0591.jpg,original,,G00533,,train,train,True,,0,ANT_AB,train,G00533,kept
ANT_A_0592.jpg,original,,G00534,,train,train,True,,0,ANT_AB,train,G00534,kept
ANT_A_0593.jpg,original,,G00535,,train,train,True,,0,ANT_AB,train,G00535,kept
ANT_A_0594.jpg,original,,G00536,,train,train,True,,0,ANT_AB,train,G00536,kept
ANT_A_0595.jpg,original,,G00537,,train,train,True,,0,ANT_AB,train,G00537,kept
ANT_A_0596.jpg,original,,G00538,,train,test,True,,0,ANT_AB,test,G00538,kept
ANT_A_0597.jpg,original,,G00539,,train,test,True,,0,ANT_AB,test,G00539,kept
ANT_A_0598.jpg,original,,G00540,,train,train,True,,0,ANT_AB,train,G00540,kept
ANT_A_0599.jpg,original,,G00541,,test,train,True,,0,ANT_AB,train,G00541,kept
ANT_A_0600.jpg,original,,G00542,,train,train,True,,0,ANT_AB,train,G00542,kept
ANT_A_0601.jpg,original,,G00543,,train,test,True,,0,ANT_AB,test,G00543,kept
ANT_A_0602.jpg,original,,G00544,,train,train,True,,0,ANT_AB,train,G00544,kept
ANT_A_0603.jpg,original,,G00545,,train,train,True,,0,ANT_AB,train,G00545,kept
ANT_A_0604.jpg,original,,G00546,,train,train,True,,0,ANT_AB,train,G00546,kept
ANT_A_0605.jpg,original,,G00547,,train,val,True,,0,ANT_AB,val,G00547,kept
ANT_A_0606.jpg,original,,G00548,,test,test,True,,0,ANT_AB,test,G00548,kept
ANT_A_0607.jpg,original,,G00549,,train,train,True,,0,ANT_AB,train,G00549,kept
ANT_A_0608.jpg,original,,G00550,,train,train,True,,0,ANT_AB,train,G00550,kept
ANT_A_0609.jpg,original,,G00551,,test,train,True,,0,ANT_AB,train,G00551,kept
ANT_A_0610.jpg,original,,G00552,,train,train,True,,0,ANT_AB,train,G00552,kept
ANT_A_0611.jpg,original,,G00553,,train,train,True,,0,ANT_AB,train,G00553,kept
ANT_A_0612.jpg,original,,G00554,,train,train,True,,0,ANT_AB,train,G00554,kept
ANT_A_0613.jpg,original,,G00555,,train,test,True,,0,ANT_AB,test,G00555,kept
ANT_A_0614.jpg,original,,G00556,,train,train,True,,0,ANT_AB,train,G00556,kept
ANT_A_0615.jpg,original,,G00557,,test,train,True,,0,ANT_AB,train,G00557,kept
ANT_A_0616.jpg,original,,G00558,,val,train,True,,0,ANT_AB,train,G00558,kept
ANT_A_0617.jpg,original,,G00559,,train,val,True,,0,ANT_AB,val,G00559,kept
ANT_A_0618.jpg,original,,G00560,,train,train,True,,0,ANT_AB,train,G00560,kept
ANT_A_0619.jpg,original,,G00561,,train,val,True,,0,ANT_AB,val,G00561,kept
ANT_A_0620.jpg,original,,G00562,,train,train,True,,0,ANT_AB,train,G00562,kept
ANT_A_0621.jpg,original,,G00563,,val,val,True,,0,ANT_AB,val,G00563,kept
ANT_A_0622.jpg,original,,G00564,,train,train,True,,0,ANT_AB,train,G00564,kept
ANT_A_0623.jpg,original,,G00565,,train,train,True,,0,ANT_AB,train,G00565,kept
ANT_A_0624.jpg,original,,G00566,,train,test,True,,0,ANT_AB,test,G00566,kept
ANT_A_0625.jpg,original,,G00567,,train,train,True,,0,ANT_AB,train,G00567,kept
ANT_A_0626.jpg,original,,G00568,,train,train,True,,0,ANT_AB,train,G00568,kept
ANT_A_0627.jpg,original,,G00569,,train,train,True,,0,ANT_AB,train,G00569,kept
ANT_A_0628.jpg,original,,G00570,,train,train,True,,0,ANT_AB,train,G00570,kept
ANT_A_0629.jpg,original,,G00571,,train,train,True,,0,ANT_AB,train,G00571,kept
ANT_A_0630.jpg,original,,G00572,,train,train,True,,0,ANT_AB,train,G00572,kept
ANT_A_0631.jpg,original,,G00573,,test,train,True,,0,ANT_AB,train,G00573,kept
ANT_A_0632.jpg,original,,G00574,,train,test,True,,0,ANT_AB,test,G00574,kept
ANT_A_0633.jpg,original,,G00575,,train,val,True,,0,ANT_AB,val,G00575,kept
ANT_A_0634.jpg,original,,G00576,,train,train,True,,0,ANT_AB,train,G00576,kept
ANT_A_0635.jpg,original,,G00577,,test,test,True,,0,ANT_AB,test,G00577,kept
ANT_A_0636.jpg,original,,G00578,,train,train,True,,0,ANT_AB,train,G00578,kept
ANT_A_0637.jpg,original,,G00579,,val,train,True,,0,ANT_AB,train,G00579,kept
ANT_A_0638.jpg,original,,G00580,,train,train,True,,0,ANT_AB,train,G00580,kept
ANT_A_0639.jpg,original,,G00581,,train,val,True,,0,ANT_AB,val,G00581,kept
ANT_A_0640.jpg,original,,G00582,,train,train,True,,0,ANT_AB,train,G00582,kept
ANT_A_0641.jpg,original,,G00583,,train,train,True,,0,ANT_AB,train,G00583,kept
ANT_A_0642.jpg,original,,G00584,,train,train,True,,0,ANT_AB,train,G00584,kept
ANT_A_0643.jpg,original,,G00585,,train,train,True,,0,ANT_AB,train,G00585,kept
ANT_A_0644.jpg,original,,G00586,,test,train,True,,0,ANT_AB,train,G00586,kept
ANT_A_0645.jpg,original,,G00587,,train,train,True,,0,ANT_AB,train,G00587,kept
ANT_A_0646.jpg,original,,G00588,,val,train,True,,0,ANT_AB,train,G00588,kept
ANT_A_0647.jpg,original,,G00589,,train,train,True,,0,ANT_AB,train,G00589,kept
ANT_A_0648.jpg,original,,G00590,,train,train,True,,0,ANT_AB,train,G00590,kept
ANT_A_0649.jpg,original,,G00591,,train,train,True,,0,ANT_AB,train,G00591,kept
ANT_A_0650.jpg,original,,G00592,,train,val,True,,0,ANT_AB,val,G00592,kept
ANT_A_0651.jpg,original,,G00593,,val,train,True,,0,ANT_AB,train,G00593,kept
ANT_A_0652.jpg,original,,G00594,,train,train,True,,0,ANT_AB,train,G00594,kept
ANT_A_0653.jpg,original,,G00595,,train,train,True,,0,ANT_AB,train,G00595,kept
ANT_A_0654.jpg,original,,G00596,,train,train,True,,0,ANT_AB,train,G00596,kept
ANT_A_0655.jpg,original,,G00597,,train,train,True,,0,ANT_AB,train,G00597,kept
ANT_A_0656.jpg,original,,G00598,,train,train,True,,0,ANT_AB,train,G00598,kept
ANT_A_0657.jpg,original,,G00599,,train,train,True,,0,ANT_AB,train,G00599,kept
ANT_A_0658.jpg,original,,G00600,,train,train,True,,0,ANT_AB,train,G00600,kept
ANT_A_0659.jpg,original,,G00601,,train,train,True,,0,ANT_AB,train,G00601,kept
ANT_A_0660.jpg,original,,G00602,,train,train,True,,0,ANT_AB,train,G00602,kept
ANT_A_0661.jpg,original,,G00603,,val,val,True,,0,ANT_AB,val,G00603,kept
ANT_A_0662.jpg,original,,G00604,,val,train,True,,0,ANT_AB,train,G00604,kept
ANT_A_0663.jpg,original,,G00605,,val,train,True,,0,ANT_AB,train,G00605,kept
ANT_A_0664.jpg,original,,G00606,,val,test,True,,0,ANT_AB,test,G00606,kept
ANT_A_0665.jpg,original,,G00607,,train,train,True,,0,ANT_AB,train,G00607,kept
ANT_A_0666.jpg,original,,G00608,,train,train,True,,0,ANT_AB,train,G00608,kept
ANT_A_0667.jpg,original,,G00609,,train,train,True,,0,ANT_AB,train,G00609,kept
ANT_A_0668.jpg,original,,G00610,,train,train,True,,0,ANT_AB,train,G00610,kept
ANT_A_0669.jpg,original,,G00611,,train,train,True,,0,ANT_AB,train,G00611,kept
ANT_A_0670.jpg,original,,G00612,,train,test,True,,0,ANT_AB,test,G00612,kept
ANT_A_0671.jpg,original,,G00613,,train,val,True,,0,ANT_AB,val,G00613,kept
ANT_A_0672.jpg,original,,G00614,,val,train,True,,0,ANT_AB,train,G00614,kept
ANT_A_0673.jpg,original,,G00615,,train,train,True,,0,ANT_AB,train,G00615,kept
ANT_A_0674.jpg,original,,G00616,,val,train,True,,0,ANT_AB,train,G00616,kept
ANT_A_0675.jpg,original,,G00617,,train,train,True,,0,ANT_AB,train,G00617,kept
ANT_A_0676.jpg,original,,G00618,,train,val,True,,0,ANT_AB,val,G00618,kept
ANT_A_0677.jpg,original,,G00619,,val,train,True,,0,ANT_AB,train,G00619,kept
ANT_A_0678.jpg,original,,G00620,,train,test,True,,0,ANT_AB,test,G00620,kept
ANT_A_0679.jpg,original,,G00621,,train,train,True,,0,ANT_AB,train,G00621,kept
ANT_A_0680.jpg,original,,G00622,,val,train,True,,0,ANT_AB,train,G00622,kept
ANT_A_0681.jpg,original,,G00623,,val,test,True,,0,ANT_AB,test,G00623,kept
ANT_A_0682.jpg,original,,G00624,,test,train,True,,0,ANT_AB,train,G00624,kept
ANT_A_0685.jpg,original,,G00625,,train,train,True,,0,ANT_AB,train,G00625,kept
ANT_A_0686.jpg,original,,G00626,,train,val,True,,0,ANT_AB,val,G00626,kept
ANT_A_0687.jpg,original,,G00627,,train,train,True,,0,ANT_AB,train,G00627,kept
ANT_A_0688.jpg,original,,G00628,,val,train,True,,0,ANT_AB,train,G00628,kept
ANT_A_0689.jpg,original,,G00629,,val,train,True,,0,ANT_AB,train,G00629,kept
ANT_A_0692.jpg,original,,G00630,,train,train,True,,0,ANT_AB,train,G00630,kept
ANT_A_0693.jpg,original,,G00631,,train,test,True,,0,ANT_AB,test,G00631,kept
ANT_A_0694.jpg,original,,G00632,,train,train,True,,0,ANT_AB,train,G00632,kept
ANT_A_0695.jpg,original,,G00633,,test,train,True,,0,ANT_AB,train,G00633,kept
ANT_A_0696.jpg,original,,G00634,,train,train,True,,0,ANT_AB,train,G00634,kept
ANT_A_0697.jpg,original,,G00635,,train,train,True,,0,ANT_AB,train,G00635,kept
ANT_A_0698.jpg,original,,G00636,,test,train,True,,0,ANT_AB,train,G00636,kept
ANT_A_0699.jpg,original,,G00637,,train,test,True,,0,ANT_AB,test,G00637,kept
ANT_A_0700.jpg,original,,G00638,,train,train,True,,0,ANT_AB,train,G00638,kept
ANT_A_0701.jpg,original,,G00639,,train,train,True,,0,ANT_AB,train,G00639,kept
ANT_A_0702.jpg,original,,G00640,,test,train,True,,0,ANT_AB,train,G00640,kept
ANT_A_0707.jpg,original,,G00641,,train,train,True,,0,ANT_AB,train,G00641,kept
ANT_A_0708.jpg,original,,G00642,,train,train,True,,0,ANT_AB,train,G00642,kept
ANT_A_0709.jpg,original,,G00643,,train,test,True,,0,ANT_AB,test,G00643,kept
ANT_A_0710.jpg,original,,G00644,,val,val,True,,0,ANT_AB,val,G00644,kept
ANT_A_0711.jpg,original,,G00645,,train,train,True,,0,ANT_AB,train,G00645,kept
ANT_A_0712.jpg,original,,G00646,,train,train,True,,0,ANT_AB,train,G00646,kept
ANT_A_0715.jpg,original,,G00647,,train,train,True,,0,ANT_AB,train,G00647,kept
ANT_A_0716.jpg,original,,G00648,,train,val,True,,0,ANT_AB,val,G00648,kept
ANT_A_0717.jpg,original,,G00649,,train,train,True,,0,ANT_AB,train,G00649,kept
ANT_A_0718.jpg,original,,G00650,,train,train,True,,0,ANT_AB,train,G00650,kept
ANT_A_0719.jpg,original,,G00651,,train,train,True,,0,ANT_AB,train,G00651,kept
ANT_A_0720.jpg,original,,G00652,,train,train,True,,0,ANT_AB,train,G00652,kept
ANT_A_0721.jpg,original,,G00653,,train,train,True,,0,ANT_AB,train,G00653,kept
ANT_A_0722.jpg,original,,G00654,,test,test,True,,0,ANT_AB,test,G00654,kept
ANT_A_0723.jpg,original,,G00655,,train,train,True,,0,ANT_AB,train,G00655,kept
ANT_A_0724.jpg,original,,G00656,,train,train,True,,0,ANT_AB,train,G00656,kept
ANT_A_0725.jpg,original,,G00657,,train,test,True,,0,ANT_AB,test,G00657,kept
ANT_A_0726.jpg,original,,G00658,,train,train,True,,0,ANT_AB,train,G00658,kept
ANT_A_0727.jpg,original,,G00659,,train,val,True,,0,ANT_AB,val,G00659,kept
ANT_A_0728.jpg,original,,G00660,,test,val,True,,0,ANT_AB,val,G00660,kept
ANT_A_0729.jpg,original,,G00661,,train,val,True,,0,ANT_AB,val,G00661,kept
ANT_A_0730.jpg,original,,G00662,,train,train,True,,0,ANT_AB,train,G00662,kept
ANT_A_0731.jpg,original,,G00663,,test,train,True,,0,ANT_AB,train,G00663,kept
ANT_A_0732.jpg,original,,G00664,,train,train,True,,0,ANT_AB,train,G00664,kept
ANT_A_0733.jpg,original,,G00665,,train,val,True,,0,ANT_AB,val,G00665,kept
ANT_A_0734.jpg,original,,G00666,,train,test,True,,0,ANT_AB,test,G00666,kept
ANT_A_0735.jpg,original,,G00667,,train,train,True,,0,ANT_AB,train,G00667,kept
ANT_A_0736.jpg,original,,G00668,,train,train,True,,0,ANT_AB,train,G00668,kept
ANT_A_0737.jpg,original,,G00669,,train,test,True,,0,ANT_AB,test,G00669,kept
ANT_A_0738.jpg,original,,G00670,,train,train,True,,0,ANT_AB,train,G00670,kept
ANT_A_0739.jpg,original,,G00671,,train,test,True,,0,ANT_AB,test,G00671,kept
ANT_A_0740.jpg,original,,G00672,,test,train,True,,0,ANT_AB,train,G00672,kept
ANT_A_0741.jpg,original,,G00673,,train,train,True,,0,ANT_AB,train,G00673,kept
ANT_A_0742.jpg,original,,G00674,,train,train,True,,0,ANT_AB,train,G00674,kept
ANT_A_0748.jpg,original,,G00675,,train,train,True,,0,ANT_AB,train,G00675,kept
ANT_A_0749.jpg,original,,G00676,,test,val,False,near_duplicate_reencoded_copy,0,ANT_AB,val,G00676,excluded_near_duplicate
ANT_B_0001.jpg,original,,G00677,,test,train,True,,0,ANT_AB,train,G00677,kept
ANT_B_0002.jpg,original,,G00678,,val,train,True,,0,ANT_AB,train,G00678,kept
ANT_B_0003.jpg,original,,G00679,,train,train,True,,0,ANT_AB,train,G00679,kept
ANT_B_0004.jpg,original,,G00680,,train,train,True,,0,ANT_AB,train,G00680,kept
ANT_B_0005.jpg,original,,G00681,,train,train,True,,0,ANT_AB,train,G00681,kept
ANT_B_0006.jpg,original,,G00682,,train,train,True,,0,ANT_AB,train,G00682,kept
ANT_B_0007.jpg,original,,G00683,C105,val,val,True,,0,ANT_AB,val,G00683,kept
ANT_B_0008.jpg,original,,G00683,C105,test,val,True,,0,ANT_AB,val,G00683,kept
ANT_B_0009.jpg,original,,G00684,C104,train,val,True,,0,ANT_AB,val,G00684,kept
ANT_B_0010.jpg,original,,G00684,C104,train,val,True,,0,ANT_AB,val,G00684,kept
ANT_B_0011.jpg,original,,G00685,C103,train,val,True,,0,ANT_AB,val,G00685,kept
ANT_B_0012.jpg,original,,G00686,,test,train,True,,0,ANT_AB,train,G00686,kept
ANT_B_0013.jpg,original,,G00685,C103,train,val,True,,0,ANT_AB,val,G00685,kept
ANT_B_0014.jpg,original,,G00687,C102,train,test,True,,0,ANT_AB,test,G00687,kept
ANT_B_0015.jpg,original,,G00687,C102,train,test,True,,0,ANT_AB,test,G00687,kept
ANT_B_0016.jpg,original,,G00688,C101,train,val,True,,0,ANT_AB,val,G00688,kept
ANT_B_0017.jpg,original,,G00688,C101,train,val,True,,0,ANT_AB,val,G00688,kept
ANT_B_0030.jpg,original,,G00689,,train,val,True,,0,ANT_AB,val,G00689,kept
ANT_B_0031.jpg,original,,G00690,,val,train,True,,0,ANT_AB,train,G00690,kept
ANT_B_0032.jpg,original,,G00691,,train,test,True,,0,ANT_AB,test,G00691,kept
ANT_B_0033.jpg,original,,G00692,,val,train,True,,0,ANT_AB,train,G00692,kept
ANT_B_0034.jpg,original,,G00693,,train,test,True,,0,ANT_AB,test,G00693,kept
ANT_B_0035.jpg,original,,G00694,,train,val,True,,0,ANT_AB,val,G00694,kept
ANT_B_0037.jpg,original,,G00695,,train,train,True,,0,ANT_AB,train,G00695,kept
ANT_B_0038.jpg,original,,G00696,,train,val,True,,0,ANT_AB,val,G00696,kept
ANT_B_0039.jpg,original,,G00697,,train,train,True,,0,ANT_AB,train,G00697,kept
ANT_B_0040.jpg,original,,G00698,,train,train,True,,0,ANT_AB,train,G00698,kept
ANT_B_0041.jpg,original,,G00699,,train,train,True,,0,ANT_AB,train,G00699,kept
ANT_B_0042.jpg,original,,G00700,C100,test,test,True,,0,ANT_AB,test,G00700,kept
ANT_B_0043.jpg,original,,G00700,C100,val,test,True,,0,ANT_AB,test,G00700,kept
ANT_B_0044.jpg,original,,G00701,,train,val,True,,0,ANT_AB,val,G00701,kept
ANT_B_0045.jpg,original,,G00702,,val,train,True,,0,ANT_AB,train,G00702,kept
ANT_B_0046.jpg,original,,G00703,,train,test,True,,0,ANT_AB,test,G00703,kept
ANT_B_0047.jpg,original,,G00704,,train,train,True,,0,ANT_AB,train,G00704,kept
ANT_B_0048.jpg,original,,G00705,,train,val,True,,0,ANT_AB,val,G00705,kept
ANT_B_0049.jpg,original,,G00706,,train,train,True,,0,ANT_AB,train,G00706,kept
ANT_B_0050.jpg,original,,G00707,,train,train,True,,0,ANT_AB,train,G00707,kept
ANT_B_0051.jpg,original,,G00708,,train,test,True,,0,ANT_AB,test,G00708,kept
ANT_B_0052.jpg,original,,G00709,,train,train,True,,0,ANT_AB,train,G00709,kept
ANT_B_0053.jpg,original,,G00710,,train,train,True,,0,ANT_AB,train,G00710,kept
ANT_B_0054.jpg,original,,G00711,,test,train,True,,0,ANT_AB,train,G00711,kept
ANT_B_0055.jpg,original,,G00712,,train,train,True,,0,ANT_AB,train,G00712,kept
ANT_B_0056.jpg,original,,G00713,,test,val,True,,0,ANT_AB,val,G00713,kept
ANT_B_0057.jpg,original,,G00714,C098,train,val,True,,0,ANT_AB,val,G00714,kept
ANT_B_0058.jpg,original,,G00714,C098,train,val,True,,0,ANT_AB,val,G00714,kept
ANT_B_0059.jpg,original,,G00715,,train,train,True,,0,ANT_AB,train,G00715,kept
ANT_B_0060.jpg,original,,G00716,,test,val,True,,0,ANT_AB,val,G00716,kept
ANT_B_0061.jpg,original,,G00717,,train,train,True,,0,ANT_AB,train,G00717,kept
ANT_B_0062.jpg,original,,G00718,,train,test,True,,0,ANT_AB,test,G00718,kept
ANT_B_0063.jpg,original,,G00719,,train,train,True,,0,ANT_AB,train,G00719,kept
ANT_B_0064.jpg,original,,G00720,,test,train,True,,0,ANT_AB,train,G00720,kept
ANT_B_0065.jpg,original,,G00721,,train,train,True,,0,ANT_AB,train,G00721,kept
ANT_B_0066.jpg,original,,G00722,,val,val,True,,0,ANT_AB,val,G00722,kept
ANT_B_0067.jpg,original,,G00723,,train,train,True,,0,ANT_AB,train,G00723,kept
ANT_B_0068.jpg,original,,G00724,,train,train,True,,0,ANT_AB,train,G00724,kept
ANT_B_0069.jpg,original,,G00725,,val,train,True,,0,ANT_AB,train,G00725,kept
ANT_B_0070.jpg,original,,G00726,,train,test,True,,0,ANT_AB,test,G00726,kept
ANT_B_0071.jpg,original,,G00727,,train,train,True,,0,ANT_AB,train,G00727,kept
ANT_B_0072.jpg,original,,G00728,,train,test,True,,0,ANT_AB,test,G00728,kept
ANT_B_0073.jpg,original,,G00729,,train,train,True,,0,ANT_AB,train,G00729,kept
ANT_B_0074.jpg,original,,G00730,,train,train,True,,0,ANT_AB,train,G00730,kept
ANT_B_0075.jpg,original,,G00731,,test,test,True,,0,ANT_AB,test,G00731,kept
ANT_B_0076.jpg,original,,G00732,,train,test,True,,0,ANT_AB,test,G00732,kept
ANT_B_0077.jpg,original,,G00733,,val,train,True,,0,ANT_AB,train,G00733,kept
ANT_B_0078.jpg,original,,G00734,,train,train,True,,0,ANT_AB,train,G00734,kept
ANT_B_0079.jpg,original,,G00735,,train,train,True,,0,ANT_AB,train,G00735,kept
ANT_B_0080.jpg,original,,G00736,,test,train,True,,0,ANT_AB,train,G00736,kept
ANT_B_0081.jpg,original,,G00737,,train,train,True,,0,ANT_AB,train,G00737,kept
ANT_B_0082.jpg,original,,G00738,,train,test,True,,0,ANT_AB,test,G00738,kept
ANT_B_0083.jpg,original,,G00739,,train,train,True,,0,ANT_AB,train,G00739,kept
ANT_B_0084.jpg,original,,G00740,,val,train,True,,0,ANT_AB,train,G00740,kept
ANT_B_0085.jpg,original,,G00741,,train,train,True,,0,ANT_AB,train,G00741,kept
ANT_B_0086.jpg,original,,G00742,,train,test,True,,0,ANT_AB,test,G00742,kept
ANT_B_0087.jpg,original,,G00743,,train,train,True,,0,ANT_AB,train,G00743,kept
ANT_B_0088.jpg,original,,G00744,,train,train,True,,0,ANT_AB,train,G00744,kept
ANT_B_0090.jpg,original,,G00745,,val,train,True,,0,ANT_AB,train,G00745,kept
ANT_B_0091.jpg,original,,G00746,,train,train,True,,0,ANT_AB,train,G00746,kept
ANT_B_0092.jpg,original,,G00747,,train,train,True,,0,ANT_AB,train,G00747,kept
ANT_B_0094.jpg,original,,G00748,,train,train,True,,0,ANT_AB,train,G00748,kept
ANT_B_0095.jpg,original,,G00749,,train,train,True,,0,ANT_AB,train,G00749,kept
ANT_B_0096.jpg,original,,G00750,,train,train,True,,0,ANT_AB,train,G00750,kept
ANT_B_0097.jpg,original,,G00751,,train,train,True,,0,ANT_AB,train,G00751,kept
ANT_B_0098.jpg,original,,G00752,,train,train,True,,0,ANT_AB,train,G00752,kept
ANT_B_0099.jpg,original,,G00753,,train,train,True,,0,ANT_AB,train,G00753,kept
ANT_B_0100.jpg,original,,G00754,,val,train,True,,0,ANT_AB,train,G00754,kept
ANT_B_0101.jpg,original,,G00755,,train,test,True,,0,ANT_AB,test,G00755,kept
ANT_B_0102.jpg,original,,G00756,,train,train,True,,0,ANT_AB,train,G00756,kept
ANT_B_0103.jpg,original,,G00757,,train,train,True,,0,ANT_AB,train,G00757,kept
ANT_B_0104.jpg,original,,G00758,,train,train,True,,0,ANT_AB,train,G00758,kept
ANT_B_0106.jpg,original,,G00759,,val,train,True,,0,ANT_AB,train,G00759,kept
ANT_B_0107.jpg,original,,G00760,,train,train,True,,0,ANT_AB,train,G00760,kept
ANT_B_0108.jpg,original,,G00761,,train,train,True,,0,ANT_AB,train,G00761,kept
ANT_B_0109.jpg,original,,G00762,,train,train,True,,0,ANT_AB,train,G00762,kept
ANT_B_0110.jpg,original,,G00763,,val,test,True,,0,ANT_AB,test,G00763,kept
ANT_B_0111.jpg,original,,G00764,,test,train,True,,0,ANT_AB,train,G00764,kept
ANT_B_0112.jpg,original,,G00765,,train,test,True,,0,ANT_AB,test,G00765,kept
ANT_B_0113.jpg,original,,G00766,,train,test,True,,0,ANT_AB,test,G00766,kept
ANT_B_0114.jpg,original,,G00767,,test,test,True,,0,ANT_AB,test,G00767,kept
ANT_B_0115.jpg,original,,G00768,,train,train,True,,0,ANT_AB,train,G00768,kept
ANT_B_0116.jpg,original,,G00769,,train,val,True,,0,ANT_AB,val,G00769,kept
ANT_B_0117.jpg,original,,G00770,,test,val,True,,0,ANT_AB,val,G00770,kept
ANT_B_0118.jpg,original,,G00771,,train,test,True,,0;1,ANT_AB;ANT_CD,test,G00771,kept
ANT_B_0119.jpg,original,,G00772,,train,train,True,,0,ANT_AB,train,G00772,kept
ANT_B_0120.jpg,original,,G00773,,val,train,True,,0,ANT_AB,train,G00773,kept
ANT_B_0121.jpg,original,,G00774,,train,test,True,,0,ANT_AB,test,G00774,kept
ANT_B_0122.jpg,original,,G00775,,train,train,True,,0,ANT_AB,train,G00775,kept
ANT_B_0123.jpg,original,,G00776,,train,val,True,,0,ANT_AB,val,G00776,kept
ANT_B_0124.jpg,original,,G00777,,train,train,True,,0,ANT_AB,train,G00777,kept
ANT_B_0125.jpg,original,,G00778,,train,test,True,,0,ANT_AB,test,G00778,kept
ANT_B_0126.jpg,original,,G00779,,train,train,True,,0,ANT_AB,train,G00779,kept
ANT_B_0127.jpg,original,,G00780,,train,test,True,,0,ANT_AB,test,G00780,kept
ANT_B_0128.jpg,original,,G00781,,test,train,True,,0,ANT_AB,train,G00781,kept
ANT_B_0129.jpg,original,,G00782,,train,train,True,,0,ANT_AB,train,G00782,kept
ANT_B_0130.jpg,original,,G00783,,train,train,True,,0,ANT_AB,train,G00783,kept
ANT_B_0131.jpg,original,,G00784,,train,train,True,,0,ANT_AB,train,G00784,kept
ANT_B_0132.jpg,original,,G00785,,train,train,True,,0,ANT_AB,train,G00785,kept
ANT_B_0133.jpg,original,,G00786,C097,train,val,True,,0,ANT_AB,val,G00786,kept
ANT_B_0134.jpg,original,,G00786,C097,train,val,True,,0,ANT_AB,val,G00786,kept
ANT_B_0135.jpg,original,,G00786,C097,val,val,True,,0,ANT_AB,val,G00786,kept
ANT_B_0136.jpg,original,,G00787,,train,val,True,,0,ANT_AB,val,G00787,kept
ANT_B_0137.jpg,original,,G00788,,val,train,True,,0,ANT_AB,train,G00788,kept
ANT_B_0138.jpg,original,,G00789,,train,train,True,,0,ANT_AB,train,G00789,kept
ANT_B_0139.jpg,original,,G00790,,train,train,True,,0,ANT_AB,train,G00790,kept
ANT_B_0140.jpg,original,,G00791,,train,test,True,,0,ANT_AB,test,G00791,kept
ANT_B_0141.jpg,original,,G00792,,train,train,True,,1,ANT_CD,train,G00792,kept
ANT_B_0142.jpg,original,,G00793,,train,train,True,,0,ANT_AB,train,G00793,kept
ANT_B_0143.jpg,original,,G00794,,train,train,True,,0,ANT_AB,train,G00794,kept
ANT_B_0144.jpg,original,,G00795,,train,train,True,,0,ANT_AB,train,G00795,kept
ANT_B_0145.jpg,original,,G00796,C096,train,test,True,,0,ANT_AB,test,G00796,kept
ANT_B_0146.jpg,original,,G00796,C096,val,test,True,,0,ANT_AB,test,G00796,kept
ANT_B_0147.jpg,original,,G00796,C096,train,test,True,,0,ANT_AB,test,G00796,kept
ANT_B_0148.jpg,original,,G00797,,test,train,True,,0,ANT_AB,train,G00797,kept
ANT_B_0149.jpg,original,,G00798,,train,train,True,,0,ANT_AB,train,G00798,kept
ANT_B_0150.jpg,original,,G00799,,train,train,True,,0,ANT_AB,train,G00799,kept
ANT_B_0151.jpg,original,,G00800,C099,test,val,True,,0,ANT_AB,val,G00800,kept
ANT_B_0152.jpg,original,,G00800,C099,train,val,True,,0,ANT_AB,val,G00800,kept
ANT_B_0155.jpg,original,,G00801,C095,train,val,True,,1,ANT_CD,val,G00801,kept
ANT_B_0156.jpg,original,,G00802,,train,train,True,,0,ANT_AB,train,G00802,kept
ANT_B_0157.jpg,original,,G00803,,train,train,True,,0,ANT_AB,train,G00803,kept
ANT_B_0158.jpg,original,,G00801,C095,train,val,True,,0,ANT_AB,val,G00801,kept
ANT_B_0159.jpg,original,,G00804,C094,test,test,True,,0,ANT_AB,test,G00804,kept
ANT_B_0160.jpg,original,,G00804,C094,train,test,True,,0,ANT_AB,test,G00804,kept
ANT_B_0161.jpg,original,,G00804,C094,train,test,True,,0,ANT_AB,test,G00804,kept
ANT_B_0162.jpg,original,,G00804,C094,train,test,True,,0,ANT_AB,test,G00804,kept
ANT_B_0163.jpg,original,,G00805,,train,train,True,,0,ANT_AB,train,G00805,kept
ANT_B_0164.jpg,original,,G00806,,train,train,True,,0,ANT_AB,train,G00806,kept
ANT_B_0165.jpg,original,,G00807,C093,train,val,True,,0,ANT_AB,val,G00807,kept
ANT_B_0166.jpg,original,,G00807,C093,test,val,True,,0,ANT_AB,val,G00807,kept
ANT_B_0167.jpg,original,,G00807,C093,train,val,True,,0,ANT_AB,val,G00807,kept
ANT_B_0168.jpg,original,,G00808,C092,train,val,True,,0,ANT_AB,val,G00808,kept
ANT_B_0169.jpg,original,,G00808,C092,train,val,True,,0,ANT_AB,val,G00808,kept
ANT_B_0170.jpg,original,,G00809,C091,train,test,True,,0,ANT_AB,test,G00809,kept
ANT_B_0171.jpg,original,,G00809,C091,train,test,True,,0,ANT_AB,test,G00809,kept
ANT_B_0172.jpg,original,,G00810,C090,test,test,True,,0,ANT_AB,test,G00810,kept
ANT_B_0173.jpg,original,,G00810,C090,test,test,True,,0,ANT_AB,test,G00810,kept
ANT_B_0174.jpg,original,,G00811,,test,train,True,,0,ANT_AB,train,G00811,kept
ANT_B_0175.jpg,original,,G00812,,test,train,True,,0,ANT_AB,train,G00812,kept
ANT_B_0176.jpg,original,,G00813,,train,test,True,,0,ANT_AB,test,G00813,kept
ANT_B_0177.jpg,original,,G00814,,train,val,True,,0,ANT_AB,val,G00814,kept
ANT_B_0178.jpg,original,,G00815,,train,val,True,,0,ANT_AB,val,G00815,kept
ANT_B_0179.jpg,original,,G00816,,train,train,True,,0,ANT_AB,train,G00816,kept
ANT_B_0180.jpg,original,,G00817,,train,train,True,,0,ANT_AB,train,G00817,kept
ANT_B_0181.jpg,original,,G00818,C089,train,test,True,,0,ANT_AB,test,G00818,kept
ANT_B_0182.jpg,original,,G00818,C089,train,test,True,,0,ANT_AB,test,G00818,kept
ANT_B_0183.jpg,original,,G00819,C088,train,test,True,,0,ANT_AB,test,G00819,kept
ANT_B_0184.jpg,original,,G00819,C088,train,test,True,,0,ANT_AB,test,G00819,kept
ANT_B_0185.jpg,original,,G00820,,train,train,True,,0,ANT_AB,train,G00820,kept
ANT_B_0186.jpg,original,,G00821,,train,train,True,,0,ANT_AB,train,G00821,kept
ANT_B_0187.jpg,original,,G00822,C087,val,val,True,,0,ANT_AB,val,G00822,kept
ANT_B_0188.jpg,original,,G00822,C087,val,val,True,,0,ANT_AB,val,G00822,kept
ANT_B_0189.jpg,original,,G00823,,train,train,True,,0,ANT_AB,train,G00823,kept
ANT_B_0190.jpg,original,,G00824,,train,train,True,,0,ANT_AB,train,G00824,kept
ANT_B_0191.jpg,original,,G00825,,train,train,True,,0,ANT_AB,train,G00825,kept
ANT_B_0192.jpg,original,,G00826,,train,train,True,,0,ANT_AB,train,G00826,kept
ANT_B_0193.jpg,original,,G00827,,train,train,True,,0,ANT_AB,train,G00827,kept
ANT_B_0194.jpg,original,,G00828,,train,train,True,,0,ANT_AB,train,G00828,kept
ANT_B_0195.jpg,original,,G00829,C086,train,test,True,,0,ANT_AB,test,G00829,kept
ANT_B_0196.jpg,original,,G00829,C086,train,test,True,,0,ANT_AB,test,G00829,kept
ANT_B_0197.jpg,original,,G00830,,train,train,True,,0,ANT_AB,train,G00830,kept
ANT_B_0198.jpg,original,,G00831,,test,test,True,,0,ANT_AB,test,G00831,kept
ANT_B_0199.jpg,original,,G00832,C085,train,test,True,,0,ANT_AB,test,G00832,kept
ANT_B_0200.jpg,original,,G00832,C085,val,test,True,,0,ANT_AB,test,G00832,kept
ANT_B_0201.jpg,original,,G00832,C085,val,test,True,,0,ANT_AB,test,G00832,kept
ANT_B_0202.jpg,original,,G00832,C085,train,test,True,,0,ANT_AB,test,G00832,kept
ANT_B_0204.jpg,original,,G00833,,train,train,True,,0,ANT_AB,train,G00833,kept
ANT_B_0205.jpg,original,,G00834,C084,train,val,True,,0,ANT_AB,val,G00834,kept
ANT_B_0206.jpg,original,,G00834,C084,train,val,True,,0,ANT_AB,val,G00834,kept
ANT_B_0207.jpg,original,,G00834,C084,train,val,True,,0,ANT_AB,val,G00834,kept
ANT_B_0208.jpg,original,,G00834,C084,train,val,True,,0,ANT_AB,val,G00834,kept
ANT_B_0209.jpg,original,,G00835,,train,train,True,,0,ANT_AB,train,G00835,kept
ANT_B_0210.jpg,original,,G00836,,val,train,True,,0,ANT_AB,train,G00836,kept
ANT_B_0211.jpg,original,,G00837,,train,train,True,,0,ANT_AB,train,G00837,kept
ANT_B_0212.jpg,original,,G00838,,test,train,True,,0,ANT_AB,train,G00838,kept
ANT_B_0213.jpg,original,,G00839,,train,train,True,,0,ANT_AB,train,G00839,kept
ANT_B_0214.jpg,original,,G00840,,train,train,True,,0,ANT_AB,train,G00840,kept
ANT_B_0215.jpg,original,,G00841,C083,val,val,True,,0,ANT_AB,val,G00841,kept
ANT_B_0216.jpg,original,,G00841,C083,train,val,True,,0,ANT_AB,val,G00841,kept
ANT_B_0217.jpg,original,,G00842,,train,val,True,,0,ANT_AB,val,G00842,kept
ANT_B_0218.jpg,original,,G00843,,train,train,True,,0,ANT_AB,train,G00843,kept
ANT_B_0219.jpg,original,,G00844,,train,train,True,,0,ANT_AB,train,G00844,kept
ANT_B_0220.jpg,original,,G00845,,train,train,True,,0,ANT_AB,train,G00845,kept
ANT_B_0221.jpg,original,,G00846,,train,train,True,,0,ANT_AB,train,G00846,kept
ANT_B_0222.jpg,original,,G00847,,val,train,True,,0,ANT_AB,train,G00847,kept
ANT_B_0223.jpg,original,,G00848,,train,test,True,,0,ANT_AB,test,G00848,kept
ANT_B_0224.jpg,original,,G00849,,train,train,True,,0,ANT_AB,train,G00849,kept
ANT_B_0225.jpg,original,,G00850,,train,val,True,,0,ANT_AB,val,G00850,kept
ANT_B_0226.jpg,original,,G00851,,train,val,True,,0,ANT_AB,val,G00851,kept
ANT_B_0227.jpg,original,,G00852,,train,train,True,,0,ANT_AB,train,G00852,kept
ANT_B_0228.jpg,original,,G00853,,val,val,True,,0,ANT_AB,val,G00853,kept
ANT_B_0229.jpg,original,,G00854,,train,val,True,,0,ANT_AB,val,G00854,kept
ANT_B_0230.jpg,original,,G00855,,train,train,True,,0,ANT_AB,train,G00855,kept
ANT_B_0231.jpg,original,,G00856,,train,train,True,,0,ANT_AB,train,G00856,kept
ANT_B_0232.jpg,original,,G00857,,train,train,True,,0,ANT_AB,train,G00857,kept
ANT_B_0233.jpg,original,,G00858,,train,train,True,,0,ANT_AB,train,G00858,kept
ANT_B_0234.jpg,original,,G00859,,test,train,True,,0,ANT_AB,train,G00859,kept
ANT_B_0235.jpg,original,,G00860,,train,train,True,,0,ANT_AB,train,G00860,kept
ANT_B_0236.jpg,original,,G00861,,train,train,True,,0,ANT_AB,train,G00861,kept
ANT_B_0237.jpg,original,,G00862,,train,train,True,,0,ANT_AB,train,G00862,kept
ANT_B_0238.jpg,original,,G00863,,test,train,True,,0,ANT_AB,train,G00863,kept
ANT_B_0239.jpg,original,,G00864,,train,train,True,,0,ANT_AB,train,G00864,kept
ANT_B_0240.jpg,original,,G00865,,train,train,True,,0,ANT_AB,train,G00865,kept
ANT_B_0241.jpg,original,,G00866,,train,test,True,,0,ANT_AB,test,G00866,kept
ANT_B_0242.jpg,original,,G00867,,train,train,True,,0,ANT_AB,train,G00867,kept
ANT_B_0243.jpg,original,,G00868,,val,val,True,,0,ANT_AB,val,G00868,kept
ANT_B_0245.jpg,original,,G00869,,train,train,True,,0,ANT_AB,train,G00869,kept
ANT_B_0247.jpg,original,,G00870,,train,train,True,,0,ANT_AB,train,G00870,kept
ANT_B_0248.jpg,original,,G00871,,train,test,True,,0,ANT_AB,test,G00871,kept
ANT_B_0249.jpg,original,,G00872,,val,train,True,,0,ANT_AB,train,G00872,kept
ANT_B_0250.jpg,original,,G00873,,train,test,True,,0,ANT_AB,test,G00873,kept
ANT_B_0251.jpg,original,,G00874,,train,train,True,,0,ANT_AB,train,G00874,kept
ANT_B_0252.jpg,original,,G00875,,train,train,True,,0,ANT_AB,train,G00875,kept
ANT_B_0253.jpg,original,,G00876,,train,test,True,,0,ANT_AB,test,G00876,kept
ANT_B_0254.jpg,original,,G00877,,val,train,True,,0,ANT_AB,train,G00877,kept
ANT_B_0255.jpg,original,,G00878,,train,test,True,,0,ANT_AB,test,G00878,kept
ANT_B_0256.jpg,original,,G00879,,val,train,True,,0,ANT_AB,train,G00879,kept
ANT_B_0257.jpg,original,,G00880,,train,test,True,,0,ANT_AB,test,G00880,kept
ANT_B_0258.jpg,original,,G00881,,test,train,True,,0,ANT_AB,train,G00881,kept
ANT_B_0259.jpg,original,,G00882,,train,train,True,,0,ANT_AB,train,G00882,kept
ANT_B_0260.jpg,original,,G00883,,test,train,True,,0,ANT_AB,train,G00883,kept
ANT_B_0261.jpg,original,,G00884,,train,train,True,,0,ANT_AB,train,G00884,kept
ANT_B_0262.jpg,original,,G00885,,train,train,True,,0,ANT_AB,train,G00885,kept
ANT_B_0263.jpg,original,,G00886,,train,train,True,,0,ANT_AB,train,G00886,kept
ANT_B_0264.jpg,original,,G00887,,val,train,True,,0,ANT_AB,train,G00887,kept
ANT_B_0265.jpg,original,,G00888,,train,train,True,,0,ANT_AB,train,G00888,kept
ANT_B_0266.jpg,original,,G00889,,train,train,True,,1,ANT_CD,train,G00889,kept
ANT_B_0267.jpg,original,,G00890,,val,train,True,,0,ANT_AB,train,G00890,kept
ANT_B_0268.jpg,original,,G00891,,train,val,True,,0,ANT_AB,val,G00891,kept
ANT_B_0269.jpg,original,,G00892,,train,train,True,,0,ANT_AB,train,G00892,kept
ANT_B_0270.jpg,original,,G00893,,train,train,True,,0,ANT_AB,train,G00893,kept
ANT_B_0271.jpg,original,,G00894,,train,train,True,,0,ANT_AB,train,G00894,kept
ANT_B_0273.jpg,original,,G00895,,train,train,True,,1,ANT_CD,train,G00895,kept
ANT_B_0274.jpg,original,,G00896,,test,train,True,,0,ANT_AB,train,G00896,kept
ANT_B_0275.jpg,original,,G00897,,train,val,True,,0,ANT_AB,val,G00897,kept
ANT_B_0276.jpg,original,,G00898,,train,train,True,,0,ANT_AB,train,G00898,kept
ANT_B_0277.jpg,original,,G00899,,train,train,True,,0,ANT_AB,train,G00899,kept
ANT_B_0278.jpg,original,,G00900,,train,train,True,,0,ANT_AB,train,G00900,kept
ANT_B_0279.jpg,original,,G00901,,val,train,True,,0,ANT_AB,train,G00901,kept
ANT_B_0280.jpg,original,,G00902,,val,train,True,,0,ANT_AB,train,G00902,kept
ANT_B_0281.jpg,original,,G00903,,train,train,True,,0,ANT_AB,train,G00903,kept
ANT_B_0282.jpg,original,,G00904,,test,train,True,,0,ANT_AB,train,G00904,kept
ANT_B_0283.jpg,original,,G00905,,train,train,True,,0,ANT_AB,train,G00905,kept
ANT_B_0284.jpg,original,,G00906,,train,train,True,,0,ANT_AB,train,G00906,kept
ANT_B_0285.jpg,original,,G00907,,train,train,True,,0,ANT_AB,train,G00907,kept
ANT_B_0286.jpg,original,,G00908,,train,test,True,,0,ANT_AB,test,G00908,kept
ANT_B_0287.jpg,original,,G00909,,train,train,True,,0,ANT_AB,train,G00909,kept
ANT_B_0288.jpg,original,,G00910,,val,train,True,,0,ANT_AB,train,G00910,kept
ANT_B_0290.jpg,original,,G00911,,val,val,True,,0,ANT_AB,val,G00911,kept
ANT_B_0291.jpg,original,,G00912,,train,test,True,,0,ANT_AB,test,G00912,kept
ANT_B_0292.jpg,original,,G00913,,train,test,True,,0,ANT_AB,test,G00913,kept
ANT_B_0293.jpg,original,,G00914,,train,train,True,,0,ANT_AB,train,G00914,kept
ANT_B_0294.jpg,original,,G00915,,train,train,True,,0,ANT_AB,train,G00915,kept
ANT_B_0295.jpg,original,,G00916,,train,test,True,,0,ANT_AB,test,G00916,kept
ANT_B_0296.jpg,original,,G00917,,train,train,True,,0,ANT_AB,train,G00917,kept
ANT_B_0297.jpg,original,,G00918,,train,train,True,,1,ANT_CD,train,G00918,kept
ANT_B_0298.jpg,original,,G00919,,train,val,True,,0,ANT_AB,val,G00919,kept
ANT_B_0299.jpg,original,,G00920,,train,val,True,,0,ANT_AB,val,G00920,kept
ANT_B_0301.jpg,original,,G00921,,train,train,True,,0,ANT_AB,train,G00921,kept
ANT_B_0303.jpg,original,,G00922,,train,val,True,,0,ANT_AB,val,G00922,kept
ANT_B_0304.jpg,original,,G00923,,train,test,True,,0,ANT_AB,test,G00923,kept
ANT_B_0305.jpg,original,,G00924,,train,train,True,,0,ANT_AB,train,G00924,kept
ANT_B_0306.jpg,original,,G00925,,test,train,True,,0,ANT_AB,train,G00925,kept
ANT_B_0307.jpg,original,,G00926,,test,train,True,,0,ANT_AB,train,G00926,kept
ANT_B_0308.jpg,original,,G00927,,train,test,True,,0,ANT_AB,test,G00927,kept
ANT_B_0310.jpg,original,,G00928,,train,train,True,,0,ANT_AB,train,G00928,kept
ANT_B_0311.jpg,original,,G00929,,train,train,True,,0,ANT_AB,train,G00929,kept
ANT_B_0312.jpg,original,,G00930,,train,test,True,,0,ANT_AB,test,G00930,kept
ANT_B_0313.jpg,original,,G00931,,train,val,True,,0,ANT_AB,val,G00931,kept
ANT_B_0314.jpg,original,,G00932,C082,train,test,True,,0,ANT_AB,test,G00932,kept
ANT_B_0315.jpg,original,,G00933,,val,train,True,,0,ANT_AB,train,G00933,kept
ANT_B_0316.jpg,original,,G00932,C082,train,test,True,,0,ANT_AB,test,G00932,kept
ANT_B_0318.jpg,original,,G00934,,test,train,True,,0,ANT_AB,train,G00934,kept
ANT_B_0319.jpg,original,,G00935,,train,train,True,,0,ANT_AB,train,G00935,kept
ANT_B_0320.jpg,original,,G00936,,train,train,True,,0,ANT_AB,train,G00936,kept
ANT_B_0321.jpg,original,,G00937,,train,val,True,,0,ANT_AB,val,G00937,kept
ANT_B_0323.jpg,original,,G00938,,train,train,True,,0,ANT_AB,train,G00938,kept
ANT_B_0325.jpg,original,,G00939,,train,val,True,,0,ANT_AB,val,G00939,kept
ANT_B_0327.jpg,original,,G00940,,train,train,True,,0,ANT_AB,train,G00940,kept
ANT_B_0328.jpg,original,,G00941,,train,train,True,,0,ANT_AB,train,G00941,kept
ANT_B_0329.jpg,original,,G00942,,train,train,True,,0,ANT_AB,train,G00942,kept
ANT_B_0330.jpg,original,,G00943,,train,train,True,,0,ANT_AB,train,G00943,kept
ANT_B_0332.jpg,original,,G00944,,train,train,True,,0,ANT_AB,train,G00944,kept
ANT_B_0334.jpg,original,,G00945,,val,train,True,,0,ANT_AB,train,G00945,kept
ANT_B_0335.jpg,original,,G00946,,train,train,True,,0,ANT_AB,train,G00946,kept
ANT_B_0336.jpg,original,,G00947,,train,test,True,,0,ANT_AB,test,G00947,kept
ANT_B_0337.jpg,original,,G00948,,train,train,True,,0,ANT_AB,train,G00948,kept
ANT_B_0338.jpg,original,,G00949,,train,train,True,,0,ANT_AB,train,G00949,kept
ANT_B_0339.jpg,original,,G00950,,train,train,True,,0,ANT_AB,train,G00950,kept
ANT_B_0340.jpg,original,,G00951,,test,val,True,,0,ANT_AB,val,G00951,kept
ANT_B_0341.jpg,original,,G00952,,train,train,True,,0,ANT_AB,train,G00952,kept
ANT_B_0342.jpg,original,,G00953,,val,train,True,,0,ANT_AB,train,G00953,kept
ANT_B_0343.jpg,original,,G00954,,train,train,True,,0,ANT_AB,train,G00954,kept
ANT_B_0344.jpg,original,,G00955,,train,train,True,,0,ANT_AB,train,G00955,kept
ANT_B_0345.jpg,original,,G00956,,train,train,True,,0,ANT_AB,train,G00956,kept
ANT_B_0346.jpg,original,,G00957,,train,train,True,,0,ANT_AB,train,G00957,kept
ANT_B_0348.jpg,original,,G00958,,val,train,True,,0,ANT_AB,train,G00958,kept
ANT_B_0350.jpg,original,,G00959,,train,val,True,,0,ANT_AB,val,G00959,kept
ANT_B_0355.jpg,original,,G00960,,train,train,True,,0,ANT_AB,train,G00960,kept
ANT_B_0357.jpg,original,,G00961,,val,train,True,,0,ANT_AB,train,G00961,kept
ANT_B_0358.jpg,original,,G00962,,train,train,True,,0,ANT_AB,train,G00962,kept
ANT_B_0359.jpg,original,,G00963,,train,test,True,,0,ANT_AB,test,G00963,kept
ANT_B_0360.jpg,original,,G00964,,train,train,True,,0,ANT_AB,train,G00964,kept
ANT_B_0361.jpg,original,,G00965,,test,val,True,,0,ANT_AB,val,G00965,kept
ANT_B_0362.jpg,original,,G00966,,train,train,True,,0,ANT_AB,train,G00966,kept
ANT_B_0364.jpg,original,,G00967,,train,train,True,,0,ANT_AB,train,G00967,kept
ANT_B_0365.jpg,original,,G00968,,train,train,True,,0,ANT_AB,train,G00968,kept
ANT_B_0366.jpg,original,,G00969,,val,train,True,,0,ANT_AB,train,G00969,kept
ANT_B_0367.jpg,original,,G00970,,train,val,True,,0,ANT_AB,val,G00970,kept
ANT_B_0368.jpg,original,,G00971,,train,test,True,,0,ANT_AB,test,G00971,kept
ANT_B_0369.jpg,original,,G00972,,train,train,True,,0,ANT_AB,train,G00972,kept
ANT_B_0370.jpg,original,,G00973,,train,test,True,,0,ANT_AB,test,G00973,kept
ANT_B_0371.jpg,original,,G00974,,train,val,True,,0,ANT_AB,val,G00974,kept
ANT_B_0372.jpg,original,,G00975,,train,test,True,,0,ANT_AB,test,G00975,kept
ANT_B_0373.jpg,original,,G00976,,train,train,True,,0,ANT_AB,train,G00976,kept
ANT_B_0374.jpg,original,,G00977,,test,train,True,,0,ANT_AB,train,G00977,kept
ANT_B_0375.jpg,original,,G00978,,test,test,True,,0,ANT_AB,test,G00978,kept
ANT_B_0376.jpg,original,,G00979,,train,test,True,,0,ANT_AB,test,G00979,kept
ANT_B_0377.jpg,original,,G00980,,train,train,True,,0,ANT_AB,train,G00980,kept
ANT_B_0378.jpg,original,,G00981,,train,train,True,,0,ANT_AB,train,G00981,kept
ANT_B_0379.jpg,original,,G00982,,train,train,True,,0,ANT_AB,train,G00982,kept
ANT_B_0380.jpg,original,,G00983,,test,train,True,,0,ANT_AB,train,G00983,kept
ANT_B_0381.jpg,original,,G00984,,train,train,True,,0,ANT_AB,train,G00984,kept
ANT_B_0382.jpg,original,,G00985,,train,train,True,,0,ANT_AB,train,G00985,kept
ANT_B_0383.jpg,original,,G00986,,train,train,True,,0,ANT_AB,train,G00986,kept
ANT_B_0384.jpg,original,,G00987,,train,train,True,,0,ANT_AB,train,G00987,kept
ANT_B_0385.jpg,original,,G00988,,train,train,True,,0,ANT_AB,train,G00988,kept
ANT_B_0386.jpg,original,,G00989,,train,train,True,,0,ANT_AB,train,G00989,kept
ANT_B_0387.jpg,original,,G00990,,test,train,True,,0,ANT_AB,train,G00990,kept
ANT_B_0388.jpg,original,,G00991,,train,train,True,,0,ANT_AB,train,G00991,kept
ANT_B_0389.jpg,original,,G00992,,train,train,True,,0,ANT_AB,train,G00992,kept
ANT_B_0390.jpg,original,,G00993,,train,train,True,,0,ANT_AB,train,G00993,kept
ANT_B_0391.jpg,original,,G00994,,val,train,True,,0,ANT_AB,train,G00994,kept
ANT_B_0392.jpg,original,,G00995,,train,train,True,,0,ANT_AB,train,G00995,kept
ANT_B_0393.jpg,original,,G00996,,train,train,True,,0,ANT_AB,train,G00996,kept
ANT_B_0394.jpg,original,,G00997,,train,train,True,,0,ANT_AB,train,G00997,kept
ANT_B_0395.jpg,original,,G00998,,train,train,True,,0,ANT_AB,train,G00998,kept
ANT_B_0396.jpg,original,,G00999,,val,train,True,,0,ANT_AB,train,G00999,kept
ANT_B_0397.jpg,original,,G01000,,train,train,True,,0,ANT_AB,train,G01000,kept
ANT_B_0398.jpg,original,,G01001,,train,val,True,,0,ANT_AB,val,G01001,kept
ANT_B_0399.jpg,original,,G01002,,train,train,True,,0,ANT_AB,train,G01002,kept
ANT_B_0401.jpg,original,,G01003,,train,train,True,,0,ANT_AB,train,G01003,kept
ANT_B_0402.jpg,original,,G01004,,train,train,True,,0,ANT_AB,train,G01004,kept
ANT_B_0403.jpg,original,,G01005,,train,train,True,,0,ANT_AB,train,G01005,kept
ANT_B_0404.jpg,original,,G01006,,train,test,True,,0,ANT_AB,test,G01006,kept
ANT_B_0405.jpg,original,,G01007,,train,train,True,,0,ANT_AB,train,G01007,kept
ANT_B_0406.jpg,original,,G01008,,train,train,True,,0,ANT_AB,train,G01008,kept
ANT_B_0407.jpg,original,,G01009,,train,train,True,,0,ANT_AB,train,G01009,kept
ANT_B_0408.jpg,original,,G01010,,train,val,True,,0,ANT_AB,val,G01010,kept
ANT_B_0409.jpg,original,,G01011,,train,train,True,,0,ANT_AB,train,G01011,kept
ANT_B_0410.jpg,original,,G01012,,train,train,True,,0,ANT_AB,train,G01012,kept
ANT_B_0411.jpg,original,,G01013,,val,train,True,,0,ANT_AB,train,G01013,kept
ANT_B_0412.jpg,original,,G01014,,train,train,True,,0,ANT_AB,train,G01014,kept
ANT_B_0413.jpg,original,,G01015,,val,train,True,,0,ANT_AB,train,G01015,kept
ANT_B_0415.jpg,original,,G01016,,train,train,True,,0,ANT_AB,train,G01016,kept
ANT_B_0418.jpg,original,,G01017,,train,train,True,,0,ANT_AB,train,G01017,kept
ANT_B_0419.jpg,original,,G01018,,test,train,True,,0,ANT_AB,train,G01018,kept
ANT_B_0420.jpg,original,,G01019,,train,train,True,,0,ANT_AB,train,G01019,kept
ANT_B_0421.jpg,original,,G01020,,train,train,True,,0,ANT_AB,train,G01020,kept
ANT_B_0422.jpg,original,,G01021,,val,train,True,,0,ANT_AB,train,G01021,kept
ANT_B_0423.jpg,original,,G01022,,train,train,True,,0,ANT_AB,train,G01022,kept
ANT_B_0424.jpg,original,,G01023,,train,train,True,,0,ANT_AB,train,G01023,kept
ANT_B_0425.jpg,original,,G01024,,test,train,True,,0,ANT_AB,train,G01024,kept
ANT_B_0428.JPG,original,,G01025,C081,train,val,True,,0,ANT_AB,val,G01025,kept
ANT_B_0429.JPG,original,,G01025,C081,train,val,True,,0,ANT_AB,val,G01025,kept
ANT_B_0430.JPG,original,,G01026,,train,train,True,,0,ANT_AB,train,G01026,kept
ANT_B_0431.jpg,original,,G01027,,val,test,True,,0,ANT_AB,test,G01027,kept
ANT_B_0432.jpg,original,,G01028,,val,train,True,,0,ANT_AB,train,G01028,kept
ANT_B_0433.jpg,original,,G01029,,train,val,True,,0,ANT_AB,val,G01029,kept
ANT_B_0434.jpg,original,,G01030,,train,train,True,,0,ANT_AB,train,G01030,kept
ANT_B_0435.jpg,original,,G01031,,val,train,True,,0,ANT_AB,train,G01031,kept
ANT_B_0436.jpg,original,,G01032,,train,train,True,,0,ANT_AB,train,G01032,kept
ANT_B_0437.jpg,original,,G01033,,val,test,True,,0,ANT_AB,test,G01033,kept
ANT_B_0438.jpg,original,,G01034,,train,train,True,,0,ANT_AB,train,G01034,kept
ANT_B_0439.jpg,original,,G01035,,train,val,True,,0,ANT_AB,val,G01035,kept
ANT_B_0440.jpg,original,,G01036,,train,train,True,,0,ANT_AB,train,G01036,kept
ANT_B_0441.jpg,original,,G01037,,train,train,True,,0,ANT_AB,train,G01037,kept
ANT_B_0442.jpg,original,,G01038,,train,train,True,,0,ANT_AB,train,G01038,kept
ANT_B_0443.jpg,original,,G01039,,train,train,True,,0,ANT_AB,train,G01039,kept
ANT_B_0444.jpg,original,,G01040,,train,train,True,,0,ANT_AB,train,G01040,kept
ANT_B_0445.jpg,original,,G01041,,train,train,True,,0,ANT_AB,train,G01041,kept
ANT_B_0446.jpg,original,,G01042,,train,train,True,,0,ANT_AB,train,G01042,kept
ANT_B_0447.jpg,original,,G01043,,train,train,True,,0,ANT_AB,train,G01043,kept
ANT_B_0448.jpg,original,,G01044,,train,train,True,,0,ANT_AB,train,G01044,kept
ANT_B_0449.jpg,original,,G01045,,train,val,True,,0,ANT_AB,val,G01045,kept
ANT_B_0450.jpg,original,,G01046,,train,train,True,,0,ANT_AB,train,G01046,kept
ANT_B_0451.jpg,original,,G01047,,train,train,True,,0,ANT_AB,train,G01047,kept
ANT_B_0452.jpg,original,,G01048,,train,train,True,,0,ANT_AB,train,G01048,kept
ANT_B_0453.jpg,original,,G01049,,train,train,True,,0,ANT_AB,train,G01049,kept
ANT_B_0454.jpg,original,,G01050,,train,train,True,,0,ANT_AB,train,G01050,kept
ANT_B_0455.jpg,original,,G01051,,train,train,True,,0,ANT_AB,train,G01051,kept
ANT_B_0456.jpg,original,,G01052,,train,train,True,,1,ANT_CD,train,G01052,kept
ANT_B_0457.jpg,original,,G01053,,train,val,True,,0,ANT_AB,val,G01053,kept
ANT_B_0458.jpg,original,,G01054,,train,train,True,,0,ANT_AB,train,G01054,kept
ANT_B_0459.jpg,original,,G01055,,train,train,True,,0,ANT_AB,train,G01055,kept
ANT_B_0460.jpg,original,,G01056,,train,val,True,,0,ANT_AB,val,G01056,kept
ANT_B_0461.jpg,original,,G01057,,train,train,True,,0,ANT_AB,train,G01057,kept
ANT_B_0462.jpg,original,,G01058,,train,train,True,,0,ANT_AB,train,G01058,kept
ANT_B_0463.jpg,original,,G01059,,val,val,True,,0,ANT_AB,val,G01059,kept
ANT_B_0464.jpg,original,,G01060,,train,train,True,,0,ANT_AB,train,G01060,kept
ANT_B_0465.jpg,original,,G01061,,train,test,True,,0,ANT_AB,test,G01061,kept
ANT_B_0466.jpg,original,,G01062,,train,val,True,,0,ANT_AB,val,G01062,kept
ANT_B_0467.jpg,original,,G01063,,train,train,True,,0,ANT_AB,train,G01063,kept
ANT_B_0468.jpg,original,,G01064,,test,train,True,,0,ANT_AB,train,G01064,kept
ANT_B_0469.jpg,original,,G01065,,train,train,True,,0,ANT_AB,train,G01065,kept
ANT_B_0470.jpg,original,,G01066,,test,val,True,,0,ANT_AB,val,G01066,kept
ANT_B_0471.jpg,original,,G01067,,test,test,True,,0,ANT_AB,test,G01067,kept
ANT_B_0472.jpg,original,,G01068,,train,val,True,,0,ANT_AB,val,G01068,kept
ANT_B_0473.jpg,original,,G01069,,train,train,True,,0,ANT_AB,train,G01069,kept
ANT_B_0474.jpg,original,,G01070,,train,train,True,,0,ANT_AB,train,G01070,kept
ANT_B_0475.jpg,original,,G01071,,val,train,True,,0,ANT_AB,train,G01071,kept
ANT_B_0476.jpg,original,,G01072,,train,test,True,,0,ANT_AB,test,G01072,kept
ANT_B_0477.jpg,original,,G01073,,train,train,True,,0,ANT_AB,train,G01073,kept
ANT_B_0478.jpg,original,,G01074,,val,val,True,,0,ANT_AB,val,G01074,kept
ANT_B_0479.jpg,original,,G01075,C080,val,val,True,,0,ANT_AB,val,G01075,kept
ANT_B_0480.jpg,original,,G01075,C080,train,val,True,,0,ANT_AB,val,G01075,kept
ANT_B_0481.jpg,original,,G01076,,train,train,True,,0,ANT_AB,train,G01076,kept
ANT_B_0482.jpg,original,,G01077,,train,train,True,,0,ANT_AB,train,G01077,kept
ANT_B_0483.jpg,original,,G01078,,train,train,True,,0,ANT_AB,train,G01078,kept
ANT_B_0484.jpg,original,,G01079,,train,val,True,,0,ANT_AB,val,G01079,kept
ANT_B_0485.jpg,original,,G01080,,train,train,True,,0,ANT_AB,train,G01080,kept
ANT_B_0486.jpg,original,,G01081,,train,train,True,,0,ANT_AB,train,G01081,kept
ANT_B_0487.jpg,original,,G01082,,train,train,True,,0,ANT_AB,train,G01082,kept
ANT_B_0488.jpg,original,,G01083,,test,train,True,,0,ANT_AB,train,G01083,kept
ANT_B_0489.jpg,original,,G01084,,train,train,True,,0,ANT_AB,train,G01084,kept
ANT_B_0490.jpg,original,,G01085,,train,val,True,,0,ANT_AB,val,G01085,kept
ANT_B_0491.jpg,original,,G01086,,train,train,True,,0,ANT_AB,train,G01086,kept
ANT_B_0492.jpg,original,,G01087,,train,train,True,,0,ANT_AB,train,G01087,kept
ANT_B_0493.jpg,original,,G01088,,train,train,True,,0,ANT_AB,train,G01088,kept
ANT_B_0494.jpg,original,,G01089,,train,train,True,,0,ANT_AB,train,G01089,kept
ANT_B_0495.jpg,original,,G01090,,train,train,True,,0,ANT_AB,train,G01090,kept
ANT_B_0496.jpg,original,,G01091,,train,val,True,,0,ANT_AB,val,G01091,kept
ANT_B_0497.jpg,original,,G01092,,train,train,True,,0,ANT_AB,train,G01092,kept
ANT_B_0498.jpg,original,,G01093,,train,train,True,,0,ANT_AB,train,G01093,kept
ANT_B_0499.jpg,original,,G01094,,train,train,True,,0,ANT_AB,train,G01094,kept
ANT_B_0500.jpg,original,,G01095,,train,train,True,,0,ANT_AB,train,G01095,kept
ANT_B_0501.jpg,original,,G01096,,train,train,True,,0,ANT_AB,train,G01096,kept
ANT_B_0502.jpg,original,,G01097,,train,train,True,,0,ANT_AB,train,G01097,kept
ANT_B_0503.jpg,original,,G01098,,val,train,True,,0,ANT_AB,train,G01098,kept
ANT_B_0504.jpg,original,,G01099,,val,train,True,,0,ANT_AB,train,G01099,kept
ANT_B_0505.jpg,original,,G01100,,train,train,True,,0,ANT_AB,train,G01100,kept
ANT_B_0506.jpg,original,,G01101,,test,val,True,,0,ANT_AB,val,G01101,kept
ANT_B_0507.jpg,original,,G01102,,train,train,True,,0,ANT_AB,train,G01102,kept
ANT_B_0508.jpg,original,,G01103,,train,test,True,,0,ANT_AB,test,G01103,kept
ANT_B_0509.jpg,original,,G01104,,train,val,True,,0,ANT_AB,val,G01104,kept
ANT_B_0510.jpg,original,,G01105,,train,train,True,,0,ANT_AB,train,G01105,kept
ANT_B_0511.jpg,original,,G01106,,train,train,True,,0,ANT_AB,train,G01106,kept
ANT_B_0512.jpg,original,,G01107,,train,val,True,,0,ANT_AB,val,G01107,kept
ANT_B_0513.jpg,original,,G01108,,train,train,True,,0,ANT_AB,train,G01108,kept
ANT_B_0514.jpg,original,,G01109,,train,train,True,,0,ANT_AB,train,G01109,kept
ANT_B_0515.jpg,original,,G01110,,val,test,True,,0,ANT_AB,test,G01110,kept
ANT_B_0516.jpg,original,,G01111,,val,train,True,,0,ANT_AB,train,G01111,kept
ANT_B_0517.jpg,original,,G01112,,train,train,True,,0,ANT_AB,train,G01112,kept
ANT_B_0518.jpg,original,,G01113,,val,train,True,,0,ANT_AB,train,G01113,kept
ANT_B_0519.jpg,original,,G01114,,train,val,True,,0,ANT_AB,val,G01114,kept
ANT_B_0520.jpg,original,,G01115,,train,train,True,,0,ANT_AB,train,G01115,kept
ANT_B_0521.jpg,original,,G01116,,train,train,True,,0,ANT_AB,train,G01116,kept
ANT_B_0522.jpg,original,,G01117,,train,train,True,,0,ANT_AB,train,G01117,kept
ANT_B_0523.jpg,original,,G01118,,train,train,True,,0,ANT_AB,train,G01118,kept
ANT_B_0524.jpg,original,,G01119,,train,train,True,,0,ANT_AB,train,G01119,kept
ANT_B_0525.jpg,original,,G01120,,val,test,True,,0,ANT_AB,test,G01120,kept
ANT_B_0526.jpg,original,,G01121,,train,train,True,,0,ANT_AB,train,G01121,kept
ANT_B_0527.jpg,original,,G01122,,train,train,True,,0,ANT_AB,train,G01122,kept
ANT_B_0528.jpg,original,,G01123,,test,train,True,,0,ANT_AB,train,G01123,kept
ANT_B_0529.jpg,original,,G01124,,train,test,True,,0,ANT_AB,test,G01124,kept
ANT_B_0530.jpg,original,,G01125,,train,train,True,,0,ANT_AB,train,G01125,kept
ANT_B_0531.jpg,original,,G01126,,val,train,True,,0,ANT_AB,train,G01126,kept
ANT_B_0532.jpg,original,,G01127,,train,train,True,,0,ANT_AB,train,G01127,kept
ANT_B_0533.jpg,original,,G01128,,train,train,True,,0,ANT_AB,train,G01128,kept
ANT_B_0534.jpg,original,,G01129,,val,train,True,,0,ANT_AB,train,G01129,kept
ANT_B_0535.jpg,original,,G01130,,train,train,True,,0,ANT_AB,train,G01130,kept
ANT_B_0536.jpg,original,,G01131,,train,val,True,,0,ANT_AB,val,G01131,kept
ANT_B_0537.jpg,original,,G01132,,val,train,True,,0,ANT_AB,train,G01132,kept
ANT_B_0538.jpg,original,,G01133,,train,train,True,,0,ANT_AB,train,G01133,kept
ANT_B_0539.jpg,original,,G01134,,train,train,True,,0,ANT_AB,train,G01134,kept
ANT_B_0540.jpg,original,,G01135,,train,test,True,,0,ANT_AB,test,G01135,kept
ANT_B_0541.jpg,original,,G01136,,train,train,True,,0,ANT_AB,train,G01136,kept
ANT_B_0542.jpg,original,,G01137,,train,train,True,,0,ANT_AB,train,G01137,kept
ANT_B_0543.jpg,original,,G01138,,train,train,True,,0,ANT_AB,train,G01138,kept
ANT_B_0544.jpg,original,,G01139,,train,test,True,,0,ANT_AB,test,G01139,kept
ANT_B_0545.jpg,original,,G01140,,test,train,True,,0,ANT_AB,train,G01140,kept
ANT_B_0546.jpg,original,,G01141,,train,train,True,,0,ANT_AB,train,G01141,kept
ANT_B_0547.jpg,original,,G01142,,train,train,True,,0,ANT_AB,train,G01142,kept
ANT_B_0548.jpg,original,,G01143,,test,train,True,,0,ANT_AB,train,G01143,kept
ANT_B_0549.jpg,original,,G01144,,train,train,True,,0,ANT_AB,train,G01144,kept
ANT_B_0550.jpg,original,,G01145,,val,train,True,,0,ANT_AB,train,G01145,kept
ANT_B_0551.jpg,original,,G01146,,test,train,True,,0,ANT_AB,train,G01146,kept
ANT_B_0552.jpg,original,,G01147,,val,train,True,,0,ANT_AB,train,G01147,kept
ANT_B_0553.jpg,original,,G01148,,val,val,True,,0,ANT_AB,val,G01148,kept
ANT_B_0555.jpg,original,,G01149,,train,test,True,,0,ANT_AB,test,G01149,kept
ANT_B_0556.jpg,original,,G01150,,val,train,True,,0,ANT_AB,train,G01150,kept
ANT_B_0557.jpg,original,,G01151,,train,train,True,,0,ANT_AB,train,G01151,kept
ANT_B_0558.jpg,original,,G01152,,train,train,True,,0,ANT_AB,train,G01152,kept
ANT_B_0559.jpg,original,,G01153,,val,train,True,,0,ANT_AB,train,G01153,kept
ANT_B_0561.jpg,original,,G01154,,train,train,True,,0,ANT_AB,train,G01154,kept
ANT_B_0562.jpg,original,,G01155,,train,val,True,,0,ANT_AB,val,G01155,kept
ANT_B_0563.jpg,original,,G01156,,val,train,True,,0,ANT_AB,train,G01156,kept
ANT_B_0564.jpg,original,,G01157,,train,train,True,,0,ANT_AB,train,G01157,kept
ANT_B_0566.jpg,original,,G01158,,train,test,True,,0,ANT_AB,test,G01158,kept
ANT_B_0567.jpg,original,,G01159,,train,test,True,,0,ANT_AB,test,G01159,kept
ANT_B_0568.jpg,original,,G01160,,train,test,True,,0,ANT_AB,test,G01160,kept
ANT_B_0569.jpg,original,,G01161,,train,train,True,,0,ANT_AB,train,G01161,kept
ANT_B_0570.jpg,original,,G01162,,train,train,True,,0,ANT_AB,train,G01162,kept
ANT_B_0571.jpg,original,,G01163,,train,test,True,,0,ANT_AB,test,G01163,kept
ANT_B_0572.jpg,original,,G01164,,test,train,True,,0,ANT_AB,train,G01164,kept
ANT_B_0573.jpg,original,,G01165,,val,train,True,,0,ANT_AB,train,G01165,kept
ANT_B_0574.jpg,original,,G01166,,train,train,True,,0,ANT_AB,train,G01166,kept
ANT_B_0575.jpg,original,,G01167,,test,test,True,,0,ANT_AB,test,G01167,kept
ANT_B_0576.jpg,original,,G01168,,test,train,True,,0,ANT_AB,train,G01168,kept
ANT_B_0577.jpg,original,,G01169,,val,train,True,,0,ANT_AB,train,G01169,kept
ANT_B_0578.jpg,original,,G01170,,train,test,True,,0,ANT_AB,test,G01170,kept
ANT_B_0579.jpg,original,,G01171,,val,train,True,,0,ANT_AB,train,G01171,kept
ANT_B_0580.jpg,original,,G01172,,test,test,True,,0,ANT_AB,test,G01172,kept
ANT_B_0581.jpg,original,,G01173,,train,train,True,,0,ANT_AB,train,G01173,kept
ANT_B_0582.jpg,original,,G01174,,train,val,True,,0,ANT_AB,val,G01174,kept
ANT_B_0583.jpg,original,,G01175,,train,train,True,,0,ANT_AB,train,G01175,kept
ANT_B_0584.jpg,original,,G01176,,train,train,True,,0,ANT_AB,train,G01176,kept
ANT_B_0585.jpg,original,,G01177,,train,train,True,,0,ANT_AB,train,G01177,kept
ANT_B_0586.jpg,original,,G01178,,test,train,True,,0,ANT_AB,train,G01178,kept
ANT_B_0587.jpg,original,,G01179,,train,train,True,,0,ANT_AB,train,G01179,kept
ANT_B_0588.jpg,original,,G01180,,train,train,True,,0,ANT_AB,train,G01180,kept
ANT_B_0589.jpg,original,,G01181,,train,val,True,,0,ANT_AB,val,G01181,kept
ANT_B_0590.jpg,original,,G01182,,test,train,True,,0,ANT_AB,train,G01182,kept
ANT_B_0591.jpg,original,,G01183,,test,train,True,,0,ANT_AB,train,G01183,kept
ANT_B_0592.jpg,original,,G01184,,train,train,True,,0,ANT_AB,train,G01184,kept
ANT_B_0593.jpg,original,,G01185,,train,train,True,,0,ANT_AB,train,G01185,kept
ANT_B_0594.jpg,original,,G01186,,train,test,True,,0,ANT_AB,test,G01186,kept
ANT_B_0595.jpg,original,,G01187,,train,test,True,,0,ANT_AB,test,G01187,kept
ANT_B_0596.jpg,original,,G01188,,train,test,True,,0,ANT_AB,test,G01188,kept
ANT_B_0597.jpg,original,,G01189,,train,train,True,,0,ANT_AB,train,G01189,kept
ANT_B_0598.jpg,original,,G01190,,train,train,True,,0,ANT_AB,train,G01190,kept
ANT_B_0599.jpg,original,,G01191,,train,train,True,,0,ANT_AB,train,G01191,kept
ANT_B_0600.jpg,original,,G01192,,test,train,True,,0,ANT_AB,train,G01192,kept
ANT_B_0601.jpg,original,,G01193,,val,val,True,,0,ANT_AB,val,G01193,kept
ANT_B_0602.jpg,original,,G01194,,train,train,True,,0,ANT_AB,train,G01194,kept
ANT_B_0603.jpg,original,,G01195,,val,train,True,,0,ANT_AB,train,G01195,kept
ANT_B_0604.jpg,original,,G01196,,test,train,True,,0,ANT_AB,train,G01196,kept
ANT_B_0605.jpg,original,,G01197,,train,test,True,,0,ANT_AB,test,G01197,kept
ANT_B_0606.jpg,original,,G01198,,train,val,True,,0,ANT_AB,val,G01198,kept
ANT_B_0607.jpg,original,,G01199,,train,val,True,,0;1,ANT_AB;ANT_CD,val,G01199,kept
ANT_B_0608.jpg,original,,G01200,,train,train,True,,0,ANT_AB,train,G01200,kept
ANT_B_0609.jpg,original,,G01201,,test,train,True,,0,ANT_AB,train,G01201,kept
ANT_B_0610.jpg,original,,G01202,,train,train,True,,0,ANT_AB,train,G01202,kept
ANT_B_0611.jpg,original,,G01203,,test,train,True,,0,ANT_AB,train,G01203,kept
ANT_B_0612.jpg,original,,G01204,,train,train,True,,0,ANT_AB,train,G01204,kept
ANT_B_0613.jpg,original,,G01205,,val,train,True,,0,ANT_AB,train,G01205,kept
ANT_B_0614.jpg,original,,G01206,,train,train,True,,0,ANT_AB,train,G01206,kept
ANT_B_0615.jpg,original,,G01207,,val,val,True,,0,ANT_AB,val,G01207,kept
ANT_B_0616.jpg,original,,G01208,,test,train,True,,0,ANT_AB,train,G01208,kept
ANT_B_0617.jpg,original,,G01209,,train,train,True,,0,ANT_AB,train,G01209,kept
ANT_B_0618.jpg,original,,G01210,,train,val,True,,0,ANT_AB,val,G01210,kept
ANT_B_0619.jpg,original,,G01211,,train,train,True,,0,ANT_AB,train,G01211,kept
ANT_B_0620.jpg,original,,G01212,,train,train,True,,0,ANT_AB,train,G01212,kept
ANT_B_0621.jpg,original,,G01213,,train,train,True,,0,ANT_AB,train,G01213,kept
ANT_B_0622.jpg,original,,G01214,,train,train,True,,0,ANT_AB,train,G01214,kept
ANT_B_0623.jpg,original,,G01215,,test,train,True,,0,ANT_AB,train,G01215,kept
ANT_B_0624.jpg,original,,G01216,,val,val,True,,0,ANT_AB,val,G01216,kept
ANT_B_0625.jpg,original,,G01217,,train,train,True,,0,ANT_AB,train,G01217,kept
ANT_B_0628.jpg,original,,G01218,,train,train,True,,0,ANT_AB,train,G01218,kept
ANT_B_0629.jpg,original,,G01219,,train,val,True,,0,ANT_AB,val,G01219,kept
ANT_B_0630.jpg,original,,G01220,,train,train,True,,0,ANT_AB,train,G01220,kept
ANT_B_0631.jpg,original,,G01221,,train,train,True,,0,ANT_AB,train,G01221,kept
ANT_B_0632.jpg,original,,G01222,,train,train,True,,0,ANT_AB,train,G01222,kept
ANT_B_0633.jpg,original,,G01223,,train,val,True,,0,ANT_AB,val,G01223,kept
ANT_B_0634.jpg,original,,G01224,,test,train,True,,0,ANT_AB,train,G01224,kept
ANT_B_0635.jpg,original,,G01225,,train,train,True,,0,ANT_AB,train,G01225,kept
ANT_B_0636.jpg,original,,G01226,,train,val,True,,0,ANT_AB,val,G01226,kept
ANT_B_0637.jpg,original,,G01227,,train,val,True,,0,ANT_AB,val,G01227,kept
ANT_B_0638.jpg,original,,G01228,,train,train,True,,0,ANT_AB,train,G01228,kept
ANT_B_0639.jpg,original,,G01229,,train,train,True,,0,ANT_AB,train,G01229,kept
ANT_B_0640.jpg,original,,G01230,,val,train,True,,0,ANT_AB,train,G01230,kept
ANT_B_0641.jpg,original,,G01231,,train,train,True,,0,ANT_AB,train,G01231,kept
ANT_B_0642.jpg,original,,G01232,,train,test,True,,0,ANT_AB,test,G01232,kept
ANT_B_0643.jpg,original,,G01233,,train,test,True,,0,ANT_AB,test,G01233,kept
ANT_B_0644.jpg,original,,G01234,,val,train,True,,0,ANT_AB,train,G01234,kept
ANT_B_0647.jpg,original,,G01235,,test,train,True,,0,ANT_AB,train,G01235,kept
ANT_B_0648.jpg,original,,G01236,,val,test,True,,0,ANT_AB,test,G01236,kept
ANT_B_0649.jpg,original,,G01237,,train,train,True,,0,ANT_AB,train,G01237,kept
ANT_B_0650.jpg,original,,G01238,,train,val,True,,0,ANT_AB,val,G01238,kept
ANT_B_0651.jpg,original,,G01239,,train,train,True,,0,ANT_AB,train,G01239,kept
ANT_B_0652.jpg,original,,G01240,,train,train,True,,0,ANT_AB,train,G01240,kept
ANT_B_0653.jpg,original,,G01241,,train,train,True,,0,ANT_AB,train,G01241,kept
ANT_B_0654.jpg,original,,G01242,,train,train,True,,0,ANT_AB,train,G01242,kept
ANT_B_0655.jpg,original,,G01243,,train,val,True,,0,ANT_AB,val,G01243,kept
ANT_B_0656.jpg,original,,G01244,,train,test,True,,0,ANT_AB,test,G01244,kept
ANT_B_0657.jpg,original,,G01245,,train,test,True,,0,ANT_AB,test,G01245,kept
ANT_B_0658.jpg,original,,G01246,,train,train,True,,0,ANT_AB,train,G01246,kept
ANT_B_0659.jpg,original,,G01247,,train,train,True,,0,ANT_AB,train,G01247,kept
ANT_B_0661.jpg,original,,G01248,,train,val,True,,0,ANT_AB,val,G01248,kept
ANT_B_0662.jpg,original,,G01249,,train,train,True,,0,ANT_AB,train,G01249,kept
ANT_B_0663.jpg,original,,G01250,,train,train,True,,0,ANT_AB,train,G01250,kept
ANT_B_0664.jpg,original,,G01251,,train,test,True,,0,ANT_AB,test,G01251,kept
ANT_B_0665.jpg,original,,G01252,,train,train,True,,0,ANT_AB,train,G01252,kept
ANT_B_0666.jpg,original,,G01253,,train,test,True,,0,ANT_AB,test,G01253,kept
ANT_B_0667.jpg,original,,G01254,,val,train,True,,0,ANT_AB,train,G01254,kept
ANT_B_0668.jpg,original,,G01255,,train,test,True,,0,ANT_AB,test,G01255,kept
ANT_B_0669.jpg,original,,G01256,,train,test,True,,0,ANT_AB,test,G01256,kept
ANT_B_0670.jpg,original,,G01257,,val,train,True,,0,ANT_AB,train,G01257,kept
ANT_B_0671.jpg,original,,G01258,,train,train,True,,0,ANT_AB,train,G01258,kept
ANT_B_0672.jpg,original,,G01259,,train,train,True,,0,ANT_AB,train,G01259,kept
ANT_B_0673.jpg,original,,G01260,,train,train,True,,0,ANT_AB,train,G01260,kept
ANT_B_0674.jpg,original,,G01261,,train,train,True,,0,ANT_AB,train,G01261,kept
ANT_B_0675.jpg,original,,G01262,,train,train,True,,0,ANT_AB,train,G01262,kept
ANT_B_0676.jpg,original,,G01263,,train,test,True,,0,ANT_AB,test,G01263,kept
ANT_B_0677.jpg,original,,G01264,,train,train,True,,0,ANT_AB,train,G01264,kept
ANT_B_0678.jpg,original,,G01265,,train,train,True,,0,ANT_AB,train,G01265,kept
ANT_B_0679.jpg,original,,G01266,,train,val,True,,0,ANT_AB,val,G01266,kept
ANT_B_0680.jpg,original,,G01267,,train,test,True,,0,ANT_AB,test,G01267,kept
ANT_B_0681.jpg,original,,G01268,,train,train,True,,0,ANT_AB,train,G01268,kept
ANT_B_0682.jpg,original,,G01269,,test,test,True,,0,ANT_AB,test,G01269,kept
ANT_B_0683.jpg,original,,G01270,,train,train,True,,0,ANT_AB,train,G01270,kept
ANT_B_0684.jpg,original,,G01271,,train,train,True,,0,ANT_AB,train,G01271,kept
ANT_B_0685.jpg,original,,G01272,,test,test,True,,0,ANT_AB,test,G01272,kept
ANT_B_0686.jpg,original,,G01273,,train,train,True,,0,ANT_AB,train,G01273,kept
ANT_B_0687.jpg,original,,G01274,,train,train,True,,0,ANT_AB,train,G01274,kept
ANT_B_0688.jpg,original,,G01275,,train,train,True,,0,ANT_AB,train,G01275,kept
ANT_B_0689.jpg,original,,G01276,,val,train,True,,0,ANT_AB,train,G01276,kept
ANT_B_0690.jpg,original,,G01277,,train,train,True,,0,ANT_AB,train,G01277,kept
ANT_B_0691.jpg,original,,G01278,,train,val,True,,0,ANT_AB,val,G01278,kept
ANT_B_0692.jpg,original,,G01279,,train,train,True,,0,ANT_AB,train,G01279,kept
ANT_B_0693.jpg,original,,G01280,,train,train,True,,0,ANT_AB,train,G01280,kept
ANT_B_0694.jpg,original,,G01281,,train,val,True,,0,ANT_AB,val,G01281,kept
ANT_B_0695.jpg,original,,G01282,,train,val,True,,0,ANT_AB,val,G01282,kept
ANT_B_0696.jpg,original,,G01283,,val,train,True,,0,ANT_AB,train,G01283,kept
ANT_B_0697.jpg,original,,G01284,,train,train,True,,0,ANT_AB,train,G01284,kept
ANT_B_0698.jpg,original,,G01285,,test,val,True,,0,ANT_AB,val,G01285,kept
ANT_B_0699.jpg,original,,G01286,,train,val,True,,0,ANT_AB,val,G01286,kept
ANT_B_0700.jpg,original,,G01287,,train,val,True,,0,ANT_AB,val,G01287,kept
ANT_B_0701.jpg,original,,G01288,,train,val,True,,0,ANT_AB,val,G01288,kept
ANT_B_0702.jpg,original,,G01289,,test,train,True,,0,ANT_AB,train,G01289,kept
ANT_B_0703.jpg,original,,G01290,,train,test,True,,0,ANT_AB,test,G01290,kept
ANT_B_0704.jpg,original,,G01291,,train,train,True,,1,ANT_CD,train,G01291,kept
ANT_B_0705.jpg,original,,G01292,,val,train,True,,0,ANT_AB,train,G01292,kept
ANT_B_0706.jpg,original,,G01293,,train,test,True,,0,ANT_AB,test,G01293,kept
ANT_B_0707.jpg,original,,G01294,,train,train,True,,0,ANT_AB,train,G01294,kept
ANT_B_0708.jpg,original,,G01295,,train,train,True,,0,ANT_AB,train,G01295,kept
ANT_B_0709.jpg,original,,G01296,,train,train,True,,0,ANT_AB,train,G01296,kept
ANT_B_0710.jpg,original,,G01297,,train,train,True,,0,ANT_AB,train,G01297,kept
ANT_B_0711.jpg,original,,G01298,,train,train,True,,0,ANT_AB,train,G01298,kept
ANT_B_0712.jpg,original,,G01299,,train,train,True,,0,ANT_AB,train,G01299,kept
ANT_B_0713.jpg,original,,G01300,,train,train,True,,0,ANT_AB,train,G01300,kept
ANT_B_0714.jpg,original,,G01301,,train,train,True,,0,ANT_AB,train,G01301,kept
ANT_B_0715.jpg,original,,G01302,,train,test,True,,0,ANT_AB,test,G01302,kept
ANT_B_0716.jpg,original,,G01303,,train,train,True,,0,ANT_AB,train,G01303,kept
ANT_B_0717.jpg,original,,G01304,,train,train,True,,0,ANT_AB,train,G01304,kept
ANT_B_0718.jpg,original,,G01305,,train,train,True,,0,ANT_AB,train,G01305,kept
ANT_B_0719.jpg,original,,G01306,,train,train,True,,0,ANT_AB,train,G01306,kept
ANT_B_0720.jpg,original,,G01307,,val,train,True,,0,ANT_AB,train,G01307,kept
ANT_B_0721.jpg,original,,G01308,,train,train,True,,0,ANT_AB,train,G01308,kept
ANT_B_0722.jpg,original,,G01309,,train,train,True,,0,ANT_AB,train,G01309,kept
ANT_B_0723.jpg,original,,G01310,,train,train,True,,0,ANT_AB,train,G01310,kept
ANT_B_0724.jpg,original,,G01311,,train,train,True,,0,ANT_AB,train,G01311,kept
ANT_B_0725.jpg,original,,G01312,,test,train,True,,0,ANT_AB,train,G01312,kept
ANT_B_0726.jpg,original,,G01313,,train,train,True,,0,ANT_AB,train,G01313,kept
ANT_B_0727.jpg,original,,G01314,,train,test,True,,0,ANT_AB,test,G01314,kept
ANT_B_0728.jpg,original,,G01315,,train,train,True,,0,ANT_AB,train,G01315,kept
ANT_B_0729.jpg,original,,G01316,,train,train,True,,0,ANT_AB,train,G01316,kept
ANT_B_0730.jpg,original,,G01317,,train,train,True,,0,ANT_AB,train,G01317,kept
ANT_B_0731.jpg,original,,G01318,,train,test,True,,0,ANT_AB,test,G01318,kept
ANT_B_0732.jpg,original,,G01319,,train,train,True,,0,ANT_AB,train,G01319,kept
ANT_B_0733.jpg,original,,G01320,,train,train,True,,0,ANT_AB,train,G01320,kept
ANT_B_0734.jpg,original,,G01321,,train,test,True,,0,ANT_AB,test,G01321,kept
ANT_B_0735.jpg,original,,G01322,,train,train,True,,0,ANT_AB,train,G01322,kept
ANT_B_0736.jpg,original,,G01323,,train,train,True,,0,ANT_AB,train,G01323,kept
ANT_B_0737.jpg,original,,G01324,,train,train,True,,0,ANT_AB,train,G01324,kept
ANT_B_0738.jpg,original,,G01325,,test,test,True,,0,ANT_AB,test,G01325,kept
ANT_B_0739.jpg,original,,G01326,,train,train,True,,0,ANT_AB,train,G01326,kept
ANT_B_0743.jpg,original,,G01327,,train,train,True,,0,ANT_AB,train,G01327,kept
ANT_B_0746.jpg,original,,G01328,,train,train,False,near_duplicate_reencoded_copy,0,ANT_AB,train,G01328,excluded_near_duplicate
ANT_C_0001.jpg,original,,G01329,,train,test,True,,1,ANT_CD,test,G01329,kept
ANT_C_0002.jpg,original,,G01330,,train,train,True,,1,ANT_CD,train,G01330,kept
ANT_C_0003.jpg,original,,G01331,,train,train,True,,1,ANT_CD,train,G01331,kept
ANT_C_0004.jpg,original,,G01332,C079,train,train,True,,0;1,ANT_AB;ANT_CD,train,G01332,kept
ANT_C_0005.jpg,original,,G01332,C079,train,train,True,,0;1,ANT_AB;ANT_CD,train,G01332,kept
ANT_C_0006.jpg,original,,G01333,,train,train,True,,1,ANT_CD,train,G01333,kept
ANT_C_0007.jpg,original,,G01334,,train,train,True,,1,ANT_CD,train,G01334,kept
ANT_C_0010.jpg,original,,G01335,,train,train,True,,1,ANT_CD,train,G01335,kept
ANT_C_0012.jpg,original,,G01336,,test,train,True,,1,ANT_CD,train,G01336,kept
ANT_C_0015.jpg,original,,G01337,,train,test,True,,1,ANT_CD,test,G01337,kept
ANT_C_0016.jpg,original,,G01338,,train,train,True,,1,ANT_CD,train,G01338,kept
ANT_C_0017.jpg,original,,G01339,,val,train,True,,1,ANT_CD,train,G01339,kept
ANT_C_0018.jpg,original,,G01340,,train,train,True,,1,ANT_CD,train,G01340,kept
ANT_C_0019.jpg,original,,G01341,,train,train,True,,1,ANT_CD,train,G01341,kept
ANT_C_0020.jpg,original,,G01342,,train,train,True,,1,ANT_CD,train,G01342,kept
ANT_C_0021.jpg,original,,G01343,,train,train,True,,1,ANT_CD,train,G01343,kept
ANT_C_0022.jpg,original,,G01344,,test,train,True,,1,ANT_CD,train,G01344,kept
ANT_C_0023.jpg,original,,G01345,,train,test,True,,1,ANT_CD,test,G01345,kept
ANT_C_0024.jpg,original,,G01346,,train,train,True,,1,ANT_CD,train,G01346,kept
ANT_C_0025.jpg,original,,G01347,,train,train,True,,1,ANT_CD,train,G01347,kept
ANT_C_0026.jpg,original,,G01348,,train,train,True,,1,ANT_CD,train,G01348,kept
ANT_C_0027.jpg,original,,G01349,,train,val,True,,1,ANT_CD,val,G01349,kept
ANT_C_0028.jpg,original,,G01350,,train,train,True,,1,ANT_CD,train,G01350,kept
ANT_C_0029.jpg,original,,G01351,,train,train,True,,1,ANT_CD,train,G01351,kept
ANT_C_0030.jpg,original,,G01352,,train,train,True,,1,ANT_CD,train,G01352,kept
ANT_C_0031.jpg,original,,G01353,,val,train,True,,1,ANT_CD,train,G01353,kept
ANT_C_0033.jpg,original,,G01354,,test,train,True,,1,ANT_CD,train,G01354,kept
ANT_C_0034.jpg,original,,G01355,,test,val,True,,1,ANT_CD,val,G01355,kept
ANT_C_0035.jpg,original,,G01356,,train,test,True,,1,ANT_CD,test,G01356,kept
ANT_C_0036.jpg,original,,G01357,,val,val,True,,1,ANT_CD,val,G01357,kept
ANT_C_0037.jpg,original,,G01358,,train,train,True,,1,ANT_CD,train,G01358,kept
ANT_C_0038.jpg,original,,G01359,,train,train,True,,1,ANT_CD,train,G01359,kept
ANT_C_0039.jpg,original,,G01360,,train,train,True,,1,ANT_CD,train,G01360,kept
ANT_C_0040.jpg,original,,G01361,,train,train,True,,1,ANT_CD,train,G01361,kept
ANT_C_0041.jpg,original,,G01362,,train,train,True,,1,ANT_CD,train,G01362,kept
ANT_C_0042.jpg,original,,G01363,,train,train,True,,1,ANT_CD,train,G01363,kept
ANT_C_0044.jpg,original,,G01364,,test,train,True,,1,ANT_CD,train,G01364,kept
ANT_C_0045.jpg,original,,G01365,,train,train,True,,1,ANT_CD,train,G01365,kept
ANT_C_0047.jpg,original,,G01366,,train,train,True,,1,ANT_CD,train,G01366,kept
ANT_C_0048.jpg,original,,G01367,,train,val,True,,0;1,ANT_AB;ANT_CD,val,G01367,kept
ANT_C_0049.jpg,original,,G01368,,train,val,True,,1,ANT_CD,val,G01368,kept
ANT_C_0050.jpg,original,,G01369,,train,train,True,,1,ANT_CD,train,G01369,kept
ANT_C_0051.jpg,original,,G01370,,train,train,True,,1,ANT_CD,train,G01370,kept
ANT_C_0052.jpg,original,,G01371,,test,train,True,,1,ANT_CD,train,G01371,kept
ANT_C_0053.jpg,original,,G01372,,val,train,True,,1,ANT_CD,train,G01372,kept
ANT_C_0054.jpg,original,,G01373,,train,val,True,,1,ANT_CD,val,G01373,kept
ANT_C_0055.jpg,original,,G01374,,train,train,True,,1,ANT_CD,train,G01374,kept
ANT_C_0056.jpg,original,,G01375,,train,train,True,,1,ANT_CD,train,G01375,kept
ANT_C_0057.jpg,original,,G01376,,test,train,True,,1,ANT_CD,train,G01376,kept
ANT_C_0058.jpg,original,,G01377,,train,train,True,,1,ANT_CD,train,G01377,kept
ANT_C_0059.jpg,original,,G01378,,train,train,True,,1,ANT_CD,train,G01378,kept
ANT_C_0061.jpg,original,,G01379,,train,test,True,,0;1,ANT_AB;ANT_CD,test,G01379,kept
ANT_C_0062.jpg,original,,G01380,,test,val,True,,1,ANT_CD,val,G01380,kept
ANT_C_0063.jpg,original,,G01381,,train,train,True,,1,ANT_CD,train,G01381,kept
ANT_C_0064.jpg,original,,G01382,,train,test,True,,0;1,ANT_AB;ANT_CD,test,G01382,kept
ANT_C_0065.jpg,original,,G01383,,val,train,True,,1,ANT_CD,train,G01383,kept
ANT_C_0066.jpg,original,,G01384,,train,train,True,,1,ANT_CD,train,G01384,kept
ANT_C_0067.jpg,original,,G01385,,train,train,True,,1,ANT_CD,train,G01385,kept
ANT_C_0071.jpg,original,,G01386,,train,train,True,,1,ANT_CD,train,G01386,kept
ANT_C_0072.jpg,original,,G01387,,train,train,True,,1,ANT_CD,train,G01387,kept
ANT_C_0073.jpg,original,,G01388,,val,train,True,,1,ANT_CD,train,G01388,kept
ANT_C_0074.jpg,original,,G01389,,train,train,True,,1,ANT_CD,train,G01389,kept
ANT_C_0075.jpg,original,,G01390,,train,train,True,,1,ANT_CD,train,G01390,kept
ANT_C_0076.jpg,original,,G01391,,train,test,True,,1,ANT_CD,test,G01391,kept
ANT_C_0077.jpg,original,,G01392,,train,train,True,,1,ANT_CD,train,G01392,kept
ANT_C_0078.jpg,original,,G01393,,test,train,True,,1,ANT_CD,train,G01393,kept
ANT_C_0079.jpg,original,,G01394,,train,train,True,,1,ANT_CD,train,G01394,kept
ANT_C_0080.jpg,original,,G01395,,train,test,True,,0;1,ANT_AB;ANT_CD,test,G01395,kept
ANT_C_0081.jpg,original,,G01396,,train,train,True,,1,ANT_CD,train,G01396,kept
ANT_C_0082.jpg,original,,G01397,,val,train,True,,1,ANT_CD,train,G01397,kept
ANT_C_0083.jpg,original,,G01398,,train,train,True,,1,ANT_CD,train,G01398,kept
ANT_C_0084.jpg,original,,G01399,,train,val,True,,0;1,ANT_AB;ANT_CD,val,G01399,kept
ANT_C_0085.jpg,original,,G01400,,train,train,True,,1,ANT_CD,train,G01400,kept
ANT_C_0086.jpg,original,,G01401,,test,train,True,,1,ANT_CD,train,G01401,kept
ANT_C_0087.jpg,original,,G01402,,val,train,True,,1,ANT_CD,train,G01402,kept
ANT_C_0088.jpg,original,,G01403,,train,train,True,,1,ANT_CD,train,G01403,kept
ANT_C_0089.jpg,original,,G01404,,train,test,True,,1,ANT_CD,test,G01404,kept
ANT_C_0090.jpg,original,,G01405,,val,train,True,,1,ANT_CD,train,G01405,kept
ANT_C_0091.jpg,original,,G01406,,train,train,True,,1,ANT_CD,train,G01406,kept
ANT_C_0092.jpg,original,,G01407,,test,train,True,,1,ANT_CD,train,G01407,kept
ANT_C_0093.jpg,original,,G01408,,train,train,True,,1,ANT_CD,train,G01408,kept
ANT_C_0094.jpg,original,,G01409,,train,train,True,,1,ANT_CD,train,G01409,kept
ANT_C_0095.jpg,original,,G01410,,train,train,True,,1,ANT_CD,train,G01410,kept
ANT_C_0096.jpg,original,,G01411,,train,train,True,,1,ANT_CD,train,G01411,kept
ANT_C_0097.jpg,original,,G01412,,train,train,True,,1,ANT_CD,train,G01412,kept
ANT_C_0098.jpg,original,,G01413,,train,train,True,,1,ANT_CD,train,G01413,kept
ANT_C_0099.jpg,original,,G01414,,train,train,True,,0;1,ANT_AB;ANT_CD,train,G01414,kept
ANT_C_0100.jpg,original,,G01415,,train,train,True,,1,ANT_CD,train,G01415,kept
ANT_C_0101.jpg,original,,G01416,C075,train,val,True,,1,ANT_CD,val,G01416,kept
ANT_C_0102.jpg,original,,G01416,C075,test,val,True,,1,ANT_CD,val,G01416,kept
ANT_C_0103.jpg,original,,G01416,C075,train,val,True,,1,ANT_CD,val,G01416,kept
ANT_C_0104.jpg,original,,G01417,,train,val,True,,0;1,ANT_AB;ANT_CD,val,G01417,kept
ANT_C_0105.jpg,original,,G01418,,val,val,True,,1,ANT_CD,val,G01418,kept
ANT_C_0106.jpg,original,,G01419,,train,train,True,,1,ANT_CD,train,G01419,kept
ANT_C_0107.jpg,original,,G01420,,test,train,True,,1,ANT_CD,train,G01420,kept
ANT_C_0108.jpg,original,,G01421,,train,val,True,,0;1,ANT_AB;ANT_CD,val,G01421,kept
ANT_C_0109.jpg,original,,G01422,,train,train,True,,1,ANT_CD,train,G01422,kept
ANT_C_0110.jpg,original,,G01423,,train,train,True,,1,ANT_CD,train,G01423,kept
ANT_C_0111.jpg,original,,G01424,,train,train,True,,1,ANT_CD,train,G01424,kept
ANT_C_0112.jpg,original,,G01425,,train,train,True,,1,ANT_CD,train,G01425,kept
ANT_C_0113.jpg,original,,G01426,,train,train,True,,1,ANT_CD,train,G01426,kept
ANT_C_0114.jpg,original,,G01427,,test,test,True,,1,ANT_CD,test,G01427,kept
ANT_C_0116.jpg,original,,G01428,,train,train,True,,1,ANT_CD,train,G01428,kept
ANT_C_0117.jpg,original,,G01429,C074,train,test,True,,1,ANT_CD,test,G01429,kept
ANT_C_0118.jpg,original,,G01429,C074,train,test,True,,1,ANT_CD,test,G01429,kept
ANT_C_0119.jpg,original,,G01429,C074,test,test,True,,1,ANT_CD,test,G01429,kept
ANT_C_0120.jpg,original,,G01429,C074,train,test,True,,1,ANT_CD,test,G01429,kept
ANT_C_0121.jpg,original,,G01429,C074,val,test,True,,1,ANT_CD,test,G01429,kept
ANT_C_0122.jpg,original,,G01430,,train,train,True,,1,ANT_CD,train,G01430,kept
ANT_C_0123.jpg,original,,G01431,,train,train,True,,1,ANT_CD,train,G01431,kept
ANT_C_0125.jpg,original,,G01432,,train,test,True,,1,ANT_CD,test,G01432,kept
ANT_C_0126.jpg,original,,G01433,C073,train,val,True,,1,ANT_CD,val,G01433,kept
ANT_C_0127.jpg,original,,G01433,C073,train,val,True,,1,ANT_CD,val,G01433,kept
ANT_C_0128.jpg,original,,G01433,C073,val,val,True,,1,ANT_CD,val,G01433,kept
ANT_C_0129.jpg,original,,G01433,C073,train,val,True,,1,ANT_CD,val,G01433,kept
ANT_C_0130.jpg,original,,G01433,C073,train,val,True,,1,ANT_CD,val,G01433,kept
ANT_C_0131.jpg,original,,G01434,,train,train,True,,1,ANT_CD,train,G01434,kept
ANT_C_0132.jpg,original,,G01435,C072,test,test,True,,1,ANT_CD,test,G01435,kept
ANT_C_0133.jpg,original,,G01435,C072,train,test,True,,1,ANT_CD,test,G01435,kept
ANT_C_0134.jpg,original,,G01436,C078,train,test,True,,1,ANT_CD,test,G01436,kept
ANT_C_0135.jpg,original,,G01436,C078,train,test,True,,0;1,ANT_AB;ANT_CD,test,G01436,kept
ANT_C_0136.jpg,original,,G01437,C077,val,test,True,,1,ANT_CD,test,G01437,kept
ANT_C_0137.jpg,original,,G01437,C077,train,test,True,,1,ANT_CD,test,G01437,kept
ANT_C_0138.jpg,original,,G01438,C076,train,test,True,,1,ANT_CD,test,G01438,kept
ANT_C_0139.jpg,original,,G01438,C076,train,test,True,,1,ANT_CD,test,G01438,kept
ANT_C_0140.jpg,original,,G01439,C071,train,train,True,,1,ANT_CD,train,G01439,kept
ANT_C_0141.jpg,original,,G01439,C071,train,train,True,,1,ANT_CD,train,G01439,kept
ANT_C_0142.jpg,original,,G01439,C071,train,train,True,,1,ANT_CD,train,G01439,kept
ANT_C_0143.jpg,original,,G01439,C071,train,train,True,,1,ANT_CD,train,G01439,kept
ANT_C_0144.jpg,original,,G01440,,test,train,True,,1,ANT_CD,train,G01440,kept
ANT_C_0145.jpg,original,,G01441,,train,train,True,,1,ANT_CD,train,G01441,kept
ANT_C_0146.jpg,original,,G01442,,train,train,True,,1,ANT_CD,train,G01442,kept
ANT_C_0147.jpg,original,,G01443,,train,test,True,,0;1,ANT_AB;ANT_CD,test,G01443,kept
ANT_C_0148.jpg,original,,G01444,,train,train,True,,1,ANT_CD,train,G01444,kept
ANT_C_0149.jpg,original,,G01445,C070,test,val,True,,1,ANT_CD,val,G01445,kept
ANT_C_0150.jpg,original,,G01445,C070,train,val,True,,1,ANT_CD,val,G01445,kept
ANT_C_0151.jpg,original,,G01446,,train,train,True,,1,ANT_CD,train,G01446,kept
ANT_C_0152.jpg,original,,G01447,,test,train,True,,1,ANT_CD,train,G01447,kept
ANT_C_0153.jpg,original,,G01448,,test,train,True,,1,ANT_CD,train,G01448,kept
ANT_C_0154.jpg,original,,G01449,,test,test,True,,1,ANT_CD,test,G01449,kept
ANT_C_0155.jpg,original,,G01450,C069,train,val,True,,1,ANT_CD,val,G01450,kept
ANT_C_0156.jpg,original,,G01450,C069,train,val,True,,1,ANT_CD,val,G01450,kept
ANT_C_0157.jpg,original,,G01451,,val,train,True,,1,ANT_CD,train,G01451,kept
ANT_C_0158.jpg,original,,G01452,,train,train,True,,1,ANT_CD,train,G01452,kept
ANT_C_0159.jpg,original,,G01453,,train,train,True,,1,ANT_CD,train,G01453,kept
ANT_C_0160.jpg,original,,G01454,,train,val,True,,1,ANT_CD,val,G01454,kept
ANT_C_0161.jpg,original,,G01455,C068,train,test,True,,1,ANT_CD,test,G01455,kept
ANT_C_0162.jpg,original,,G01455,C068,test,test,True,,1,ANT_CD,test,G01455,kept
ANT_C_0163.jpg,original,,G01456,,val,train,True,,1,ANT_CD,train,G01456,kept
ANT_C_0164.jpg,original,,G01455,C068,train,test,True,,1,ANT_CD,test,G01455,kept
ANT_C_0165.jpg,original,,G01455,C068,train,test,True,,1,ANT_CD,test,G01455,kept
ANT_C_0166.jpg,original,,G01457,C067,test,test,True,,1,ANT_CD,test,G01457,kept
ANT_C_0167.jpg,original,,G01457,C067,train,test,True,,1,ANT_CD,test,G01457,kept
ANT_C_0168.jpg,original,,G01457,C067,test,test,True,,1,ANT_CD,test,G01457,kept
ANT_C_0169.jpg,original,,G01457,C067,train,test,True,,1,ANT_CD,test,G01457,kept
ANT_C_0170.jpg,original,,G01458,,train,train,True,,1,ANT_CD,train,G01458,kept
ANT_C_0171.jpg,original,,G01459,C066,val,test,True,,1,ANT_CD,test,G01459,kept
ANT_C_0172.jpg,original,,G01459,C066,train,test,True,,1,ANT_CD,test,G01459,kept
ANT_C_0173.jpg,original,,G01459,C066,train,test,True,,1,ANT_CD,test,G01459,kept
ANT_C_0174.jpg,original,,G01459,C066,train,test,True,,1,ANT_CD,test,G01459,kept
ANT_C_0175.jpg,original,,G01460,,val,train,True,,1,ANT_CD,train,G01460,kept
ANT_C_0176.jpg,original,,G01461,C001,train,val,True,,0;1,ANT_AB;ANT_CD,val,G01461,kept
ANT_C_0177.jpg,original,,G01461,C001,train,val,True,,1,ANT_CD,val,G01461,kept
ANT_C_0178.jpg,original,,G01461,C001,train,val,True,,1,ANT_CD,val,G01461,kept
ANT_C_0179.jpg,original,,G01462,C002,train,train,True,,1,ANT_CD,train,G01462,kept
ANT_C_0180.jpg,original,,G01462,C002,train,train,True,,1,ANT_CD,train,G01462,kept
ANT_C_0181.jpg,original,,G01463,,train,train,True,,1,ANT_CD,train,G01463,kept
ANT_C_0182.jpg,original,,G01464,,train,train,True,,1,ANT_CD,train,G01464,kept
ANT_C_0183.jpg,original,,G01465,,train,train,True,,1,ANT_CD,train,G01465,kept
ANT_C_0184.jpg,original,,G01466,,train,train,True,,1,ANT_CD,train,G01466,kept
ANT_C_0186.jpg,original,,G01467,,train,val,True,,0;1,ANT_AB;ANT_CD,val,G01467,kept
ANT_C_0187.jpg,original,,G01468,C003,train,val,True,,1,ANT_CD,val,G01468,kept
ANT_C_0188.jpg,original,,G01468,C003,train,val,True,,1,ANT_CD,val,G01468,kept
ANT_C_0189.jpg,original,,G01468,C003,train,val,True,,1,ANT_CD,val,G01468,kept
ANT_C_0190.jpg,original,,G01468,C003,train,val,True,,1,ANT_CD,val,G01468,kept
ANT_C_0191.jpg,original,,G01469,,test,train,True,,1,ANT_CD,train,G01469,kept
ANT_C_0192.jpg,original,,G01470,,train,train,True,,1,ANT_CD,train,G01470,kept
ANT_C_0193.jpg,original,,G01471,,val,train,True,,1,ANT_CD,train,G01471,kept
ANT_C_0194.jpg,original,,G01472,,test,train,True,,1,ANT_CD,train,G01472,kept
ANT_C_0195.jpg,original,,G01473,,train,train,True,,1,ANT_CD,train,G01473,kept
ANT_C_0196.jpg,original,,G01474,,train,train,True,,1,ANT_CD,train,G01474,kept
ANT_C_0197.jpg,original,,G01475,,train,train,True,,1,ANT_CD,train,G01475,kept
ANT_C_0198.jpg,original,,G01476,,train,train,True,,1,ANT_CD,train,G01476,kept
ANT_C_0199.jpg,original,,G01477,,test,train,True,,1,ANT_CD,train,G01477,kept
ANT_C_0200.jpg,original,,G01478,,train,train,True,,1,ANT_CD,train,G01478,kept
ANT_C_0201.jpg,original,,G01479,,val,train,True,,1,ANT_CD,train,G01479,kept
ANT_C_0202.jpg,original,,G01480,,train,train,True,,1,ANT_CD,train,G01480,kept
ANT_C_0203.jpg,original,,G01481,,train,train,True,,1,ANT_CD,train,G01481,kept
ANT_C_0204.jpg,original,,G01482,,train,test,True,,1,ANT_CD,test,G01482,kept
ANT_C_0205.jpg,original,,G01483,,train,test,True,,1,ANT_CD,test,G01483,kept
ANT_C_0206.jpg,original,,G01484,,train,train,True,,1,ANT_CD,train,G01484,kept
ANT_C_0207.jpg,original,,G01485,,val,val,True,,1,ANT_CD,val,G01485,kept
ANT_C_0208.jpg,original,,G01486,,train,train,True,,1,ANT_CD,train,G01486,kept
ANT_C_0209.jpg,original,,G01487,,train,train,True,,1,ANT_CD,train,G01487,kept
ANT_C_0210.jpg,original,,G01488,,val,val,True,,1,ANT_CD,val,G01488,kept
ANT_C_0211.jpg,original,,G01489,,train,train,True,,1,ANT_CD,train,G01489,kept
ANT_C_0212.jpg,original,,G01490,,train,train,True,,1,ANT_CD,train,G01490,kept
ANT_C_0213.jpg,original,,G01491,,train,test,True,,1,ANT_CD,test,G01491,kept
ANT_C_0214.jpg,original,,G01492,,train,train,True,,1,ANT_CD,train,G01492,kept
ANT_C_0215.jpg,original,,G01493,,train,train,True,,1,ANT_CD,train,G01493,kept
ANT_C_0216.jpg,original,,G01494,,train,train,True,,1,ANT_CD,train,G01494,kept
ANT_C_0217.jpg,original,,G01495,,train,train,True,,0;1,ANT_AB;ANT_CD,train,G01495,kept
ANT_C_0218.jpg,original,,G01496,,train,train,True,,1,ANT_CD,train,G01496,kept
ANT_C_0219.jpg,original,,G01497,,train,train,True,,1,ANT_CD,train,G01497,kept
ANT_C_0220.jpg,original,,G01498,,train,train,True,,1,ANT_CD,train,G01498,kept
ANT_C_0221.jpg,original,,G01499,,test,train,True,,1,ANT_CD,train,G01499,kept
ANT_C_0222.jpg,original,,G01500,,test,train,True,,1,ANT_CD,train,G01500,kept
ANT_C_0223.jpg,original,,G01501,,train,train,True,,0;1,ANT_AB;ANT_CD,train,G01501,kept
ANT_C_0224.jpg,original,,G01502,,train,val,True,,1,ANT_CD,val,G01502,kept
ANT_C_0225.jpg,original,,G01503,,train,train,True,,1,ANT_CD,train,G01503,kept
ANT_C_0226.jpg,original,,G01504,,test,train,True,,1,ANT_CD,train,G01504,kept
ANT_C_0227.jpg,original,,G01505,,train,train,True,,1,ANT_CD,train,G01505,kept
ANT_C_0228.jpg,original,,G01506,,train,test,True,,1,ANT_CD,test,G01506,kept
ANT_C_0229.jpg,original,,G01507,,train,test,True,,0;1,ANT_AB;ANT_CD,test,G01507,kept
ANT_C_0230.jpg,original,,G01508,,train,test,True,,1,ANT_CD,test,G01508,kept
ANT_C_0231.jpg,original,,G01509,,train,train,True,,1,ANT_CD,train,G01509,kept
ANT_C_0232.jpg,original,,G01510,,val,test,True,,1,ANT_CD,test,G01510,kept
ANT_C_0233.jpg,original,,G01511,,test,train,True,,1,ANT_CD,train,G01511,kept
ANT_C_0234.jpg,original,,G01512,,train,train,True,,1,ANT_CD,train,G01512,kept
ANT_C_0235.jpg,original,,G01513,,val,train,True,,1,ANT_CD,train,G01513,kept
ANT_C_0236.jpg,original,,G01514,,val,val,True,,1,ANT_CD,val,G01514,kept
ANT_C_0237.jpg,original,,G01515,,train,train,True,,1,ANT_CD,train,G01515,kept
ANT_C_0238.jpg,original,,G01516,,val,train,True,,1,ANT_CD,train,G01516,kept
ANT_C_0239.jpg,original,,G01517,,train,train,True,,1,ANT_CD,train,G01517,kept
ANT_C_0240.jpg,original,,G01518,,train,train,True,,1,ANT_CD,train,G01518,kept
ANT_C_0241.jpg,original,,G01519,,train,train,True,,1,ANT_CD,train,G01519,kept
ANT_C_0242.jpg,original,,G01520,,train,train,True,,1,ANT_CD,train,G01520,kept
ANT_C_0243.jpg,original,,G01521,,train,train,True,,1,ANT_CD,train,G01521,kept
ANT_C_0244.jpg,original,,G01522,,val,train,True,,1,ANT_CD,train,G01522,kept
ANT_C_0245.jpg,original,,G01523,,train,val,True,,0;1,ANT_AB;ANT_CD,val,G01523,kept
ANT_C_0246.jpg,original,,G01524,,train,train,True,,1,ANT_CD,train,G01524,kept
ANT_C_0247.jpg,original,,G01525,,val,train,True,,1,ANT_CD,train,G01525,kept
ANT_C_0248.jpg,original,,G01526,,train,train,True,,1,ANT_CD,train,G01526,kept
ANT_C_0249.jpg,original,,G01527,,train,val,True,,1,ANT_CD,val,G01527,kept
ANT_C_0250.jpg,original,,G01528,,train,train,True,,1,ANT_CD,train,G01528,kept
ANT_C_0251.jpg,original,,G01529,,test,train,True,,1,ANT_CD,train,G01529,kept
ANT_C_0252.jpg,original,,G01530,,train,train,True,,1,ANT_CD,train,G01530,kept
ANT_C_0253.jpg,original,,G01531,,train,train,True,,1,ANT_CD,train,G01531,kept
ANT_C_0254.jpg,original,,G01532,,train,train,True,,1,ANT_CD,train,G01532,kept
ANT_C_0255.jpg,original,,G01533,,train,train,True,,1,ANT_CD,train,G01533,kept
ANT_C_0256.jpg,original,,G01534,,train,train,True,,1,ANT_CD,train,G01534,kept
ANT_C_0257.jpg,original,,G01535,,train,train,True,,1,ANT_CD,train,G01535,kept
ANT_C_0258.jpg,original,,G01536,,train,train,True,,1,ANT_CD,train,G01536,kept
ANT_C_0259.jpg,original,,G01537,,train,train,True,,1,ANT_CD,train,G01537,kept
ANT_C_0260.jpg,original,,G01538,,val,val,True,,1,ANT_CD,val,G01538,kept
ANT_C_0261.jpg,original,,G01539,,val,test,True,,1,ANT_CD,test,G01539,kept
ANT_C_0263.jpg,original,,G01540,,train,train,True,,1,ANT_CD,train,G01540,kept
ANT_C_0264.jpg,original,,G01541,,train,train,True,,1,ANT_CD,train,G01541,kept
ANT_C_0265.jpg,original,,G01542,,train,val,True,,1,ANT_CD,val,G01542,kept
ANT_C_0266.jpg,original,,G01543,,train,val,True,,1,ANT_CD,val,G01543,kept
ANT_C_0267.jpg,original,,G01544,,train,train,True,,1,ANT_CD,train,G01544,kept
ANT_C_0268.jpg,original,,G01545,,train,train,True,,1,ANT_CD,train,G01545,kept
ANT_C_0269.jpg,original,,G01546,,val,train,True,,1,ANT_CD,train,G01546,kept
ANT_C_0272.jpg,original,,G01547,,train,val,True,,1,ANT_CD,val,G01547,kept
ANT_C_0273.jpg,original,,G01548,,train,train,True,,1,ANT_CD,train,G01548,kept
ANT_C_0274.jpg,original,,G01549,,train,train,True,,1,ANT_CD,train,G01549,kept
ANT_C_0275.jpg,original,,G01550,,train,val,True,,1,ANT_CD,val,G01550,kept
ANT_C_0276.jpg,original,,G01551,,test,train,True,,1,ANT_CD,train,G01551,kept
ANT_C_0277.jpg,original,,G01552,,test,train,True,,1,ANT_CD,train,G01552,kept
ANT_C_0278.jpg,original,,G01553,,train,train,True,,1,ANT_CD,train,G01553,kept
ANT_C_0279.jpg,original,,G01554,,test,test,True,,1,ANT_CD,test,G01554,kept
ANT_C_0280.jpg,original,,G01555,,train,train,True,,1,ANT_CD,train,G01555,kept
ANT_C_0281.jpg,original,,G01556,,test,train,True,,1,ANT_CD,train,G01556,kept
ANT_C_0282.jpg,original,,G01557,,train,train,True,,1,ANT_CD,train,G01557,kept
ANT_C_0283.jpg,original,,G01558,,train,train,True,,1,ANT_CD,train,G01558,kept
ANT_C_0284.jpg,original,,G01559,,train,train,True,,1,ANT_CD,train,G01559,kept
ANT_C_0285.jpg,original,,G01560,,train,train,True,,1,ANT_CD,train,G01560,kept
ANT_C_0286.jpg,original,,G01561,,test,train,True,,1,ANT_CD,train,G01561,kept
ANT_C_0287.jpg,original,,G01562,,train,train,True,,1,ANT_CD,train,G01562,kept
ANT_C_0288.jpg,original,,G01563,,val,test,True,,1,ANT_CD,test,G01563,kept
ANT_C_0289.jpg,original,,G01564,,train,train,True,,1,ANT_CD,train,G01564,kept
ANT_C_0290.jpg,original,,G01565,,train,test,True,,1,ANT_CD,test,G01565,kept
ANT_C_0291.jpg,original,,G01566,,train,train,True,,1,ANT_CD,train,G01566,kept
ANT_C_0292.jpg,original,,G01567,,train,train,True,,1,ANT_CD,train,G01567,kept
ANT_C_0293.jpg,original,,G01568,,train,val,True,,1,ANT_CD,val,G01568,kept
ANT_C_0294.jpg,original,,G01569,,train,train,True,,1,ANT_CD,train,G01569,kept
ANT_C_0295.jpg,original,,G01570,,val,train,True,,1,ANT_CD,train,G01570,kept
ANT_C_0296.jpg,original,,G01571,,val,train,True,,1,ANT_CD,train,G01571,kept
ANT_C_0297.jpg,original,,G01572,,train,train,True,,1,ANT_CD,train,G01572,kept
ANT_C_0298.jpg,original,,G01573,,test,train,True,,1,ANT_CD,train,G01573,kept
ANT_C_0299.jpg,original,,G01574,,val,train,True,,1,ANT_CD,train,G01574,kept
ANT_C_0300.jpg,original,,G01575,,train,test,True,,1,ANT_CD,test,G01575,kept
ANT_C_0301.jpg,original,,G01576,,test,train,True,,1,ANT_CD,train,G01576,kept
ANT_C_0302.jpg,original,,G01577,,train,train,True,,1,ANT_CD,train,G01577,kept
ANT_C_0303.jpg,original,,G01578,,val,train,True,,1,ANT_CD,train,G01578,kept
ANT_C_0304.jpg,original,,G01579,,train,train,True,,1,ANT_CD,train,G01579,kept
ANT_C_0305.jpg,original,,G01580,,train,test,True,,0;1,ANT_AB;ANT_CD,test,G01580,kept
ANT_C_0306.jpg,original,,G01581,,train,train,True,,1,ANT_CD,train,G01581,kept
ANT_C_0307.jpg,original,,G01582,,train,train,True,,1,ANT_CD,train,G01582,kept
ANT_C_0308.jpg,original,,G01583,,val,train,True,,1,ANT_CD,train,G01583,kept
ANT_C_0311.jpg,original,,G01584,,train,train,True,,1,ANT_CD,train,G01584,kept
ANT_C_0312.jpg,original,,G01585,,train,train,True,,1,ANT_CD,train,G01585,kept
ANT_C_0313.jpg,original,,G01586,,train,train,True,,1,ANT_CD,train,G01586,kept
ANT_C_0314.jpg,original,,G01587,,train,train,True,,1,ANT_CD,train,G01587,kept
ANT_C_0315.jpg,original,,G01588,,test,train,True,,1,ANT_CD,train,G01588,kept
ANT_C_0316.jpg,original,,G01589,,train,val,True,,1,ANT_CD,val,G01589,kept
ANT_C_0317.jpg,original,,G01590,,train,train,True,,1,ANT_CD,train,G01590,kept
ANT_C_0318.jpg,original,,G01591,,train,train,True,,1,ANT_CD,train,G01591,kept
ANT_C_0319.jpg,original,,G01592,,train,train,True,,1,ANT_CD,train,G01592,kept
ANT_C_0320.jpg,original,,G01593,,train,train,True,,1,ANT_CD,train,G01593,kept
ANT_C_0321.jpg,original,,G01594,,train,train,True,,1,ANT_CD,train,G01594,kept
ANT_C_0322.jpg,original,,G01595,,train,train,True,,1,ANT_CD,train,G01595,kept
ANT_C_0323.jpg,original,,G01596,,train,val,True,,1,ANT_CD,val,G01596,kept
ANT_C_0324.jpg,original,,G01597,,train,train,True,,1,ANT_CD,train,G01597,kept
ANT_C_0327.jpg,original,,G01598,,train,train,True,,1,ANT_CD,train,G01598,kept
ANT_C_0328.jpg,original,,G01599,,train,train,True,,1,ANT_CD,train,G01599,kept
ANT_C_0330.jpg,original,,G01600,,train,val,True,,1,ANT_CD,val,G01600,kept
ANT_C_0331.jpg,original,,G01601,,val,train,True,,1,ANT_CD,train,G01601,kept
ANT_C_0332.jpg,original,,G01602,,train,test,True,,1,ANT_CD,test,G01602,kept
ANT_C_0333.jpg,original,,G01603,,train,train,True,,1,ANT_CD,train,G01603,kept
ANT_C_0334.jpg,original,,G01604,,val,train,True,,1,ANT_CD,train,G01604,kept
ANT_C_0335.jpg,original,,G01605,,train,train,True,,1,ANT_CD,train,G01605,kept
ANT_C_0336.jpg,original,,G01606,,val,val,True,,1,ANT_CD,val,G01606,kept
ANT_C_0337.jpg,original,,G01607,,train,train,True,,1,ANT_CD,train,G01607,kept
ANT_C_0338.jpg,original,,G01608,,train,train,True,,1,ANT_CD,train,G01608,kept
ANT_C_0339.jpg,original,,G01609,,train,val,True,,1,ANT_CD,val,G01609,kept
ANT_C_0340.jpg,original,,G01610,,train,train,True,,1,ANT_CD,train,G01610,kept
ANT_C_0341.jpg,original,,G01611,,val,test,True,,1,ANT_CD,test,G01611,kept
ANT_C_0342.jpg,original,,G01612,,train,train,True,,1,ANT_CD,train,G01612,kept
ANT_C_0343.jpg,original,,G01613,,train,train,True,,1,ANT_CD,train,G01613,kept
ANT_C_0344.jpg,original,,G01614,,test,train,True,,1,ANT_CD,train,G01614,kept
ANT_C_0345.jpg,original,,G01615,,val,train,True,,1,ANT_CD,train,G01615,kept
ANT_C_0346.jpg,original,,G01616,,train,train,True,,1,ANT_CD,train,G01616,kept
ANT_C_0347.jpg,original,,G01617,,val,train,True,,1,ANT_CD,train,G01617,kept
ANT_C_0348.jpg,original,,G01618,,train,test,True,,1,ANT_CD,test,G01618,kept
ANT_C_0349.jpg,original,,G01619,,train,test,True,,1,ANT_CD,test,G01619,kept
ANT_C_0350.jpg,original,,G01620,,train,train,True,,1,ANT_CD,train,G01620,kept
ANT_C_0351.jpg,original,,G01621,,train,train,True,,1,ANT_CD,train,G01621,kept
ANT_C_0352.jpg,original,,G01622,,train,train,True,,0;1,ANT_AB;ANT_CD,train,G01622,kept
ANT_C_0353.jpg,original,,G01623,,train,train,True,,1,ANT_CD,train,G01623,kept
ANT_C_0354.jpg,original,,G01624,,val,train,True,,1,ANT_CD,train,G01624,kept
ANT_C_0355.jpg,original,,G01625,,test,train,True,,1,ANT_CD,train,G01625,kept
ANT_C_0356.jpg,original,,G01626,,train,train,True,,1,ANT_CD,train,G01626,kept
ANT_C_0359.jpg,original,,G01627,,train,train,True,,1,ANT_CD,train,G01627,kept
ANT_C_0360.jpg,original,,G01628,,train,train,True,,1,ANT_CD,train,G01628,kept
ANT_C_0361.jpg,original,,G01629,,train,train,True,,1,ANT_CD,train,G01629,kept
ANT_C_0362.jpg,original,,G01630,,train,train,True,,1,ANT_CD,train,G01630,kept
ANT_C_0363.jpg,original,,G01631,,val,test,True,,1,ANT_CD,test,G01631,kept
ANT_C_0364.jpg,original,,G01632,,train,train,True,,1,ANT_CD,train,G01632,kept
ANT_C_0365.jpg,original,,G01633,,train,train,True,,1,ANT_CD,train,G01633,kept
ANT_C_0366.jpg,original,,G01634,,train,train,True,,1,ANT_CD,train,G01634,kept
ANT_C_0367.jpg,original,,G01635,,train,train,True,,1,ANT_CD,train,G01635,kept
ANT_C_0368.jpg,original,,G01636,,train,train,True,,1,ANT_CD,train,G01636,kept
ANT_C_0369.jpg,original,,G01637,,train,train,True,,1,ANT_CD,train,G01637,kept
ANT_C_0370.jpg,original,,G01638,,train,train,True,,1,ANT_CD,train,G01638,kept
ANT_C_0371.jpg,original,,G01639,,train,train,True,,1,ANT_CD,train,G01639,kept
ANT_C_0372.jpg,original,,G01640,,train,train,True,,1,ANT_CD,train,G01640,kept
ANT_C_0373.jpg,original,,G01641,,val,train,True,,1,ANT_CD,train,G01641,kept
ANT_C_0374.jpg,original,,G01642,,train,train,True,,1,ANT_CD,train,G01642,kept
ANT_C_0375.jpg,original,,G01643,,test,train,True,,1,ANT_CD,train,G01643,kept
ANT_C_0376.jpg,original,,G01644,,train,train,True,,1,ANT_CD,train,G01644,kept
ANT_C_0377.jpg,original,,G01645,,train,train,True,,1,ANT_CD,train,G01645,kept
ANT_C_0378.jpg,original,,G01646,,train,train,True,,0;1,ANT_AB;ANT_CD,train,G01646,kept
ANT_C_0379.jpg,original,,G01647,,train,train,True,,1,ANT_CD,train,G01647,kept
ANT_C_0380.jpg,original,,G01648,,train,train,True,,1,ANT_CD,train,G01648,kept
ANT_C_0381.jpg,original,,G01649,,val,val,True,,1,ANT_CD,val,G01649,kept
ANT_C_0382.jpg,original,,G01650,,train,train,True,,1,ANT_CD,train,G01650,kept
ANT_C_0383.jpg,original,,G01651,,train,train,True,,1,ANT_CD,train,G01651,kept
ANT_C_0384.jpg,original,,G01652,,train,train,True,,1,ANT_CD,train,G01652,kept
ANT_C_0385.jpg,original,,G01653,,train,test,True,,1,ANT_CD,test,G01653,kept
ANT_C_0386.jpg,original,,G01654,,train,train,True,,1,ANT_CD,train,G01654,kept
ANT_C_0387.jpg,original,,G01655,,train,train,True,,0;1,ANT_AB;ANT_CD,train,G01655,kept
ANT_C_0388.jpg,original,,G01656,,train,train,True,,1,ANT_CD,train,G01656,kept
ANT_C_0389.jpg,original,,G01657,,val,train,True,,1,ANT_CD,train,G01657,kept
ANT_C_0390.jpg,original,,G01658,,test,train,True,,1,ANT_CD,train,G01658,kept
ANT_C_0391.jpg,original,,G01659,,train,train,True,,1,ANT_CD,train,G01659,kept
ANT_C_0392.jpg,original,,G01660,,train,train,True,,1,ANT_CD,train,G01660,kept
ANT_C_0393.jpg,original,,G01661,,train,test,True,,0;1,ANT_AB;ANT_CD,test,G01661,kept
ANT_C_0394.jpg,original,,G01662,,train,train,True,,1,ANT_CD,train,G01662,kept
ANT_C_0395.jpg,original,,G01663,,val,val,True,,1,ANT_CD,val,G01663,kept
ANT_C_0396.jpg,original,,G01664,,test,train,True,,1,ANT_CD,train,G01664,kept
ANT_C_0397.jpg,original,,G01665,,train,val,True,,1,ANT_CD,val,G01665,kept
ANT_D_0001.jpg,original,,G01666,,train,test,True,,1,ANT_CD,test,G01666,kept
ANT_D_0002.jpg,original,,G01667,,train,test,True,,0;1,ANT_AB;ANT_CD,test,G01667,kept
ANT_D_0003.jpg,original,,G01668,,train,train,True,,1,ANT_CD,train,G01668,kept
ANT_D_0004.jpg,original,,G01669,,test,train,True,,1,ANT_CD,train,G01669,kept
ANT_D_0005.jpg,original,,G01670,,train,train,True,,1,ANT_CD,train,G01670,kept
ANT_D_0006.jpg,original,,G01671,,train,val,True,,1,ANT_CD,val,G01671,kept
ANT_D_0007.jpg,original,,G01672,,test,train,True,,1,ANT_CD,train,G01672,kept
ANT_D_0008.jpg,original,,G01673,,train,train,True,,1,ANT_CD,train,G01673,kept
ANT_D_0009.jpg,original,,G01674,,val,train,True,,1,ANT_CD,train,G01674,kept
ANT_D_0010.jpg,original,,G01675,,test,train,True,,1,ANT_CD,train,G01675,kept
ANT_D_0012.jpg,original,,G01676,,train,test,True,,1,ANT_CD,test,G01676,kept
ANT_D_0013.jpg,original,,G01677,,train,train,True,,1,ANT_CD,train,G01677,kept
ANT_D_0014.jpg,original,,G01678,,train,train,True,,0;1,ANT_AB;ANT_CD,train,G01678,kept
ANT_D_0015.jpg,original,,G01679,,train,train,True,,1,ANT_CD,train,G01679,kept
ANT_D_0016.jpg,original,,G01680,,train,train,True,,1,ANT_CD,train,G01680,kept
ANT_D_0018.jpg,original,,G01681,,train,train,True,,1,ANT_CD,train,G01681,kept
ANT_D_0019.jpg,original,,G01682,,train,val,True,,1,ANT_CD,val,G01682,kept
ANT_D_0020.jpg,original,,G01683,C007,train,train,True,,1,ANT_CD,train,G01683,kept
ANT_D_0021.jpg,original,,G01684,C006,train,test,True,,0;1,ANT_AB;ANT_CD,test,G01684,kept
ANT_D_0022.jpg,original,,G01685,,train,test,True,,1,ANT_CD,test,G01685,kept
ANT_D_0023.jpg,original,,G01686,,train,train,True,,1,ANT_CD,train,G01686,kept
ANT_D_0024.jpg,original,,G01687,,train,train,True,,1,ANT_CD,train,G01687,kept
ANT_D_0025.jpg,original,,G01688,,test,train,True,,1,ANT_CD,train,G01688,kept
ANT_D_0026.jpg,original,,G01689,C004,train,val,True,,1,ANT_CD,val,G01689,kept
ANT_D_0027.jpg,original,,G01689,C004,train,val,True,,1,ANT_CD,val,G01689,kept
ANT_D_0028.jpg,original,,G01690,,test,train,True,,1,ANT_CD,train,G01690,kept
ANT_D_0029.jpg,original,,G01691,,val,train,True,,1,ANT_CD,train,G01691,kept
ANT_D_0030.jpg,original,,G01692,,train,train,True,,1,ANT_CD,train,G01692,kept
ANT_D_0031.jpg,original,,G01693,,train,test,True,,1,ANT_CD,test,G01693,kept
ANT_D_0033.jpg,original,,G01694,,train,train,True,,1,ANT_CD,train,G01694,kept
ANT_D_0034.jpg,original,,G01695,,train,train,True,,1,ANT_CD,train,G01695,kept
ANT_D_0035.jpg,original,,G01696,,test,train,True,,1,ANT_CD,train,G01696,kept
ANT_D_0036.jpg,original,,G01697,,train,train,True,,1,ANT_CD,train,G01697,kept
ANT_D_0037.jpg,original,,G01698,,train,train,True,,1,ANT_CD,train,G01698,kept
ANT_D_0038.jpg,original,,G01699,C005,train,val,True,,1,ANT_CD,val,G01699,kept
ANT_D_0039.jpg,original,,G01699,C005,train,val,True,,1,ANT_CD,val,G01699,kept
ANT_D_0040.jpg,original,,G01700,,train,val,True,,1,ANT_CD,val,G01700,kept
ANT_D_0041.jpg,original,,G01701,,val,train,True,,1,ANT_CD,train,G01701,kept
ANT_D_0042.jpg,original,,G01702,,train,train,True,,1,ANT_CD,train,G01702,kept
ANT_D_0043.jpg,original,,G01703,,train,train,True,,1,ANT_CD,train,G01703,kept
ANT_D_0044.jpg,original,,G01704,,test,train,True,,1,ANT_CD,train,G01704,kept
ANT_D_0045.jpg,original,,G01705,,train,val,True,,1,ANT_CD,val,G01705,kept
ANT_D_0046.jpg,original,,G01706,,train,val,True,,1,ANT_CD,val,G01706,kept
ANT_D_0047.jpg,original,,G01707,,train,val,True,,1,ANT_CD,val,G01707,kept
ANT_D_0048.jpg,original,,G01708,,train,train,True,,1,ANT_CD,train,G01708,kept
ANT_D_0049.jpg,original,,G01709,,train,train,True,,1,ANT_CD,train,G01709,kept
ANT_D_0050.jpg,original,,G01710,,val,train,True,,1,ANT_CD,train,G01710,kept
ANT_D_0051.jpg,original,,G01711,,train,train,True,,1,ANT_CD,train,G01711,kept
BLS_A_0005.jpg,original,,G01712,,train,test,True,,0;2,ANT_AB;BLS,test,G01712,kept
BLS_A_0010.jpg,original,,G01713,,train,train,True,,2,BLS,train,G01713,kept
BLS_A_0011.jpg,original,,G01714,,train,train,True,,2,BLS,train,G01714,kept
BLS_A_0012.jpg,original,,G01715,,train,test,True,,2,BLS,test,G01715,kept
BLS_A_0013.jpg,original,,G01716,,train,train,True,,2,BLS,train,G01716,kept
BLS_A_0014.jpg,original,,G01717,,val,train,True,,2,BLS,train,G01717,kept
BLS_A_0015.jpg,original,,G01718,,train,train,True,,2,BLS,train,G01718,kept
BLS_A_0016.jpg,original,,G01719,,val,train,True,,2,BLS,train,G01719,kept
BLS_A_0017.jpg,original,,G01720,,train,train,True,,2,BLS,train,G01720,kept
BLS_A_0018.jpg,original,,G01721,,train,train,True,,2,BLS,train,G01721,kept
BLS_A_0019.jpg,original,,G01722,C013,train,train,True,,2,BLS,train,G01722,kept
BLS_A_0020.jpg,original,,G01722,C013,val,train,True,,2,BLS,train,G01722,kept
BLS_A_0021.jpg,original,,G01722,C013,train,train,True,,2,BLS,train,G01722,kept
BLS_A_0022.jpg,original,,G01722,C013,val,train,True,,2,BLS,train,G01722,kept
BLS_A_0024.jpg,original,,G01723,,train,train,True,,2,BLS,train,G01723,kept
BLS_A_0025.jpg,original,,G01724,,train,train,True,,2,BLS,train,G01724,kept
BLS_A_0026.jpg,original,,G01725,,train,train,True,,2,BLS,train,G01725,kept
BLS_A_0027.jpg,original,,G01726,,train,train,True,,2,BLS,train,G01726,kept
BLS_A_0028.jpg,original,,G01727,,train,train,True,,2,BLS,train,G01727,kept
BLS_A_0029.jpg,original,,G01728,,val,test,True,,2,BLS,test,G01728,kept
BLS_A_0031.jpg,original,,G01729,,val,train,True,,2,BLS,train,G01729,kept
BLS_A_0033.jpg,original,,G01730,,train,test,True,,2,BLS,test,G01730,kept
BLS_A_0034.jpg,original,,G01731,C060,train,val,True,,2,BLS,val,G01731,kept
BLS_A_0035.jpg,original,,G01731,C060,train,val,True,,2,BLS,val,G01731,kept
BLS_A_0036.jpg,original,,G01732,C014,train,val,True,,2,BLS,val,G01732,kept
BLS_A_0037.jpg,original,,G01732,C014,train,val,True,,2,BLS,val,G01732,kept
BLS_A_0038.jpg,original,,G01732,C014,train,val,True,,2,BLS,val,G01732,kept
BLS_A_0039.jpg,original,,G01733,,test,test,True,,2,BLS,test,G01733,kept
BLS_A_0040.jpg,original,,G01734,,val,train,True,,2,BLS,train,G01734,kept
BLS_A_0041.jpg,original,,G01735,,train,train,True,,2,BLS,train,G01735,kept
BLS_A_0042.jpg,original,,G01736,,train,train,True,,2,BLS,train,G01736,kept
BLS_A_0043.jpg,original,,G01737,,train,train,True,,2,BLS,train,G01737,kept
BLS_A_0044.jpg,original,,G01738,,train,train,True,,2,BLS,train,G01738,kept
BLS_A_0045.jpg,original,,G01739,,train,train,True,,2,BLS,train,G01739,kept
BLS_A_0046.jpg,original,,G01740,,train,train,True,,2,BLS,train,G01740,kept
BLS_A_0047.jpg,original,,G01741,,train,train,True,,2,BLS,train,G01741,kept
BLS_A_0048.jpg,original,,G01742,,train,train,True,,2,BLS,train,G01742,kept
BLS_A_0049.jpg,original,,G01743,,train,train,True,,2,BLS,train,G01743,kept
BLS_A_0050.jpg,original,,G01744,,train,train,True,,2,BLS,train,G01744,kept
BLS_A_0051.jpg,original,,G01745,,train,train,True,,2,BLS,train,G01745,kept
BLS_A_0052.jpg,original,,G01746,,train,train,True,,2,BLS,train,G01746,kept
BLS_A_0053.jpg,original,,G01747,,train,train,True,,2,BLS,train,G01747,kept
BLS_A_0054.jpg,original,,G01748,C059,train,val,True,,2,BLS,val,G01748,kept
BLS_A_0055.jpg,original,,G01748,C059,test,val,True,,2,BLS,val,G01748,kept
BLS_A_0056.jpg,original,,G01749,C015,train,val,True,,2,BLS,val,G01749,kept
BLS_A_0057.jpg,original,,G01749,C015,train,val,True,,2,BLS,val,G01749,kept
BLS_A_0058.jpg,original,,G01750,,test,train,True,,2,BLS,train,G01750,kept
BLS_A_0059.jpg,original,,G01751,,train,train,True,,2,BLS,train,G01751,kept
BLS_A_0060.jpg,original,,G01752,,train,train,True,,2,BLS,train,G01752,kept
BLS_A_0061.jpg,original,,G01753,,train,train,True,,2,BLS,train,G01753,kept
BLS_A_0062.jpg,original,,G01754,,train,train,True,,2,BLS,train,G01754,kept
BLS_A_0063.jpg,original,,G01755,,train,train,True,,2,BLS,train,G01755,kept
BLS_A_0065.jpg,original,,G01756,,test,train,True,,2,BLS,train,G01756,kept
BLS_A_0066.jpg,original,,G01757,,train,train,True,,2,BLS,train,G01757,kept
BLS_A_0067.jpg,original,,G01758,,train,train,True,,2,BLS,train,G01758,kept
BLS_A_0068.jpg,original,,G01759,,train,train,True,,2,BLS,train,G01759,kept
BLS_A_0069.jpg,original,,G01760,C016,val,val,True,,2,BLS,val,G01760,kept
BLS_A_0070.jpg,original,,G01760,C016,val,val,True,,2,BLS,val,G01760,kept
BLS_A_0071.jpg,original,,G01760,C016,train,val,True,,2,BLS,val,G01760,kept
BLS_A_0072.jpg,original,,G01761,C058,train,test,True,,2,BLS,test,G01761,kept
BLS_A_0073.jpg,original,,G01761,C058,train,test,True,,2,BLS,test,G01761,kept
BLS_A_0074.jpg,original,,G01762,,train,val,True,,2,BLS,val,G01762,kept
BLS_A_0075.jpg,original,,G01763,,train,train,True,,2,BLS,train,G01763,kept
BLS_A_0076.jpg,original,,G01764,,train,train,True,,2,BLS,train,G01764,kept
BLS_A_0077.jpg,original,,G01765,,train,train,True,,2,BLS,train,G01765,kept
BLS_A_0078.jpg,original,,G01766,,train,train,True,,2,BLS,train,G01766,kept
BLS_A_0079.jpg,original,,G01767,,train,test,True,,2,BLS,test,G01767,kept
BLS_A_0080.jpg,original,,G01768,,train,train,True,,2,BLS,train,G01768,kept
BLS_A_0081.jpg,original,,G01769,C017,train,val,True,,2,BLS,val,G01769,kept
BLS_A_0082.jpg,original,,G01769,C017,train,val,True,,2,BLS,val,G01769,kept
BLS_A_0083.jpg,original,,G01770,,train,train,True,,2,BLS,train,G01770,kept
BLS_A_0085.jpg,original,,G01771,,train,train,True,,2,BLS,train,G01771,kept
BLS_A_0089.jpg,original,,G01772,,val,train,True,,2,BLS,train,G01772,kept
BLS_A_0091.jpg,original,,G01773,,train,test,True,,2,BLS,test,G01773,kept
BLS_A_0097.jpg,original,,G01774,,train,train,True,,2,BLS,train,G01774,kept
BLS_A_0098.jpg,original,,G01775,,val,train,True,,2,BLS,train,G01775,kept
BLS_A_0100.jpg,original,,G01776,,train,train,True,,2,BLS,train,G01776,kept
BLS_A_0103.jpg,original,,G01777,,val,val,True,,2,BLS,val,G01777,kept
BLS_A_0107.jpg,original,,G01778,,train,train,True,,2,BLS,train,G01778,kept
BLS_A_0109.jpg,original,,G01779,,train,train,True,,2,BLS,train,G01779,kept
BLS_A_0110.jpg,original,,G01780,,test,train,True,,2,BLS,train,G01780,kept
BLS_A_0112.jpg,original,,G01781,,train,train,True,,2,BLS,train,G01781,kept
BLS_A_0113.jpg,original,,G01782,,train,train,True,,2,BLS,train,G01782,kept
BLS_A_0114.jpg,original,,G01783,,test,train,True,,2,BLS,train,G01783,kept
BLS_A_0116.jpg,original,,G01784,,train,train,True,,2,BLS,train,G01784,kept
BLS_A_0119.jpg,original,,G01785,,test,train,True,,2,BLS,train,G01785,kept
BLS_A_0121.jpg,original,,G01786,,val,train,True,,2,BLS,train,G01786,kept
BLS_A_0124.jpg,original,,G01787,,train,test,True,,2,BLS,test,G01787,kept
BLS_A_0125.jpg,original,,G01788,,train,train,True,,2,BLS,train,G01788,kept
BLS_A_0126.jpg,original,,G01789,,test,train,True,,2,BLS,train,G01789,kept
BLS_A_0128.jpg,original,,G01790,,train,train,True,,2,BLS,train,G01790,kept
BLS_A_0129.jpg,original,,G01791,,train,train,True,,2,BLS,train,G01791,kept
BLS_A_0130.JPG,original,,G01792,,test,train,True,,2,BLS,train,G01792,kept
BLS_A_0131.JPG,original,,G01793,,train,val,True,,2,BLS,val,G01793,kept
BLS_A_0133.JPG,original,,G01794,,test,train,True,,2,BLS,train,G01794,kept
BLS_A_0135.JPG,original,,G01795,,test,train,True,,2,BLS,train,G01795,kept
BLS_A_0136.JPG,original,,G01796,,train,train,True,,2,BLS,train,G01796,kept
BLS_A_0137.JPG,original,,G01797,,train,train,True,,2,BLS,train,G01797,kept
BLS_A_0138.JPG,original,,G01798,C018,train,val,True,,2,BLS,val,G01798,kept
BLS_A_0139.JPG,original,,G01798,C018,test,val,True,,2,BLS,val,G01798,kept
BLS_A_0140.jpg,original,,G01799,,test,test,True,,2,BLS,test,G01799,kept
BLS_A_0141.jpg,original,,G01800,,train,train,True,,2,BLS,train,G01800,kept
BLS_A_0142.jpg,original,,G01801,,train,train,True,,2,BLS,train,G01801,kept
BLS_A_0143.jpg,original,,G01802,,train,test,True,,2,BLS,test,G01802,kept
BLS_A_0144.jpg,original,,G01803,,test,train,True,,2,BLS,train,G01803,kept
BLS_A_0145.jpg,original,,G01804,,train,train,True,,2,BLS,train,G01804,kept
BLS_A_0146.jpg,original,,G01805,,train,train,True,,2,BLS,train,G01805,kept
BLS_A_0147.jpg,original,,G01806,,train,train,True,,2,BLS,train,G01806,kept
BLS_A_0148.jpg,original,,G01807,,test,train,True,,2,BLS,train,G01807,kept
BLS_A_0149.jpg,original,,G01808,,train,train,True,,2,BLS,train,G01808,kept
BLS_A_0152.jpg,original,,G01809,,train,train,True,,2,BLS,train,G01809,kept
BLS_A_0153.jpg,original,,G01810,,train,train,True,,2,BLS,train,G01810,kept
BLS_A_0154.jpg,original,,G01811,,test,val,True,,2,BLS,val,G01811,kept
BLS_A_0155.jpg,original,,G01812,,train,train,True,,2,BLS,train,G01812,kept
BLS_A_0156.jpg,original,,G01813,,train,train,True,,2,BLS,train,G01813,kept
BLS_A_0158.jpg,original,,G01814,,train,train,False,near_duplicate_reencoded_copy,2,BLS,train,G01814,excluded_near_duplicate
BLS_A_0160.jpg,original,,G01815,,train,train,False,near_duplicate_reencoded_copy,2,BLS,train,G01815,excluded_near_duplicate
BLS_A_0164.jpg,original,,G01816,C019,train,train,False,near_duplicate_reencoded_copy,2,BLS,train,G01816,excluded_near_duplicate
BLS_A_0165.jpg,original,,G01816,C019,train,train,False,near_duplicate_reencoded_copy,2,BLS,train,G01816,excluded_near_duplicate
BLS_A_0166.jpg,original,,G01817,,train,test,False,near_duplicate_reencoded_copy,2,BLS,test,G01817,excluded_near_duplicate
BLS_A_0167.jpg,original,,G01818,C020,train,val,False,near_duplicate_reencoded_copy,2,BLS,val,G01818,excluded_near_duplicate
BLS_A_0168.jpg,original,,G01818,C020,train,val,False,near_duplicate_reencoded_copy,2,BLS,val,G01818,excluded_near_duplicate
BLS_B_0001.jpg,original,,G01819,C021,train,val,True,,2,BLS,val,G01819,kept
BLS_B_0002.jpg,original,,G01819,C021,train,val,True,,2,BLS,val,G01819,kept
BLS_B_0003.jpg,original,,G01820,,train,val,True,,2,BLS,val,G01820,kept
BLS_B_0004.jpg,original,,G01821,,train,train,True,,2,BLS,train,G01821,kept
BLS_B_0005.jpg,original,,G01822,,train,train,True,,2,BLS,train,G01822,kept
BLS_B_0007.jpg,original,,G01823,,train,test,True,,2,BLS,test,G01823,kept
BLS_B_0008.jpg,original,,G01824,,train,train,True,,2,BLS,train,G01824,kept
BLS_B_0009.jpg,original,,G01825,C022,train,test,True,,2,BLS,test,G01825,kept
BLS_B_0010.jpg,original,,G01825,C022,train,test,True,,2,BLS,test,G01825,kept
BLS_B_0011.jpg,original,,G01825,C022,test,test,True,,2,BLS,test,G01825,kept
BLS_B_0012.jpg,original,,G01826,,train,train,True,,2,BLS,train,G01826,kept
BLS_B_0013.jpg,original,,G01827,,test,train,True,,2,BLS,train,G01827,kept
BLS_B_0014.jpg,original,,G01828,,train,train,True,,2,BLS,train,G01828,kept
BLS_B_0015.jpg,original,,G01829,,train,train,True,,2,BLS,train,G01829,kept
BLS_B_0016.jpg,original,,G01830,,train,train,True,,2,BLS,train,G01830,kept
BLS_B_0018.jpg,original,,G01831,,train,train,True,,0,ANT_AB,train,G01831,kept
BLS_B_0022.jpg,original,,G01832,,train,train,True,,2,BLS,train,G01832,kept
BLS_B_0025.jpg,original,,G01833,,train,train,True,,2,BLS,train,G01833,kept
BLS_B_0026.jpg,original,,G01834,,train,train,True,,2,BLS,train,G01834,kept
BLS_B_0027.jpg,original,,G01835,,train,test,True,,2,BLS,test,G01835,kept
BLS_B_0028.jpg,original,,G01836,,train,train,True,,2,BLS,train,G01836,kept
BLS_B_0029.jpg,original,,G01837,,train,train,True,,2,BLS,train,G01837,kept
BLS_B_0030.jpg,original,,G01838,,train,train,True,,2,BLS,train,G01838,kept
BLS_B_0031.jpg,original,,G01839,,test,train,True,,2,BLS,train,G01839,kept
BLS_B_0032.jpg,original,,G01840,,train,train,True,,2,BLS,train,G01840,kept
BLS_B_0033.jpg,original,,G01841,,test,test,True,,2,BLS,test,G01841,kept
BLS_B_0034.jpg,original,,G01842,,train,train,True,,2,BLS,train,G01842,kept
BLS_B_0035.jpg,original,,G01843,,val,train,True,,2,BLS,train,G01843,kept
BLS_B_0036.jpg,original,,G01844,,train,train,True,,2,BLS,train,G01844,kept
BLS_B_0037.jpg,original,,G01845,,train,train,True,,2,BLS,train,G01845,kept
BLS_B_0038.jpg,original,,G01846,,val,val,True,,2,BLS,val,G01846,kept
BLS_B_0039.jpg,original,,G01847,,train,train,True,,2,BLS,train,G01847,kept
BLS_B_0040.jpg,original,,G01848,,train,train,True,,2,BLS,train,G01848,kept
BLS_B_0041.jpg,original,,G01849,,train,val,True,,2,BLS,val,G01849,kept
BLS_B_0042.jpg,original,,G01850,,test,train,True,,2,BLS,train,G01850,kept
BLS_B_0043.jpg,original,,G01851,,train,train,True,,2,BLS,train,G01851,kept
BLS_B_0045.jpg,original,,G01852,,train,train,True,,2,BLS,train,G01852,kept
BLS_B_0046.jpg,original,,G01853,,train,train,True,,2,BLS,train,G01853,kept
BLS_B_0047.jpg,original,,G01854,,train,train,True,,2,BLS,train,G01854,kept
BLS_B_0048.jpg,original,,G01855,,train,train,True,,2,BLS,train,G01855,kept
BLS_B_0049.jpg,original,,G01856,,train,train,True,,2,BLS,train,G01856,kept
BLS_B_0050.jpg,original,,G01857,,train,train,True,,2,BLS,train,G01857,kept
BLS_B_0051.jpg,original,,G01858,,train,train,True,,2,BLS,train,G01858,kept
BLS_B_0052.jpg,original,,G01859,,train,train,True,,2,BLS,train,G01859,kept
BLS_B_0053.jpg,original,,G01860,,train,train,True,,2,BLS,train,G01860,kept
BLS_B_0054.jpg,original,,G01861,,train,train,True,,2,BLS,train,G01861,kept
BLS_B_0055.jpg,original,,G01862,,train,train,True,,2,BLS,train,G01862,kept
BLS_B_0056.jpg,original,,G01863,,train,train,True,,2,BLS,train,G01863,kept
BLS_B_0057.jpg,original,,G01864,,train,val,True,,2,BLS,val,G01864,kept
BLS_B_0058.jpg,original,,G01865,,train,train,True,,2,BLS,train,G01865,kept
BLS_B_0059.jpg,original,,G01866,,val,val,True,,2,BLS,val,G01866,kept
BLS_B_0060.jpg,original,,G01867,,train,val,True,,2,BLS,val,G01867,kept
BLS_B_0061.jpg,original,,G01868,,train,train,True,,2,BLS,train,G01868,kept
BLS_B_0062.jpg,original,,G01869,,train,train,True,,2,BLS,train,G01869,kept
BLS_B_0063.jpg,original,,G01870,,train,train,True,,2,BLS,train,G01870,kept
BLS_B_0064.jpg,original,,G01871,,test,train,True,,2,BLS,train,G01871,kept
BLS_B_0065.jpg,original,,G01872,,train,train,True,,2,BLS,train,G01872,kept
BLS_B_0066.jpg,original,,G01873,,train,train,True,,2,BLS,train,G01873,kept
BLS_B_0067.jpg,original,,G01874,,test,train,True,,2,BLS,train,G01874,kept
BLS_B_0068.jpg,original,,G01875,,train,train,True,,2,BLS,train,G01875,kept
BLS_B_0069.jpg,original,,G01876,,train,train,True,,2,BLS,train,G01876,kept
BLS_B_0070.jpg,original,,G01877,,train,train,True,,2,BLS,train,G01877,kept
BLS_B_0071.jpg,original,,G01878,C023,train,test,True,,2,BLS,test,G01878,kept
BLS_B_0072.jpg,original,,G01878,C023,train,test,True,,2,BLS,test,G01878,kept
BLS_B_0073.jpg,original,,G01879,,train,train,True,,2,BLS,train,G01879,kept
BLS_B_0074.jpg,original,,G01880,,test,train,True,,2,BLS,train,G01880,kept
BLS_B_0075.jpg,original,,G01881,,train,train,True,,2,BLS,train,G01881,kept
BLS_B_0076.jpg,original,,G01882,,val,val,True,,2,BLS,val,G01882,kept
BLS_B_0077.jpg,original,,G01883,,train,train,True,,2,BLS,train,G01883,kept
BLS_B_0078.jpg,original,,G01884,,val,train,True,,2,BLS,train,G01884,kept
BLS_B_0079.jpg,original,,G01885,,train,train,True,,2,BLS,train,G01885,kept
BLS_B_0081.jpg,original,,G01886,,train,train,True,,2,BLS,train,G01886,kept
BLS_B_0082.jpg,original,,G01887,,train,train,True,,2,BLS,train,G01887,kept
BLS_B_0083.jpg,original,,G01888,,train,train,True,,2,BLS,train,G01888,kept
BLS_B_0084.jpg,original,,G01889,,train,train,True,,2,BLS,train,G01889,kept
BLS_B_0086.jpg,original,,G01890,,train,train,True,,2,BLS,train,G01890,kept
BLS_B_0087.jpg,original,,G01891,,train,train,True,,2,BLS,train,G01891,kept
BLS_B_0088.jpg,original,,G01892,C057,train,val,True,,2,BLS,val,G01892,kept
BLS_B_0089.jpg,original,,G01892,C057,train,val,True,,2,BLS,val,G01892,kept
BLS_B_0090.jpg,original,,G01893,,train,train,True,,2,BLS,train,G01893,kept
BLS_B_0091.jpg,original,,G01894,,val,train,True,,2,BLS,train,G01894,kept
BLS_B_0092.jpg,original,,G01895,C056,train,train,True,,2,BLS,train,G01895,kept
BLS_B_0093.jpg,original,,G01895,C056,train,train,True,,2,BLS,train,G01895,kept
BLS_B_0094.jpg,original,,G01896,,val,train,True,,2,BLS,train,G01896,kept
BLS_B_0095.jpg,original,,G01897,,val,train,True,,2,BLS,train,G01897,kept
BLS_B_0096.jpg,original,,G01898,,val,train,True,,2,BLS,train,G01898,kept
BLS_B_0097.jpg,original,,G01899,,train,train,True,,2,BLS,train,G01899,kept
BLS_B_0098.jpg,original,,G01900,,train,train,True,,2,BLS,train,G01900,kept
BLS_B_0099.jpg,original,,G01901,,train,train,True,,2,BLS,train,G01901,kept
BLS_B_0100.jpg,original,,G01902,,train,train,True,,2,BLS,train,G01902,kept
BLS_B_0101.jpg,original,,G01903,,train,train,True,,2,BLS,train,G01903,kept
BLS_B_0102.jpg,original,,G01904,,test,train,True,,2,BLS,train,G01904,kept
BLS_B_0103.jpg,original,,G01905,,val,train,True,,2,BLS,train,G01905,kept
BLS_B_0104.jpg,original,,G01906,,train,train,True,,2,BLS,train,G01906,kept
BLS_B_0105.jpg,original,,G01907,C024,train,val,True,,2,BLS,val,G01907,kept
BLS_B_0106.jpg,original,,G01907,C024,val,val,True,,2,BLS,val,G01907,kept
BLS_B_0107.jpg,original,,G01908,,train,train,True,,2,BLS,train,G01908,kept
BLS_B_0108.jpg,original,,G01909,,train,train,True,,2,BLS,train,G01909,kept
BLS_B_0109.jpg,original,,G01910,,val,train,True,,2,BLS,train,G01910,kept
BLS_B_0110.jpg,original,,G01911,C055,train,test,True,,2,BLS,test,G01911,kept
BLS_B_0111.jpg,original,,G01911,C055,train,test,True,,2,BLS,test,G01911,kept
BLS_B_0112.jpg,original,,G01912,C025,train,val,True,,2,BLS,val,G01912,kept
BLS_B_0113.jpg,original,,G01912,C025,val,val,True,,2,BLS,val,G01912,kept
BLS_B_0114.jpg,original,,G01912,C025,train,val,True,,2,BLS,val,G01912,kept
BLS_B_0115.jpg,original,,G01913,,val,val,True,,2,BLS,val,G01913,kept
BLS_B_0116.jpg,original,,G01914,,train,train,True,,2,BLS,train,G01914,kept
BLS_B_0117.jpg,original,,G01915,,train,train,True,,2,BLS,train,G01915,kept
BLS_B_0118.jpg,original,,G01916,,train,train,True,,2,BLS,train,G01916,kept
BLS_B_0119.jpg,original,,G01917,,train,train,True,,2,BLS,train,G01917,kept
BLS_B_0120.jpg,original,,G01918,,test,train,True,,2,BLS,train,G01918,kept
BLS_B_0121.jpg,original,,G01919,,train,train,True,,2,BLS,train,G01919,kept
BLS_B_0122.jpg,original,,G01920,C026,train,val,True,,2,BLS,val,G01920,kept
BLS_B_0123.jpg,original,,G01920,C026,train,val,True,,0,ANT_AB,val,G01920,kept
BLS_B_0124.jpg,original,,G01921,,train,train,True,,2,BLS,train,G01921,kept
BLS_B_0125.jpg,original,,G01922,,val,train,True,,2,BLS,train,G01922,kept
BLS_B_0126.jpg,original,,G01923,,val,train,True,,2,BLS,train,G01923,kept
BLS_B_0127.jpg,original,,G01924,,train,train,True,,2,BLS,train,G01924,kept
BLS_B_0128.jpg,original,,G01925,,train,val,True,,2,BLS,val,G01925,kept
BLS_B_0129.jpg,original,,G01926,,train,train,True,,2,BLS,train,G01926,kept
BLS_B_0130.jpg,original,,G01927,,train,train,True,,2,BLS,train,G01927,kept
BLS_B_0131.jpg,original,,G01928,C027,train,test,True,,2,BLS,test,G01928,kept
BLS_B_0132.jpg,original,,G01928,C027,train,test,True,,2,BLS,test,G01928,kept
BLS_B_0133.jpg,original,,G01928,C027,train,test,True,,2,BLS,test,G01928,kept
BLS_B_0134.jpg,original,,G01929,,train,train,True,,2,BLS,train,G01929,kept
BLS_B_0136.jpg,original,,G01930,,val,train,True,,2,BLS,train,G01930,kept
BLS_B_0137.jpg,original,,G01931,,train,train,True,,2,BLS,train,G01931,kept
BLS_B_0138.jpg,original,,G01932,,train,train,True,,2,BLS,train,G01932,kept
BLS_B_0139.jpg,original,,G01933,,train,train,True,,2,BLS,train,G01933,kept
BLS_B_0141.jpg,original,,G01934,,train,train,True,,2,BLS,train,G01934,kept
BLS_B_0143.jpg,original,,G01935,,train,train,True,,2,BLS,train,G01935,kept
BLS_B_0144.jpg,original,,G01936,,train,train,True,,2,BLS,train,G01936,kept
BLS_B_0145.jpg,original,,G01937,,train,test,True,,2,BLS,test,G01937,kept
BLS_B_0147.jpg,original,,G01938,,train,train,True,,2,BLS,train,G01938,kept
BLS_B_0148.jpg,original,,G01939,,train,train,True,,2,BLS,train,G01939,kept
BLS_B_0149.jpg,original,,G01940,,train,test,True,,2,BLS,test,G01940,kept
BLS_B_0150.jpg,original,,G01941,,train,train,True,,2,BLS,train,G01941,kept
BLS_B_0151.jpg,original,,G01942,,train,train,True,,2,BLS,train,G01942,kept
BLS_B_0152.jpg,original,,G01943,,train,train,True,,2,BLS,train,G01943,kept
BLS_B_0153.jpg,original,,G01944,,val,train,True,,2,BLS,train,G01944,kept
BLS_B_0154.jpg,original,,G01945,,val,train,True,,2,BLS,train,G01945,kept
BLS_B_0155.jpg,original,,G01946,,train,train,True,,2,BLS,train,G01946,kept
BLS_B_0157.jpg,original,,G01947,,train,train,True,,2,BLS,train,G01947,kept
BLS_B_0158.jpg,original,,G01948,,train,train,True,,2,BLS,train,G01948,kept
BLS_B_0159.jpg,original,,G01949,,train,train,True,,2,BLS,train,G01949,kept
BLS_B_0161.jpg,original,,G01950,,train,train,True,,2,BLS,train,G01950,kept
BLS_B_0162.jpg,original,,G01951,,train,train,True,,2,BLS,train,G01951,kept
BLS_B_0166.jpg,original,,G01952,,train,train,True,,2,BLS,train,G01952,kept
BLS_B_0169.jpg,original,,G01953,,train,train,True,,2,BLS,train,G01953,kept
BLS_B_0177.JPG,original,,G01954,,train,train,True,,2,BLS,train,G01954,kept
BLS_B_0184.JPG,original,,G01955,,train,train,True,,2,BLS,train,G01955,kept
BLS_B_0187.JPG,original,,G01956,C028,train,test,True,,2,BLS,test,G01956,kept
BLS_B_0188.JPG,original,,G01956,C028,train,test,True,,2,BLS,test,G01956,kept
BLS_B_0189.JPG,original,,G01956,C028,test,test,True,,2,BLS,test,G01956,kept
BLS_B_0190.JPG,original,,G01956,C028,train,test,True,,2,BLS,test,G01956,kept
BLS_B_0191.JPG,original,,G01956,C028,train,test,True,,2,BLS,test,G01956,kept
BLS_B_0192.jpg,original,,G01957,,train,train,True,,2,BLS,train,G01957,kept
BLS_B_0193.jpg,original,,G01958,,train,train,True,,2,BLS,train,G01958,kept
BLS_B_0194.jpg,original,,G01959,,train,val,True,,0;2,ANT_AB;BLS,val,G01959,kept
BLS_B_0195.jpg,original,,G01960,,train,train,True,,2,BLS,train,G01960,kept
BLS_B_0198.jpg,original,,G01961,,train,train,True,,2,BLS,train,G01961,kept
BLS_B_0199.jpg,original,,G01962,,train,train,True,,2,BLS,train,G01962,kept
BLS_B_0200.jpg,original,,G01963,,test,train,True,,2,BLS,train,G01963,kept
BLS_B_0201.jpg,original,,G01964,,train,train,True,,2,BLS,train,G01964,kept
BLS_B_0202.jpg,original,,G01965,,test,train,True,,2,BLS,train,G01965,kept
BLS_B_0203.jpg,original,,G01966,,train,train,True,,2,BLS,train,G01966,kept
BLS_B_0204.jpg,original,,G01967,,train,val,True,,2,BLS,val,G01967,kept
BLS_B_0205.jpg,original,,G01968,C054,train,val,True,,2,BLS,val,G01968,kept
BLS_B_0206.jpg,original,,G01968,C054,train,val,True,,2,BLS,val,G01968,kept
BLS_B_0207.jpg,original,,G01969,,train,val,True,,2,BLS,val,G01969,kept
BLS_B_0209.jpg,original,,G01970,,train,train,True,,2,BLS,train,G01970,kept
BLS_B_0210.jpg,original,,G01971,,test,train,True,,2,BLS,train,G01971,kept
BLS_B_0214.jpg,original,,G01972,,train,train,True,,2,BLS,train,G01972,kept
BLS_B_0215.jpg,original,,G01973,,train,train,True,,2,BLS,train,G01973,kept
BLS_B_0216.jpg,original,,G01974,,train,train,True,,2,BLS,train,G01974,kept
BLS_B_0217.jpg,original,,G01975,,train,train,True,,2,BLS,train,G01975,kept
BLS_B_0218.jpg,original,,G01976,,train,train,True,,2,BLS,train,G01976,kept
BLS_B_0219.jpg,original,,G01977,,train,train,True,,2,BLS,train,G01977,kept
BLS_B_0220.jpg,original,,G01978,,val,train,True,,2,BLS,train,G01978,kept
BLS_B_0221.jpg,original,,G01979,,train,val,True,,2,BLS,val,G01979,kept
BLS_B_0222.jpg,original,,G01980,,test,train,True,,2,BLS,train,G01980,kept
BLS_B_0223.jpg,original,,G01981,,test,val,True,,2,BLS,val,G01981,kept
BLS_B_0224.jpg,original,,G01982,,train,train,True,,2,BLS,train,G01982,kept
BLS_B_0225.jpg,original,,G01983,,train,train,True,,2,BLS,train,G01983,kept
BLS_B_0226.jpg,original,,G01984,,val,train,True,,2,BLS,train,G01984,kept
BLS_B_0227.jpg,original,,G01985,,train,train,True,,2,BLS,train,G01985,kept
BLS_B_0229.jpg,original,,G01986,,train,train,True,,2,BLS,train,G01986,kept
BLS_B_0237.jpg,original,,G01987,C029,test,val,False,near_duplicate_reencoded_copy,2,BLS,val,G01987,excluded_near_duplicate
BLS_B_0238.jpg,original,,G01987,C029,train,val,False,near_duplicate_reencoded_copy,2,BLS,val,G01987,excluded_near_duplicate
BLS_B_0239.jpg,original,,G01987,C029,test,val,False,near_duplicate_reencoded_copy,2,BLS,val,G01987,excluded_near_duplicate
BLS_B_0240.jpg,original,,G01987,C029,train,val,False,near_duplicate_reencoded_copy,2,BLS,val,G01987,excluded_near_duplicate
BLS_B_0241.jpg,original,,G01987,C029,train,val,False,near_duplicate_reencoded_copy,2,BLS,val,G01987,excluded_near_duplicate
BLS_C_0002.jpg,original,,G01988,,train,train,True,,2,BLS,train,G01988,kept
BLS_C_0003.jpg,original,,G01989,,train,train,True,,2,BLS,train,G01989,kept
BLS_C_0004.jpg,original,,G01990,,train,train,True,,2,BLS,train,G01990,kept
BLS_C_0005.jpg,original,,G01991,,train,train,True,,2,BLS,train,G01991,kept
BLS_C_0006.jpg,original,,G01992,,train,train,True,,0,ANT_AB,train,G01992,kept
BLS_C_0007.jpg,original,,G01993,,train,train,True,,2,BLS,train,G01993,kept
BLS_C_0008.jpg,original,,G01994,,test,train,True,,2,BLS,train,G01994,kept
BLS_C_0009.jpg,original,,G01995,,train,train,True,,2,BLS,train,G01995,kept
BLS_C_0010.jpg,original,,G01996,,train,test,True,,2,BLS,test,G01996,kept
BLS_C_0011.jpg,original,,G01997,,train,val,True,,2,BLS,val,G01997,kept
BLS_C_0012.jpg,original,,G01998,,train,train,True,,2,BLS,train,G01998,kept
BLS_C_0013.jpg,original,,G01999,,train,train,True,,2,BLS,train,G01999,kept
BLS_C_0014.jpg,original,,G02000,,train,train,True,,2,BLS,train,G02000,kept
BLS_C_0015.jpg,original,,G02001,,train,train,True,,2,BLS,train,G02001,kept
BLS_C_0016.jpg,original,,G02002,,train,train,True,,2,BLS,train,G02002,kept
BLS_C_0017.jpg,original,,G02003,,train,train,True,,2,BLS,train,G02003,kept
BLS_C_0018.jpg,original,,G02004,,val,val,True,,2,BLS,val,G02004,kept
BLS_C_0020.jpg,original,,G02005,,train,train,True,,2,BLS,train,G02005,kept
BLS_C_0021.jpg,original,,G02006,,train,train,True,,2,BLS,train,G02006,kept
BLS_C_0022.jpg,original,,G02007,,train,train,True,,2,BLS,train,G02007,kept
BLS_C_0023.jpg,original,,G02008,,train,train,True,,2,BLS,train,G02008,kept
BLS_C_0024.jpg,original,,G02009,,val,train,True,,2,BLS,train,G02009,kept
BLS_C_0025.jpg,original,,G02010,,test,test,True,,2,BLS,test,G02010,kept
BLS_C_0026.jpg,original,,G02011,,test,train,True,,2,BLS,train,G02011,kept
BLS_C_0027.jpg,original,,G02012,,train,train,True,,2,BLS,train,G02012,kept
BLS_C_0028.jpg,original,,G02013,,val,train,True,,2,BLS,train,G02013,kept
BLS_C_0030.jpg,original,,G02014,,train,train,True,,2,BLS,train,G02014,kept
BLS_C_0031.jpg,original,,G02015,C030,train,test,True,,2,BLS,test,G02015,kept
BLS_C_0032.jpg,original,,G02015,C030,train,test,True,,2,BLS,test,G02015,kept
BLS_C_0033.jpg,original,,G02016,,train,train,True,,2,BLS,train,G02016,kept
BLS_C_0034.jpg,original,,G02015,C030,train,test,True,,2,BLS,test,G02015,kept
BLS_C_0035.jpg,original,,G02017,,train,train,True,,2,BLS,train,G02017,kept
BLS_C_0036.jpg,original,,G02018,,train,train,True,,2,BLS,train,G02018,kept
BLS_C_0037.jpg,original,,G02019,,test,train,True,,2,BLS,train,G02019,kept
BLS_C_0038.jpg,original,,G02020,,train,train,True,,2,BLS,train,G02020,kept
BLS_C_0039.jpg,original,,G02021,,train,train,True,,2,BLS,train,G02021,kept
BLS_C_0040.jpg,original,,G02022,,train,train,True,,2,BLS,train,G02022,kept
BLS_C_0043.jpg,original,,G02023,,val,train,True,,2,BLS,train,G02023,kept
BLS_C_0044.jpg,original,,G02024,,test,train,True,,2,BLS,train,G02024,kept
BLS_C_0045.jpg,original,,G02025,,val,train,True,,2,BLS,train,G02025,kept
BLS_C_0046.jpg,original,,G02026,,train,train,True,,2,BLS,train,G02026,kept
BLS_C_0047.jpg,original,,G02027,,train,train,True,,2,BLS,train,G02027,kept
BLS_C_0048.jpg,original,,G02028,,test,train,True,,2,BLS,train,G02028,kept
BLS_C_0049.jpg,original,,G02029,,train,train,True,,2,BLS,train,G02029,kept
BLS_C_0050.jpg,original,,G02030,,train,train,True,,2,BLS,train,G02030,kept
BLS_C_0051.jpg,original,,G02031,,train,train,True,,2,BLS,train,G02031,kept
BLS_C_0052.jpg,original,,G02032,,train,train,True,,2,BLS,train,G02032,kept
BLS_C_0053.jpg,original,,G02033,C031,train,test,True,,2,BLS,test,G02033,kept
BLS_C_0054.jpg,original,,G02033,C031,train,test,True,,2,BLS,test,G02033,kept
BLS_C_0055.jpg,original,,G02033,C031,train,test,True,,2,BLS,test,G02033,kept
BLS_C_0056.jpg,original,,G02034,C053,test,test,True,,2,BLS,test,G02034,kept
BLS_C_0057.jpg,original,,G02034,C053,train,test,True,,2,BLS,test,G02034,kept
BLS_C_0059.jpg,original,,G02035,,train,val,True,,2,BLS,val,G02035,kept
BLS_C_0060.jpg,original,,G02036,,train,train,True,,2,BLS,train,G02036,kept
BLS_C_0062.jpg,original,,G02037,,train,train,True,,2,BLS,train,G02037,kept
BLS_C_0063.jpg,original,,G02038,,val,train,True,,2,BLS,train,G02038,kept
BLS_C_0064.jpg,original,,G02039,C032,train,test,True,,2,BLS,test,G02039,kept
BLS_C_0065.jpg,original,,G02039,C032,val,test,True,,2,BLS,test,G02039,kept
BLS_C_0066.jpg,original,,G02040,C033,train,train,True,,2,BLS,train,G02040,kept
BLS_C_0067.jpg,original,,G02040,C033,test,train,True,,2,BLS,train,G02040,kept
BLS_C_0068.jpg,original,,G02040,C033,train,train,True,,2,BLS,train,G02040,kept
BLS_C_0069.jpg,original,,G02040,C033,train,train,True,,2,BLS,train,G02040,kept
BLS_C_0070.jpg,original,,G02041,,train,train,True,,2,BLS,train,G02041,kept
BLS_C_0071.jpg,original,,G02042,,train,train,True,,2,BLS,train,G02042,kept
BLS_C_0072.jpg,original,,G02043,,train,train,True,,2,BLS,train,G02043,kept
BLS_C_0073.jpg,original,,G02044,,test,train,True,,2,BLS,train,G02044,kept
BLS_C_0074.jpg,original,,G02045,C034,test,test,True,,2,BLS,test,G02045,kept
BLS_C_0075.jpg,original,,G02045,C034,train,test,True,,2,BLS,test,G02045,kept
BLS_C_0076.jpg,original,,G02046,,train,train,True,,2,BLS,train,G02046,kept
BLS_C_0077.jpg,original,,G02047,C052,test,test,True,,2,BLS,test,G02047,kept
BLS_C_0078.jpg,original,,G02047,C052,train,test,True,,2,BLS,test,G02047,kept
BLS_C_0079.jpg,original,,G02048,,train,train,True,,2,BLS,train,G02048,kept
BLS_C_0080.jpg,original,,G02049,C035,train,train,True,,2,BLS,train,G02049,kept
BLS_C_0081.jpg,original,,G02049,C035,val,train,True,,2,BLS,train,G02049,kept
BLS_C_0082.jpg,original,,G02050,,train,val,True,,2,BLS,val,G02050,kept
BLS_C_0083.jpg,original,,G02051,,train,train,True,,2,BLS,train,G02051,kept
BLS_C_0085.jpg,original,,G02052,,train,test,True,,2,BLS,test,G02052,kept
BLS_C_0086.jpg,original,,G02053,,train,train,True,,2,BLS,train,G02053,kept
BLS_C_0087.jpg,original,,G02054,C036,train,test,True,,2,BLS,test,G02054,kept
BLS_C_0088.jpg,original,,G02054,C036,val,test,True,,2,BLS,test,G02054,kept
BLS_C_0089.jpg,original,,G02054,C036,train,test,True,,2,BLS,test,G02054,kept
BLS_C_0090.jpg,original,,G02054,C036,train,test,True,,2,BLS,test,G02054,kept
BLS_C_0091.jpg,original,,G02054,C036,test,test,True,,2,BLS,test,G02054,kept
BLS_C_0092.jpg,original,,G02055,C037,train,val,True,,2,BLS,val,G02055,kept
BLS_C_0093.jpg,original,,G02055,C037,train,val,True,,2,BLS,val,G02055,kept
BLS_C_0094.jpg,original,,G02055,C037,train,val,True,,2,BLS,val,G02055,kept
BLS_C_0096.jpg,original,,G02055,C037,train,val,True,,2,BLS,val,G02055,kept
BLS_C_0097.jpg,original,,G02056,C038,train,test,True,,2,BLS,test,G02056,kept
BLS_C_0098.jpg,original,,G02056,C038,train,test,True,,2,BLS,test,G02056,kept
BLS_C_0099.jpg,original,,G02057,C051,train,test,True,,2,BLS,test,G02057,kept
BLS_C_0100.jpg,original,,G02057,C051,train,test,True,,2,BLS,test,G02057,kept
BLS_C_0101.jpg,original,,G02058,,train,train,True,,2,BLS,train,G02058,kept
BLS_C_0102.jpg,original,,G02059,,train,train,True,,2,BLS,train,G02059,kept
BLS_C_0103.jpg,original,,G02060,,val,val,True,,2,BLS,val,G02060,kept
BLS_C_0104.jpg,original,,G02061,,val,train,True,,2,BLS,train,G02061,kept
BLS_C_0105.jpg,original,,G02062,,train,train,True,,2,BLS,train,G02062,kept
BLS_C_0106.jpg,original,,G02063,,train,train,True,,2,BLS,train,G02063,kept
BLS_C_0110.JPG,original,,G02064,,train,train,True,,2,BLS,train,G02064,kept
BLS_C_0116.jpg,original,,G02065,,train,test,True,,2,BLS,test,G02065,kept
BLS_C_0117.jpg,original,,G02066,,train,train,True,,2,BLS,train,G02066,kept
BLS_C_0118.jpg,original,,G02067,,train,train,True,,2,BLS,train,G02067,kept
BLS_C_0120.jpg,original,,G02068,,train,train,True,,2,BLS,train,G02068,kept
BLS_C_0121.jpg,original,,G02069,,train,train,True,,2,BLS,train,G02069,kept
BLS_C_0122.jpg,original,,G02070,,train,train,True,,2,BLS,train,G02070,kept
BLS_C_0123.jpg,original,,G02071,,train,train,True,,2,BLS,train,G02071,kept
BLS_C_0125.jpg,original,,G02072,C039,train,test,False,near_duplicate_reencoded_copy,2,BLS,test,G02072,excluded_near_duplicate
BLS_C_0126.jpg,original,,G02072,C039,train,test,False,near_duplicate_reencoded_copy,2,BLS,test,G02072,excluded_near_duplicate
BLS_D_0001.jpg,original,,G02073,,test,test,True,,2,BLS,test,G02073,kept
BLS_D_0002.jpg,original,,G02074,C011,train,train,True,,2,BLS,train,G02074,kept
BLS_D_0003.jpg,original,,G02075,,train,test,True,,2,BLS,test,G02075,kept
BLS_D_0004.jpg,original,,G02076,C008,train,val,True,,2,BLS,val,G02076,kept
BLS_D_0005.jpg,original,,G02076,C008,train,val,True,,2,BLS,val,G02076,kept
BLS_D_0006.jpg,original,,G02076,C008,test,val,True,,2,BLS,val,G02076,kept
BLS_D_0007.jpg,original,,G02077,,train,train,True,,2,BLS,train,G02077,kept
BLS_D_0008.jpg,original,,G02078,C009,train,train,True,,2,BLS,train,G02078,kept
BLS_D_0009.jpg,original,,G02079,C010,train,train,True,,2,BLS,train,G02079,kept
BLS_D_0010.jpg,original,,G02080,,train,train,True,,2,BLS,train,G02080,kept
CR_A_0001.jpg,original,,G02081,,train,test,True,,3,CR,train,G02081,moved_CR_group_split
CR_A_0002.jpg,original,,G02082,,train,train,True,,3,CR,val,G02082,moved_CR_group_split
CR_A_0004.jpg,original,,G02083,,train,train,True,,3,CR,train,G02083,kept
CR_A_0009.jpg,original,,G02084,,train,test,True,,3,CR,train,G02084,moved_CR_group_split
CR_A_0010.jpg,original,,G02085,,train,test,True,,3,CR,test,G02085,kept
CR_A_0011.jpg,original,,G02086,C040,train,train,True,,3,CR,train,G02086,kept
CR_A_0012.jpg,original,,G02086,C040,train,train,True,,3,CR,train,G02086,kept
CR_A_0013.jpg,original,,G02086,C040,train,train,True,,3,CR,train,G02086,kept
CR_A_0014.jpg,original,,G02087,,train,train,True,,3,CR,val,G02087,moved_CR_group_split
CR_A_0016.jpg,original,,G02088,,train,train,True,,3,CR,train,G02088,kept
CR_A_0017.jpg,original,,G02089,,test,val,True,,3,CR,train,G02089,moved_CR_group_split
CR_A_0018.jpg,original,,G02090,,train,train,True,,3,CR,test,G02090,moved_CR_group_split
CR_A_0019.jpg,original,,G02091,,val,train,True,,3,CR,train,G02091,kept
CR_A_0020.jpg,original,,G02092,,test,val,True,,3,CR,train,G02092,moved_CR_group_split
CR_A_0021.jpg,original,,G02093,,train,train,True,,3,CR,train,G02093,kept
CR_A_0022.jpg,original,,G02094,,train,test,True,,3,CR,train,G02094,moved_CR_group_split
CR_A_0025.jpg,original,,G02095,,train,val,True,,3,CR,train,G02095,moved_CR_group_split
CR_A_0026.jpg,original,,G02096,,train,train,True,,3,CR,train,G02096,kept
CR_A_0027.jpg,original,,G02097,,train,train,True,,3,CR,train,G02097,kept
CR_A_0028.jpg,original,,G02098,,test,train,True,,3,CR,train,G02098,kept
CR_A_0029.jpg,original,,G02099,,test,train,True,,3,CR,train,G02099,kept
CR_A_0030.jpg,original,,G02100,,train,train,True,,3,CR,val,G02100,moved_CR_group_split
CR_A_0031.jpg,original,,G02101,,train,train,True,,3,CR,train,G02101,kept
CR_A_0033.jpg,original,,G02102,,train,train,True,,3,CR,train,G02102,kept
CR_A_0034.jpg,original,,G02103,,val,train,True,,3,CR,train,G02103,kept
CR_A_0035.jpg,original,,G02104,,val,train,True,,3,CR,train,G02104,kept
CR_A_0036.jpg,original,,G02105,,train,train,True,,3,CR,train,G02105,kept
CR_A_0037.jpg,original,,G02106,,train,train,True,,3,CR,train,G02106,kept
CR_A_0038.jpg,original,,G02107,,train,train,True,,3,CR,train,G02107,kept
CR_A_0039.jpg,original,,G02108,,train,train,True,,3,CR,train,G02108,kept
CR_A_0040.jpg,original,,G02109,,train,train,True,,3,CR,train,G02109,kept
CR_A_0042.jpg,original,,G02110,,train,train,True,,3,CR,train,G02110,kept
CR_A_0044.jpg,original,,G02111,,train,test,True,,3,CR,val,G02111,moved_CR_group_split
CR_A_0046.jpg,original,,G02112,,val,train,True,,3,CR,train,G02112,kept
CR_A_0047.jpg,original,,G02113,,train,train,True,,3,CR,test,G02113,moved_CR_group_split
CR_A_0048.jpg,original,,G02114,,train,train,True,,3,CR,train,G02114,kept
CR_A_0050.jpg,original,,G02115,,val,train,True,,3,CR,val,G02115,moved_CR_group_split
CR_A_0053.jpg,original,,G02116,,test,train,True,,3,CR,train,G02116,kept
CR_A_0055.jpg,original,,G02117,,test,val,True,,3,CR,val,G02117,kept
CR_A_0056.jpg,original,,G02118,,val,train,True,,3,CR,train,G02118,kept
CR_A_0058.jpg,original,,G02119,,test,train,True,,3,CR,train,G02119,kept
CR_A_0059.jpg,original,,G02120,,train,test,True,,3,CR,train,G02120,moved_CR_group_split
CR_A_0068.jpg,original,,G02121,,train,train,True,,3,CR,train,G02121,kept
CR_A_0071.jpg,original,,G02122,,train,test,True,,3,CR,test,G02122,kept
CR_A_0073.jpg,original,,G02123,,train,val,True,,3,CR,train,G02123,moved_CR_group_split
CR_A_0079.jpg,original,,G02124,,train,val,True,,3,CR,train,G02124,moved_CR_group_split
CR_A_0085.jpg,original,,G02125,,val,train,True,,3,CR,train,G02125,kept
CR_A_0087.jpg,original,,G02126,,train,train,True,,3,CR,train,G02126,kept
CR_A_0089.jpg,original,,G02127,,test,train,True,,3,CR,val,G02127,moved_CR_group_split
CR_A_0094.jpg,original,,G02128,,train,train,True,,3,CR,val,G02128,moved_CR_group_split
CR_A_0095.jpg,original,,G02129,,train,test,True,,3,CR,train,G02129,moved_CR_group_split
CR_A_0096.JPG,original,,G02130,,test,train,True,,3,CR,train,G02130,kept
CR_A_0097.JPG,original,,G02131,,train,train,False,ambiguous_or_no_visible_CR_cue,3,CR,train,G02131,excluded_ambiguous_CR
CR_A_0098.JPG,original,,G02132,C041,train,val,False,ambiguous_or_no_visible_CR_cue,3,CR,val,G02132,excluded_ambiguous_CR
CR_A_0099.JPG,original,,G02132,C041,train,val,False,ambiguous_or_no_visible_CR_cue,3,CR,val,G02132,excluded_ambiguous_CR
CR_A_0100.JPG,original,,G02133,C042,train,val,False,ambiguous_or_no_visible_CR_cue,3,CR,val,G02133,excluded_ambiguous_CR
CR_A_0101.JPG,original,,G02133,C042,train,val,False,ambiguous_or_no_visible_CR_cue,3,CR,val,G02133,excluded_ambiguous_CR
CR_A_0102.JPG,original,,G02133,C042,train,val,False,ambiguous_or_no_visible_CR_cue,3,CR,val,G02133,excluded_ambiguous_CR
CR_A_0103.JPG,original,,G02133,C042,train,val,False,ambiguous_or_no_visible_CR_cue,3,CR,val,G02133,excluded_ambiguous_CR
CR_A_0104.jpg,original,,G02134,,train,train,True,,3,CR,train,G02134,kept
CR_A_0105.jpg,original,,G02135,,train,train,True,,3,CR,train,G02135,kept
CR_A_0106.jpg,original,,G02136,,train,train,True,,3,CR,test,G02136,moved_CR_group_split
CR_A_0107.jpg,original,,G02137,,train,train,True,,3,CR,test,G02137,moved_CR_group_split
CR_A_0108.jpg,original,,G02138,,train,train,True,,3,CR,train,G02138,kept
CR_A_0109.jpg,original,,G02139,,train,train,True,,3,CR,train,G02139,kept
CR_A_0110.jpg,original,,G02140,,train,train,True,,3,CR,train,G02140,kept
CR_A_0111.jpg,original,,G02141,,train,train,True,,3,CR,train,G02141,kept
CR_A_0112.jpg,original,,G02142,,train,train,True,,3,CR,val,G02142,moved_CR_group_split
CR_A_0113.jpg,original,,G02143,,train,train,True,,3,CR,train,G02143,kept
CR_A_0114.jpg,original,,G02144,,val,train,True,,3,CR,train,G02144,kept
CR_A_0115.jpg,original,,G02145,,train,test,True,,3,CR,train,G02145,moved_CR_group_split
CR_A_0116.jpg,original,,G02146,,val,val,True,,3,CR,val,G02146,kept
CR_A_0117.jpg,original,,G02147,,train,train,True,,3,CR,train,G02147,kept
CR_A_0118.jpg,original,,G02148,,val,train,True,,3,CR,train,G02148,kept
CR_A_0119.jpg,original,,G02149,,test,val,True,,3,CR,train,G02149,moved_CR_group_split
CR_A_0120.jpg,original,,G02150,,train,train,True,,3,CR,train,G02150,kept
CR_A_0121.jpg,original,,G02151,,train,train,True,,3,CR,train,G02151,kept
CR_A_0122.jpg,original,,G02152,,test,train,True,,3,CR,val,G02152,moved_CR_group_split
CR_A_0123.jpg,original,,G02153,,train,train,True,,3,CR,train,G02153,kept
CR_A_0124.jpg,original,,G02154,,train,val,True,,3,CR,train,G02154,moved_CR_group_split
CR_A_0125.jpg,original,,G02155,,train,train,True,,3,CR,train,G02155,kept
CR_A_0126.jpg,original,,G02156,,train,train,True,,3,CR,train,G02156,kept
CR_A_0127.jpg,original,,G02157,,val,train,True,,3,CR,val,G02157,moved_CR_group_split
CR_A_0128.jpg,original,,G02158,,train,train,True,,3,CR,train,G02158,kept
CR_A_0129.jpg,original,,G02159,,train,train,True,,3,CR,train,G02159,kept
CR_A_0130.jpg,original,,G02160,,test,test,True,,3,CR,train,G02160,moved_CR_group_split
CR_A_0131.jpg,original,,G02161,,train,train,True,,3,CR,train,G02161,kept
CR_A_0132.jpg,original,,G02162,,train,train,True,,3,CR,train,G02162,kept
CR_A_0135.jpg,original,,G02163,,train,test,True,,3,CR,val,G02163,moved_CR_group_split
CR_A_0136.jpg,original,,G02164,,train,val,True,,3,CR,train,G02164,moved_CR_group_split
CR_A_0137.jpg,original,,G02165,,train,train,True,,3,CR,test,G02165,moved_CR_group_split
CR_A_0138.jpg,original,,G02166,,train,train,True,,3,CR,train,G02166,kept
CR_A_0139.jpg,original,,G02167,,train,test,True,,3,CR,test,G02167,kept
CR_A_0140.jpg,original,,G02168,,train,train,True,,3,CR,val,G02168,moved_CR_group_split
CR_A_0141.jpg,original,,G02169,,train,val,True,,3,CR,train,G02169,moved_CR_group_split
CR_A_0142.jpg,original,,G02170,,train,test,True,,3,CR,train,G02170,moved_CR_group_split
CR_A_0145.jpg,original,,G02171,,val,train,True,,3,CR,test,G02171,moved_CR_group_split
CR_A_0146.jpg,original,,G02172,,train,train,True,,3,CR,train,G02172,kept
CR_A_0147.jpg,original,,G02173,,train,train,True,,3,CR,train,G02173,kept
CR_A_0148.jpg,original,,G02174,,train,train,True,,3,CR,train,G02174,kept
CR_A_0149.jpg,original,,G02175,,train,test,True,,3,CR,train,G02175,moved_CR_group_split
CR_A_0150.jpg,original,,G02176,,train,train,True,,3,CR,train,G02176,kept
CR_A_0151.jpg,original,,G02177,,train,train,True,,3,CR,train,G02177,kept
CR_A_0152.jpg,original,,G02178,,train,train,True,,3,CR,val,G02178,moved_CR_group_split
CR_A_0153.jpg,original,,G02179,,train,val,True,,3,CR,train,G02179,moved_CR_group_split
CR_A_0154.jpg,original,,G02180,,test,val,True,,3,CR,train,G02180,moved_CR_group_split
CR_A_0159.jpg,original,,G02181,,train,val,True,,3,CR,train,G02181,moved_CR_group_split
CR_A_0160.jpg,original,,G02182,,val,train,True,,3,CR,train,G02182,kept
CR_A_0161.jpg,original,,G02183,,train,train,True,,3,CR,train,G02183,kept
CR_A_0162.jpg,original,,G02184,,train,val,True,,3,CR,train,G02184,moved_CR_group_split
CR_A_0163.jpg,original,,G02185,,train,train,True,,3,CR,train,G02185,kept
CR_A_0164.jpg,original,,G02186,,train,val,True,,3,CR,train,G02186,moved_CR_group_split
CR_A_0165.jpg,original,,G02187,,train,test,True,,3,CR,train,G02187,moved_CR_group_split
CR_A_0166.jpg,original,,G02188,,test,train,True,,3,CR,train,G02188,kept
CR_A_0168.jpg,original,,G02189,,train,train,True,,3,CR,train,G02189,kept
CR_A_0169.jpg,original,,G02190,,val,test,True,,3,CR,train,G02190,moved_CR_group_split
CR_A_0170.jpg,original,,G02191,,train,train,True,,3,CR,train,G02191,kept
CR_A_0173.jpg,original,,G02192,,train,train,False,ambiguous_or_no_visible_CR_cue,3,CR,train,G02192,excluded_ambiguous_CR
CR_A_0174.jpg,original,,G02193,C043,test,test,False,ambiguous_or_no_visible_CR_cue,3,CR,test,G02193,excluded_ambiguous_CR
CR_A_0175.jpg,original,,G02193,C043,train,test,False,ambiguous_or_no_visible_CR_cue,3,CR,test,G02193,excluded_ambiguous_CR
CR_A_0176.jpg,original,,G02194,C044,train,test,False,ambiguous_or_no_visible_CR_cue,3,CR,test,G02194,excluded_ambiguous_CR
CR_A_0177.jpg,original,,G02194,C044,train,test,False,ambiguous_or_no_visible_CR_cue,3,CR,test,G02194,excluded_ambiguous_CR
CR_A_0178.jpg,original,,G02194,C044,train,test,False,ambiguous_or_no_visible_CR_cue,3,CR,test,G02194,excluded_ambiguous_CR
CR_A_0179.jpg,original,,G02194,C044,train,test,False,ambiguous_or_no_visible_CR_cue,3,CR,test,G02194,excluded_ambiguous_CR
CR_B_0001.jpg,original,,G02195,C050,train,train,True,,3,CR,test,G02195,moved_CR_group_split
CR_B_0002.jpg,original,,G02195,C050,test,train,True,,3,CR,test,G02195,moved_CR_group_split
CR_B_0003.jpg,original,,G02196,,train,val,True,,3,CR,val,G02196,kept
CR_B_0004.jpg,original,,G02197,,train,train,True,,3,CR,val,G02197,moved_CR_group_split
CR_B_0005.jpg,original,,G02198,,train,train,True,,3,CR,train,G02198,kept
CR_B_0006.jpg,original,,G02199,,train,train,True,,3,CR,train,G02199,kept
CR_B_0007.jpg,original,,G02200,,train,train,True,,3,CR,train,G02200,kept
CR_B_0012.jpg,original,,G02201,,train,train,True,,3,CR,train,G02201,kept
CR_B_0013.jpg,original,,G02202,,train,val,True,,3,CR,train,G02202,moved_CR_group_split
CR_B_0014.jpg,original,,G02203,,test,test,True,,3,CR,train,G02203,moved_CR_group_split
CR_B_0015.jpg,original,,G02204,,train,val,True,,3,CR,train,G02204,moved_CR_group_split
CR_B_0016.jpg,original,,G02205,,val,test,True,,3,CR,train,G02205,moved_CR_group_split
CR_B_0017.jpg,original,,G02206,,train,train,True,,3,CR,train,G02206,kept
CR_B_0018.jpg,original,,G02207,,train,train,True,,3,CR,train,G02207,kept
CR_B_0019.jpg,original,,G02208,,train,train,True,,3,CR,train,G02208,kept
CR_B_0020.jpg,original,,G02209,,train,test,True,,3,CR,train,G02209,moved_CR_group_split
CR_B_0021.jpg,original,,G02210,,train,train,True,,3,CR,train,G02210,kept
CR_B_0022.jpg,original,,G02211,,train,train,True,,3,CR,train,G02211,kept
CR_B_0023.jpg,original,,G02212,,train,train,True,,3,CR,train,G02212,kept
CR_B_0024.jpg,original,,G02213,C049,test,test,True,,3,CR,val,G02213,moved_CR_group_split
CR_B_0025.jpg,original,,G02213,C049,train,test,True,,3,CR,val,G02213,moved_CR_group_split
CR_B_0026.jpg,original,,G02214,,train,train,True,,3,CR,train,G02214,kept
CR_B_0027.jpg,original,,G02215,,train,train,True,,3,CR,train,G02215,kept
CR_B_0028.jpg,original,,G02216,,test,train,True,,3,CR,train,G02216,kept
CR_B_0029.jpg,original,,G02217,,train,test,True,,3,CR,train,G02217,moved_CR_group_split
CR_B_0030.jpg,original,,G02218,,test,train,True,,3,CR,train,G02218,kept
CR_B_0031.jpg,original,,G02219,,train,train,True,,3,CR,train,G02219,kept
CR_B_0032.jpg,original,,G02220,,train,val,True,,3,CR,train,G02220,moved_CR_group_split
CR_B_0033.jpg,original,,G02221,,train,val,True,,3,CR,train,G02221,moved_CR_group_split
CR_B_0034.jpg,original,,G02222,,train,val,True,,3,CR,train,G02222,moved_CR_group_split
CR_B_0035.jpg,original,,G02223,,train,train,True,,3,CR,val,G02223,moved_CR_group_split
CR_B_0036.jpg,original,,G02224,,train,train,True,,3,CR,train,G02224,kept
CR_B_0037.jpg,original,,G02225,,train,test,True,,3,CR,train,G02225,moved_CR_group_split
CR_B_0038.jpg,original,,G02226,,train,train,True,,3,CR,test,G02226,moved_CR_group_split
CR_B_0039.jpg,original,,G02227,,val,train,True,,3,CR,test,G02227,moved_CR_group_split
CR_B_0044.jpg,original,,G02228,,train,train,True,,3,CR,train,G02228,kept
CR_B_0048.jpg,original,,G02229,,train,test,True,,3,CR,train,G02229,moved_CR_group_split
CR_B_0054.jpg,original,,G02230,,train,val,True,,3,CR,test,G02230,moved_CR_group_split
CR_B_0056.jpg,original,,G02231,,train,train,True,,3,CR,train,G02231,kept
CR_B_0057.jpg,original,,G02232,,val,train,True,,3,CR,train,G02232,kept
CR_B_0059.jpg,original,,G02233,,train,train,True,,3,CR,train,G02233,kept
CR_B_0060.jpg,original,,G02234,,train,val,True,,3,CR,train,G02234,moved_CR_group_split
CR_B_0061.jpg,original,,G02235,,val,val,True,,3,CR,test,G02235,moved_CR_group_split
CR_B_0064.JPG,original,,G02236,,train,train,True,,3,CR,train,CRSEQ_B_0064_0070,kept
CR_B_0065.JPG,original,,G02237,,train,train,True,,3,CR,train,CRSEQ_B_0064_0070,kept
CR_B_0066.JPG,original,,G02238,C045,train,train,True,,3,CR,test,CRSEQ_B_0064_0070,moved_CR_group_split
CR_B_0067.JPG,original,,G02238,C045,train,train,True,,3,CR,test,CRSEQ_B_0064_0070,moved_CR_group_split
CR_B_0068.JPG,original,,G02238,C045,train,train,True,,3,CR,test,CRSEQ_B_0064_0070,moved_CR_group_split
CR_B_0069.JPG,original,,G02238,C045,test,train,True,,3,CR,test,CRSEQ_B_0064_0070,moved_CR_group_split
CR_B_0070.JPG,original,,G02238,C045,train,train,True,,3,CR,test,CRSEQ_B_0064_0070,moved_CR_group_split
CR_B_0071.jpg,original,,G02239,,val,train,True,,3,CR,test,G02239,moved_CR_group_split
CR_B_0072.jpg,original,,G02240,,train,train,True,,3,CR,test,G02240,moved_CR_group_split
CR_B_0073.jpg,original,,G02241,,train,train,True,,3,CR,train,G02241,kept
CR_B_0074.jpg,original,,G02242,,val,train,True,,3,CR,val,G02242,moved_CR_group_split
CR_B_0075.jpg,original,,G02243,,train,train,True,,3,CR,train,G02243,kept
CR_B_0076.jpg,original,,G02244,,train,test,True,,3,CR,test,G02244,kept
CR_B_0077.jpg,original,,G02245,,val,train,True,,3,CR,test,G02245,moved_CR_group_split
CR_B_0078.jpg,original,,G02246,,train,train,True,,3,CR,train,G02246,kept
CR_B_0079.jpg,original,,G02247,,train,train,True,,3,CR,train,G02247,kept
CR_B_0080.jpg,original,,G02248,,train,test,True,,3,CR,train,G02248,moved_CR_group_split
CR_B_0081.jpg,original,,G02249,,test,train,True,,3,CR,train,G02249,kept
CR_B_0082.jpg,original,,G02250,,val,train,True,,3,CR,train,G02250,kept
CR_B_0083.jpg,original,,G02251,,train,train,True,,3,CR,train,G02251,kept
CR_B_0084.jpg,original,,G02252,,train,test,True,,3,CR,test,G02252,kept
CR_B_0085.jpg,original,,G02253,,val,train,True,,3,CR,test,G02253,moved_CR_group_split
CR_B_0086.jpg,original,,G02254,,train,val,True,,3,CR,train,G02254,moved_CR_group_split
CR_B_0087.jpg,original,,G02255,,train,train,True,,3,CR,train,G02255,kept
CR_B_0088.jpg,original,,G02256,,val,train,True,,3,CR,train,G02256,kept
CR_B_0091.jpg,original,,G02257,,train,train,True,,3,CR,train,G02257,kept
CR_B_0092.jpg,original,,G02258,,train,train,True,,3,CR,train,G02258,kept
CR_B_0093.jpg,original,,G02259,,test,test,True,,3,CR,test,G02259,kept
CR_B_0094.jpg,original,,G02260,,train,train,True,,3,CR,train,G02260,kept
CR_B_0095.jpg,original,,G02261,,train,val,False,ambiguous_or_no_visible_CR_cue,3,CR,val,G02261,excluded_ambiguous_CR
CR_B_0096.jpg,original,,G02262,,train,train,True,,3,CR,train,G02262,kept
CR_B_0097.jpg,original,,G02263,,train,train,True,,3,CR,train,G02263,kept
CR_B_0100.jpg,original,,G02264,,train,val,True,,3,CR,train,G02264,moved_CR_group_split
CR_B_0101.jpg,original,,G02265,,train,train,True,,3,CR,train,G02265,kept
CR_B_0102.jpg,original,,G02266,,train,train,True,,3,CR,train,G02266,kept
CR_B_0105.jpg,original,,G02267,,train,train,False,near_duplicate_reencoded_copy,3,CR,train,G02267,excluded_near_duplicate
CR_B_0107.jpg,original,,G02268,,val,val,False,near_duplicate_reencoded_copy,3,CR,val,G02268,excluded_near_duplicate
CR_B_0108.jpg,original,,G02269,C046,train,val,False,near_duplicate_reencoded_copy,3,CR,val,G02269,excluded_near_duplicate
CR_B_0109.jpg,original,,G02269,C046,train,val,False,near_duplicate_reencoded_copy,3,CR,val,G02269,excluded_near_duplicate
CR_B_0110.jpg,original,,G02269,C046,train,val,False,near_duplicate_reencoded_copy,3,CR,val,G02269,excluded_near_duplicate
CR_B_0111.jpg,original,,G02270,C048,test,train,False,near_duplicate_reencoded_copy,3,CR,train,G02270,excluded_near_duplicate
CR_B_0112.jpg,original,,G02270,C048,test,train,False,near_duplicate_reencoded_copy,3,CR,train,G02270,excluded_near_duplicate
CR_C_0002.jpg,original,,G02271,,train,train,True,,3,CR,train,G02271,kept
CR_C_0003.jpg,original,,G02272,,val,test,True,,3,CR,train,G02272,moved_CR_group_split
CR_C_0004.jpg,original,,G02273,,train,train,True,,3,CR,train,G02273,kept
CR_C_0005.jpg,original,,G02274,,train,val,True,,3,CR,train,G02274,moved_CR_group_split
CR_C_0006.jpg,original,,G02275,,train,train,True,,3,CR,train,G02275,kept
CR_C_0007.jpg,original,,G02276,,test,test,True,,3,CR,train,G02276,moved_CR_group_split
CR_C_0008.jpg,original,,G02277,,val,val,True,,3,CR,train,G02277,moved_CR_group_split
CR_C_0012.jpg,original,,G02278,,train,train,True,,3,CR,train,G02278,kept
CR_C_0013.jpg,original,,G02279,,train,train,True,,3,CR,train,G02279,kept
CR_C_0014.jpg,original,,G02280,,train,train,True,,3,CR,train,G02280,kept
CR_C_0015.jpg,original,,G02281,,train,train,True,,3,CR,train,G02281,kept
SM_A_0002.jpg,original,,G02282,,train,train,True,,4,SM,train,G02282,kept
SM_A_0003.jpg,original,,G02283,,train,train,True,,4,SM,train,G02283,kept
SM_A_0006.jpg,original,,G02284,,train,train,True,,4,SM,train,G02284,kept
SM_A_0007.jpg,original,,G02285,,train,train,True,,4,SM,train,G02285,kept
SM_B_0006.jpg,original,,G02286,,train,train,True,,4,SM,train,G02286,kept
SM_B_0007.jpg,original,,G02287,C062,val,train,True,,4,SM,train,G02287,kept
SM_C_0001.jpg,original,,G02288,,train,train,True,,4,SM,train,G02288,kept
SM_C_0004.jpg,original,,G02289,,train,train,True,,4,SM,train,G02289,kept
SM_C_0005.jpg,original,,G02290,,train,train,True,,4,SM,train,G02290,kept
SM_C_0006.jpg,original,,G02291,,train,train,True,,4,SM,train,G02291,kept
SM_C_0007.jpg,original,,G02292,,train,train,True,,4,SM,train,G02292,kept
SM_C_0008.jpg,original,,G02293,,val,train,True,,4,SM,train,G02293,kept
SM_D_0002.jpg,original,,G02294,,train,train,True,,4,SM,train,G02294,kept
SM_D_0003.jpg,original,,G02295,,train,val,True,,4,SM,val,G02295,kept
SM_D_0004.jpg,original,,G02296,,train,train,True,,4,SM,train,G02296,kept
SM_D_0005.jpg,original,,G02297,,train,train,True,,4,SM,train,G02297,kept
SM_D_0006.jpg,original,,G02298,,train,val,True,,4,SM,val,G02298,kept
SM_D_0007.jpg,original,,G02299,,train,train,True,,4,SM,train,G02299,kept
SM_D_0009.jpg,original,,G02300,,train,train,True,,4,SM,train,G02300,kept
SM_D_0010.jpg,original,,G02301,,test,test,True,,4,SM,test,G02301,kept
SM_D_0011.jpg,original,,G02302,,train,test,True,,4,SM,test,G02302,kept
SM_D_0012.jpg,original,,G02303,,train,train,True,,4,SM,train,G02303,kept
SM_D_0013.jpg,original,,G02304,C047,train,val,True,,4,SM,val,G02304,kept
SM_D_0014.jpg,original,,G02304,C047,train,val,True,,4,SM,val,G02304,kept
SM_D_0015.jpg,original,,G02305,,train,train,True,,4,SM,train,G02305,kept
SM_D_0016.jpg,original,,G02306,,train,test,True,,4,SM,test,G02306,kept
SM_D_0017.jpg,original,,G02307,,train,test,True,,4,SM,test,G02307,kept
SM_D_0018.jpg,original,,G02308,,train,train,True,,4,SM,train,G02308,kept
SM_D_0019.jpg,original,,G02309,,train,val,True,,4,SM,val,G02309,kept
SM_D_0020.jpg,original,,G02310,,train,train,True,,4,SM,train,G02310,kept
aug_ANT_D_00000_ANT_D_0009.jpg,existing_aug,ANT_D_0009,G01674,,train,train,True,,1,ANT_CD,train,G01674,kept
aug_ANT_D_00001_ANT_D_0001.jpg,existing_aug,ANT_D_0001,G01666,,test,test,True,,1,ANT_CD,test,G01666,kept
aug_ANT_D_00002_ANT_D_0005.jpg,existing_aug,ANT_D_0005,G01670,,train,train,True,,1,ANT_CD,train,G01670,kept
aug_ANT_D_00003_ANT_D_0041.jpg,existing_aug,ANT_D_0041,G01701,,val,train,True,,1,ANT_CD,train,G01701,kept
aug_ANT_D_00004_ANT_D_0042.jpg,existing_aug,ANT_D_0042,G01702,,train,train,True,,1,ANT_CD,train,G01702,kept
aug_ANT_D_00005_ANT_D_0014.jpg,existing_aug,ANT_D_0014,G01678,,train,train,True,,0;1,ANT_AB;ANT_CD,train,G01678,kept
aug_ANT_D_00006_ANT_D_0029.jpg,existing_aug,ANT_D_0029,G01691,,val,train,True,,1,ANT_CD,train,G01691,kept
aug_ANT_D_00007_ANT_D_0015.jpg,existing_aug,ANT_D_0015,G01679,,test,train,True,,1,ANT_CD,train,G01679,kept
aug_ANT_D_00008_ANT_D_0016.jpg,existing_aug,ANT_D_0016,G01680,,test,train,True,,1,ANT_CD,train,G01680,kept
aug_ANT_D_00009_ANT_D_0018.jpg,existing_aug,ANT_D_0018,G01681,,train,train,True,,1,ANT_CD,train,G01681,kept
aug_ANT_D_00010_ANT_D_0008.jpg,existing_aug,ANT_D_0008,G01673,,test,train,True,,1,ANT_CD,train,G01673,kept
aug_ANT_D_00011_ANT_D_0013.jpg,existing_aug,ANT_D_0013,G01677,,train,train,True,,1,ANT_CD,train,G01677,kept
aug_ANT_D_00012_ANT_D_0033.jpg,existing_aug,ANT_D_0033,G01694,,train,train,True,,1,ANT_CD,train,G01694,kept
aug_ANT_D_00013_ANT_D_0026.jpg,existing_aug,ANT_D_0026,G01689,C004,train,val,True,,1,ANT_CD,val,G01689,kept
aug_ANT_D_00014_ANT_D_0006.jpg,existing_aug,ANT_D_0006,G01671,,train,val,True,,1,ANT_CD,val,G01671,kept
aug_ANT_D_00015_ANT_D_0011.jpg,existing_aug,ANT_D_0011,,,val,excluded,False,parent_original_missing,1,ANT_CD,excluded,,source_excluded
aug_ANT_D_00016_ANT_D_0005.jpg,existing_aug,ANT_D_0005,G01670,,val,train,True,,1,ANT_CD,train,G01670,kept
aug_ANT_D_00017_ANT_D_0024.jpg,existing_aug,ANT_D_0024,G01687,,test,train,True,,1,ANT_CD,train,G01687,kept
aug_ANT_D_00018_ANT_D_0031.jpg,existing_aug,ANT_D_0031,G01693,,test,test,True,,1,ANT_CD,test,G01693,kept
aug_ANT_D_00019_ANT_D_0045.jpg,existing_aug,ANT_D_0045,G01705,,train,val,True,,1,ANT_CD,val,G01705,kept
aug_ANT_D_00020_ANT_D_0010.jpg,existing_aug,ANT_D_0010,G01675,,train,train,True,,1,ANT_CD,train,G01675,kept
aug_ANT_D_00021_ANT_D_0007.jpg,existing_aug,ANT_D_0007,G01672,,train,train,True,,1,ANT_CD,train,G01672,kept
aug_ANT_D_00022_ANT_D_0028.jpg,existing_aug,ANT_D_0028,G01690,,train,train,True,,1,ANT_CD,train,G01690,kept
aug_ANT_D_00023_ANT_D_0049.jpg,existing_aug,ANT_D_0049,G01709,,train,train,True,,1,ANT_CD,train,G01709,kept
aug_ANT_D_00024_ANT_D_0027.jpg,existing_aug,ANT_D_0027,G01689,C004,train,val,True,,1,ANT_CD,val,G01689,kept
aug_ANT_D_00025_ANT_D_0012.jpg,existing_aug,ANT_D_0012,G01676,,test,test,True,,1,ANT_CD,test,G01676,kept
aug_ANT_D_00026_ANT_D_0035.jpg,existing_aug,ANT_D_0035,G01696,,train,train,True,,1,ANT_CD,train,G01696,kept
aug_ANT_D_00027_ANT_D_0029.jpg,existing_aug,ANT_D_0029,G01691,,train,train,True,,1,ANT_CD,train,G01691,kept
aug_ANT_D_00028_ANT_D_0042.jpg,existing_aug,ANT_D_0042,G01702,,train,train,True,,1,ANT_CD,train,G01702,kept
aug_ANT_D_00029_ANT_D_0011.jpg,existing_aug,ANT_D_0011,,,train,excluded,False,parent_original_missing,1,ANT_CD,excluded,,source_excluded
aug_ANT_D_00030_ANT_D_0021.jpg,existing_aug,ANT_D_0021,G01684,C006,train,test,True,,1,ANT_CD,test,G01684,kept
aug_ANT_D_00031_ANT_D_0045.jpg,existing_aug,ANT_D_0045,G01705,,val,val,True,,1,ANT_CD,val,G01705,kept
aug_ANT_D_00032_ANT_D_0021.jpg,existing_aug,ANT_D_0021,G01684,C006,train,test,True,,1,ANT_CD,test,G01684,kept
aug_ANT_D_00033_ANT_D_0049.jpg,existing_aug,ANT_D_0049,G01709,,train,train,True,,1,ANT_CD,train,G01709,kept
aug_ANT_D_00034_ANT_D_0046.jpg,existing_aug,ANT_D_0046,G01706,,train,val,True,,1,ANT_CD,val,G01706,kept
aug_ANT_D_00035_ANT_D_0024.jpg,existing_aug,ANT_D_0024,G01687,,val,train,True,,1,ANT_CD,train,G01687,kept
aug_ANT_D_00036_ANT_D_0034.jpg,existing_aug,ANT_D_0034,G01695,,train,train,True,,1,ANT_CD,train,G01695,kept
aug_ANT_D_00037_ANT_D_0005.jpg,existing_aug,ANT_D_0005,G01670,,train,train,True,,1,ANT_CD,train,G01670,kept
aug_ANT_D_00038_ANT_D_0042.jpg,existing_aug,ANT_D_0042,G01702,,train,train,True,,1,ANT_CD,train,G01702,kept
aug_ANT_D_00039_ANT_D_0043.jpg,existing_aug,ANT_D_0043,G01703,,train,train,True,,1,ANT_CD,train,G01703,kept
aug_ANT_D_00040_ANT_D_0030.jpg,existing_aug,ANT_D_0030,G01692,,train,train,True,,1,ANT_CD,train,G01692,kept
aug_ANT_D_00041_ANT_D_0043.jpg,existing_aug,ANT_D_0043,G01703,,train,train,True,,1,ANT_CD,train,G01703,kept
aug_ANT_D_00042_ANT_D_0018.jpg,existing_aug,ANT_D_0018,G01681,,train,train,True,,1,ANT_CD,train,G01681,kept
aug_ANT_D_00043_ANT_D_0017.jpg,existing_aug,ANT_D_0017,,,train,excluded,False,parent_original_missing,1,ANT_CD,excluded,,source_excluded
aug_ANT_D_00044_ANT_D_0022.jpg,existing_aug,ANT_D_0022,G01685,,train,test,True,,1,ANT_CD,test,G01685,kept
aug_ANT_D_00045_ANT_D_0024.jpg,existing_aug,ANT_D_0024,G01687,,train,train,True,,1,ANT_CD,train,G01687,kept
aug_ANT_D_00046_ANT_D_0006.jpg,existing_aug,ANT_D_0006,G01671,,train,val,True,,1,ANT_CD,val,G01671,kept
aug_ANT_D_00047_ANT_D_0025.jpg,existing_aug,ANT_D_0025,G01688,,test,train,True,,1,ANT_CD,train,G01688,kept
aug_ANT_D_00048_ANT_D_0047.jpg,existing_aug,ANT_D_0047,G01707,,train,val,True,,1,ANT_CD,val,G01707,kept
aug_ANT_D_00049_ANT_D_0026.jpg,existing_aug,ANT_D_0026,G01689,C004,val,val,True,,1,ANT_CD,val,G01689,kept
aug_ANT_D_00050_ANT_D_0016.jpg,existing_aug,ANT_D_0016,G01680,,train,train,True,,1,ANT_CD,train,G01680,kept
aug_ANT_D_00051_ANT_D_0030.jpg,existing_aug,ANT_D_0030,G01692,,val,train,True,,1,ANT_CD,train,G01692,kept
aug_ANT_D_00052_ANT_D_0020.jpg,existing_aug,ANT_D_0020,G01683,C007,train,train,True,,1,ANT_CD,train,G01683,kept
aug_ANT_D_00053_ANT_D_0050.jpg,existing_aug,ANT_D_0050,G01710,,train,train,True,,1,ANT_CD,train,G01710,kept
aug_ANT_D_00054_ANT_D_0039.jpg,existing_aug,ANT_D_0039,G01699,C005,train,val,True,,1,ANT_CD,val,G01699,kept
aug_ANT_D_00055_ANT_D_0020.jpg,existing_aug,ANT_D_0020,G01683,C007,train,train,True,,1,ANT_CD,train,G01683,kept
aug_ANT_D_00056_ANT_D_0019.jpg,existing_aug,ANT_D_0019,G01682,,train,val,True,,1,ANT_CD,val,G01682,kept
aug_ANT_D_00057_ANT_D_0001.jpg,existing_aug,ANT_D_0001,G01666,,train,test,True,,1,ANT_CD,test,G01666,kept
aug_ANT_D_00058_ANT_D_0013.jpg,existing_aug,ANT_D_0013,G01677,,train,train,True,,1,ANT_CD,train,G01677,kept
aug_BLS_D_00059_BLS_D_0009.jpg,existing_aug,BLS_D_0009,G02079,C010,train,train,True,,2,BLS,train,G02079,kept
aug_BLS_D_00060_BLS_D_0007.jpg,existing_aug,BLS_D_0007,G02077,,train,train,True,,2,BLS,train,G02077,kept
aug_BLS_D_00061_BLS_D_0005.jpg,existing_aug,BLS_D_0005,G02076,C008,train,val,True,,2,BLS,val,G02076,kept
aug_BLS_D_00062_BLS_D_0006.jpg,existing_aug,BLS_D_0006,G02076,C008,train,val,True,,2,BLS,val,G02076,kept
aug_BLS_D_00063_BLS_D_0006.jpg,existing_aug,BLS_D_0006,G02076,C008,train,val,True,,2,BLS,val,G02076,kept
aug_BLS_D_00064_BLS_D_0008.jpg,existing_aug,BLS_D_0008,G02078,C009,train,train,True,,2,BLS,train,G02078,kept
aug_BLS_D_00065_BLS_D_0008.jpg,existing_aug,BLS_D_0008,G02078,C009,test,train,True,,2,BLS,train,G02078,kept
aug_BLS_D_00066_BLS_D_0009.jpg,existing_aug,BLS_D_0009,G02079,C010,train,train,True,,2,BLS,train,G02079,kept
aug_BLS_D_00067_BLS_D_0009.jpg,existing_aug,BLS_D_0009,G02079,C010,train,train,True,,2,BLS,train,G02079,kept
aug_BLS_D_00068_BLS_D_0004.jpg,existing_aug,BLS_D_0004,G02076,C008,train,val,True,,2,BLS,val,G02076,kept
aug_BLS_D_00069_BLS_D_0006.jpg,existing_aug,BLS_D_0006,G02076,C008,train,val,True,,2,BLS,val,G02076,kept
aug_BLS_D_00070_BLS_D_0004.jpg,existing_aug,BLS_D_0004,G02076,C008,val,val,True,,2,BLS,val,G02076,kept
aug_BLS_D_00071_BLS_D_0010.jpg,existing_aug,BLS_D_0010,G02080,,train,train,True,,2,BLS,train,G02080,kept
aug_BLS_D_00072_BLS_D_0007.jpg,existing_aug,BLS_D_0007,G02077,,train,train,True,,2,BLS,train,G02077,kept
aug_BLS_D_00073_BLS_D_0002.jpg,existing_aug,BLS_D_0002,G02074,C011,test,train,True,,2,BLS,train,G02074,kept
aug_BLS_D_00074_BLS_D_0002.jpg,existing_aug,BLS_D_0002,G02074,C011,train,train,True,,2,BLS,train,G02074,kept
aug_BLS_D_00075_BLS_D_0003.jpg,existing_aug,BLS_D_0003,G02075,,train,test,True,,2,BLS,test,G02075,kept
aug_BLS_D_00076_BLS_D_0009.jpg,existing_aug,BLS_D_0009,G02079,C010,train,train,True,,2,BLS,train,G02079,kept
aug_BLS_D_00077_BLS_D_0008.jpg,existing_aug,BLS_D_0008,G02078,C009,train,train,True,,2,BLS,train,G02078,kept
aug_BLS_D_00078_BLS_A_0108.jpg,existing_aug,BLS_A_0108,,,train,excluded,False,parent_original_missing,2,BLS,excluded,,source_excluded
aug_BLS_D_00079_BLS_D_0009.jpg,existing_aug,BLS_D_0009,G02079,C010,train,train,True,,2,BLS,train,G02079,kept
aug_BLS_D_00080_BLS_D_0001.jpg,existing_aug,BLS_D_0001,G02073,,train,test,True,,2,BLS,test,G02073,kept
aug_BLS_D_00081_BLS_D_0004.jpg,existing_aug,BLS_D_0004,G02076,C008,train,val,True,,2,BLS,val,G02076,kept
aug_BLS_D_00082_BLS_D_0003.jpg,existing_aug,BLS_D_0003,G02075,,train,test,True,,2,BLS,test,G02075,kept
aug_BLS_D_00083_BLS_D_0008.jpg,existing_aug,BLS_D_0008,G02078,C009,val,train,True,,2,BLS,train,G02078,kept
aug_BLS_D_00084_BLS_D_0008.jpg,existing_aug,BLS_D_0008,G02078,C009,test,train,True,,2,BLS,train,G02078,kept
aug_BLS_D_00085_BLS_D_0010.jpg,existing_aug,BLS_D_0010,G02080,,train,train,True,,2,BLS,train,G02080,kept
aug_BLS_D_00086_BLS_A_0108.jpg,existing_aug,BLS_A_0108,,,train,excluded,False,parent_original_missing,2,BLS,excluded,,source_excluded
aug_BLS_D_00087_BLS_D_0001.jpg,existing_aug,BLS_D_0001,G02073,,train,test,True,,2,BLS,test,G02073,kept
aug_BLS_D_00088_BLS_A_0108.jpg,existing_aug,BLS_A_0108,,,train,excluded,False,parent_original_missing,2,BLS,excluded,,source_excluded
aug_BLS_D_00089_BLS_D_0007.jpg,existing_aug,BLS_D_0007,G02077,,train,train,True,,2,BLS,train,G02077,kept
aug_BLS_D_00090_BLS_D_0002.jpg,existing_aug,BLS_D_0002,G02074,C011,train,train,True,,2,BLS,train,G02074,kept
aug_BLS_D_00091_BLS_D_0009.jpg,existing_aug,BLS_D_0009,G02079,C010,train,train,True,,2,BLS,train,G02079,kept
aug_BLS_D_00092_BLS_D_0002.jpg,existing_aug,BLS_D_0002,G02074,C011,train,train,True,,2,BLS,train,G02074,kept
aug_BLS_D_00093_BLS_D_0008.jpg,existing_aug,BLS_D_0008,G02078,C009,val,train,True,,2,BLS,train,G02078,kept
aug_BLS_D_00094_BLS_D_0010.jpg,existing_aug,BLS_D_0010,G02080,,train,train,True,,2,BLS,train,G02080,kept
aug_BLS_D_00095_BLS_D_0005.jpg,existing_aug,BLS_D_0005,G02076,C008,train,val,True,,2,BLS,val,G02076,kept
aug_BLS_D_00096_BLS_D_0005.jpg,existing_aug,BLS_D_0005,G02076,C008,train,val,True,,2,BLS,val,G02076,kept
aug_BLS_D_00097_BLS_D_0003.jpg,existing_aug,BLS_D_0003,G02075,,train,test,True,,2,BLS,test,G02075,kept
aug_BLS_D_00098_BLS_D_0001.jpg,existing_aug,BLS_D_0001,G02073,,train,test,True,,2,BLS,test,G02073,kept
aug_BLS_D_00099_BLS_D_0006.jpg,existing_aug,BLS_D_0006,G02076,C008,train,val,True,,2,BLS,val,G02076,kept
aug_BLS_D_00100_BLS_D_0008.jpg,existing_aug,BLS_D_0008,G02078,C009,train,train,True,,2,BLS,train,G02078,kept
aug_BLS_D_00101_BLS_D_0007.jpg,existing_aug,BLS_D_0007,G02077,,train,train,True,,2,BLS,train,G02077,kept
aug_BLS_D_00102_BLS_D_0001.jpg,existing_aug,BLS_D_0001,G02073,,val,test,True,,2,BLS,test,G02073,kept
aug_BLS_D_00103_BLS_D_0003.jpg,existing_aug,BLS_D_0003,G02075,,train,test,True,,2,BLS,test,G02075,kept
aug_BLS_D_00104_BLS_D_0008.jpg,existing_aug,BLS_D_0008,G02078,C009,train,train,True,,2,BLS,train,G02078,kept
aug_BLS_D_00105_BLS_D_0005.jpg,existing_aug,BLS_D_0005,G02076,C008,train,val,True,,2,BLS,val,G02076,kept
aug_BLS_D_00106_BLS_D_0008.jpg,existing_aug,BLS_D_0008,G02078,C009,train,train,True,,2,BLS,train,G02078,kept
aug_BLS_D_00107_BLS_D_0009.jpg,existing_aug,BLS_D_0009,G02079,C010,train,train,True,,2,BLS,train,G02079,kept
aug_BLS_D_00108_BLS_D_0005.jpg,existing_aug,BLS_D_0005,G02076,C008,train,val,True,,2,BLS,val,G02076,kept
aug_BLS_D_00109_BLS_D_0002.jpg,existing_aug,BLS_D_0002,G02074,C011,train,train,True,,2,BLS,train,G02074,kept
aug_BLS_D_00110_BLS_A_0108.jpg,existing_aug,BLS_A_0108,,,train,excluded,False,parent_original_missing,2,BLS,excluded,,source_excluded
aug_BLS_D_00111_BLS_D_0008.jpg,existing_aug,BLS_D_0008,G02078,C009,train,train,True,,2,BLS,train,G02078,kept
aug_BLS_D_00112_BLS_D_0008.jpg,existing_aug,BLS_D_0008,G02078,C009,train,train,True,,2,BLS,train,G02078,kept
aug_BLS_D_00113_BLS_D_0005.jpg,existing_aug,BLS_D_0005,G02076,C008,val,val,True,,2,BLS,val,G02076,kept
aug_BLS_D_00114_BLS_D_0001.jpg,existing_aug,BLS_D_0001,G02073,,train,test,True,,2,BLS,test,G02073,kept
aug_BLS_D_00115_BLS_D_0002.jpg,existing_aug,BLS_D_0002,G02074,C011,train,train,True,,2,BLS,train,G02074,kept
aug_BLS_D_00116_BLS_D_0004.jpg,existing_aug,BLS_D_0004,G02076,C008,train,val,True,,2,BLS,val,G02076,kept
aug_BLS_D_00117_BLS_A_0108.jpg,existing_aug,BLS_A_0108,,,train,excluded,False,parent_original_missing,2,BLS,excluded,,source_excluded
aug_BLS_D_00118_BLS_D_0003.jpg,existing_aug,BLS_D_0003,G02075,,train,test,True,,2,BLS,test,G02075,kept
aug_BLS_D_00119_BLS_D_0004.jpg,existing_aug,BLS_D_0004,G02076,C008,train,val,True,,2,BLS,val,G02076,kept
aug_BLS_D_00120_BLS_A_0108.jpg,existing_aug,BLS_A_0108,,,train,excluded,False,parent_original_missing,2,BLS,excluded,,source_excluded
aug_BLS_D_00121_BLS_D_0003.jpg,existing_aug,BLS_D_0003,G02075,,train,test,True,,2,BLS,test,G02075,kept
aug_BLS_D_00122_BLS_D_0009.jpg,existing_aug,BLS_D_0009,G02079,C010,train,train,True,,2,BLS,train,G02079,kept
aug_BLS_D_00123_BLS_D_0007.jpg,existing_aug,BLS_D_0007,G02077,,train,train,True,,2,BLS,train,G02077,kept
aug_BLS_D_00124_BLS_D_0004.jpg,existing_aug,BLS_D_0004,G02076,C008,train,val,True,,2,BLS,val,G02076,kept
aug_BLS_D_00125_BLS_D_0005.jpg,existing_aug,BLS_D_0005,G02076,C008,val,val,True,,2,BLS,val,G02076,kept
aug_BLS_D_00126_BLS_D_0003.jpg,existing_aug,BLS_D_0003,G02075,,train,test,True,,2,BLS,test,G02075,kept
aug_CPD_00138_CPD_0001.jpg,existing_aug,CPD_0001,,,train,excluded,False,parent_original_missing,2,BLS,excluded,,source_excluded
aug_CR_C_00244_CR_C_0002.jpg,existing_aug,CR_C_0002,G02271,,train,train,True,,3,CR,train,G02271,kept
aug_CR_C_00245_CR_C_0003.jpg,existing_aug,CR_C_0003,G02272,,train,test,True,,3,CR,train,G02272,moved_CR_group_split
aug_CR_C_00246_CR_C_0013.jpg,existing_aug,CR_C_0013,G02279,,val,train,True,,3,CR,train,G02279,kept
aug_CR_C_00247_CR_C_0006.jpg,existing_aug,CR_C_0006,G02275,,train,train,True,,3,CR,train,G02275,kept
aug_CR_C_00248_CR_C_0007.jpg,existing_aug,CR_C_0007,G02276,,train,test,True,,3,CR,train,G02276,moved_CR_group_split
aug_CR_C_00249_CR_C_0011.jpg,existing_aug,CR_C_0011,,,train,excluded,False,parent_original_missing,3,CR,excluded,,source_excluded
aug_CR_C_00250_CR_C_0006.jpg,existing_aug,CR_C_0006,G02275,,train,train,True,,3,CR,train,G02275,kept
aug_CR_C_00251_CR_C_0015.jpg,existing_aug,CR_C_0015,G02281,,train,train,True,,3,CR,train,G02281,kept
aug_CR_C_00252_CR_C_0015.jpg,existing_aug,CR_C_0015,G02281,,train,train,True,,3,CR,train,G02281,kept
aug_CR_C_00253_CR_C_0015.jpg,existing_aug,CR_C_0015,G02281,,test,train,False,CR_augmentation_cap_max2_per_group,3,CR,train,G02281,excluded_CR_augmentation_excess
aug_CR_C_00254_CR_C_0009.jpg,existing_aug,CR_C_0009,,,train,excluded,False,parent_original_missing,3,CR,excluded,,source_excluded
aug_CR_C_00255_CR_C_0002.jpg,existing_aug,CR_C_0002,G02271,,test,train,True,,3,CR,train,G02271,kept
aug_CR_C_00256_CR_C_0015.jpg,existing_aug,CR_C_0015,G02281,,train,train,False,CR_augmentation_cap_max2_per_group,3,CR,train,G02281,excluded_CR_augmentation_excess
aug_CR_C_00257_CR_C_0012.jpg,existing_aug,CR_C_0012,G02278,,val,train,True,,3,CR,train,G02278,kept
aug_CR_C_00258_CR_C_0005.jpg,existing_aug,CR_C_0005,G02274,,val,val,True,,3,CR,train,G02274,moved_CR_group_split
aug_CR_C_00259_CR_C_0010.jpg,existing_aug,CR_C_0010,,,train,excluded,False,parent_original_missing,3,CR,excluded,,source_excluded
aug_CR_C_00260_CR_C_0006.jpg,existing_aug,CR_C_0006,G02275,,train,train,False,CR_augmentation_cap_max2_per_group,3,CR,train,G02275,excluded_CR_augmentation_excess
aug_CR_C_00261_CR_C_0001.jpg,existing_aug,CR_C_0001,,,train,excluded,False,parent_original_missing,3,CR,excluded,,source_excluded
aug_CR_C_00262_CR_C_0010.jpg,existing_aug,CR_C_0010,,,train,excluded,False,parent_original_missing,3,CR,excluded,,source_excluded
aug_CR_C_00263_CR_C_0010.jpg,existing_aug,CR_C_0010,,,train,excluded,False,parent_original_missing,3,CR,excluded,,source_excluded
aug_CR_C_00264_CR_C_0010.jpg,existing_aug,CR_C_0010,,,train,excluded,False,parent_original_missing,3,CR,excluded,,source_excluded
aug_CR_C_00265_CR_C_0001.jpg,existing_aug,CR_C_0001,,,test,excluded,False,parent_original_missing,3,CR,excluded,,source_excluded
aug_CR_C_00266_CR_C_0003.jpg,existing_aug,CR_C_0003,G02272,,train,test,True,,3,CR,train,G02272,moved_CR_group_split
aug_CR_C_00267_CR_C_0014.jpg,existing_aug,CR_C_0014,G02280,,train,train,True,,3,CR,train,G02280,kept
aug_CR_C_00268_CR_C_0013.jpg,existing_aug,CR_C_0013,G02279,,train,train,True,,3,CR,train,G02279,kept
aug_CR_C_00269_CR_C_0008.jpg,existing_aug,CR_C_0008,G02277,,train,val,True,,3,CR,train,G02277,moved_CR_group_split
aug_CR_C_00270_CR_C_0012.jpg,existing_aug,CR_C_0012,G02278,,test,train,True,,3,CR,train,G02278,kept
aug_CR_C_00271_CR_C_0002.jpg,existing_aug,CR_C_0002,G02271,,test,train,False,CR_augmentation_cap_max2_per_group,3,CR,train,G02271,excluded_CR_augmentation_excess
aug_CR_C_00272_CR_C_0003.jpg,existing_aug,CR_C_0003,G02272,,train,train,False,CR_augmentation_cap_max2_per_group,3,CR,train,G02272,excluded_CR_augmentation_excess
aug_CR_C_00273_CR_C_0013.jpg,existing_aug,CR_C_0013,G02279,,train,train,False,CR_augmentation_cap_max2_per_group,3,CR,train,G02279,excluded_CR_augmentation_excess
aug_CR_C_00274_CR_C_0009.jpg,existing_aug,CR_C_0009,,,val,excluded,False,parent_original_missing,3,CR,excluded,,source_excluded
aug_CR_C_00275_CR_C_0001.jpg,existing_aug,CR_C_0001,,,val,excluded,False,parent_original_missing,3,CR,excluded,,source_excluded
aug_CR_C_00276_CR_C_0010.jpg,existing_aug,CR_C_0010,,,train,excluded,False,parent_original_missing,3,CR,excluded,,source_excluded
aug_CR_C_00277_CR_C_0001.jpg,existing_aug,CR_C_0001,,,train,excluded,False,parent_original_missing,3,CR,excluded,,source_excluded
aug_CR_C_00278_CR_C_0008.jpg,existing_aug,CR_C_0008,G02277,,train,val,True,,3,CR,train,G02277,moved_CR_group_split
aug_CR_C_00279_CR_C_0007.jpg,existing_aug,CR_C_0007,G02276,,val,test,True,,3,CR,train,G02276,moved_CR_group_split
aug_CR_C_00280_CR_C_0012.jpg,existing_aug,CR_C_0012,G02278,,train,train,False,CR_augmentation_cap_max2_per_group,3,CR,train,G02278,excluded_CR_augmentation_excess
aug_CR_C_00281_CR_C_0014.jpg,existing_aug,CR_C_0014,G02280,,test,train,True,,3,CR,train,G02280,kept
aug_CR_C_00282_CR_C_0005.jpg,existing_aug,CR_C_0005,G02274,,train,val,True,,3,CR,train,G02274,moved_CR_group_split
aug_CR_C_00283_CR_C_0005.jpg,existing_aug,CR_C_0005,G02274,,train,train,False,CR_augmentation_cap_max2_per_group,3,CR,train,G02274,excluded_CR_augmentation_excess
aug_CR_C_00284_CR_C_0013.jpg,existing_aug,CR_C_0013,G02279,,train,train,False,CR_augmentation_cap_max2_per_group,3,CR,train,G02279,excluded_CR_augmentation_excess
aug_CR_C_00285_CR_C_0010.jpg,existing_aug,CR_C_0010,,,val,excluded,False,parent_original_missing,3,CR,excluded,,source_excluded
aug_CR_C_00286_CR_C_0004.jpg,existing_aug,CR_C_0004,G02273,,train,train,True,,3,CR,train,G02273,kept
aug_CR_C_00287_CR_C_0013.jpg,existing_aug,CR_C_0013,G02279,,train,train,False,CR_augmentation_cap_max2_per_group,3,CR,train,G02279,excluded_CR_augmentation_excess
aug_CR_C_00288_CR_C_0002.jpg,existing_aug,CR_C_0002,G02271,,train,train,False,CR_augmentation_cap_max2_per_group,3,CR,train,G02271,excluded_CR_augmentation_excess
aug_CR_C_00289_CR_C_0012.jpg,existing_aug,CR_C_0012,G02278,,train,train,False,CR_augmentation_cap_max2_per_group,3,CR,train,G02278,excluded_CR_augmentation_excess
aug_CR_C_00290_CR_C_0012.jpg,existing_aug,CR_C_0012,G02278,,test,train,False,CR_augmentation_cap_max2_per_group,3,CR,train,G02278,excluded_CR_augmentation_excess
aug_CR_C_00291_CR_C_0015.jpg,existing_aug,CR_C_0015,G02281,,val,train,False,CR_augmentation_cap_max2_per_group,3,CR,train,G02281,excluded_CR_augmentation_excess
aug_CR_C_00292_CR_C_0008.jpg,existing_aug,CR_C_0008,G02277,,train,train,False,CR_augmentation_cap_max2_per_group,3,CR,train,G02277,excluded_CR_augmentation_excess
aug_CR_C_00293_CR_C_0002.jpg,existing_aug,CR_C_0002,G02271,,train,train,False,CR_augmentation_cap_max2_per_group,3,CR,train,G02271,excluded_CR_augmentation_excess
aug_CR_C_00294_CR_C_0011.jpg,existing_aug,CR_C_0011,,,train,excluded,False,parent_original_missing,3,CR,excluded,,source_excluded
aug_CR_C_00295_CR_C_0015.jpg,existing_aug,CR_C_0015,G02281,,train,train,False,CR_augmentation_cap_max2_per_group,3,CR,train,G02281,excluded_CR_augmentation_excess
aug_CR_C_00296_CR_C_0009.jpg,existing_aug,CR_C_0009,,,test,excluded,False,parent_original_missing,3,CR,excluded,,source_excluded
aug_CR_C_00297_CR_C_0005.jpg,existing_aug,CR_C_0005,G02274,,val,train,False,CR_augmentation_cap_max2_per_group,3,CR,train,G02274,excluded_CR_augmentation_excess
aug_CR_C_00298_CR_C_0002.jpg,existing_aug,CR_C_0002,G02271,,train,train,False,CR_augmentation_cap_max2_per_group,3,CR,train,G02271,excluded_CR_augmentation_excess
aug_CR_C_00299_CR_C_0011.jpg,existing_aug,CR_C_0011,,,train,excluded,False,parent_original_missing,3,CR,excluded,,source_excluded
aug_CR_C_00300_CR_C_0007.jpg,existing_aug,CR_C_0007,G02276,,test,train,False,CR_augmentation_cap_max2_per_group,3,CR,train,G02276,excluded_CR_augmentation_excess
aug_CR_C_00301_CR_C_0003.jpg,existing_aug,CR_C_0003,G02272,,train,train,False,CR_augmentation_cap_max2_per_group,3,CR,train,G02272,excluded_CR_augmentation_excess
aug_CR_C_00302_CR_C_0001.jpg,existing_aug,CR_C_0001,,,train,excluded,False,parent_original_missing,3,CR,excluded,,source_excluded
aug_CR_C_00303_CR_C_0014.jpg,existing_aug,CR_C_0014,G02280,,train,train,False,CR_augmentation_cap_max2_per_group,3,CR,train,G02280,excluded_CR_augmentation_excess
aug_CR_C_00304_CR_C_0002.jpg,existing_aug,CR_C_0002,G02271,,train,train,False,CR_augmentation_cap_max2_per_group,3,CR,train,G02271,excluded_CR_augmentation_excess
aug_CR_C_00305_CR_C_0004.jpg,existing_aug,CR_C_0004,G02273,,train,train,True,,3,CR,train,G02273,kept
aug_CR_C_00306_CR_C_0004.jpg,existing_aug,CR_C_0004,G02273,,train,train,False,CR_augmentation_cap_max2_per_group,3,CR,train,G02273,excluded_CR_augmentation_excess
aug_CR_C_00307_CR_C_0015.jpg,existing_aug,CR_C_0015,G02281,,train,train,False,CR_augmentation_cap_max2_per_group,3,CR,train,G02281,excluded_CR_augmentation_excess
aug_CR_C_00308_CR_C_0014.jpg,existing_aug,CR_C_0014,G02280,,train,train,False,CR_augmentation_cap_max2_per_group,3,CR,train,G02280,excluded_CR_augmentation_excess
aug_CR_C_00309_CR_C_0003.jpg,existing_aug,CR_C_0003,G02272,,train,train,False,CR_augmentation_cap_max2_per_group,3,CR,train,G02272,excluded_CR_augmentation_excess
aug_CR_C_00310_CR_C_0014.jpg,existing_aug,CR_C_0014,G02280,,test,train,False,CR_augmentation_cap_max2_per_group,3,CR,train,G02280,excluded_CR_augmentation_excess
aug_CR_C_00311_CR_C_0001.jpg,existing_aug,CR_C_0001,,,val,excluded,False,parent_original_missing,3,CR,excluded,,source_excluded
aug_CR_C_00312_CR_C_0013.jpg,existing_aug,CR_C_0013,G02279,,train,train,False,CR_augmentation_cap_max2_per_group,3,CR,train,G02279,excluded_CR_augmentation_excess
aug_CR_C_00313_CR_C_0001.jpg,existing_aug,CR_C_0001,,,train,excluded,False,parent_original_missing,3,CR,excluded,,source_excluded
aug_CR_C_00314_CR_C_0002.jpg,existing_aug,CR_C_0002,G02271,,val,train,False,CR_augmentation_cap_max2_per_group,3,CR,train,G02271,excluded_CR_augmentation_excess
aug_CR_C_00315_CR_C_0008.jpg,existing_aug,CR_C_0008,G02277,,train,train,False,CR_augmentation_cap_max2_per_group,3,CR,train,G02277,excluded_CR_augmentation_excess
aug_CR_C_00316_CR_C_0006.jpg,existing_aug,CR_C_0006,G02275,,train,train,False,CR_augmentation_cap_max2_per_group,3,CR,train,G02275,excluded_CR_augmentation_excess
aug_CR_C_00317_CR_C_0008.jpg,existing_aug,CR_C_0008,G02277,,train,train,False,CR_augmentation_cap_max2_per_group,3,CR,train,G02277,excluded_CR_augmentation_excess
aug_CR_C_00318_CR_C_0005.jpg,existing_aug,CR_C_0005,G02274,,train,train,False,CR_augmentation_cap_max2_per_group,3,CR,train,G02274,excluded_CR_augmentation_excess
aug_CR_C_00319_CR_C_0003.jpg,existing_aug,CR_C_0003,G02272,,test,train,False,CR_augmentation_cap_max2_per_group,3,CR,train,G02272,excluded_CR_augmentation_excess
aug_CR_C_00320_CR_C_0008.jpg,existing_aug,CR_C_0008,G02277,,train,train,False,CR_augmentation_cap_max2_per_group,3,CR,train,G02277,excluded_CR_augmentation_excess
aug_CR_C_00321_CR_C_0005.jpg,existing_aug,CR_C_0005,G02274,,train,train,False,CR_augmentation_cap_max2_per_group,3,CR,train,G02274,excluded_CR_augmentation_excess
aug_CR_C_00322_CR_C_0005.jpg,existing_aug,CR_C_0005,G02274,,train,train,False,CR_augmentation_cap_max2_per_group,3,CR,train,G02274,excluded_CR_augmentation_excess
aug_CR_C_00323_CR_C_0005.jpg,existing_aug,CR_C_0005,G02274,,train,train,False,CR_augmentation_cap_max2_per_group,3,CR,train,G02274,excluded_CR_augmentation_excess
aug_CR_C_00324_CR_C_0013.jpg,existing_aug,CR_C_0013,G02279,,train,train,False,CR_augmentation_cap_max2_per_group,3,CR,train,G02279,excluded_CR_augmentation_excess
aug_CR_C_00325_CR_C_0004.jpg,existing_aug,CR_C_0004,G02273,,train,train,False,CR_augmentation_cap_max2_per_group,3,CR,train,G02273,excluded_CR_augmentation_excess
aug_CR_C_00326_CR_C_0011.jpg,existing_aug,CR_C_0011,,,train,excluded,False,parent_original_missing,3,CR,excluded,,source_excluded
aug_CR_C_00327_CR_C_0003.jpg,existing_aug,CR_C_0003,G02272,,train,train,False,CR_augmentation_cap_max2_per_group,3,CR,train,G02272,excluded_CR_augmentation_excess
aug_CR_C_00328_CR_C_0004.jpg,existing_aug,CR_C_0004,G02273,,train,train,False,CR_augmentation_cap_max2_per_group,3,CR,train,G02273,excluded_CR_augmentation_excess
aug_CR_C_00329_CR_C_0007.jpg,existing_aug,CR_C_0007,G02276,,train,train,False,CR_augmentation_cap_max2_per_group,3,CR,train,G02276,excluded_CR_augmentation_excess
aug_CR_C_00330_CR_C_0008.jpg,existing_aug,CR_C_0008,G02277,,train,train,False,CR_augmentation_cap_max2_per_group,3,CR,train,G02277,excluded_CR_augmentation_excess
aug_CR_C_00331_CR_C_0015.jpg,existing_aug,CR_C_0015,G02281,,train,train,False,CR_augmentation_cap_max2_per_group,3,CR,train,G02281,excluded_CR_augmentation_excess
aug_CR_C_00332_CR_C_0003.jpg,existing_aug,CR_C_0003,G02272,,train,train,False,CR_augmentation_cap_max2_per_group,3,CR,train,G02272,excluded_CR_augmentation_excess
aug_CR_C_00333_CR_C_0004.jpg,existing_aug,CR_C_0004,G02273,,train,train,False,CR_augmentation_cap_max2_per_group,3,CR,train,G02273,excluded_CR_augmentation_excess
aug_CR_C_00334_CR_C_0008.jpg,existing_aug,CR_C_0008,G02277,,train,train,False,CR_augmentation_cap_max2_per_group,3,CR,train,G02277,excluded_CR_augmentation_excess
aug_CR_C_00335_CR_C_0009.jpg,existing_aug,CR_C_0009,,,test,excluded,False,parent_original_missing,3,CR,excluded,,source_excluded
aug_CR_C_00336_CR_C_0010.jpg,existing_aug,CR_C_0010,,,train,excluded,False,parent_original_missing,3,CR,excluded,,source_excluded
aug_CR_C_00337_CR_C_0010.jpg,existing_aug,CR_C_0010,,,train,excluded,False,parent_original_missing,3,CR,excluded,,source_excluded
aug_CR_C_00338_CR_C_0012.jpg,existing_aug,CR_C_0012,G02278,,train,train,False,CR_augmentation_cap_max2_per_group,3,CR,train,G02278,excluded_CR_augmentation_excess
aug_CR_D_00339_CR_A_0067.jpg,existing_aug,CR_A_0067,,,train,excluded,False,parent_original_missing,3,CR,excluded,,source_excluded
aug_CR_D_00340_CR_A_0067.jpg,existing_aug,CR_A_0067,,,train,excluded,False,parent_original_missing,3,CR,excluded,,source_excluded
aug_CR_D_00341_CR_A_0067.jpg,existing_aug,CR_A_0067,,,train,excluded,False,parent_original_missing,3,CR,excluded,,source_excluded
aug_CR_D_00342_CR_A_0067.jpg,existing_aug,CR_A_0067,,,train,excluded,False,parent_original_missing,3,CR,excluded,,source_excluded
aug_CR_D_00343_CR_A_0067.jpg,existing_aug,CR_A_0067,,,train,excluded,False,parent_original_missing,3,CR,excluded,,source_excluded
aug_CR_D_00344_CR_A_0067.jpg,existing_aug,CR_A_0067,,,train,excluded,False,parent_original_missing,3,CR,excluded,,source_excluded
aug_CR_D_00345_CR_A_0067.jpg,existing_aug,CR_A_0067,,,train,excluded,False,parent_original_missing,3,CR,excluded,,source_excluded
aug_CR_D_00346_CR_A_0067.jpg,existing_aug,CR_A_0067,,,train,excluded,False,parent_original_missing,3,CR,excluded,,source_excluded
aug_CR_D_00347_CR_A_0067.jpg,existing_aug,CR_A_0067,,,train,excluded,False,parent_original_missing,3,CR,excluded,,source_excluded
aug_CR_D_00348_CR_A_0067.jpg,existing_aug,CR_A_0067,,,train,excluded,False,parent_original_missing,3,CR,excluded,,source_excluded
aug_CR_D_00349_CR_A_0067.jpg,existing_aug,CR_A_0067,,,train,excluded,False,parent_original_missing,3,CR,excluded,,source_excluded
aug_CR_D_00350_CR_A_0067.jpg,existing_aug,CR_A_0067,,,train,excluded,False,parent_original_missing,3,CR,excluded,,source_excluded
aug_CR_D_00351_CR_A_0067.jpg,existing_aug,CR_A_0067,,,train,excluded,False,parent_original_missing,3,CR,excluded,,source_excluded
aug_CR_D_00352_CR_A_0067.jpg,existing_aug,CR_A_0067,,,train,excluded,False,parent_original_missing,3,CR,excluded,,source_excluded
aug_CR_D_00353_CR_A_0067.jpg,existing_aug,CR_A_0067,,,train,excluded,False,parent_original_missing,3,CR,excluded,,source_excluded
aug_CR_D_00354_CR_A_0067.jpg,existing_aug,CR_A_0067,,,train,excluded,False,parent_original_missing,3,CR,excluded,,source_excluded
aug_CR_D_00355_CR_A_0067.jpg,existing_aug,CR_A_0067,,,train,excluded,False,parent_original_missing,3,CR,excluded,,source_excluded
aug_CR_D_00356_CR_A_0067.jpg,existing_aug,CR_A_0067,,,train,excluded,False,parent_original_missing,3,CR,excluded,,source_excluded
aug_CR_D_00357_CR_A_0067.jpg,existing_aug,CR_A_0067,,,train,excluded,False,parent_original_missing,3,CR,excluded,,source_excluded
aug_CR_D_00358_CR_A_0067.jpg,existing_aug,CR_A_0067,,,train,excluded,False,parent_original_missing,3,CR,excluded,,source_excluded
aug_CR_D_00359_CR_A_0067.jpg,existing_aug,CR_A_0067,,,train,excluded,False,parent_original_missing,3,CR,excluded,,source_excluded
aug_CR_D_00360_CR_A_0067.jpg,existing_aug,CR_A_0067,,,train,excluded,False,parent_original_missing,3,CR,excluded,,source_excluded
aug_CR_D_00361_CR_A_0067.jpg,existing_aug,CR_A_0067,,,train,excluded,False,parent_original_missing,3,CR,excluded,,source_excluded
aug_CR_D_00362_CR_A_0067.jpg,existing_aug,CR_A_0067,,,train,excluded,False,parent_original_missing,3,CR,excluded,,source_excluded
aug_CR_D_00363_CR_A_0067.jpg,existing_aug,CR_A_0067,,,train,excluded,False,parent_original_missing,3,CR,excluded,,source_excluded
aug_CR_D_00364_CR_A_0067.jpg,existing_aug,CR_A_0067,,,train,excluded,False,parent_original_missing,3,CR,excluded,,source_excluded
aug_CR_D_00365_CR_A_0067.jpg,existing_aug,CR_A_0067,,,train,excluded,False,parent_original_missing,3,CR,excluded,,source_excluded
aug_CR_D_00366_CR_A_0067.jpg,existing_aug,CR_A_0067,,,train,excluded,False,parent_original_missing,3,CR,excluded,,source_excluded
aug_CR_D_00367_CR_A_0067.jpg,existing_aug,CR_A_0067,,,train,excluded,False,parent_original_missing,3,CR,excluded,,source_excluded
aug_CR_D_00368_CR_A_0067.jpg,existing_aug,CR_A_0067,,,train,excluded,False,parent_original_missing,3,CR,excluded,,source_excluded
aug_CR_D_00369_CR_A_0067.jpg,existing_aug,CR_A_0067,,,train,excluded,False,parent_original_missing,3,CR,excluded,,source_excluded
aug_CR_D_00370_CR_A_0067.jpg,existing_aug,CR_A_0067,,,train,excluded,False,parent_original_missing,3,CR,excluded,,source_excluded
aug_CR_D_00371_CR_A_0067.jpg,existing_aug,CR_A_0067,,,train,excluded,False,parent_original_missing,3,CR,excluded,,source_excluded
aug_CR_D_00372_CR_A_0067.jpg,existing_aug,CR_A_0067,,,train,excluded,False,parent_original_missing,3,CR,excluded,,source_excluded
aug_CR_D_00373_CR_A_0067.jpg,existing_aug,CR_A_0067,,,train,excluded,False,parent_original_missing,3,CR,excluded,,source_excluded
aug_CR_D_00374_CR_A_0067.jpg,existing_aug,CR_A_0067,,,train,excluded,False,parent_original_missing,3,CR,excluded,,source_excluded
aug_CR_D_00375_CR_A_0067.jpg,existing_aug,CR_A_0067,,,train,excluded,False,parent_original_missing,3,CR,excluded,,source_excluded
aug_CR_D_00376_CR_A_0067.jpg,existing_aug,CR_A_0067,,,train,excluded,False,parent_original_missing,3,CR,excluded,,source_excluded
aug_CR_D_00377_CR_A_0067.jpg,existing_aug,CR_A_0067,,,train,excluded,False,parent_original_missing,3,CR,excluded,,source_excluded
aug_CR_D_00378_CR_A_0067.jpg,existing_aug,CR_A_0067,,,train,excluded,False,parent_original_missing,3,CR,excluded,,source_excluded
aug_CR_D_00379_CR_A_0067.jpg,existing_aug,CR_A_0067,,,train,excluded,False,parent_original_missing,3,CR,excluded,,source_excluded
aug_CR_D_00380_CR_A_0067.jpg,existing_aug,CR_A_0067,,,train,excluded,False,parent_original_missing,3,CR,excluded,,source_excluded
aug_CR_D_00381_CR_A_0067.jpg,existing_aug,CR_A_0067,,,train,excluded,False,parent_original_missing,3,CR,excluded,,source_excluded
aug_CR_D_00382_CR_A_0067.jpg,existing_aug,CR_A_0067,,,train,excluded,False,parent_original_missing,3,CR,excluded,,source_excluded
aug_CR_D_00383_CR_A_0067.jpg,existing_aug,CR_A_0067,,,train,excluded,False,parent_original_missing,3,CR,excluded,,source_excluded
aug_CR_D_00384_CR_A_0067.jpg,existing_aug,CR_A_0067,,,train,excluded,False,parent_original_missing,3,CR,excluded,,source_excluded
aug_CR_D_00385_CR_A_0067.jpg,existing_aug,CR_A_0067,,,train,excluded,False,parent_original_missing,3,CR,excluded,,source_excluded
aug_CR_D_00386_CR_A_0067.jpg,existing_aug,CR_A_0067,,,train,excluded,False,parent_original_missing,3,CR,excluded,,source_excluded
aug_CR_D_00387_CR_A_0067.jpg,existing_aug,CR_A_0067,,,train,excluded,False,parent_original_missing,3,CR,excluded,,source_excluded
aug_CR_D_00388_CR_A_0067.jpg,existing_aug,CR_A_0067,,,train,excluded,False,parent_original_missing,3,CR,excluded,,source_excluded
aug_CR_D_00389_CR_A_0067.jpg,existing_aug,CR_A_0067,,,train,excluded,False,parent_original_missing,3,CR,excluded,,source_excluded
aug_CR_D_00390_CR_A_0067.jpg,existing_aug,CR_A_0067,,,train,excluded,False,parent_original_missing,3,CR,excluded,,source_excluded
aug_CR_D_00391_CR_A_0067.jpg,existing_aug,CR_A_0067,,,train,excluded,False,parent_original_missing,3,CR,excluded,,source_excluded
aug_CR_D_00392_CR_A_0067.jpg,existing_aug,CR_A_0067,,,train,excluded,False,parent_original_missing,3,CR,excluded,,source_excluded
aug_CR_D_00393_CR_A_0067.jpg,existing_aug,CR_A_0067,,,train,excluded,False,parent_original_missing,3,CR,excluded,,source_excluded
aug_CR_D_00394_CR_A_0067.jpg,existing_aug,CR_A_0067,,,train,excluded,False,parent_original_missing,3,CR,excluded,,source_excluded
aug_CR_D_00395_CR_A_0067.jpg,existing_aug,CR_A_0067,,,train,excluded,False,parent_original_missing,3,CR,excluded,,source_excluded
aug_CR_D_00396_CR_A_0067.jpg,existing_aug,CR_A_0067,,,train,excluded,False,parent_original_missing,3,CR,excluded,,source_excluded
aug_CR_D_00397_CR_A_0067.jpg,existing_aug,CR_A_0067,,,train,excluded,False,parent_original_missing,3,CR,excluded,,source_excluded
aug_CR_D_00398_CR_A_0067.jpg,existing_aug,CR_A_0067,,,train,excluded,False,parent_original_missing,3,CR,excluded,,source_excluded
aug_CR_D_00399_CR_A_0067.jpg,existing_aug,CR_A_0067,,,train,excluded,False,parent_original_missing,3,CR,excluded,,source_excluded
aug_CR_D_00400_CR_A_0067.jpg,existing_aug,CR_A_0067,,,train,excluded,False,parent_original_missing,3,CR,excluded,,source_excluded
aug_CR_D_00401_CR_A_0067.jpg,existing_aug,CR_A_0067,,,train,excluded,False,parent_original_missing,3,CR,excluded,,source_excluded
aug_CR_D_00402_CR_A_0067.jpg,existing_aug,CR_A_0067,,,train,excluded,False,parent_original_missing,3,CR,excluded,,source_excluded
aug_CR_D_00403_CR_A_0067.jpg,existing_aug,CR_A_0067,,,train,excluded,False,parent_original_missing,3,CR,excluded,,source_excluded
aug_CR_D_00404_CR_A_0067.jpg,existing_aug,CR_A_0067,,,train,excluded,False,parent_original_missing,3,CR,excluded,,source_excluded
aug_CR_D_00405_CR_A_0067.jpg,existing_aug,CR_A_0067,,,train,excluded,False,parent_original_missing,3,CR,excluded,,source_excluded
aug_CR_D_00406_CR_A_0067.jpg,existing_aug,CR_A_0067,,,train,excluded,False,parent_original_missing,3,CR,excluded,,source_excluded
aug_CR_D_00407_CR_A_0067.jpg,existing_aug,CR_A_0067,,,train,excluded,False,parent_original_missing,3,CR,excluded,,source_excluded
aug_CR_D_00408_CR_A_0067.jpg,existing_aug,CR_A_0067,,,train,excluded,False,parent_original_missing,3,CR,excluded,,source_excluded
aug_CR_D_00409_CR_A_0067.jpg,existing_aug,CR_A_0067,,,train,excluded,False,parent_original_missing,3,CR,excluded,,source_excluded
aug_CR_D_00410_CR_A_0067.jpg,existing_aug,CR_A_0067,,,train,excluded,False,parent_original_missing,3,CR,excluded,,source_excluded
aug_CR_D_00411_CR_A_0067.jpg,existing_aug,CR_A_0067,,,train,excluded,False,parent_original_missing,3,CR,excluded,,source_excluded
aug_CR_D_00412_CR_A_0067.jpg,existing_aug,CR_A_0067,,,train,excluded,False,parent_original_missing,3,CR,excluded,,source_excluded
aug_CR_D_00413_CR_A_0067.jpg,existing_aug,CR_A_0067,,,train,excluded,False,parent_original_missing,3,CR,excluded,,source_excluded
aug_CR_D_00414_CR_A_0067.jpg,existing_aug,CR_A_0067,,,train,excluded,False,parent_original_missing,3,CR,excluded,,source_excluded
aug_CR_D_00415_CR_A_0067.jpg,existing_aug,CR_A_0067,,,train,excluded,False,parent_original_missing,3,CR,excluded,,source_excluded
aug_CR_D_00416_CR_A_0067.jpg,existing_aug,CR_A_0067,,,train,excluded,False,parent_original_missing,3,CR,excluded,,source_excluded
aug_CR_D_00417_CR_A_0067.jpg,existing_aug,CR_A_0067,,,train,excluded,False,parent_original_missing,3,CR,excluded,,source_excluded
aug_CR_D_00418_CR_A_0067.jpg,existing_aug,CR_A_0067,,,train,excluded,False,parent_original_missing,3,CR,excluded,,source_excluded
aug_CR_D_00419_CR_A_0067.jpg,existing_aug,CR_A_0067,,,train,excluded,False,parent_original_missing,3,CR,excluded,,source_excluded
aug_CR_D_00420_CR_A_0067.jpg,existing_aug,CR_A_0067,,,train,excluded,False,parent_original_missing,3,CR,excluded,,source_excluded
aug_CR_D_00421_CR_A_0067.jpg,existing_aug,CR_A_0067,,,train,excluded,False,parent_original_missing,3,CR,excluded,,source_excluded
aug_CR_D_00422_CR_A_0067.jpg,existing_aug,CR_A_0067,,,train,excluded,False,parent_original_missing,3,CR,excluded,,source_excluded
aug_CR_D_00423_CR_A_0067.jpg,existing_aug,CR_A_0067,,,train,excluded,False,parent_original_missing,3,CR,excluded,,source_excluded
aug_CR_D_00424_CR_A_0067.jpg,existing_aug,CR_A_0067,,,train,excluded,False,parent_original_missing,3,CR,excluded,,source_excluded
aug_CR_D_00425_CR_A_0067.jpg,existing_aug,CR_A_0067,,,train,excluded,False,parent_original_missing,3,CR,excluded,,source_excluded
aug_CR_D_00426_CR_A_0067.jpg,existing_aug,CR_A_0067,,,train,excluded,False,parent_original_missing,3,CR,excluded,,source_excluded
aug_CR_D_00427_CR_A_0067.jpg,existing_aug,CR_A_0067,,,train,excluded,False,parent_original_missing,3,CR,excluded,,source_excluded
aug_CR_D_00428_CR_A_0067.jpg,existing_aug,CR_A_0067,,,train,excluded,False,parent_original_missing,3,CR,excluded,,source_excluded
aug_CR_D_00429_CR_A_0067.jpg,existing_aug,CR_A_0067,,,train,excluded,False,parent_original_missing,3,CR,excluded,,source_excluded
aug_CR_D_00430_CR_A_0067.jpg,existing_aug,CR_A_0067,,,train,excluded,False,parent_original_missing,3,CR,excluded,,source_excluded
aug_CR_D_00431_CR_A_0067.jpg,existing_aug,CR_A_0067,,,train,excluded,False,parent_original_missing,3,CR,excluded,,source_excluded
aug_CR_D_00432_CR_A_0067.jpg,existing_aug,CR_A_0067,,,train,excluded,False,parent_original_missing,3,CR,excluded,,source_excluded
aug_CR_D_00433_CR_A_0067.jpg,existing_aug,CR_A_0067,,,train,excluded,False,parent_original_missing,3,CR,excluded,,source_excluded
aug_CR_D_00434_CR_A_0067.jpg,existing_aug,CR_A_0067,,,train,excluded,False,parent_original_missing,3,CR,excluded,,source_excluded
aug_CR_D_00435_CR_A_0067.jpg,existing_aug,CR_A_0067,,,train,excluded,False,parent_original_missing,3,CR,excluded,,source_excluded
aug_CR_D_00436_CR_A_0067.jpg,existing_aug,CR_A_0067,,,train,excluded,False,parent_original_missing,3,CR,excluded,,source_excluded
aug_CR_D_00437_CR_A_0067.jpg,existing_aug,CR_A_0067,,,train,excluded,False,parent_original_missing,3,CR,excluded,,source_excluded
aug_CR_D_00438_CR_A_0067.jpg,existing_aug,CR_A_0067,,,train,excluded,False,parent_original_missing,3,CR,excluded,,source_excluded
aug_CR_D_00439_CR_A_0067.jpg,existing_aug,CR_A_0067,,,train,excluded,False,parent_original_missing,3,CR,excluded,,source_excluded
aug_CR_D_00440_CR_A_0067.jpg,existing_aug,CR_A_0067,,,train,excluded,False,parent_original_missing,3,CR,excluded,,source_excluded
aug_CR_D_00441_CR_A_0067.jpg,existing_aug,CR_A_0067,,,train,excluded,False,parent_original_missing,3,CR,excluded,,source_excluded
aug_CR_D_00442_CR_A_0067.jpg,existing_aug,CR_A_0067,,,train,excluded,False,parent_original_missing,3,CR,excluded,,source_excluded
aug_CR_D_00443_CR_A_0067.jpg,existing_aug,CR_A_0067,,,train,excluded,False,parent_original_missing,3,CR,excluded,,source_excluded
aug_CR_D_00444_CR_A_0067.jpg,existing_aug,CR_A_0067,,,train,excluded,False,parent_original_missing,3,CR,excluded,,source_excluded
aug_CR_D_00445_CR_A_0067.jpg,existing_aug,CR_A_0067,,,train,excluded,False,parent_original_missing,3,CR,excluded,,source_excluded
aug_CR_D_00446_CR_A_0067.jpg,existing_aug,CR_A_0067,,,train,excluded,False,parent_original_missing,3,CR,excluded,,source_excluded
aug_CR_D_00447_CR_A_0067.jpg,existing_aug,CR_A_0067,,,train,excluded,False,parent_original_missing,3,CR,excluded,,source_excluded
aug_CR_D_00448_CR_A_0067.jpg,existing_aug,CR_A_0067,,,train,excluded,False,parent_original_missing,3,CR,excluded,,source_excluded
aug_CR_D_00449_CR_A_0067.jpg,existing_aug,CR_A_0067,,,train,excluded,False,parent_original_missing,3,CR,excluded,,source_excluded
aug_CR_D_00450_CR_A_0067.jpg,existing_aug,CR_A_0067,,,train,excluded,False,parent_original_missing,3,CR,excluded,,source_excluded
aug_CR_D_00451_CR_A_0067.jpg,existing_aug,CR_A_0067,,,train,excluded,False,parent_original_missing,3,CR,excluded,,source_excluded
aug_CR_D_00452_CR_A_0067.jpg,existing_aug,CR_A_0067,,,train,excluded,False,parent_original_missing,3,CR,excluded,,source_excluded
aug_CR_D_00453_CR_A_0067.jpg,existing_aug,CR_A_0067,,,train,excluded,False,parent_original_missing,3,CR,excluded,,source_excluded
aug_CR_D_00454_CR_A_0067.jpg,existing_aug,CR_A_0067,,,train,excluded,False,parent_original_missing,3,CR,excluded,,source_excluded
aug_CR_D_00455_CR_A_0067.jpg,existing_aug,CR_A_0067,,,train,excluded,False,parent_original_missing,3,CR,excluded,,source_excluded
aug_CR_D_00456_CR_A_0067.jpg,existing_aug,CR_A_0067,,,train,excluded,False,parent_original_missing,3,CR,excluded,,source_excluded
aug_CR_D_00457_CR_A_0067.jpg,existing_aug,CR_A_0067,,,train,excluded,False,parent_original_missing,3,CR,excluded,,source_excluded
aug_SM_A_00458_SM_A_0007.jpg,existing_aug,SM_A_0007,G02285,,train,train,True,,4,SM,train,G02285,kept
aug_SM_A_00459_SM_A_0005.jpg,existing_aug,SM_A_0005,,,test,excluded,False,parent_original_missing,4,SM,excluded,,source_excluded
aug_SM_A_00460_SM_A_0003.jpg,existing_aug,SM_A_0003,G02283,,train,train,True,,4,SM,train,G02283,kept
aug_SM_A_00461_SM_A_0003.jpg,existing_aug,SM_A_0003,G02283,,val,train,True,,4,SM,train,G02283,kept
aug_SM_A_00462_SM_A_0002.jpg,existing_aug,SM_A_0002,G02282,,train,train,True,,4,SM,train,G02282,kept
aug_SM_A_00463_SM_A_0003.jpg,existing_aug,SM_A_0003,G02283,,val,train,True,,4,SM,train,G02283,kept
aug_SM_A_00464_SM_A_0002.jpg,existing_aug,SM_A_0002,G02282,,train,train,True,,4,SM,train,G02282,kept
aug_SM_A_00465_SM_A_0005.jpg,existing_aug,SM_A_0005,,,val,excluded,False,parent_original_missing,4,SM,excluded,,source_excluded
aug_SM_A_00466_SM_A_0002.jpg,existing_aug,SM_A_0002,G02282,,train,train,True,,4,SM,train,G02282,kept
aug_SM_A_00467_SM_A_0003.jpg,existing_aug,SM_A_0003,G02283,,val,train,True,,4,SM,train,G02283,kept
aug_SM_A_00468_SM_A_0006.jpg,existing_aug,SM_A_0006,G02284,,train,train,True,,4,SM,train,G02284,kept
aug_SM_A_00469_SM_A_0004.jpg,existing_aug,SM_A_0004,,,train,excluded,False,parent_original_missing,4,SM,excluded,,source_excluded
aug_SM_A_00470_SM_A_0003.jpg,existing_aug,SM_A_0003,G02283,,train,train,True,,4,SM,train,G02283,kept
aug_SM_A_00471_SM_A_0004.jpg,existing_aug,SM_A_0004,,,train,excluded,False,parent_original_missing,4,SM,excluded,,source_excluded
aug_SM_A_00472_SM_A_0001.jpg,existing_aug,SM_A_0001,,,test,excluded,False,parent_original_missing,4,SM,excluded,,source_excluded
aug_SM_A_00473_SM_A_0001.jpg,existing_aug,SM_A_0001,,,train,excluded,False,parent_original_missing,4,SM,excluded,,source_excluded
aug_SM_A_00474_SM_A_0004.jpg,existing_aug,SM_A_0004,,,train,excluded,False,parent_original_missing,4,SM,excluded,,source_excluded
aug_SM_A_00475_SM_A_0005.jpg,existing_aug,SM_A_0005,,,train,excluded,False,parent_original_missing,4,SM,excluded,,source_excluded
aug_SM_A_00476_SM_A_0004.jpg,existing_aug,SM_A_0004,,,train,excluded,False,parent_original_missing,4,SM,excluded,,source_excluded
aug_SM_A_00477_SM_A_0001.jpg,existing_aug,SM_A_0001,,,train,excluded,False,parent_original_missing,4,SM,excluded,,source_excluded
aug_SM_A_00478_SM_A_0002.jpg,existing_aug,SM_A_0002,G02282,,train,train,True,,4,SM,train,G02282,kept
aug_SM_A_00479_SM_A_0004.jpg,existing_aug,SM_A_0004,,,train,excluded,False,parent_original_missing,4,SM,excluded,,source_excluded
aug_SM_A_00480_SM_A_0003.jpg,existing_aug,SM_A_0003,G02283,,val,train,True,,4,SM,train,G02283,kept
aug_SM_A_00481_SM_A_0001.jpg,existing_aug,SM_A_0001,,,train,excluded,False,parent_original_missing,4,SM,excluded,,source_excluded
aug_SM_A_00482_SM_A_0006.jpg,existing_aug,SM_A_0006,G02284,,train,train,True,,4,SM,train,G02284,kept
aug_SM_A_00483_SM_A_0005.jpg,existing_aug,SM_A_0005,,,val,excluded,False,parent_original_missing,4,SM,excluded,,source_excluded
aug_SM_A_00484_SM_A_0002.jpg,existing_aug,SM_A_0002,G02282,,train,train,True,,4,SM,train,G02282,kept
aug_SM_A_00485_SM_A_0007.jpg,existing_aug,SM_A_0007,G02285,,train,train,True,,4,SM,train,G02285,kept
aug_SM_A_00486_SM_A_0001.jpg,existing_aug,SM_A_0001,,,train,excluded,False,parent_original_missing,4,SM,excluded,,source_excluded
aug_SM_A_00487_SM_A_0005.jpg,existing_aug,SM_A_0005,,,train,excluded,False,parent_original_missing,4,SM,excluded,,source_excluded
aug_SM_A_00488_SM_A_0003.jpg,existing_aug,SM_A_0003,G02283,,val,train,True,,4,SM,train,G02283,kept
aug_SM_A_00489_SM_A_0003.jpg,existing_aug,SM_A_0003,G02283,,test,train,True,,4,SM,train,G02283,kept
aug_SM_A_00490_SM_A_0002.jpg,existing_aug,SM_A_0002,G02282,,train,train,True,,4,SM,train,G02282,kept
aug_SM_A_00491_SM_A_0003.jpg,existing_aug,SM_A_0003,G02283,,test,train,True,,4,SM,train,G02283,kept
aug_SM_A_00492_SM_A_0005.jpg,existing_aug,SM_A_0005,,,train,excluded,False,parent_original_missing,4,SM,excluded,,source_excluded
aug_SM_A_00493_SM_A_0005.jpg,existing_aug,SM_A_0005,,,train,excluded,False,parent_original_missing,4,SM,excluded,,source_excluded
aug_SM_A_00494_SM_A_0007.jpg,existing_aug,SM_A_0007,G02285,,train,train,True,,4,SM,train,G02285,kept
aug_SM_A_00495_SM_A_0005.jpg,existing_aug,SM_A_0005,,,train,excluded,False,parent_original_missing,4,SM,excluded,,source_excluded
aug_SM_A_00496_SM_A_0006.jpg,existing_aug,SM_A_0006,G02284,,train,train,True,,4,SM,train,G02284,kept
aug_SM_A_00497_SM_A_0001.jpg,existing_aug,SM_A_0001,,,train,excluded,False,parent_original_missing,4,SM,excluded,,source_excluded
aug_SM_A_00498_SM_A_0004.jpg,existing_aug,SM_A_0004,,,test,excluded,False,parent_original_missing,4,SM,excluded,,source_excluded
aug_SM_A_00499_SM_A_0007.jpg,existing_aug,SM_A_0007,G02285,,train,train,True,,4,SM,train,G02285,kept
aug_SM_A_00500_SM_A_0001.jpg,existing_aug,SM_A_0001,,,test,excluded,False,parent_original_missing,4,SM,excluded,,source_excluded
aug_SM_A_00501_SM_A_0005.jpg,existing_aug,SM_A_0005,,,train,excluded,False,parent_original_missing,4,SM,excluded,,source_excluded
aug_SM_A_00502_SM_A_0006.jpg,existing_aug,SM_A_0006,G02284,,test,train,True,,4,SM,train,G02284,kept
aug_SM_A_00503_SM_A_0003.jpg,existing_aug,SM_A_0003,G02283,,train,train,True,,4,SM,train,G02283,kept
aug_SM_A_00504_SM_A_0005.jpg,existing_aug,SM_A_0005,,,train,excluded,False,parent_original_missing,4,SM,excluded,,source_excluded
aug_SM_A_00505_SM_A_0003.jpg,existing_aug,SM_A_0003,G02283,,train,train,True,,4,SM,train,G02283,kept
aug_SM_A_00506_SM_A_0006.jpg,existing_aug,SM_A_0006,G02284,,train,train,True,,4,SM,train,G02284,kept
aug_SM_A_00507_SM_A_0006.jpg,existing_aug,SM_A_0006,G02284,,test,train,True,,4,SM,train,G02284,kept
aug_SM_A_00508_SM_A_0002.jpg,existing_aug,SM_A_0002,G02282,,train,train,True,,4,SM,train,G02282,kept
aug_SM_A_00509_SM_A_0005.jpg,existing_aug,SM_A_0005,,,train,excluded,False,parent_original_missing,4,SM,excluded,,source_excluded
aug_SM_A_00510_SM_A_0001.jpg,existing_aug,SM_A_0001,,,train,excluded,False,parent_original_missing,4,SM,excluded,,source_excluded
aug_SM_A_00511_SM_A_0005.jpg,existing_aug,SM_A_0005,,,train,excluded,False,parent_original_missing,4,SM,excluded,,source_excluded
aug_SM_A_00512_SM_A_0006.jpg,existing_aug,SM_A_0006,G02284,,train,train,True,,4,SM,train,G02284,kept
aug_SM_A_00513_SM_A_0005.jpg,existing_aug,SM_A_0005,,,train,excluded,False,parent_original_missing,4,SM,excluded,,source_excluded
aug_SM_A_00514_SM_A_0002.jpg,existing_aug,SM_A_0002,G02282,,train,train,True,,4,SM,train,G02282,kept
aug_SM_A_00515_SM_A_0006.jpg,existing_aug,SM_A_0006,G02284,,train,train,True,,4,SM,train,G02284,kept
aug_SM_A_00516_SM_A_0002.jpg,existing_aug,SM_A_0002,G02282,,train,train,True,,4,SM,train,G02282,kept
aug_SM_A_00517_SM_A_0007.jpg,existing_aug,SM_A_0007,G02285,,train,train,True,,4,SM,train,G02285,kept
aug_SM_A_00518_SM_A_0004.jpg,existing_aug,SM_A_0004,,,val,excluded,False,parent_original_missing,4,SM,excluded,,source_excluded
aug_SM_A_00519_SM_A_0004.jpg,existing_aug,SM_A_0004,,,train,excluded,False,parent_original_missing,4,SM,excluded,,source_excluded
aug_SM_A_00520_SM_A_0005.jpg,existing_aug,SM_A_0005,,,train,excluded,False,parent_original_missing,4,SM,excluded,,source_excluded
aug_SM_A_00521_SM_A_0001.jpg,existing_aug,SM_A_0001,,,train,excluded,False,parent_original_missing,4,SM,excluded,,source_excluded
aug_SM_A_00522_SM_A_0007.jpg,existing_aug,SM_A_0007,G02285,,train,train,True,,4,SM,train,G02285,kept
aug_SM_A_00523_SM_A_0005.jpg,existing_aug,SM_A_0005,,,train,excluded,False,parent_original_missing,4,SM,excluded,,source_excluded
aug_SM_A_00524_SM_A_0007.jpg,existing_aug,SM_A_0007,G02285,,train,train,True,,4,SM,train,G02285,kept
aug_SM_A_00525_SM_A_0005.jpg,existing_aug,SM_A_0005,,,train,excluded,False,parent_original_missing,4,SM,excluded,,source_excluded
aug_SM_A_00526_SM_A_0003.jpg,existing_aug,SM_A_0003,G02283,,test,train,True,,4,SM,train,G02283,kept
aug_SM_A_00527_SM_A_0002.jpg,existing_aug,SM_A_0002,G02282,,val,train,True,,4,SM,train,G02282,kept
aug_SM_A_00528_SM_A_0007.jpg,existing_aug,SM_A_0007,G02285,,train,train,True,,4,SM,train,G02285,kept
aug_SM_A_00529_SM_A_0004.jpg,existing_aug,SM_A_0004,,,test,excluded,False,parent_original_missing,4,SM,excluded,,source_excluded
aug_SM_A_00530_SM_A_0002.jpg,existing_aug,SM_A_0002,G02282,,train,train,True,,4,SM,train,G02282,kept
aug_SM_A_00531_SM_A_0003.jpg,existing_aug,SM_A_0003,G02283,,train,train,True,,4,SM,train,G02283,kept
aug_SM_A_00532_SM_A_0006.jpg,existing_aug,SM_A_0006,G02284,,train,train,True,,4,SM,train,G02284,kept
aug_SM_A_00533_SM_A_0001.jpg,existing_aug,SM_A_0001,,,val,excluded,False,parent_original_missing,4,SM,excluded,,source_excluded
aug_SM_A_00534_SM_A_0001.jpg,existing_aug,SM_A_0001,,,val,excluded,False,parent_original_missing,4,SM,excluded,,source_excluded
aug_SM_A_00535_SM_A_0002.jpg,existing_aug,SM_A_0002,G02282,,test,train,True,,4,SM,train,G02282,kept
aug_SM_A_00536_SM_A_0004.jpg,existing_aug,SM_A_0004,,,train,excluded,False,parent_original_missing,4,SM,excluded,,source_excluded
aug_SM_A_00537_SM_A_0002.jpg,existing_aug,SM_A_0002,G02282,,test,train,True,,4,SM,train,G02282,kept
aug_SM_A_00538_SM_A_0003.jpg,existing_aug,SM_A_0003,G02283,,train,train,True,,4,SM,train,G02283,kept
aug_SM_A_00539_SM_A_0004.jpg,existing_aug,SM_A_0004,,,train,excluded,False,parent_original_missing,4,SM,excluded,,source_excluded
aug_SM_A_00540_SM_A_0006.jpg,existing_aug,SM_A_0006,G02284,,train,train,True,,4,SM,train,G02284,kept
aug_SM_A_00541_SM_A_0005.jpg,existing_aug,SM_A_0005,,,test,excluded,False,parent_original_missing,4,SM,excluded,,source_excluded
aug_SM_A_00542_SM_A_0002.jpg,existing_aug,SM_A_0002,G02282,,train,train,True,,4,SM,train,G02282,kept
aug_SM_A_00543_SM_A_0006.jpg,existing_aug,SM_A_0006,G02284,,test,train,True,,4,SM,train,G02284,kept
aug_SM_A_00544_SM_A_0001.jpg,existing_aug,SM_A_0001,,,train,excluded,False,parent_original_missing,4,SM,excluded,,source_excluded
aug_SM_A_00545_SM_A_0007.jpg,existing_aug,SM_A_0007,G02285,,train,train,True,,4,SM,train,G02285,kept
aug_SM_B_00547_SM_B_0003.jpg,existing_aug,SM_B_0003,,,train,excluded,False,parent_original_missing,4,SM,excluded,,source_excluded
aug_SM_B_00548_SM_B_0007.jpg,existing_aug,SM_B_0007,G02287,C062,train,train,True,,4,SM,train,G02287,kept
aug_SM_B_00549_SM_B_0007.jpg,existing_aug,SM_B_0007,G02287,C062,train,train,True,,4,SM,train,G02287,kept
aug_SM_B_00550_SM_B_0007.jpg,existing_aug,SM_B_0007,G02287,C062,train,train,True,,4,SM,train,G02287,kept
aug_SM_B_00551_SM_B_0006.jpg,existing_aug,SM_B_0006,G02286,,test,train,True,,4,SM,train,G02286,kept
aug_SM_B_00552_SM_B_0007.jpg,existing_aug,SM_B_0007,G02287,C062,test,train,True,,4,SM,train,G02287,kept
aug_SM_B_00555_SM_B_0007.jpg,existing_aug,SM_B_0007,G02287,C062,train,train,True,,4,SM,train,G02287,kept
aug_SM_B_00556_SM_B_0005.jpg,existing_aug,SM_B_0005,,,test,excluded,False,parent_original_missing,4,SM,excluded,,source_excluded
aug_SM_B_00557_SM_B_0007.jpg,existing_aug,SM_B_0007,G02287,C062,test,train,True,,4,SM,train,G02287,kept
aug_SM_B_00558_SM_B_0007.jpg,existing_aug,SM_B_0007,G02287,C062,val,train,True,,4,SM,train,G02287,kept
aug_SM_B_00559_SM_B_0002.jpg,existing_aug,SM_B_0002,,,train,excluded,False,parent_original_missing,4,SM,excluded,,source_excluded
aug_SM_B_00560_SM_B_0002.jpg,existing_aug,SM_B_0002,,,train,excluded,False,parent_original_missing,4,SM,excluded,,source_excluded
aug_SM_B_00562_SM_B_0002.jpg,existing_aug,SM_B_0002,,,train,excluded,False,parent_original_missing,4,SM,excluded,,source_excluded
aug_SM_B_00564_SM_B_0006.jpg,existing_aug,SM_B_0006,G02286,,train,train,True,,4,SM,train,G02286,kept
aug_SM_B_00565_SM_B_0003.jpg,existing_aug,SM_B_0003,,,test,excluded,False,parent_original_missing,4,SM,excluded,,source_excluded
aug_SM_B_00566_SM_B_0007.jpg,existing_aug,SM_B_0007,G02287,C062,train,train,True,,4,SM,train,G02287,kept
aug_SM_B_00568_SM_B_0001.jpg,existing_aug,SM_B_0001,,,train,excluded,False,parent_original_missing,4,SM,excluded,,source_excluded
aug_SM_B_00569_SM_B_0006.jpg,existing_aug,SM_B_0006,G02286,,train,train,True,,4,SM,train,G02286,kept
aug_SM_B_00571_SM_B_0002.jpg,existing_aug,SM_B_0002,,,train,excluded,False,parent_original_missing,4,SM,excluded,,source_excluded
aug_SM_B_00572_SM_B_0002.jpg,existing_aug,SM_B_0002,,,train,excluded,False,parent_original_missing,4,SM,excluded,,source_excluded
aug_SM_B_00573_SM_B_0006.jpg,existing_aug,SM_B_0006,G02286,,train,train,True,,4,SM,train,G02286,kept
aug_SM_B_00575_SM_B_0006.jpg,existing_aug,SM_B_0006,G02286,,val,train,True,,4,SM,train,G02286,kept
aug_SM_B_00576_SM_B_0005.jpg,existing_aug,SM_B_0005,,,train,excluded,False,parent_original_missing,4,SM,excluded,,source_excluded
aug_SM_B_00579_SM_B_0003.jpg,existing_aug,SM_B_0003,,,test,excluded,False,parent_original_missing,4,SM,excluded,,source_excluded
aug_SM_B_00581_SM_B_0006.jpg,existing_aug,SM_B_0006,G02286,,train,train,True,,4,SM,train,G02286,kept
aug_SM_B_00582_SM_B_0003.jpg,existing_aug,SM_B_0003,,,test,excluded,False,parent_original_missing,4,SM,excluded,,source_excluded
aug_SM_B_00583_SM_B_0006.jpg,existing_aug,SM_B_0006,G02286,,train,train,True,,4,SM,train,G02286,kept
aug_SM_B_00584_SM_B_0007.jpg,existing_aug,SM_B_0007,G02287,C062,train,train,True,,4,SM,train,G02287,kept
aug_SM_B_00585_SM_B_0001.jpg,existing_aug,SM_B_0001,,,val,excluded,False,parent_original_missing,4,SM,excluded,,source_excluded
aug_SM_B_00586_SM_B_0002.jpg,existing_aug,SM_B_0002,,,train,excluded,False,parent_original_missing,4,SM,excluded,,source_excluded
aug_SM_B_00587_SM_B_0005.jpg,existing_aug,SM_B_0005,,,train,excluded,False,parent_original_missing,4,SM,excluded,,source_excluded
aug_SM_B_00588_SM_B_0005.jpg,existing_aug,SM_B_0005,,,train,excluded,False,parent_original_missing,4,SM,excluded,,source_excluded
aug_SM_B_00589_SM_B_0003.jpg,existing_aug,SM_B_0003,,,test,excluded,False,parent_original_missing,4,SM,excluded,,source_excluded
aug_SM_B_00590_SM_B_0006.jpg,existing_aug,SM_B_0006,G02286,,train,train,True,,4,SM,train,G02286,kept
aug_SM_B_00591_SM_B_0005.jpg,existing_aug,SM_B_0005,,,train,excluded,False,parent_original_missing,4,SM,excluded,,source_excluded
aug_SM_B_00592_SM_B_0003.jpg,existing_aug,SM_B_0003,,,train,excluded,False,parent_original_missing,4,SM,excluded,,source_excluded
aug_SM_B_00593_SM_B_0006.jpg,existing_aug,SM_B_0006,G02286,,test,train,True,,4,SM,train,G02286,kept
aug_SM_B_00594_SM_B_0003.jpg,existing_aug,SM_B_0003,,,train,excluded,False,parent_original_missing,4,SM,excluded,,source_excluded
aug_SM_B_00595_SM_B_0002.jpg,existing_aug,SM_B_0002,,,test,excluded,False,parent_original_missing,4,SM,excluded,,source_excluded
aug_SM_B_00596_SM_B_0002.jpg,existing_aug,SM_B_0002,,,train,excluded,False,parent_original_missing,4,SM,excluded,,source_excluded
aug_SM_B_00598_SM_B_0006.jpg,existing_aug,SM_B_0006,G02286,,train,train,True,,4,SM,train,G02286,kept
aug_SM_B_00599_SM_B_0003.jpg,existing_aug,SM_B_0003,,,train,excluded,False,parent_original_missing,4,SM,excluded,,source_excluded
aug_SM_B_00600_SM_B_0005.jpg,existing_aug,SM_B_0005,,,train,excluded,False,parent_original_missing,4,SM,excluded,,source_excluded
aug_SM_B_00601_SM_B_0001.jpg,existing_aug,SM_B_0001,,,test,excluded,False,parent_original_missing,4,SM,excluded,,source_excluded
aug_SM_B_00602_SM_B_0001.jpg,existing_aug,SM_B_0001,,,val,excluded,False,parent_original_missing,4,SM,excluded,,source_excluded
aug_SM_B_00603_SM_B_0007.jpg,existing_aug,SM_B_0007,G02287,C062,val,train,True,,4,SM,train,G02287,kept
aug_SM_B_00604_SM_B_0007.jpg,existing_aug,SM_B_0007,G02287,C062,train,train,True,,4,SM,train,G02287,kept
aug_SM_B_00606_SM_B_0002.jpg,existing_aug,SM_B_0002,,,val,excluded,False,parent_original_missing,4,SM,excluded,,source_excluded
aug_SM_B_00607_SM_B_0007.jpg,existing_aug,SM_B_0007,G02287,C062,train,train,True,,4,SM,train,G02287,kept
aug_SM_B_00608_SM_B_0001.jpg,existing_aug,SM_B_0001,,,train,excluded,False,parent_original_missing,4,SM,excluded,,source_excluded
aug_SM_B_00610_SM_B_0007.jpg,existing_aug,SM_B_0007,G02287,C062,train,train,True,,4,SM,train,G02287,kept
aug_SM_B_00612_SM_B_0003.jpg,existing_aug,SM_B_0003,,,train,excluded,False,parent_original_missing,4,SM,excluded,,source_excluded
aug_SM_B_00614_SM_B_0001.jpg,existing_aug,SM_B_0001,,,train,excluded,False,parent_original_missing,4,SM,excluded,,source_excluded
aug_SM_B_00615_SM_B_0003.jpg,existing_aug,SM_B_0003,,,val,excluded,False,parent_original_missing,4,SM,excluded,,source_excluded
aug_SM_B_00616_SM_B_0002.jpg,existing_aug,SM_B_0002,,,train,excluded,False,parent_original_missing,4,SM,excluded,,source_excluded
aug_SM_B_00617_SM_B_0003.jpg,existing_aug,SM_B_0003,,,train,excluded,False,parent_original_missing,4,SM,excluded,,source_excluded
aug_SM_B_00618_SM_B_0005.jpg,existing_aug,SM_B_0005,,,val,excluded,False,parent_original_missing,4,SM,excluded,,source_excluded
aug_SM_B_00619_SM_B_0006.jpg,existing_aug,SM_B_0006,G02286,,test,train,True,,4,SM,train,G02286,kept
aug_SM_B_00620_SM_B_0006.jpg,existing_aug,SM_B_0006,G02286,,train,train,True,,4,SM,train,G02286,kept
aug_SM_B_00621_SM_B_0003.jpg,existing_aug,SM_B_0003,,,val,excluded,False,parent_original_missing,4,SM,excluded,,source_excluded
aug_SM_B_00622_SM_B_0007.jpg,existing_aug,SM_B_0007,G02287,C062,test,train,True,,4,SM,train,G02287,kept
aug_SM_B_00623_SM_B_0005.jpg,existing_aug,SM_B_0005,,,train,excluded,False,parent_original_missing,4,SM,excluded,,source_excluded
aug_SM_B_00624_SM_B_0006.jpg,existing_aug,SM_B_0006,G02286,,val,train,True,,4,SM,train,G02286,kept
aug_SM_B_00626_SM_B_0006.jpg,existing_aug,SM_B_0006,G02286,,train,train,True,,4,SM,train,G02286,kept
aug_SM_B_00627_SM_B_0007.jpg,existing_aug,SM_B_0007,G02287,C062,train,train,True,,4,SM,train,G02287,kept
aug_SM_B_00628_SM_B_0002.jpg,existing_aug,SM_B_0002,,,train,excluded,False,parent_original_missing,4,SM,excluded,,source_excluded
aug_SM_B_00629_SM_B_0002.jpg,existing_aug,SM_B_0002,,,train,excluded,False,parent_original_missing,4,SM,excluded,,source_excluded
aug_SM_B_00630_SM_B_0007.jpg,existing_aug,SM_B_0007,G02287,C062,train,train,True,,4,SM,train,G02287,kept
aug_SM_B_00632_SM_B_0003.jpg,existing_aug,SM_B_0003,,,train,excluded,False,parent_original_missing,4,SM,excluded,,source_excluded
aug_SM_B_00633_SM_B_0003.jpg,existing_aug,SM_B_0003,,,train,excluded,False,parent_original_missing,4,SM,excluded,,source_excluded
aug_SM_B_00634_SM_B_0005.jpg,existing_aug,SM_B_0005,,,train,excluded,False,parent_original_missing,4,SM,excluded,,source_excluded
aug_SM_B_00635_SM_B_0001.jpg,existing_aug,SM_B_0001,,,train,excluded,False,parent_original_missing,4,SM,excluded,,source_excluded
aug_SM_B_00636_SM_B_0001.jpg,existing_aug,SM_B_0001,,,test,excluded,False,parent_original_missing,4,SM,excluded,,source_excluded
aug_SM_B_00637_SM_B_0007.jpg,existing_aug,SM_B_0007,G02287,C062,train,train,True,,4,SM,train,G02287,kept
aug_SM_B_00638_SM_B_0003.jpg,existing_aug,SM_B_0003,,,train,excluded,False,parent_original_missing,4,SM,excluded,,source_excluded
aug_SM_B_00639_SM_B_0001.jpg,existing_aug,SM_B_0001,,,train,excluded,False,parent_original_missing,4,SM,excluded,,source_excluded
aug_SM_B_00640_SM_B_0001.jpg,existing_aug,SM_B_0001,,,train,excluded,False,parent_original_missing,4,SM,excluded,,source_excluded
aug_SM_B_00641_SM_B_0002.jpg,existing_aug,SM_B_0002,,,train,excluded,False,parent_original_missing,4,SM,excluded,,source_excluded
aug_SM_B_00642_SM_B_0005.jpg,existing_aug,SM_B_0005,,,train,excluded,False,parent_original_missing,4,SM,excluded,,source_excluded
aug_SM_B_00643_SM_B_0003.jpg,existing_aug,SM_B_0003,,,train,excluded,False,parent_original_missing,4,SM,excluded,,source_excluded
aug_SM_B_00644_SM_B_0002.jpg,existing_aug,SM_B_0002,,,train,excluded,False,parent_original_missing,4,SM,excluded,,source_excluded
aug_SM_B_00645_SM_B_0007.jpg,existing_aug,SM_B_0007,G02287,C062,train,train,True,,4,SM,train,G02287,kept
aug_SM_B_00647_SM_B_0002.jpg,existing_aug,SM_B_0002,,,train,excluded,False,parent_original_missing,4,SM,excluded,,source_excluded
aug_SM_B_00648_SM_B_0007.jpg,existing_aug,SM_B_0007,G02287,C062,train,train,True,,4,SM,train,G02287,kept
aug_SM_B_00649_SM_B_0006.jpg,existing_aug,SM_B_0006,G02286,,train,train,True,,4,SM,train,G02286,kept
aug_SM_B_00650_SM_B_0006.jpg,existing_aug,SM_B_0006,G02286,,train,train,True,,4,SM,train,G02286,kept
aug_SM_B_00651_SM_B_0006.jpg,existing_aug,SM_B_0006,G02286,,test,train,True,,4,SM,train,G02286,kept
aug_SM_B_00652_SM_B_0001.jpg,existing_aug,SM_B_0001,,,train,excluded,False,parent_original_missing,4,SM,excluded,,source_excluded
aug_SM_B_00653_SM_B_0003.jpg,existing_aug,SM_B_0003,,,train,excluded,False,parent_original_missing,4,SM,excluded,,source_excluded
aug_SM_B_00654_SM_B_0001.jpg,existing_aug,SM_B_0001,,,train,excluded,False,parent_original_missing,4,SM,excluded,,source_excluded
aug_SM_B_00656_SM_B_0002.jpg,existing_aug,SM_B_0002,,,val,excluded,False,parent_original_missing,4,SM,excluded,,source_excluded
aug_SM_B_00657_SM_B_0002.jpg,existing_aug,SM_B_0002,,,train,excluded,False,parent_original_missing,4,SM,excluded,,source_excluded
aug_SM_B_00658_SM_B_0002.jpg,existing_aug,SM_B_0002,,,val,excluded,False,parent_original_missing,4,SM,excluded,,source_excluded
aug_SM_C_00659_SM_C_0004.jpg,existing_aug,SM_C_0004,G02289,,test,train,True,,4,SM,train,G02289,kept
aug_SM_C_00660_SM_C_0004.jpg,existing_aug,SM_C_0004,G02289,,train,train,True,,4,SM,train,G02289,kept
aug_SM_C_00661_SM_C_0008.jpg,existing_aug,SM_C_0008,G02293,,test,train,True,,4,SM,train,G02293,kept
aug_SM_C_00662_SM_C_0005.jpg,existing_aug,SM_C_0005,G02290,,train,train,True,,4,SM,train,G02290,kept
aug_SM_C_00663_SM_C_0008.jpg,existing_aug,SM_C_0008,G02293,,train,train,True,,4,SM,train,G02293,kept
aug_SM_C_00664_SM_C_0007.jpg,existing_aug,SM_C_0007,G02292,,train,train,True,,4,SM,train,G02292,kept
aug_SM_C_00665_SM_C_0008.jpg,existing_aug,SM_C_0008,G02293,,train,train,True,,4,SM,train,G02293,kept
aug_SM_C_00666_SM_C_0008.jpg,existing_aug,SM_C_0008,G02293,,val,train,True,,4,SM,train,G02293,kept
aug_SM_C_00667_SM_C_0004.jpg,existing_aug,SM_C_0004,G02289,,val,train,True,,4,SM,train,G02289,kept
aug_SM_C_00668_SM_C_0006.jpg,existing_aug,SM_C_0006,G02291,,train,train,True,,4,SM,train,G02291,kept
aug_SM_C_00669_SM_C_0008.jpg,existing_aug,SM_C_0008,G02293,,test,train,True,,4,SM,train,G02293,kept
aug_SM_C_00670_SM_C_0006.jpg,existing_aug,SM_C_0006,G02291,,train,train,True,,4,SM,train,G02291,kept
aug_SM_C_00671_SM_C_0007.jpg,existing_aug,SM_C_0007,G02292,,train,train,True,,4,SM,train,G02292,kept
aug_SM_C_00672_SM_C_0005.jpg,existing_aug,SM_C_0005,G02290,,train,train,True,,4,SM,train,G02290,kept
aug_SM_C_00673_SM_C_0008.jpg,existing_aug,SM_C_0008,G02293,,train,train,True,,4,SM,train,G02293,kept
aug_SM_C_00674_SM_C_0007.jpg,existing_aug,SM_C_0007,G02292,,val,train,True,,4,SM,train,G02292,kept
aug_SM_C_00675_SM_C_0006.jpg,existing_aug,SM_C_0006,G02291,,train,train,True,,4,SM,train,G02291,kept
aug_SM_C_00676_SM_C_0007.jpg,existing_aug,SM_C_0007,G02292,,train,train,True,,4,SM,train,G02292,kept
aug_SM_C_00677_SM_C_0005.jpg,existing_aug,SM_C_0005,G02290,,train,train,True,,4,SM,train,G02290,kept
aug_SM_C_00678_SM_C_0006.jpg,existing_aug,SM_C_0006,G02291,,train,train,True,,4,SM,train,G02291,kept
aug_SM_C_00679_SM_C_0005.jpg,existing_aug,SM_C_0005,G02290,,train,train,True,,4,SM,train,G02290,kept
aug_SM_C_00680_SM_C_0004.jpg,existing_aug,SM_C_0004,G02289,,train,train,True,,4,SM,train,G02289,kept
aug_SM_C_00681_SM_C_0006.jpg,existing_aug,SM_C_0006,G02291,,train,train,True,,4,SM,train,G02291,kept
aug_SM_C_00682_SM_C_0005.jpg,existing_aug,SM_C_0005,G02290,,train,train,True,,4,SM,train,G02290,kept
aug_SM_C_00683_SM_C_0004.jpg,existing_aug,SM_C_0004,G02289,,train,train,True,,4,SM,train,G02289,kept
aug_SM_C_00684_SM_C_0005.jpg,existing_aug,SM_C_0005,G02290,,train,train,True,,4,SM,train,G02290,kept
aug_SM_C_00685_SM_C_0003.jpg,existing_aug,SM_C_0003,,,train,excluded,False,parent_original_missing,4,SM,excluded,,source_excluded
aug_SM_C_00686_SM_C_0005.jpg,existing_aug,SM_C_0005,G02290,,train,train,True,,4,SM,train,G02290,kept
aug_SM_C_00687_SM_C_0003.jpg,existing_aug,SM_C_0003,,,train,excluded,False,parent_original_missing,4,SM,excluded,,source_excluded
aug_SM_C_00688_SM_C_0008.jpg,existing_aug,SM_C_0008,G02293,,train,train,True,,4,SM,train,G02293,kept
aug_SM_C_00689_SM_C_0007.jpg,existing_aug,SM_C_0007,G02292,,train,train,True,,4,SM,train,G02292,kept
aug_SM_C_00690_SM_C_0004.jpg,existing_aug,SM_C_0004,G02289,,val,train,True,,4,SM,train,G02289,kept
aug_SM_C_00691_SM_C_0004.jpg,existing_aug,SM_C_0004,G02289,,train,train,True,,4,SM,train,G02289,kept
aug_SM_C_00692_SM_C_0008.jpg,existing_aug,SM_C_0008,G02293,,val,train,True,,4,SM,train,G02293,kept
aug_SM_C_00693_SM_C_0006.jpg,existing_aug,SM_C_0006,G02291,,train,train,True,,4,SM,train,G02291,kept
aug_SM_C_00694_SM_C_0002.jpg,existing_aug,SM_C_0002,,,train,excluded,False,parent_original_missing,4,SM,excluded,,source_excluded
aug_SM_C_00695_SM_C_0001.jpg,existing_aug,SM_C_0001,G02288,,train,train,True,,4,SM,train,G02288,kept
aug_SM_C_00696_SM_C_0006.jpg,existing_aug,SM_C_0006,G02291,,val,train,True,,4,SM,train,G02291,kept
aug_SM_C_00697_SM_C_0007.jpg,existing_aug,SM_C_0007,G02292,,val,train,True,,4,SM,train,G02292,kept
aug_SM_C_00698_SM_C_0002.jpg,existing_aug,SM_C_0002,,,test,excluded,False,parent_original_missing,4,SM,excluded,,source_excluded
aug_SM_C_00699_SM_C_0006.jpg,existing_aug,SM_C_0006,G02291,,train,train,True,,4,SM,train,G02291,kept
aug_SM_C_00700_SM_C_0002.jpg,existing_aug,SM_C_0002,,,train,excluded,False,parent_original_missing,4,SM,excluded,,source_excluded
aug_SM_C_00701_SM_C_0007.jpg,existing_aug,SM_C_0007,G02292,,train,train,True,,4,SM,train,G02292,kept
aug_SM_C_00702_SM_C_0001.jpg,existing_aug,SM_C_0001,G02288,,train,train,True,,4,SM,train,G02288,kept
aug_SM_C_00703_SM_C_0005.jpg,existing_aug,SM_C_0005,G02290,,train,train,True,,4,SM,train,G02290,kept
aug_SM_C_00704_SM_C_0004.jpg,existing_aug,SM_C_0004,G02289,,train,train,True,,4,SM,train,G02289,kept
aug_SM_C_00705_SM_C_0005.jpg,existing_aug,SM_C_0005,G02290,,train,train,True,,4,SM,train,G02290,kept
aug_SM_C_00706_SM_C_0002.jpg,existing_aug,SM_C_0002,,,train,excluded,False,parent_original_missing,4,SM,excluded,,source_excluded
aug_SM_C_00707_SM_C_0002.jpg,existing_aug,SM_C_0002,,,train,excluded,False,parent_original_missing,4,SM,excluded,,source_excluded
aug_SM_C_00708_SM_C_0005.jpg,existing_aug,SM_C_0005,G02290,,train,train,True,,4,SM,train,G02290,kept
aug_SM_C_00709_SM_C_0001.jpg,existing_aug,SM_C_0001,G02288,,train,train,True,,4,SM,train,G02288,kept
aug_SM_C_00710_SM_C_0001.jpg,existing_aug,SM_C_0001,G02288,,train,train,True,,4,SM,train,G02288,kept
aug_SM_C_00711_SM_C_0007.jpg,existing_aug,SM_C_0007,G02292,,val,train,True,,4,SM,train,G02292,kept
aug_SM_C_00712_SM_C_0001.jpg,existing_aug,SM_C_0001,G02288,,train,train,True,,4,SM,train,G02288,kept
aug_SM_D_00713_SM_D_0007.jpg,existing_aug,SM_D_0007,G02299,,train,train,True,,4,SM,train,G02299,kept
aug_SM_D_00714_SM_D_0009.jpg,existing_aug,SM_D_0009,G02300,,train,train,True,,4,SM,train,G02300,kept
aug_SM_D_00715_SM_D_0002.jpg,existing_aug,SM_D_0002,G02294,,train,train,True,,4,SM,train,G02294,kept
aug_SM_D_00716_SM_D_0013.jpg,existing_aug,SM_D_0013,G02304,C047,train,val,True,,4,SM,val,G02304,kept
aug_SM_D_00717_SM_D_0005.jpg,existing_aug,SM_D_0005,G02297,,train,train,True,,4,SM,train,G02297,kept
aug_SM_D_00718_SM_D_0018.jpg,existing_aug,SM_D_0018,G02308,,train,train,True,,4,SM,train,G02308,kept
aug_SM_D_00719_SM_D_0001.jpg,existing_aug,SM_D_0001,,,train,excluded,False,parent_original_missing,0;4,ANT_AB;SM,excluded,,source_excluded
aug_SM_D_00720_SM_D_0013.jpg,existing_aug,SM_D_0013,G02304,C047,train,val,True,,4,SM,val,G02304,kept
aug_SM_D_00721_SM_D_0008.jpg,existing_aug,SM_D_0008,,,val,excluded,False,parent_original_missing,4,SM,excluded,,source_excluded
aug_SM_D_00722_SM_D_0018.jpg,existing_aug,SM_D_0018,G02308,,train,train,True,,4,SM,train,G02308,kept
aug_SM_D_00723_SM_D_0012.jpg,existing_aug,SM_D_0012,G02303,,train,train,True,,4,SM,train,G02303,kept
aug_SM_D_00724_SM_D_0011.jpg,existing_aug,SM_D_0011,G02302,,train,test,True,,4,SM,test,G02302,kept
aug_SM_D_00725_SM_D_0019.jpg,existing_aug,SM_D_0019,G02309,,train,val,True,,4,SM,val,G02309,kept
aug_SM_D_00726_SM_D_0010.jpg,existing_aug,SM_D_0010,G02301,,train,test,True,,4,SM,test,G02301,kept
aug_SM_D_00727_SM_D_0002.jpg,existing_aug,SM_D_0002,G02294,,train,train,True,,4,SM,train,G02294,kept
aug_SM_D_00728_SM_D_0001.jpg,existing_aug,SM_D_0001,,,train,excluded,False,parent_original_missing,4,SM,excluded,,source_excluded
photoaug_ANT_CD_0001_ANT_C_0018.jpg,photoaug,ANT_C_0018,G01340,,train,train,True,,1,ANT_CD,train,G01340,kept
photoaug_ANT_CD_0002_ANT_C_0131.jpg,photoaug,ANT_C_0131,G01434,,train,train,True,,1,ANT_CD,train,G01434,kept
photoaug_ANT_CD_0003_ANT_C_0075.jpg,photoaug,ANT_C_0075,G01390,,train,train,True,,1,ANT_CD,train,G01390,kept
photoaug_ANT_CD_0004_ANT_D_0016.jpg,photoaug,ANT_D_0016,G01680,,train,train,True,,1,ANT_CD,train,G01680,kept
photoaug_ANT_CD_0005_ANT_D_0024.jpg,photoaug,ANT_D_0024,G01687,,train,train,True,,1,ANT_CD,train,G01687,kept
photoaug_ANT_CD_0006_ANT_C_0367.jpg,photoaug,ANT_C_0367,G01635,,train,train,True,,1,ANT_CD,train,G01635,kept
photoaug_ANT_CD_0007_ANT_C_0155.jpg,photoaug,ANT_C_0155,G01450,C069,train,val,True,,1,ANT_CD,val,G01450,kept
photoaug_ANT_CD_0008_ANT_C_0327.jpg,photoaug,ANT_C_0327,G01598,,train,train,True,,1,ANT_CD,train,G01598,kept
photoaug_ANT_CD_0009_ANT_C_0189.jpg,photoaug,ANT_C_0189,G01468,C003,train,val,True,,1,ANT_CD,val,G01468,kept
photoaug_ANT_CD_0010_ANT_C_0143.jpg,photoaug,ANT_C_0143,G01439,C071,train,train,True,,1,ANT_CD,train,G01439,kept
photoaug_ANT_CD_0011_ANT_C_0094.jpg,photoaug,ANT_C_0094,G01409,,train,train,True,,1,ANT_CD,train,G01409,kept
photoaug_ANT_CD_0012_ANT_C_0133.jpg,photoaug,ANT_C_0133,G01435,C072,train,test,True,,1,ANT_CD,test,G01435,kept
photoaug_ANT_CD_0013_ANT_C_0346.jpg,photoaug,ANT_C_0346,G01616,,train,train,True,,1,ANT_CD,train,G01616,kept
photoaug_ANT_CD_0014_ANT_C_0218.jpg,photoaug,ANT_C_0218,G01496,,train,train,True,,1,ANT_CD,train,G01496,kept
photoaug_ANT_CD_0015_ANT_C_0198.jpg,photoaug,ANT_C_0198,G01476,,train,train,True,,1,ANT_CD,train,G01476,kept
photoaug_ANT_CD_0016_ANT_C_0255.jpg,photoaug,ANT_C_0255,G01533,,train,train,True,,1,ANT_CD,train,G01533,kept
photoaug_ANT_CD_0017_ANT_C_0337.jpg,photoaug,ANT_C_0337,G01607,,train,train,True,,1,ANT_CD,train,G01607,kept
photoaug_ANT_CD_0018_ANT_C_0187.jpg,photoaug,ANT_C_0187,G01468,C003,train,val,True,,1,ANT_CD,val,G01468,kept
photoaug_ANT_CD_0019_ANT_C_0111.jpg,photoaug,ANT_C_0111,G01424,,train,train,True,,1,ANT_CD,train,G01424,kept
photoaug_ANT_CD_0020_ANT_C_0361.jpg,photoaug,ANT_C_0361,G01629,,train,train,True,,1,ANT_CD,train,G01629,kept
photoaug_ANT_CD_0021_ANT_C_0293.jpg,photoaug,ANT_C_0293,G01568,,train,val,True,,1,ANT_CD,val,G01568,kept
photoaug_ANT_CD_0022_ANT_D_0005.jpg,photoaug,ANT_D_0005,G01670,,train,train,True,,1,ANT_CD,train,G01670,kept
photoaug_ANT_CD_0023_ANT_D_0043.jpg,photoaug,ANT_D_0043,G01703,,train,train,True,,1,ANT_CD,train,G01703,kept
photoaug_ANT_CD_0024_ANT_C_0071.jpg,photoaug,ANT_C_0071,G01386,,train,train,True,,1,ANT_CD,train,G01386,kept
photoaug_ANT_CD_0025_ANT_C_0129.jpg,photoaug,ANT_C_0129,G01433,C073,train,val,True,,1,ANT_CD,val,G01433,kept
photoaug_ANT_CD_0026_ANT_C_0125.jpg,photoaug,ANT_C_0125,G01432,,train,test,True,,1,ANT_CD,test,G01432,kept
photoaug_ANT_CD_0027_ANT_B_0266.jpg,photoaug,ANT_B_0266,G00889,,train,train,True,,1,ANT_CD,train,G00889,kept
photoaug_ANT_CD_0028_ANT_C_0142.jpg,photoaug,ANT_C_0142,G01439,C071,train,train,True,,1,ANT_CD,train,G01439,kept
photoaug_ANT_CD_0029_ANT_C_0287.jpg,photoaug,ANT_C_0287,G01562,,train,train,True,,1,ANT_CD,train,G01562,kept
photoaug_ANT_CD_0030_ANT_C_0001.jpg,photoaug,ANT_C_0001,G01329,,train,test,True,,1,ANT_CD,test,G01329,kept
photoaug_ANT_CD_0031_ANT_B_0155.jpg,photoaug,ANT_B_0155,G00801,C095,train,val,True,,1,ANT_CD,val,G00801,kept
photoaug_ANT_CD_0032_ANT_C_0113.jpg,photoaug,ANT_C_0113,G01426,,train,train,True,,1,ANT_CD,train,G01426,kept
photoaug_ANT_CD_0033_ANT_C_0127.jpg,photoaug,ANT_C_0127,G01433,C073,train,val,True,,1,ANT_CD,val,G01433,kept
photoaug_ANT_CD_0034_ANT_C_0173.jpg,photoaug,ANT_C_0173,G01459,C066,train,test,True,,1,ANT_CD,test,G01459,kept
photoaug_ANT_CD_0035_ANT_C_0006.jpg,photoaug,ANT_C_0006,G01333,,train,train,True,,1,ANT_CD,train,G01333,kept
photoaug_ANT_CD_0036_ANT_C_0050.jpg,photoaug,ANT_C_0050,G01369,,train,train,True,,1,ANT_CD,train,G01369,kept
photoaug_ANT_CD_0037_ANT_C_0083.jpg,photoaug,ANT_C_0083,G01398,,train,train,True,,1,ANT_CD,train,G01398,kept
photoaug_ANT_CD_0038_ANT_C_0139.jpg,photoaug,ANT_C_0139,G01438,C076,train,test,True,,1,ANT_CD,test,G01438,kept
photoaug_ANT_CD_0039_ANT_C_0095.jpg,photoaug,ANT_C_0095,G01410,,train,train,True,,1,ANT_CD,train,G01410,kept
photoaug_ANT_CD_0040_ANT_C_0077.jpg,photoaug,ANT_C_0077,G01392,,train,train,True,,1,ANT_CD,train,G01392,kept
photoaug_ANT_CD_0041_ANT_D_0013.jpg,photoaug,ANT_D_0013,G01677,,train,train,True,,1,ANT_CD,train,G01677,kept
photoaug_ANT_CD_0042_ANT_C_0019.jpg,photoaug,ANT_C_0019,G01341,,train,train,True,,1,ANT_CD,train,G01341,kept
photoaug_ANT_CD_0043_ANT_C_0030.jpg,photoaug,ANT_C_0030,G01352,,train,train,True,,1,ANT_CD,train,G01352,kept
photoaug_ANT_CD_0044_ANT_C_0282.jpg,photoaug,ANT_C_0282,G01557,,train,train,True,,1,ANT_CD,train,G01557,kept
photoaug_ANT_CD_0045_ANT_D_0022.jpg,photoaug,ANT_D_0022,G01685,,train,test,True,,1,ANT_CD,test,G01685,kept
photoaug_ANT_CD_0046_ANT_C_0197.jpg,photoaug,ANT_C_0197,G01475,,train,train,True,,1,ANT_CD,train,G01475,kept
photoaug_ANT_CD_0047_ANT_C_0342.jpg,photoaug,ANT_C_0342,G01612,,train,train,True,,1,ANT_CD,train,G01612,kept
photoaug_ANT_CD_0048_ANT_C_0056.jpg,photoaug,ANT_C_0056,G01375,,train,train,True,,1,ANT_CD,train,G01375,kept
photoaug_ANT_CD_0049_ANT_C_0208.jpg,photoaug,ANT_C_0208,G01486,,train,train,True,,1,ANT_CD,train,G01486,kept
photoaug_ANT_CD_0050_ANT_C_0188.jpg,photoaug,ANT_C_0188,G01468,C003,train,val,True,,1,ANT_CD,val,G01468,kept
photoaug_ANT_CD_0051_ANT_C_0182.jpg,photoaug,ANT_C_0182,G01464,,train,train,True,,1,ANT_CD,train,G01464,kept
photoaug_ANT_CD_0052_ANT_C_0051.jpg,photoaug,ANT_C_0051,G01370,,train,train,True,,1,ANT_CD,train,G01370,kept
photoaug_ANT_CD_0053_ANT_C_0322.jpg,photoaug,ANT_C_0322,G01595,,train,train,True,,1,ANT_CD,train,G01595,kept
photoaug_ANT_CD_0054_ANT_C_0177.jpg,photoaug,ANT_C_0177,G01461,C001,train,val,True,,1,ANT_CD,val,G01461,kept
photoaug_ANT_CD_0055_ANT_C_0316.jpg,photoaug,ANT_C_0316,G01589,,train,val,True,,1,ANT_CD,val,G01589,kept
photoaug_ANT_CD_0056_ANT_D_0051.jpg,photoaug,ANT_D_0051,G01711,,train,train,True,,1,ANT_CD,train,G01711,kept
photoaug_ANT_CD_0057_ANT_D_0031.jpg,photoaug,ANT_D_0031,G01693,,train,test,True,,1,ANT_CD,test,G01693,kept
photoaug_ANT_CD_0058_ANT_C_0366.jpg,photoaug,ANT_C_0366,G01634,,train,train,True,,1,ANT_CD,train,G01634,kept
photoaug_ANT_CD_0059_ANT_C_0117.jpg,photoaug,ANT_C_0117,G01429,C074,train,test,True,,1,ANT_CD,test,G01429,kept
photoaug_ANT_CD_0060_ANT_C_0219.jpg,photoaug,ANT_C_0219,G01497,,train,train,True,,1,ANT_CD,train,G01497,kept
photoaug_ANT_CD_0061_ANT_C_0040.jpg,photoaug,ANT_C_0040,G01361,,train,train,True,,1,ANT_CD,train,G01361,kept
photoaug_ANT_CD_0062_ANT_C_0203.jpg,photoaug,ANT_C_0203,G01481,,train,train,True,,1,ANT_CD,train,G01481,kept
photoaug_ANT_CD_0063_ANT_C_0338.jpg,photoaug,ANT_C_0338,G01608,,train,train,True,,1,ANT_CD,train,G01608,kept
photoaug_ANT_CD_0064_ANT_C_0394.jpg,photoaug,ANT_C_0394,G01662,,train,train,True,,1,ANT_CD,train,G01662,kept
photoaug_ANT_CD_0065_ANT_D_0023.jpg,photoaug,ANT_D_0023,G01686,,train,train,True,,1,ANT_CD,train,G01686,kept
photoaug_ANT_CD_0066_ANT_C_0059.jpg,photoaug,ANT_C_0059,G01378,,train,train,True,,1,ANT_CD,train,G01378,kept
photoaug_ANT_CD_0067_ANT_C_0109.jpg,photoaug,ANT_C_0109,G01422,,train,train,True,,1,ANT_CD,train,G01422,kept
photoaug_ANT_CD_0068_ANT_C_0348.jpg,photoaug,ANT_C_0348,G01618,,train,test,True,,1,ANT_CD,test,G01618,kept
photoaug_ANT_CD_0069_ANT_C_0360.jpg,photoaug,ANT_C_0360,G01628,,train,train,True,,1,ANT_CD,train,G01628,kept
photoaug_ANT_CD_0070_ANT_C_0258.jpg,photoaug,ANT_C_0258,G01536,,train,train,True,,1,ANT_CD,train,G01536,kept
photoaug_ANT_CD_0071_ANT_C_0267.jpg,photoaug,ANT_C_0267,G01544,,train,train,True,,1,ANT_CD,train,G01544,kept
photoaug_ANT_CD_0072_ANT_C_0183.jpg,photoaug,ANT_C_0183,G01465,,train,train,True,,1,ANT_CD,train,G01465,kept
photoaug_ANT_CD_0073_ANT_C_0234.jpg,photoaug,ANT_C_0234,G01512,,train,train,True,,1,ANT_CD,train,G01512,kept
photoaug_ANT_CD_0074_ANT_C_0063.jpg,photoaug,ANT_C_0063,G01381,,train,train,True,,1,ANT_CD,train,G01381,kept
photoaug_ANT_CD_0075_ANT_C_0216.jpg,photoaug,ANT_C_0216,G01494,,train,train,True,,1,ANT_CD,train,G01494,kept
photoaug_ANT_CD_0076_ANT_C_0220.jpg,photoaug,ANT_C_0220,G01498,,train,train,True,,1,ANT_CD,train,G01498,kept
photoaug_ANT_CD_0077_ANT_C_0025.jpg,photoaug,ANT_C_0025,G01347,,train,train,True,,1,ANT_CD,train,G01347,kept
photoaug_ANT_CD_0078_ANT_D_0049.jpg,photoaug,ANT_D_0049,G01709,,train,train,True,,1,ANT_CD,train,G01709,kept
photoaug_ANT_CD_0079_ANT_C_0253.jpg,photoaug,ANT_C_0253,G01531,,train,train,True,,1,ANT_CD,train,G01531,kept
photoaug_ANT_CD_0080_ANT_D_0015.jpg,photoaug,ANT_D_0015,G01679,,train,train,True,,1,ANT_CD,train,G01679,kept
photoaug_ANT_CD_0081_ANT_C_0054.jpg,photoaug,ANT_C_0054,G01373,,train,val,True,,1,ANT_CD,val,G01373,kept
photoaug_ANT_CD_0082_ANT_C_0164.jpg,photoaug,ANT_C_0164,G01455,C068,train,test,True,,1,ANT_CD,test,G01455,kept
photoaug_ANT_CD_0083_ANT_C_0205.jpg,photoaug,ANT_C_0205,G01483,,train,test,True,,1,ANT_CD,test,G01483,kept
photoaug_ANT_CD_0084_ANT_C_0265.jpg,photoaug,ANT_C_0265,G01542,,train,val,True,,1,ANT_CD,val,G01542,kept
photoaug_ANT_CD_0085_ANT_C_0362.jpg,photoaug,ANT_C_0362,G01630,,train,train,True,,1,ANT_CD,train,G01630,kept
photoaug_ANT_CD_0086_ANT_C_0081.jpg,photoaug,ANT_C_0081,G01396,,train,train,True,,1,ANT_CD,train,G01396,kept
photoaug_ANT_CD_0087_ANT_C_0195.jpg,photoaug,ANT_C_0195,G01473,,train,train,True,,1,ANT_CD,train,G01473,kept
photoaug_ANT_CD_0088_ANT_C_0243.jpg,photoaug,ANT_C_0243,G01521,,train,train,True,,1,ANT_CD,train,G01521,kept
photoaug_ANT_CD_0089_ANT_D_0036.jpg,photoaug,ANT_D_0036,G01697,,train,train,True,,1,ANT_CD,train,G01697,kept
photoaug_ANT_CD_0090_ANT_C_0146.jpg,photoaug,ANT_C_0146,G01442,,train,train,True,,1,ANT_CD,train,G01442,kept
photoaug_ANT_CD_0091_ANT_C_0353.jpg,photoaug,ANT_C_0353,G01623,,train,train,True,,1,ANT_CD,train,G01623,kept
photoaug_ANT_CD_0092_ANT_B_0141.jpg,photoaug,ANT_B_0141,G00792,,train,train,True,,1,ANT_CD,train,G00792,kept
photoaug_ANT_CD_0093_ANT_C_0384.jpg,photoaug,ANT_C_0384,G01652,,train,train,True,,1,ANT_CD,train,G01652,kept
photoaug_ANT_CD_0094_ANT_C_0278.jpg,photoaug,ANT_C_0278,G01553,,train,train,True,,1,ANT_CD,train,G01553,kept
photoaug_ANT_CD_0095_ANT_C_0257.jpg,photoaug,ANT_C_0257,G01535,,train,train,True,,1,ANT_CD,train,G01535,kept
photoaug_ANT_CD_0096_ANT_C_0259.jpg,photoaug,ANT_C_0259,G01537,,train,train,True,,1,ANT_CD,train,G01537,kept
photoaug_ANT_CD_0097_ANT_C_0228.jpg,photoaug,ANT_C_0228,G01506,,train,test,True,,1,ANT_CD,test,G01506,kept
photoaug_ANT_CD_0098_ANT_D_0038.jpg,photoaug,ANT_D_0038,G01699,C005,train,val,True,,1,ANT_CD,val,G01699,kept
photoaug_ANT_CD_0099_ANT_C_0324.jpg,photoaug,ANT_C_0324,G01597,,train,train,True,,1,ANT_CD,train,G01597,kept
photoaug_ANT_CD_0100_ANT_C_0377.jpg,photoaug,ANT_C_0377,G01645,,train,train,True,,1,ANT_CD,train,G01645,kept
photoaug_ANT_CD_0101_ANT_C_0161.jpg,photoaug,ANT_C_0161,G01455,C068,train,test,True,,1,ANT_CD,test,G01455,kept
photoaug_ANT_CD_0102_ANT_C_0213.jpg,photoaug,ANT_C_0213,G01491,,train,test,True,,1,ANT_CD,test,G01491,kept
photoaug_ANT_CD_0103_ANT_C_0319.jpg,photoaug,ANT_C_0319,G01592,,train,train,True,,1,ANT_CD,train,G01592,kept
photoaug_ANT_CD_0104_ANT_C_0174.jpg,photoaug,ANT_C_0174,G01459,C066,train,test,True,,1,ANT_CD,test,G01459,kept
photoaug_ANT_CD_0105_ANT_C_0371.jpg,photoaug,ANT_C_0371,G01639,,train,train,True,,1,ANT_CD,train,G01639,kept
photoaug_ANT_CD_0106_ANT_C_0254.jpg,photoaug,ANT_C_0254,G01532,,train,train,True,,1,ANT_CD,train,G01532,kept
photoaug_ANT_CD_0107_ANT_C_0045.jpg,photoaug,ANT_C_0045,G01365,,train,train,True,,1,ANT_CD,train,G01365,kept
photoaug_ANT_CD_0108_ANT_C_0016.jpg,photoaug,ANT_C_0016,G01338,,train,train,True,,1,ANT_CD,train,G01338,kept
photoaug_ANT_CD_0109_ANT_C_0379.jpg,photoaug,ANT_C_0379,G01647,,train,train,True,,1,ANT_CD,train,G01647,kept
photoaug_ANT_CD_0110_ANT_C_0015.jpg,photoaug,ANT_C_0015,G01337,,train,test,True,,1,ANT_CD,test,G01337,kept
photoaug_ANT_CD_0111_ANT_C_0120.jpg,photoaug,ANT_C_0120,G01429,C074,train,test,True,,1,ANT_CD,test,G01429,kept
photoaug_ANT_CD_0112_ANT_C_0151.jpg,photoaug,ANT_C_0151,G01446,,train,train,True,,1,ANT_CD,train,G01446,kept
photoaug_ANT_CD_0113_ANT_C_0145.jpg,photoaug,ANT_C_0145,G01441,,train,train,True,,1,ANT_CD,train,G01441,kept
photoaug_ANT_CD_0114_ANT_C_0150.jpg,photoaug,ANT_C_0150,G01445,C070,train,val,True,,1,ANT_CD,val,G01445,kept
photoaug_ANT_CD_0115_ANT_C_0291.jpg,photoaug,ANT_C_0291,G01566,,train,train,True,,1,ANT_CD,train,G01566,kept
photoaug_ANT_CD_0116_ANT_C_0283.jpg,photoaug,ANT_C_0283,G01558,,train,train,True,,1,ANT_CD,train,G01558,kept
photoaug_ANT_CD_0117_ANT_C_0055.jpg,photoaug,ANT_C_0055,G01374,,train,train,True,,1,ANT_CD,train,G01374,kept
photoaug_ANT_CD_0118_ANT_C_0204.jpg,photoaug,ANT_C_0204,G01482,,train,test,True,,1,ANT_CD,test,G01482,kept
photoaug_ANT_CD_0119_ANT_C_0252.jpg,photoaug,ANT_C_0252,G01530,,train,train,True,,1,ANT_CD,train,G01530,kept
photoaug_ANT_CD_0120_ANT_C_0330.jpg,photoaug,ANT_C_0330,G01600,,train,val,True,,1,ANT_CD,val,G01600,kept
photoaug_ANT_CD_0121_ANT_D_0020.jpg,photoaug,ANT_D_0020,G01683,C007,train,train,True,,1,ANT_CD,train,G01683,kept
photoaug_ANT_CD_0122_ANT_C_0196.jpg,photoaug,ANT_C_0196,G01474,,train,train,True,,1,ANT_CD,train,G01474,kept
photoaug_ANT_CD_0123_ANT_C_0202.jpg,photoaug,ANT_C_0202,G01480,,train,train,True,,1,ANT_CD,train,G01480,kept
photoaug_ANT_CD_0124_ANT_C_0211.jpg,photoaug,ANT_C_0211,G01489,,train,train,True,,1,ANT_CD,train,G01489,kept
photoaug_ANT_CD_0125_ANT_D_0030.jpg,photoaug,ANT_D_0030,G01692,,train,train,True,,1,ANT_CD,train,G01692,kept
photoaug_BLS_0001_BLS_B_0008.jpg,photoaug,BLS_B_0008,G01824,,train,train,True,,2,BLS,train,G01824,kept
photoaug_BLS_0002_BLS_C_0064.jpg,photoaug,BLS_C_0064,G02039,C032,train,test,True,,2,BLS,test,G02039,kept
photoaug_BLS_0003_BLS_B_0107.jpg,photoaug,BLS_B_0107,G01908,,train,train,True,,2,BLS,train,G01908,kept
photoaug_BLS_0004_BLS_B_0216.jpg,photoaug,BLS_B_0216,G01974,,train,train,True,,2,BLS,train,G01974,kept
photoaug_BLS_0005_BLS_B_0082.jpg,photoaug,BLS_B_0082,G01887,,train,train,True,,2,BLS,train,G01887,kept
photoaug_BLS_0006_BLS_A_0149.jpg,photoaug,BLS_A_0149,G01808,,train,train,True,,2,BLS,train,G01808,kept
photoaug_BLS_0007_BLS_A_0164.jpg,photoaug,BLS_A_0164,G01816,C019,train,train,False,near_duplicate_reencoded_copy,2,BLS,train,G01816,excluded_near_duplicate
photoaug_BLS_0008_BLS_C_0054.jpg,photoaug,BLS_C_0054,G02033,C031,train,test,True,,2,BLS,test,G02033,kept
photoaug_BLS_0009_BLS_B_0157.jpg,photoaug,BLS_B_0157,G01947,,train,train,True,,2,BLS,train,G01947,kept
photoaug_BLS_0010_BLS_A_0156.jpg,photoaug,BLS_A_0156,G01813,,train,train,True,,2,BLS,train,G01813,kept
photoaug_BLS_0011_BLS_C_0062.jpg,photoaug,BLS_C_0062,G02037,,train,train,True,,2,BLS,train,G02037,kept
photoaug_BLS_0012_BLS_C_0009.jpg,photoaug,BLS_C_0009,G01995,,train,train,True,,2,BLS,train,G01995,kept
photoaug_CR_0001_CR_A_0037.jpg,photoaug,CR_A_0037,G02106,,train,train,True,,3,CR,train,G02106,kept
photoaug_CR_0002_CR_A_0018.jpg,photoaug,CR_A_0018,G02090,,train,train,True,,3,CR,test,G02090,moved_CR_group_split
photoaug_CR_0003_CR_B_0094.jpg,photoaug,CR_B_0094,G02260,,train,train,True,,3,CR,train,G02260,kept
photoaug_CR_0004_CR_B_0034.jpg,photoaug,CR_B_0034,G02222,,train,val,True,,3,CR,train,G02222,moved_CR_group_split
photoaug_CR_0005_CR_A_0121.jpg,photoaug,CR_A_0121,G02151,,train,train,True,,3,CR,train,G02151,kept
photoaug_CR_0006_CR_A_0039.jpg,photoaug,CR_A_0039,G02108,,train,train,True,,3,CR,train,G02108,kept
photoaug_CR_0007_CR_B_0083.jpg,photoaug,CR_B_0083,G02251,,train,train,True,,3,CR,train,G02251,kept
photoaug_CR_0008_CR_A_0014.jpg,photoaug,CR_A_0014,G02087,,train,train,True,,3,CR,val,G02087,moved_CR_group_split
photoaug_CR_0009_CR_A_0079.jpg,photoaug,CR_A_0079,G02124,,train,val,True,,3,CR,train,G02124,moved_CR_group_split
photoaug_CR_0010_CR_A_0162.jpg,photoaug,CR_A_0162,G02184,,train,val,True,,3,CR,train,G02184,moved_CR_group_split
photoaug_CR_0011_CR_B_0108.jpg,photoaug,CR_B_0108,G02269,C046,train,val,False,near_duplicate_reencoded_copy,3,CR,val,G02269,excluded_near_duplicate
photoaug_CR_0012_CR_A_0012.jpg,photoaug,CR_A_0012,G02086,C040,train,train,True,,3,CR,train,G02086,kept
photoaug_CR_0013_CR_A_0110.jpg,photoaug,CR_A_0110,G02140,,train,train,True,,3,CR,train,G02140,kept
photoaug_CR_0014_CR_A_0115.jpg,photoaug,CR_A_0115,G02145,,train,test,True,,3,CR,train,G02145,moved_CR_group_split
photoaug_CR_0015_CR_A_0102.jpg,photoaug,CR_A_0102,G02133,C042,train,val,False,ambiguous_or_no_visible_CR_cue,3,CR,val,G02133,excluded_ambiguous_CR
photoaug_CR_0016_CR_A_0011.jpg,photoaug,CR_A_0011,G02086,C040,train,train,True,,3,CR,train,G02086,kept
photoaug_CR_0017_CR_A_0150.jpg,photoaug,CR_A_0150,G02176,,train,train,True,,3,CR,train,G02176,kept
photoaug_CR_0018_CR_A_0042.jpg,photoaug,CR_A_0042,G02110,,train,train,True,,3,CR,train,G02110,kept
photoaug_CR_0019_CR_B_0067.jpg,photoaug,CR_B_0067,G02238,C045,train,train,True,,3,CR,test,CRSEQ_B_0064_0070,moved_CR_group_split
photoaug_CR_0020_CR_B_0031.jpg,photoaug,CR_B_0031,G02219,,train,train,True,,3,CR,train,G02219,kept
photoaug_CR_0021_CR_B_0003.jpg,photoaug,CR_B_0003,G02196,,train,val,True,,3,CR,val,G02196,kept
photoaug_CR_0022_CR_A_0104.jpg,photoaug,CR_A_0104,G02134,,train,train,True,,3,CR,train,G02134,kept
photoaug_CR_0023_CR_A_0125.jpg,photoaug,CR_A_0125,G02155,,train,train,True,,3,CR,train,G02155,kept
photoaug_CR_0024_CR_A_0147.jpg,photoaug,CR_A_0147,G02173,,train,train,True,,3,CR,train,G02173,kept
photoaug_CR_0025_CR_B_0018.jpg,photoaug,CR_B_0018,G02207,,train,train,True,,3,CR,train,G02207,kept
photoaug_CR_0026_CR_A_0148.jpg,photoaug,CR_A_0148,G02174,,train,train,True,,3,CR,train,G02174,kept
photoaug_CR_0027_CR_B_0080.jpg,photoaug,CR_B_0080,G02248,,train,test,True,,3,CR,train,G02248,moved_CR_group_split
photoaug_CR_0028_CR_B_0072.jpg,photoaug,CR_B_0072,G02240,,train,train,True,,3,CR,test,G02240,moved_CR_group_split
photoaug_CR_0029_CR_A_0135.jpg,photoaug,CR_A_0135,G02163,,train,test,True,,3,CR,val,G02163,moved_CR_group_split
photoaug_CR_0030_CR_A_0113.jpg,photoaug,CR_A_0113,G02143,,train,train,True,,3,CR,train,G02143,kept
photoaug_CR_0031_CR_B_0092.jpg,photoaug,CR_B_0092,G02258,,train,train,True,,3,CR,train,G02258,kept
photoaug_CR_0032_CR_B_0026.jpg,photoaug,CR_B_0026,G02214,,train,train,True,,3,CR,train,G02214,kept
photoaug_CR_0033_CR_B_0012.jpg,photoaug,CR_B_0012,G02201,,train,train,True,,3,CR,train,G02201,kept
photoaug_CR_0034_CR_A_0124.jpg,photoaug,CR_A_0124,G02154,,train,val,True,,3,CR,train,G02154,moved_CR_group_split
photoaug_CR_0035_CR_A_0095.jpg,photoaug,CR_A_0095,G02129,,train,test,True,,3,CR,train,G02129,moved_CR_group_split
photoaug_CR_0036_CR_A_0040.jpg,photoaug,CR_A_0040,G02109,,train,train,True,,3,CR,train,G02109,kept
photoaug_CR_0037_CR_A_0073.jpg,photoaug,CR_A_0073,G02123,,train,val,True,,3,CR,train,G02123,moved_CR_group_split
photoaug_SM_0001_SM_D_0015.jpg,photoaug,SM_D_0015,G02305,,train,train,True,,4,SM,train,G02305,kept
photoaug_SM_0002_SM_D_0004.jpg,photoaug,SM_D_0004,G02296,,train,train,True,,4,SM,train,G02296,kept
photoaug_SM_0003_SM_A_0007.jpg,photoaug,SM_A_0007,G02285,,train,train,True,,4,SM,train,G02285,kept
photoaug_SM_0004_SM_D_0014.jpg,photoaug,SM_D_0014,G02304,C047,train,val,True,,4,SM,val,G02304,kept
photoaug_SM_0005_SM_A_0003.jpg,photoaug,SM_A_0003,G02283,,train,train,True,,4,SM,train,G02283,kept
photoaug_SM_0006_SM_D_0013.jpg,photoaug,SM_D_0013,G02304,C047,train,val,True,,4,SM,val,G02304,kept
photoaug_SM_0007_SM_C_0001.jpg,photoaug,SM_C_0001,G02288,,train,train,True,,4,SM,train,G02288,kept
photoaug_SM_0008_SM_D_0002.jpg,photoaug,SM_D_0002,G02294,,train,train,True,,4,SM,train,G02294,kept
photoaug_SM_0009_SM_D_0018.jpg,photoaug,SM_D_0018,G02308,,train,train,True,,4,SM,train,G02308,kept
photoaug_SM_0010_SM_C_0006.jpg,photoaug,SM_C_0006,G02291,,train,train,True,,4,SM,train,G02291,kept
photoaug_SM_0011_SM_C_0007.jpg,photoaug,SM_C_0007,G02292,,train,train,True,,4,SM,train,G02292,kept
photoaug_SM_0012_SM_C_0004.jpg,photoaug,SM_C_0004,G02289,,train,train,True,,4,SM,train,G02289,kept
photoaug_SM_0013_SM_D_0017.jpg,photoaug,SM_D_0017,G02307,,train,test,True,,4,SM,test,G02307,kept
photoaug_SM_0014_SM_D_0020.jpg,photoaug,SM_D_0020,G02310,,train,train,True,,4,SM,train,G02310,kept
photoaug_SM_0015_SM_D_0003.jpg,photoaug,SM_D_0003,G02295,,train,val,True,,4,SM,val,G02295,kept
photoaug_SM_0016_SM_D_0005.jpg,photoaug,SM_D_0005,G02297,,train,train,True,,4,SM,train,G02297,kept
photoaug_SM_0017_SM_D_0019.jpg,photoaug,SM_D_0019,G02309,,train,val,True,,4,SM,val,G02309,kept
photoaug_SM_0018_SM_D_0006.jpg,photoaug,SM_D_0006,G02298,,train,val,True,,4,SM,val,G02298,kept
photoaug_SM_0019_SM_A_0002.jpg,photoaug,SM_A_0002,G02282,,train,train,True,,4,SM,train,G02282,kept
photoaug_SM_0020_SM_D_0016.jpg,photoaug,SM_D_0016,G02306,,train,test,True,,4,SM,test,G02306,kept
photoaug_SM_0021_SM_B_0006.jpg,photoaug,SM_B_0006,G02286,,train,train,True,,4,SM,train,G02286,kept
photoaug_SM_0022_SM_D_0009.jpg,photoaug,SM_D_0009,G02300,,train,train,True,,4,SM,train,G02300,kept
photoaug_SM_0023_SM_D_0007.jpg,photoaug,SM_D_0007,G02299,,train,train,True,,4,SM,train,G02299,kept
photoaug_SM_0024_SM_D_0012.jpg,photoaug,SM_D_0012,G02303,,train,train,True,,4,SM,train,G02303,kept
photoaug_SM_0025_SM_D_0011.jpg,photoaug,SM_D_0011,G02302,,train,test,True,,4,SM,test,G02302,kept
photoaug_SM_0026_SM_C_0005.jpg,photoaug,SM_C_0005,G02290,,train,train,True,,4,SM,train,G02290,kept
photoaug_SM_0027_SM_A_0006.jpg,photoaug,SM_A_0006,G02284,,train,train,True,,4,SM,train,G02284,kept
photoaug_SM_0028_SM_D_0018.jpg,photoaug,SM_D_0018,G02308,,train,train,True,,4,SM,train,G02308,kept
photoaug_SM_0029_SM_D_0011.jpg,photoaug,SM_D_0011,G02302,,train,test,True,,4,SM,test,G02302,kept
photoaug_SM_0030_SM_C_0005.jpg,photoaug,SM_C_0005,G02290,,train,train,True,,4,SM,train,G02290,kept
photoaug_SM_0031_SM_D_0004.jpg,photoaug,SM_D_0004,G02296,,train,train,True,,4,SM,train,G02296,kept
photoaug_SM_0032_SM_D_0002.jpg,photoaug,SM_D_0002,G02294,,train,train,True,,4,SM,train,G02294,kept
photoaug_SM_0033_SM_B_0006.jpg,photoaug,SM_B_0006,G02286,,train,train,True,,4,SM,train,G02286,kept
photoaug_SM_0034_SM_D_0005.jpg,photoaug,SM_D_0005,G02297,,train,train,True,,4,SM,train,G02297,kept
photoaug_SM_0035_SM_D_0020.jpg,photoaug,SM_D_0020,G02310,,train,train,True,,4,SM,train,G02310,kept
photoaug_SM_0036_SM_A_0006.jpg,photoaug,SM_A_0006,G02284,,train,train,True,,4,SM,train,G02284,kept
photoaug_SM_0037_SM_C_0006.jpg,photoaug,SM_C_0006,G02291,,train,train,True,,4,SM,train,G02291,kept
photoaug_SM_0038_SM_A_0007.jpg,photoaug,SM_A_0007,G02285,,train,train,True,,4,SM,train,G02285,kept
photoaug_SM_0039_SM_D_0019.jpg,photoaug,SM_D_0019,G02309,,train,val,True,,4,SM,val,G02309,kept
photoaug_SM_0040_SM_A_0003.jpg,photoaug,SM_A_0003,G02283,,train,train,True,,4,SM,train,G02283,kept
photoaug_SM_0041_SM_D_0012.jpg,photoaug,SM_D_0012,G02303,,train,train,True,,4,SM,train,G02303,kept
photoaug_SM_0042_SM_D_0009.jpg,photoaug,SM_D_0009,G02300,,train,train,True,,4,SM,train,G02300,kept
photoaug_SM_0043_SM_C_0004.jpg,photoaug,SM_C_0004,G02289,,train,train,True,,4,SM,train,G02289,kept
photoaug_SM_0044_SM_D_0006.jpg,photoaug,SM_D_0006,G02298,,train,val,True,,4,SM,val,G02298,kept
photoaug_SM_0045_SM_D_0014.jpg,photoaug,SM_D_0014,G02304,C047,train,val,True,,4,SM,val,G02304,kept
photoaug_SM_0046_SM_D_0003.jpg,photoaug,SM_D_0003,G02295,,train,val,True,,4,SM,val,G02295,kept
photoaug_SM_0047_SM_C_0001.jpg,photoaug,SM_C_0001,G02288,,train,train,True,,4,SM,train,G02288,kept
photoaug_SM_0048_SM_D_0013.jpg,photoaug,SM_D_0013,G02304,C047,train,val,True,,4,SM,val,G02304,kept
photoaug_SM_0049_SM_D_0015.jpg,photoaug,SM_D_0015,G02305,,train,train,True,,4,SM,train,G02305,kept
photoaug_SM_0050_SM_D_0017.jpg,photoaug,SM_D_0017,G02307,,train,test,True,,4,SM,test,G02307,kept
photoaug_SM_0051_SM_D_0016.jpg,photoaug,SM_D_0016,G02306,,train,test,True,,4,SM,test,G02306,kept
photoaug_SM_0052_SM_D_0007.jpg,photoaug,SM_D_0007,G02299,,train,train,True,,4,SM,train,G02299,kept
photoaug_SM_0053_SM_A_0002.jpg,photoaug,SM_A_0002,G02282,,train,train,True,,4,SM,train,G02282,kept
photoaug_SM_0054_SM_C_0007.jpg,photoaug,SM_C_0007,G02292,,train,train,True,,4,SM,train,G02292,kept
